unit_order,unit_id,unit_title,A4095,CCCP578,Met-1981.373,P3465,P3471,R2536,P3473,P5881,P3475
1,695b569f-2522-497c-8e62-58a5ca6e2aac,Burzurgmihr's Introduction,قال بزرجمهر إنّ برزويه رأس أطبّاء فارس وهو الذي ولي بانتساخ هذا الكتاب وترجمه من كُتُب الهند,قال برزويه رأس أطبّاء فارس وهو الذي تولّى انتساخ هذا الكتاب وترجمه من كُتُب الهند,قال برزويه الطبيب رأس أطبّاء فارس وهو الذي ولي استنساخ هذا الكتاب وترجمه في كتاب الهند,قال برزويه رأس أطبّاء فارس وهو الذي تولّى انتساخ هذا الكتاب وترجمه من كتب الهند وقد مضى ذكر ذلك من قبل فيما مضى,ترجمه برزجمهير بن البختكان قال برزويه رأس أطباء فارس وهو الذي تولّى انتساخ هذا الكتاب وترجمته من كتب الهند,وهو بعد حديث برزويه رأس أطبّاء فارس كان,ترجمة بزرجمهر قال الحكيم الفاضل الفيلسوف برزويه رأس أطبّاء فارس وهو الذي تولّى انتساخ هذا الكتاب وترجمته من اللغة الهنديّة إلى الفارسيّة,قال برزويه وهو رأس الأطبّاء وهو الذي ولّي انتساخ هذا الكتاب,قال برزويه المتطبّب
2,21239388-2e53-4dd7-925b-51d3e38ba2d7,Burzoy's Parents,قال إنّ أبي كان من المقاتلة وكانت أمّي من بنات عظماء الزمازمة وفقهائهم في دينهم,إنّ أبي كان من المقاتلة وكانت أمّي من بنات عظماء الزمازمة,إنّ أبي كان في المقاتلة وكانت أمّي من عظماء الزمازمة,إنّ أبي كان من المقاتلة وكانت أمّي من عظماء بيوت الزمازمة,إنّ أبي كان من المعامله وأفخر من بيوت عظماء الرمازمه,أبي من المقاتلة وكانت أمّي من بيوت الزمازمة والفقهاء وعظمائهم,إنّ أبي كان من المقاتلة وكان أمّي من بيوت عظماء الزمازمة,إنّ أبي كان من المقاتلة وأنّ والدتي من عظماء الزمارمة,إنّ أبي كان من المقاتلة وكانت أمّي من بنات عظماء الزمازمة وفقهائها في دينهم
3,c271b65a-ab05-4ae2-baf6-629bc9284621,Burzoy Studies Medicine,وكان ممّا ابتدأني به ربّي من نعمة أنّي كنت من أكرم ولد أبويّ عليهما وأنّهما أسلماني في تعليم الطبّ لمّا صار لي من عمري سبع سنين,وكان ممّا ابتدأني به ربّي من نعمته أن كنت من أكرم ولد أبويّ عليهما وأنّهما أسلماني في تعليم الطبّ حتّى بلغت سبع سنين,وكانت ممّن ابتدأني ربّي من نعمه أنّي كنت أكرم ولد أبويّ عليهما وكانا أشدّ افتقادًا لي من سائر إخوتي وأنّهما أسلماني في تعليم الطبّ وصناعته حتّى بلغت سبع سنين,وكان منشئي في نعمة كاملة وكنت أكرم ولد أبواي عليهما وكانا بي أشدّ احتفاظًا من دون إخوتي حتّى إذا بلغت سبع سنين أسلماني إلى المؤدّب فلمّا حذقت الكتابة شكرت أبويّ ونظرت في العلم فكان أوّل ما ابتدأت به وحرصت عليه علم الطبّ لأنّي كنت عرفت فضله وكلّما سددت منه علمًا ازددت فيه حرصًا وله اتّباعًا,وكان فيما ابتدأني به ربي من نعمة على أننّي كنت أكرم عظماء ولد أبويّ عليهما وكان أبي أشدّ احتفاظًا بي من سائر إخوتي حتّى حتّى إذا بلغت سبعًا أسلمني إلى المكتب,وكان ممّا ابتدأني به ربّي من النعمة إنّي كنت أكرم ولد أبويّ عليهما وأنّهما أسلماني في تعليم الطبّ حتّى بلغت سبع سنين,وكان ممّا ابتدأ به ربّي من نعمة عليّ وإحسانه إليّ أنّي كنت أكرم ولد أبويّ وكان أبي أشدّ احتفاظًا وأعظم اعتناء منهما بسائر إخوتي حتّى إذا بلغتْ سنّي سبعًا ودّاني إلى تعليم الكتب وفتح الله عليّ باب الفهم فحصّلت منه طائلًا في أقرب مدّة فكان أوّل ما بدأت به ودأبت نفسي فيه وحرصت عليه,وكان فيما ابتدأني به ربّي جلّت قدرته من نعمه عليّ وإحسانه إليّ أنّي كنت أكرم ولد أبوي عليهما وأعزّهما عندهما وأنّهما أسلماني في تعليم الطبّ حين بلغت سبع سنين,وكان ممّا بتدأني به ربّي من نعمته عليّ أنّي كنت من أكرم ولد أبويّ عليهما وأنّهما أسلماني في تعليم الطبّ حين بلغت سبع سنين
4,7d4958f5-9b5a-4ecf-b9cc-2c3c6616568e,Burzoy Consults His Soul About Its Ambitions,فلمّا بلغت وعرفت أمر الطبّ وفضله شكرت رأيهما في ذلك ورغبت في تعليمه حتّى إذا سددت منه علمًا وبلغت فيه ما ائمنت له نفسي على مداواة المرضى وهممت بذلك أمرت نفسي وذكّرتها وخيّرتها بين الأمور الأربعة التي هي إيّاها يطلب الناس ولها يتّبعون وإليها يجدّون,فلمّا بلغت عرفت أمر الطبّ وفضله وحرصت عليه تشكّرت لأبويّ رأيهما في ذلك ورغبت في تعليم الطبّ وزدت حرصًا عليه حتّى إذا سدوت؟ منه علمًا وبلغت منه ما أردت أخذت نفسي في مداواة المرض وهممت بذلك أمرت نفسي وخيّرتها في الأمور الأربعة التي يطلبوها الناس وإليها يسعون,فلمّا بلغت علم الطبّ وحرصت عليه حتّى إذا ؟أسدت منه علمًا وبلغت ما ائتمنت به نفسي على مداواة المرضى وهممت بذلك أمرت نفسي وخبرتها في الأمور الأربعة التي تطلبها الناس وإليها يسعون,فلمّا همّت نفسي بمداواة المرضى وعزمت على ذلك أمرت نفسي ثمّ خيّرتها بين الأمور الأربعة التي يطلبها الناس وإليها يرغبون ولها يسعون,فلمّا حدقت ذلك وعرفته شكرت أبويّ على ما أوصاني إليه من العلم ثمّ كان أوّل ما برأت به علم الطبّ وحرصت عليه حرصًا شديدًا فلمّا أؤتمنت على مداواة المرضى وهمت بذلك أمرت نفسي وخيّرتها من الأمور الأربعة التي إيّاها تطلب الناس وإليها يسعون,فلمّا عرفت فضل الطبّ وأمره شكرت لأبويّ رأيهما في ذلك وحرصت في تعليم الطبّ وعلمه حتّى شذوت منه علمًا وبلغت ما تمنّت به نفسي من مداواة المرضى ومن ذلك أمرت نفسي وخيّرتها في الأمور الأربعة التي يطلبها كثيرًا من الناس ولها يسعون,وصرفت همّتي إليه علم الطبّ ومهرت فيه وعالجت المرضى مدّة فوجدته علمًا محمودًا عند الأدباء والعقلاء لأنّ فيه حفظ صحّة الأبدان وذلك سبب لإصلاح الوجود ولم يتعرّض لذمّته متعرّض من سائر المُلك,فلمّا فهمت علم الطبّ وعرفت فضله وشكرت لأبوي وفضلهما ورأيهما في ذلك ورغبت في علم الطبّ وحرصت عليه حتّى إذا أحطت به علمًا وأحررته فهمًا وبلغت منه ما تمنّت نفسي أقبلت على مداواة المرضى وهممت بذلك أمرت نفسي بالأمور التي إيّاها يطلب الناس وإليها يسعون,فلمّا بلغت أن أعرف أمور الطبّ وفضله شكرت لأبويّ رأيهما في ذلك ورغبت في تعليم الطبّ وحرصت عليه حتّى شددت منه علمًا وبلغت ما تمنّت نفسي على مداواة المرضى وهممت بذلك ثمّ أمرت نفسي وخيّرتها من الأمور الأربعة التي إيّاها يطلب الناس ويسعون إليها
5,7bca0745-e028-432f-ac62-024436d9ca39,The Four Objects of Human Pursuit,فقلت أيّ هذه الحلال ينبغي لمثلي أن يلتمس وأيّها أحرى إن هو بغاه أن يدرك منه حاجته,فقلت إنّ هذه الخلاق لمثلي في مثل علمي أن يطلب ولها أحرى إن هو طلب أن يدرك منه حاجته المال أم اللذّات أم الصوت أم إحراز الأجر,فقلت يا نفسي أيّ هذا الخلال الأحوال ينبغي لمثلي في مثل علمه أن يطلب وأيّها أحرى إن هو يطلبه أن يدرك منه حاجته المال أم اللذّات أم الصوت أي الحسن الذكر أم أمر الآخرة,فقلت ما هذه الخلال ينبغي في علمي وكنت وجدت في كتب الطبّ أنّ أفضل الأطبّاء من واظب على طبّه لا يبتغي بذلك الآخرة فرأيت أن أطلب الاشتغال بالطبّ ابتغاء الآخرة,فقلت أي هذه الحالة ينبغي لي في مثل علمي أن أطلب وأيّها أحرى بي فأدرك منه حاجتى المال أم اللذّات أم الذكر أم أمر الآخرة,وقلت هي نفسي أيّ هذه الخصال ينبغي لمثلي في مثل عقلي أن يطلب المال أم اللذّات أم الصواب,,وقلت أيّ الخلال ينبغي لمثلي في عملي أن يطلب وأيّها أحرى إن هو طلبه أن يكون أصوب المال أم اللذّات أم اتّحاد الإخوان أم أمر الآخرة,فقلت إنّ هذه الأربعة ينبغي لمثلي في عقلي أن يطلب وأيّها أجزى إن هو طلب أن يدرك منها حاجته المال أم اللذّات أم الصيت أم أمر الآخرة
6,3b37e06b-3600-449b-9b44-2295cc4ba3be,Seeks the Reward of the Hereafter,واستدللت على المختار من ذلك فوجدت الطبّ محمودًا عند العقلاء,فاستدللت على الاختيار من ذلك بأن وجدت الطبّ محمودًا عند كلّ أحد من الناس والأديان والملوك ووجدت في كُتُب الطبّ أنّ أفضل الأطبّاء من واظب على طبّه ولا يبتغي بذلك إلّا أجر الآخرة ولا ابتغى بذلك ثمنًا فرأيت أنّي أوظب على الطبّ,فاستدللت على الخيار من ذلك فوجدت الطبّ محمودًا عند العقلاء,,فاستدلّلت على الخيار في ذلك فإنّي وجدت,,,فاستدللت على الخيار منها ما وجدته محمودًا عند العقلاء,فاستدللت على الجسد من ذلك أنّي وجدت الطبّ محمودًا عند العقلاء
7,41781bda-7b67-4cd0-9010-0b6471557575,The Virtue of Practising Medicine,ولم أجده مذمومًا عند أحد من أهل الأديان والملل وأصبت في كتبهم أنّ أفضل الأطبّاء من واظب على طبّه لا يريد بذلك إلّا الآخرة فرأيت أن أواظب عليه أبتغي ذلك ولا ألتمس له ثمنًا,,ولم أجده مذمومًا عند أحد من أهل الأديان والملل,,ولم أجده مذمومًا عند أحد من أهل الأديان والملك ووجدت في كُتُب الطبّ أنّ أفضل الأطبّاء من واظب على طبّه لا يبتغي بذلك إلّا الآخرة فرأيت أنّ من واظب على الطبّ ابتغاء الآخرة,ولم أجده مذمومًا عند أحد من أهل الأديان والملل وجدت في كُتُب الطبّ من واظب على طبّه ولم يبتغ بذلك إلّا أجر الآخرة وأن لا يبتغي بذلك ثمنًا,,ولم أجده مذمومًا عند أحد من أهل العلم وعند جميع الملل فوجدت في كتب الطبّ أنّ أفضل الأطبّاء من واظب نفسه على طبّه ولا يطلب بذلك إلّا أجر الآخرة فعزمت على الطبّ ابتغاء طلب الآخرة لا ابتغي لذلك ثمنًا,ولم أجده مذمومًا عند أحد من أهل الأديان ووجدت في كُتُب الطبّ أنّ أفضل الأطبّاء من واظب على طبّه لا يبتغي بذلك إلّا أجر الآخرة ولا يبتغي لذلك ثمنًا
8,d67a22a1-d1de-4424-820b-dd373ba486e6,Selling a Ruby for a Cheap Pearl,ولا أكون كالتاجر الخاسر الذي باع ياقوتة كان مصيبًا من ثمنها غنى الدهر بخرزة لا تساوي شيئًا,فأكون كالتاجر الخاسر الذي باع ياقوتة كان مصيبًا من ثمنها غنى دهره بخرزة لا تساوي شيئًا,,كالتاجر الذي باع ياقوتة ثمينة بجوزة,كالتاجر الخاسر الذي باع ياقوتة كان مصيبًا من ثمنها على الدهر بخرزة لا تساوي شيئًا,فيكون كالتاجر الخاسر الذي باع ياقوتة كان مصيبًا فيها غنى دهره بخرزة لا تساوي شيئًا,,كالتاجر الذي باع جوهره وكان مصيبًا من ثمنها غناء الدهر لا يساوي شيئًا,فيكون كالتاجر الذي باع ياقوتة نفيسة كان مصيبًا من ثمنها عناء الدهر بخرزة لا تساوي شيئًا
9,49d30519-ae6c-435b-aa2d-3ce956b899e9,The Profession of Medicine Benefits Both in This World and the Hereafter,ووجدت في كتبهم أيضًا أنّ الطبيب المبتغي بطبّه أجر الآخرة لا ينقصه ذلك من حظّه في الدنيا,مع أنّني وجدت في كُتُب الطبّ أنّ الطبيب المبتغي بطبّه أجر الآخرة لا ينقصه ذلك من حظّه في الدنيا,ووجدت في كُتُب الطبّ أنّ الطبيب المبتغي بطبّه أجر الآخرة لا ينقصه ذلك في الدنيا من حظّه,وذلك أنّي لمّا وجدت في كتب الأوّلين أنّ الطبيب الذي يبتغي بطبّه أجر الآخرة لا يمنعه حظّه من الدنيا,مع أنّي وجدت في كُتُب الأوّلين أنّ الطبيب الذي يبتغي بطبّه أجر الآخرة لا ينقصه ذلك من حظّه في الدنيا,مع أنّي وجدت في كُتُب الطبّ أنّ الطبيب الذي يبتغي بطبّه أجر الآخرة لا ينقصه ذلك من حظّه في الدنيا,ووجدت من أفضل كلام الأفاضل من الأطبّاء أنّ معالجة ذوي الأمراض من غير طلب شيء من غرض الدنيا هي الغاية القصوى لمن طلب ثواب الآخرة,مع أنّي وجدت في كتب الطبّ أنّ الطبيب المبتغي بطبّه أجر الآخرة لا ينقصه ذلك من حظّه في الدنيا,ووجدت الطبيب في كُتُب الطبّ المبتغي بطبّه أجر الآخرة لا ينقصه ذلك من حظّه في الدنيا
10,b68a7086-a316-4a8f-a592-00acffd894e3,A Farmer Harvests Weeds Along with the Wheat,فإنّما مثله في ذلك مثل الحرّاث الذي ينثر أرضه ويعمّرها ابتغاء الزرع لا العشب ثمّ هي لا محالة نابت فيها ألوان منه,وأنّ مثله في ذلك مثل الزارع الذي إذا بذر في الأرض وعمّرها ابتغاء الزرع والعشب لا محالة نابت فيها العشب,وإنّ مثله في الدنيا مثل الزارع إنّما يؤثر الأرض ويعمّرها ابتغاء الحبّ لا ابتغاء العشب,إنّما مثله مثل الزارع الذي,فإنّ مثله كمثل الزارع إنّما ينثر وينقّي أرضه ويعمّرها لابتغاء العشب,وأنّ مثله في ذلك مثل كمثل الزارع الذي أنّما ينثر البذر في الأرض ابتغاء الزرع لا ابتغاء العشب ثمّ هي لا محالة ثابتة فيها فأقبلت على,,وأنّ مثله في ذلك مثل الزارع إنّما ينثر الأرض ويعمّرها ابتغاء الربح لا ابتغاء العشب ثمّ هي لا ابتغاء العشب ثمّ هي لا محالة نابت فيها ألوان العشب ممّا لا يحصى,وإنّ مثله في ذلك مثل الزارع الذي إنّما يثير الأرض ويغمرها
11,dd8d1838-6f72-474d-a261-3e457701fd28,Burzoy Practices Medicine Without Pay or Envy of Colleagues,فأقبلت على مداواة المرضى رجاء ذلك فلم أدع مريضًا أرجو له البرء وأطمع له في خفّة الوجع إلّا بلغت في معالجته جهدي وإلّا وصفت له ومن قدرت على القيام عليه قمت عليه وفعلت به ذلك,فأقبلت على مداواة المرضى رجاء أجر الآخرة فلم أدع مريضًا أرجو له البرء ولا أطمع له في خفّة المرض والوجع إلّا بلغت في مداواته جهدي فمن قدرت على القيام عليه قمت عليه ومن لم,فأقبلت على مداواة المرضى ابتغاء الأجر ولم أدع مريضًا أرجو له البرء ولا أحدًا أرجو له الشفاء إلّا بلغت في ذلك جهدي فمن قدرت على القيام عليه قمت عليه ووصفت له وأمرته وأعطيته جميع ما يحتاج من الدواء,فأقبلت على مداواة المرضى ابتغاء أجر الآخرة فلم أدع مريضًا أرجو له البرء وآخر لا أرجو له ذلك إلّا أنّي أطمع أن يخفّ عنه بعض المرض إلّا بالغت في مداواته ما أمكنّي القيام عليه بنفسي ومن لم أقدر بالقيام عليه وصفت له ما يصلح وأعطيته من الدواء ما يتعالج به,فأقبلت على مداواة المرضى رجاء الآخرة فكم مريضًا أرجو له البرء وكم مريض لا أرجو له إلّا أنّي لأطمع في خفّة الوجع والأذى إلّا بالتعب في المداواة فمن أمكنني القيام عليه بنفسي أقمت عليه ومن لم أقدر على القيام عليه وصفت له وأعطيته ما يتعالج به من الدواء,مداواة المرضى ابتغاء الآخرة فلم أدع مريضًا أرجو له البرء ولا آخر لا أرجو له البرء إلّا إنّي أطمع على القيام به ومن لم أقدر على القيام به وصفت له وأمرت له ونهيت وأعطيت من الأدوية ما يحتاج إليها,فلازمت ذلك رجاء أجرة الآخرة فلم أدع مريضًا أرجو له البرء إلّا عالجته وإن كنت لا أرجو له بذلك فسحة في أجَله ولكن أطمع في ملاطفته في خفّة الوجع والأذى عنه ما قدرت عليه فمن أمكنني القيام عليه بنفسي قمت ومن لم أقدر على القيام عليه وصفت له وأمرته وأنلته ما يُعالج به من الدواء,فأقبلت على مداواة المرضى رجاء أجر الآخرة فلم أدع مريضًا أرجو له البرء إلّا بالغت في مداواته جهدي فمن قدرت على القيام عليه وضعت له ما يوافقه وأمرته بما ينبغي وأعطيته ما يحتاج إليه من الدواء,فأقبلت على مداواة المرضى رجاء أجر الآخرة ولم أدع مريضًا أرجو له البرء وآخر لا أرجو له البرء إلّا أنّي أطمع له في خفّة الوجع والأذى إلّا بلغت في مداواته جهدي من قدرت على القيام له قمت عليه ومن لم أقدر على القيام عليه وصفت له وأمرته وأعطيته ما يحتاج إليه من الدواء
12,a904bc36-78f0-4532-abbc-6ab57b9f32a2,Working Without Expecting Reward,ولم أرد لشيء من ذلك جزاء ولا مكافأة لمن فعلته به ولم أغبط من نظرائي ومن هو مثلي في العلم وفوقي في المال أحدًا إلّا بعين صلاح أو حسّ سيرة في الناس قولًا وعملًا,أقدر عليه ولا على القيام له وصفت له وأمرته وأعطيته ما يحتاج إليه من الدواء ولم أغتظ من نظرائي من هو فوقي أو مثلي في العلم والمال أحدًا إلّا أن يعين ذلك بصلاح وحسن سير في الناس قولًا وعملًا,ولم أرد من أحد ممّن فعلت به ذلك رجاء ولا مكافأة ولم أغبط نظرائي ومن هو مثلي في العلم وفوقي في المال إلّا بصلاح وحسن سيرة في الناس قولًا وعدلًا وعملًا,ولم أرد ممّن فعلت معه ذلك جزاء ولا مكافأة ولم أعظّم أحدًا من نظرائي الذين هم دوني في العلم وفوقي في الجاه والمال وغيرهم ممّن لا يعود بصلاح ولا حسن سيرة قولًا ولا عملًا,ولم أرد ممّن فعلت به ذلك جزاء ولم أغبط أحدًا من نظرائي ممّن هو مثلي في العلم وفوقي في المال والجاه وغير ذلك ممّن لا يعود إصلاح وحسن سيرة في الناس قولاً وعملاً,ولم أرد بمن فعلت ذلك جزاء ولا مكافأة ومن أغبط أحد من نظرائي ومن هو مثلي في العلم ويوفي في المثال والجاه وغير ذلك لحسن السيرة في الناس وصاحبي قولًا وعملًا,ولم أرد من أحد ممّن فعلت معه ذلك لا جزاء ولا مكافأة وكنت في أثناء ذلك أرى من هو دوني في العلم وفوقي في المنزلة والمال فلا يقطع ذلك عندي شيئًا وإنّما اجتهادي واعتنائي فيما أنا عليه وبصدده,ولم أرد من أحد ممّن فعلت به ذلك أجرًا ولا مكافأة ولم أغتظ من نظرائي ومن هو مثلي في العلم وفوقي في المال والجاه إلّا بغير ذلك بصلاح وحسن سيرة في الناس قولًا وعملًا,ولم أرد ممّن فعلت به ذلك جزاء ولا مكافأة ولم أغبط من نظرائي ومن هو مثلي في العلم وفوقي في المال والجاه أحدًا إلّا في صلاحه وحسن سيرته في الناس قولًا وفعلًا
13,3f35ce6e-9d5f-4844-b0fc-674661882ce3,Burzoy Reflects while Practicing,,,,,,,ففي بعض الأحايين وقع في نفسي شيء من ذلك وورد عليّ وارد منه فاستدركت في الحال ما فرط,,
14,9d4e3ba6-1745-4e03-9f0f-30ae8c9584b5,Addressing the Soul to Distinguish Its Benefits and Harms,وكنت أقرّع نفسي إذا هي نازعتني إلى أن تغبط أولئك وتتمنّى منازلهم وآبى لها إلّا الخصومة وأقول يا نفس أما تعرفين نفعك من ضرّك ألا تنتهي عن الرغبة فيما لم ينله أحد إلّا قلّ انتفاعه به وكثر عناؤه فيه واشتدّت ؟مورنيه عليه عند فراقه وعظمت التبعة عليه بعده,فلمّا تاقت نفسي ونازعتني وأبت إلّا أن أغبطهم وأتمنّى مثل منازلهم أبيت لها إلّا الخصومة وقلت يا نفس ألا تعرفين نفعك من ضرّك ألّا تنتهين عن تمنّي ما لم ينله أحد إلّا قلّ إمتاعه وكثر أعداؤه وخباله عليه واشتدّت البليّة وعظمت,وكنت أقرّع نفسي إذا هي نازعتني أن أغبط أولئك وأقول يا نفس ألا تعرفين نفعك من ضرّك ألا تنتهين عن الرغبة فيما لم ينله أحد إلّا قلّ متاعه وكثر عناؤه فيه واشتدّت بليّته عند فراقه إيّاه وعظمت المشقّة عليه فيه,ولمّا تاقت نفسي إلى غشيانهم وتمنّيت منازلهم أثبتّ لها الخصومة فقلت لها يا نفس أما تعرفين نفعك من ضرّك ألا تنتهين عن تمنّي ما لا يناله أحد إلّا قلّ انتفاعه وكثر عناؤه واشتدّت المؤونة عليه وعظمت المشقّة لديه بعد فراقه,فلمّا تاقت نفسي إلى ذلك ونازعتني إلى أن تغبطهم وتتمنّى مثل منازلهم أبيت لها إلّا الخصومة فقلت يا نفس ألا تعرفين نفعك من ضررك ألا تنتهين يا نفس ألا تعرفين نفعك من ضررك ألا تنتهين عن تمنّي ما لم ينله أحد إلّا قلّ انتفاعه به وكثر عناؤه فيه وعظمة التبعة عليه بعده,وكنت أقرع نفسي إذا هي نازعتني وتمنّي مثل منازلهم أبيت لها إلّا الخصومة وقلت لها يا نفس ألا تعرفين نفعك من ضرّك ألّا تنتهين عن تمنّي ما لم ينله أحد إلّا قلّ متاعه وكثر عناؤه وخباله عليه واشتدّت البليّة عند فراقه إيّاه وعظمت التبعة عليه فيه,وأقبلت على نفسي أخاطبها قائلًا لها يا نفس ألا تعرفين رشدك من غيّك ونفعك من ضرّك وصلاحك من فسادك ألا تنتهين عن تمنّي ما لم ينله أحد إلّا قلّ فراغه وكثر عناؤه وطال أمله وساء عمله واشتدّت المؤنة عليه وعظمت المشقّة عليه بعد فراقه ما صار إليه,فلمّا تاقت نفسي إلى ذلك ونازعتني أن تنال مثل منازلهم أبيت لها الخصومة فقلت لها يا نفسي ألا تعرفين نفعك من ضرّك ألا تنتبهين يا نفسي عن شيء ما لم ينله أحد إلّا قلّ امتاعه به وتعذّر استماعه وكثر عناؤه منه وقتاله فيه واشتدّت رزيّته عند قتاله فراقه وعظمت التبعة عليه بعده,فلمّا تاقت نفسي إلى ذلك ونازعت إلى أن تغبطهم في المال والجاه وتتمنّى مثل منازلهم أبيت لها إلّا الخصومة فقلت لها يا نفسي ألا تعرفين نفعك من ضررك ألا تنتهين عن تمنّي ما لم ينله أحد إلّا قلّ متاعه به وكثر عناؤه فيه وخباله عليه واشتدّت مرزيّته عليه عند فراقه وعظمت التبعة منه عليه بعده
15,38fa491e-2a95-4596-809c-c75b5d4324a7,Addressing the Soul to Be Ashamed of Its Greed for the Transient,يا نفس أما تذكرين ما أمامك فتنسي ما تشرهين إليه فيما بين يديك ألا تستحين من,يا نفس ألا تتفكّرين فيما بعد هذه الدنيا فينسيك ذلك ما تشرهين عليه من هذه الدار ألا تستحين من مشاركة الفجرة في حبّ هذه العاجلة الفانية التي من كان في يديه منها شيء فليس له وليس بباق معه والتي لا يألفها إلّا المغترّون الغافلون,يا نفس أما تذكرين ما أمامك فينسيك ما تشرهين إليه ممّا بين يديك أما تستحين من مشاركة الفجرة الجهّال في حبّ هذه الفانية البائدة التي من في يده منها شيء فليس له ثقة به ولا يألفها إلّا المغترّون,يا نفس أما تذكرين ما بعد هذه الدار فينسيك ما تشرهين إليه فيها ألا تستحين من مشاركة الفجّار في حبّ هذه العاجلة الفانية التي من كان في يده شيء منها فليس له وليس بباق عليه فلا يألفها إلّا المغترّون الجاهلون,يا نفس ألا تذكرين ما بعد هذه الدار فينسيك ما تشتاقين إليه من هذه ألا تستحين من مشاركة الجهّال في حبّ هذه العاجلة الفانية التي من في يده شيء منها فليس له وليس بباق عليه لا يألفها إلّا المفترون الغافلون,يا نفس ألا تذكرين ما بعد هذه الدار فتنسيك ما تشرهين إليه من حبّ هذه الدار ويا نفس أما تستحي من مشاركة الفجرة العجزة الجهّال في حبّ هذه العاجلة التي من كان في يده شيء منها فليس بدائم ولا باق فالتي لا يألفها أحد إلّا قلّ متاعه وكبر عناؤه,يا نفس ألا تذكرين ما بعد هذه الدار ألا تستحين من منازعة الجهّال والفجّار ألا ترجعين من عاجلة هذه الدار,يا نفس ألا تذكرين ما بعد هذه الدار ألا تستحين يا نفس من مشاركة الفجرة والجهّال في حبّ هذه العاجلة الفانية التي من كان في يديه منها شيء فليس له وليس هو باق عليه الذي لا يألفها أحد إلّا المفترون الغافلون,يا نفس ألا تذكرين ما بعد عنه الدار *فينسيك ذلك ما تشرهين إليه من هذه الدار ألا *تستحين من مشاركة العجزة الجهّال في {حبّ} هذه الفانية التي من كان في يده منها شيء فليس له قدر ما ليس بباق عليه والتي لا يفرح فيها أحد إلّا المفترون الغافلون
16,425dbef6-d72c-4091-9f7c-3629dfc7baa1,Addressing the Soul to Abandon Its Folly,يا نفس اقصري عن هذا السفه وما أنت عليه من خطل للرأي فيه وأقبلي بقوّتك ونفعك وما تملكين على تقديم الخير والأجر ما استطعت وإيّاك والتسويف والتواني,فانصرفي عن هذا السفه وأقبلي بقوّتك وقدرتك وما تملكين على تقديم الخير والأجر ما استطعت وإيّاك والتسويف,انصرفي يا نفس عن هذه السفاهة وما أنت عليه من خطئك وخطل الرأي وأقبلي بقوّتك ووسعك في تقديم الخير وإيّاك والتسويف والتواني,انظري في أمرك وانصرفي عن هذا السفه وأقبلي بقوّتك ...,انصرفي عن هذه المشقّة وأقبلي بقوّتك وسعيك وما تملكين على تقديم الخير والأجر ما استطعت وإيّاك والتسويف والتواني,ويا نفس انصرفي عن هذا السبب واقنعي بقوّتك وليكن سعيك وما تقدمين عليه من الخير والأجر ما استطعت وإيّاك والتسويف والأماني,فانظري في عاقبة أمرك وانصرفي عن غيّك وأقبلي بقوّتك وبما تملكيه على تقديم الخير وإيّاك والتسويف واحذري من ذلّ التوبيخ ومرارة التعنيف,انصرفي يا نفس عن هذه الدار الغرّارة وأقبلي بقوّتك واجتهادك على ما يدلّك على تقديم الخير والأجر للدار الباقية ما استطعت وإيّاك والتسويف,انصرفي يا نفس عن هذه الشقّة وأقبلي بقوّتك وما تملكين في تقديم الخير والأجر ما استطعت وإيّاك والتسويف
17,07d528dc-b896-4e77-b593-a3ec71c1dbab,The Body Consists of Harmful Elements ,واعلمي أنّ هذا الجسد ذو آفات وأنّه مملوء أخلاطًا فاسدة قذرة تجمعها أربعة أشياء متعادية متغالبة تعمدهنّ الحياة وهي إلى نفاد,واذكري أنّ هذا الجسد رخوًا ذو آفات وأنّه مملوء أخلاطًا فاسدة قذرة يجمعها أربعة أخلاط متغالبة متعادية,واعلمي أنّ لهذا الجسد آفات وأنّه مملوء أخلاطًا فاسدة يجمعها أربعة أشياء متعادية عمادهنّ الحياة والحياة في نفاد,واذكري أنّ هذا الجسد موجودًا للآفات وأنّه مملوءًا أخلاطًا فاسدة قذرة تعقّدها الحياة والحياة إلى نفاد,واذكري أنّ هذا الجسد جوف ذو آفات وأنّه مملوء أخلاطًا فاسدة قذرة تجمعها أربعة أخلاط متغالبة متعادية يعمرهنّ الحياة والحياة إلى نفاد,واعلمي أنّ هذا الجسد ذو آفات وأنّه مملوء أخلاطًا فاسدة قذرة تجمعها أربعة أخلاط متغالبة متعادية تغذوهنّ الحياة والحياة إلى نفاد,واعلمي أنّ هذا الجسد القائم معدن الآفات وقد مُلئ من أخلاط فاسدة رديّة قذرة يجمعها أربع طبائع متضادّة بفقد أحدها تفقدي الحياة والجسد,واذكري أنّ هذا الجسد ذو آفات وأنّه مملوء أخلاطًا فاسدة قذرة تجمعها أخلاطًا متعادية متغالبة يا نفس تريدين الحياة والحياة لا بقاء لها,واذكري أنّ هذا الجسد ذو آفات وأنّه مملوء أخلاطًا متغالبة متعادية تفقدهنّ الحياة <والحياة> إلى نفاد
18,1ce81b50-6e61-4b0b-8e2a-13fd471aa438,The Idol That Falls Apart,كالصنم المفصّل أعضاؤه إذا رُكّبت جمعها مسمار واحد وأمسك بعضها على بعض فإذا أُخذ المسمار تساقطت الأوصال,,كالصنم المفصّل أعضاؤه إذا رُكّبت جميعها بمسمار واحد استمسك بعضها إلى بعض فإذا نُزع ذلك المسمار تساقطت الأوصال,كالصنم المفصّلة أعضاؤه إذا رُكّبت ووُضعت يجمعها مسمار واحد يشدّ بعضه بعضًا فإذا أُخذ ذلك المسمار تساقطت الأوصال,كالصنم المفصّلة أعضاؤه فإذا رُكّبت ووُضعت مواضعها جمعها مسمار واحد فإذا نُزع المسمار من موضعه تساقطت الأوصال,كالصنم المفصّل أعضاؤه ثمّ إذا رُكّبت تلك الأعضاء وضعت مواضعها بمسمار واحد يمسك بعضها على بعض فإذا أُخذ ذلك المسمار تساقطت الأوصال,كالصنم المفصّلة أعضاؤه ثمّ إذا رُكّبت الأعضاء في مواضعها جمعها مسمار واحد يمسكها بعضها على بعض فإذا أُخذ المسمار الماسك لذلك تساقطت الأوصال,كالصنم المفصّل أعضاؤه ثمّ إذا ركّبت تلك الأعضاء ووضعت مواضعها مسمارًا واحدًا يمسك بعضها على بعض فإذا أُخذ ذلك المسمار تساقطت الأوصال,كالصنم المفصّل أعضاؤه ثمّ إذا رُكّبت تلك الأعضاء ووُضعت مواضعها جمعها مسمار واحد يمسك بعضها على بعض فإذا أُخذ المسمار تساقطت الأوصال
19,4d06f9b8-3368-41e3-a701-2635e22cd767,Addressing the Soul: The Friend Passes Away,يا نفس لا تغترّي بصحبة أحبّائك وأخلّائك ولا تحرصي على ذلك فإنّها على ما فيها من السرور والبهجة كثيرة الأذى والمؤنات والأحزان ثمّ يُختم ذلك بقطع الفراق,يا نفس ولا تغترّي بصحبة أحبابك وأخلّائك ولا تحرصي على ذلك كلّ الحرص فإنّ صحبتهم على ما فيها من السرور كثيرة الأذى,يا نفس لا تغترّين بصحبة أحبّائك وأخلّائك ولا تحرصي على ذلك فإنّ الصحبة على ما فيها من السرور والبهجة كثيرة الأذاء والمؤنات والأحزان ثمّ يُختم ذلك بقطع الفراق,يا نفس لا تغترّي بصحبة أحبابك وأصحابك ولا تحرصي على ذلك كلّ الحرص فإنّ صحبتهم على ما فيها من السرور كثيرة المؤنة وعاقبة ذلك الفراق,يا نفس لا تغترّي بصحبة أحبابك وخلّانك ولا تحرصي على ذلك كلّ الحرص فإنّ صحبتهم على ما فيها من السرور كثيرة الأذى والمؤن والأحزان ثمّ يُختم ذلك بعاقبة الفراق,ويا نفس لا تغترّي بصحبة أحبّائك وأخلّائك ولا تحرصي على ذلك كلّ الحرص فإنّ صحبتهم على ما فيها من السرور والبهجة كثيرة الأذى والمرارات والأحزان ثم يُختم ذلك بخاتمة الفراق,يا نفس لا تغترّي بصحبة من تحبّيه وتميلي إليه فإنّ آخر الصحبة الفراق,يا نفس لا تغترّي بصحبة أحبابك أخلّائك ولا تحرصي كلّ الحرص فإنّ صحبتها على ما فيها من السرور والبهجة كثيرة الأذى الأحزان ثمّ يُختم ذلك بعاقبة الفراق,يا نفسي لا تغترّي بصحبة أحبابك وأخلّائك ولا تحرصي على ذلك كلّ الحرص فإنّ صحبتهم على ما فيها كثيرة الشرور والأذى والمؤنات والأحزان ثمّ يُختم بعد ذلك بعاقبة الفراق
20,b86421b9-93b1-40d6-aa6f-87503fc992f5,A Ladle Eventually Breaks,كالمغرفة تُستعمل في صحّتها وجدّتها في حرارة المرق وسخونته فإذا هي انكسرت صار عاقبة أمرها إلى النار,فمثلها مثل المغرفة التي تُستعمل في سخونة المرق فإذا انكسرت صارت عاقبتها إلى الحرق بالنار,ومثل ذلك مثل المغرفة التي تُستعمل في المرق السخن فإذا هي بليت وانكسرت صار عاقبة أمرها أن تُحرق بالنار,ومثلها مثل المغرفة التي تُستعمل في جدّتها لسخونة المرق فإذا انكسرت صارت وقودًا,فمثله في ذلك مثل المغرفة التي تُستعمل في سخونة المرق في جدّتها وصحّتها وإذا انكسرت صارت عاقبتها أن تُحرق بالنار,فمثل ذلك كمثل المغرفة التي تُستعمل في سخن المرق في جدّتها فإذا تكسّرت صارت عاقبة أمرها أن تُحرق بالنار,,فمثله في ذلك مثل المغرفة التي تستعمل في سخونة المرق في صحتّها وجدّتها فإذا انكسرت كان عاقبة أمرها إلى أن تحترق بالنار,مثل المغرفة التي تُستعمل في سخونة المرق في جدّتها وصحّتها فإذا انكسرت صارت عاقبة أمرها إلى أن تُحرق بالنّار
21,64740c9a-809d-4f5d-a126-edaa9b0797a1,Addressing the Soul: The Family Passes Away,يا نفس لا يحملنّك ما تريدين من صلة أهلك وأقاربك والتماس رضاهم على جمع ما تهلكين فيه,ويا نفس لا يحملنّك أهلك وقرابتك على جمع ما تهلكين في جمعه تريدين به صلتهم ورضاهم,يا نفس لا تحملنّك صلة أحبابك وأقاربك والتماس رضاهم على جمع ما تهلكين فيه,يا نفس لا يحملنّك أهلك وأقاربك على جمع ما تهلكين فيه إرادة صلتهم,ويا نفس لا يحملك أهلك وأقاربك على جميع ما تهلكين في جمعه تريدين بذلك صلتهم ورضاهم,ويا نفس لا تحملنّك صلة أقاربك على جمع ما تهلكين في جمعه إرادة صلتهم ورضاهم,يا نفس لا يحملنّك أهلك وأقاربك على جمع ما تهلكين به طلبًا لصلتهم,يا نفس لا يحملك أهلك وأقاربك إلى جمع ما تهلكين في جمعه تريدين بذلك صلتهم ورضاهم,يا نفس لا تحملنّك أهلك وأقاربك على جميع ما تهلكلين في جميعه تطلبين بذلك صلتهم ورضاهم فتكوني
22,9b818cff-d9c6-458e-ae56-25aef8a59e4c,Incense Burns,فإذا أنت كالدخنة الطيّبة التي تحترق ويذهب بعرفها آخرون,فإذا أنت كالدخنة الطيّبة التي تحترق ويلتذّ بعرفها آخرون,فتكونين كالدخنة الطيّبة التي تحترق فيطيب بطيبها غيرها,فإذا أنت كالدخنة الأرجة التي تحترق ويذهب آخرون بريحها,,فتكون كالدّخنة الطيّبة التي تحترق فيذهب بريحها الناس,فتكوني كالدخنة الأرجة الطيّبة الرائحة التي تُحرق فيلتذّ بها من شمّها وتذهب الأرج منها فتضمحلّ,فإذا أنت كالذبيحة الطيّبة التي تحترق وتذهب بطيبها غيرك,كالدخنة الطيّبة التي تحرق نفسها ويذهب بعرفها آخرون
23,e88b95b1-e52a-44aa-8235-895ec3db87e6,A Wick Burns,وكالذبالة تضيء لغيرها باحتراقها,,,,,,,,
24,0a2270ea-953c-4301-b87d-0d5c2e889162,Addressing the Soul: Wealth Passes Away,يا نفس لا تغترّي بالغنى والمنزلة التي تبطر أهلها فإنّها إلى انقلاب وإنّ صاحب ذلك لا يبصر صغر ما يستعظم حتّى يفارقه,ولا تغترّي بالغنى والمنزلة التي ينظر أهلها فإنّ صاحب ذلك لا يبصر صغر ما يستعظم حتّى يفارقه,يا نفس لا تغترّي بالغنى والمنزلة ولا تطمئنّي إليهما فإنّهما إلى انقلاب وانتقال,,يا نفس لا تغترّي بالغنى والمنزلة ولا تطمئنّي إليهما فإنّ صاحب ذلك لا يبصر صغيرًا ما يُستعظم منه حتّى يفارقه,ويا نفس لا تغترّي بالغناء والمنزلة التي تبطّر أهلها فإنّ ذلك وصاحبه لا يبصر صغير ما يستعظم حتّى يفارقه,,يا نفس لا تركني إلى هذه الدار الفانية ولا تغترّي بالبقاء والمنزلة التي تبطر أهلها إليها فإنّ صاحب ذلك لا يبصر صغيرًا ما لم يستطعم حتّى يفارقه,يا نفس لا تغترّي بالغنى والمنزلة التي ينظر أهلها فإنّ صاحب ذلك لا يبصر صغير ما يستعظم حتّى يفارقه
25,4523bad0-89b6-4479-a52d-5ee2aa99d9ec,Shed Hair is Thrown Away,فيكون كشعر الرأس الذي يكرمه صاحبه ويخدمه ما دام على رأسه فإذا فارق رأسه قذره وقزّ منه,فيكون مثله في ذلك كشعر الرأس الذي يكرمه صاحبه ويخدمه ويطيّبه ما دام على رأسه فإذا فارقه قذره وفرّ منه,,,فيكون كشعر الرأس الذي يخدمه صاحبه ما دام على رأسه فإذا سقط عنه رمى به وقذره,فيكون كشعر الرأس الذي يكرمه صاحبه ويخدمه ما دام على رأسه فإذا فارق رأسه فرّ منه,,فيكون كشعر الرأس الذي يخدمه صاحبه ما دام على رأسه فإذا فارق الرأس استقذره وفرّ منه,فتكوني كشعر الرأس الذي يخدمه صاحبه ما دام على رأسه فإذا فارق رأسه قذره وفرّ منه
26,ce334d6d-1aa8-44b2-b5e1-57f4e4be4b5e,The Quadruped Sheds Its Overgrown Claws,,,,,,,,,
27,c5840dac-bf84-4dd1-a70d-ff9e735095b7,Addressing the Soul: Healing One Man Is Reward in Itself,يا نفس دومي على مداواة المرضى ولا ؟يقاقك عن ذلك أن تقولي إنّ الطبّ مؤنة شديدة والناس بمنافعها ومنافع الطبّ جهّال ولكن اعتبري بمن يفرّج عن رجل كربة تحلّ به ويستنقذه منها حتّى يعود بعدها إلى ما كان يكون فيه من السعة والروح فإنّه أهل لعظيم الأجر وحسن الجزاء,ودومي على ما أُثني عليه من مداواة المرضى ولا يعيا بك أن تقولين أنّ للطبيب مؤنة شديدة ولكن اعتبري برجل يفرّج عن رجل كربة ويستنقذه منها حتّى يعيده إلى ما يكون فيه من السعة,ودومي على مداواة المرضى ولا ينهاك عن ربّك أن تقولي وجدت للطبّ مؤنة شديدة والناس بمنافع الطبّ جهّال ولكن اعتبري بمن يفرّج عن رجل كربة يستنقذه منها ويصيّره الله على يديه إلى الراحة والنعمة فإنّه أهل لعظيم الأجر وحسن الجزاء فكيف,,يا نفس دومي على مداواة المرضى ولا تقولي إنّ المريض الطبيب ذو مؤنة شديدة والناس بمنافع الطبّ وفضله جهّال ولكن اعتبري برجل يفرّج عن رجل كربة تحلّ به ويستنقذه منها حتّى يعود على يديه إلى ما كان عليه من الراحة والنعمة أليس هو حقيق بجزيل الثواب وعظيم الأجر هذا لمن يفعل هذا برجل واحد يُرجى له ذلك,ويا نفس دومي على مداواة المرضى ولا يصدّنك عن ذلك مؤنة الطبّ وجهل الناس به ولا يعبأ بك أن تقول للطبيب مؤنة شديدة والناس به وبمنافع الطبّ جاهلون ولكن اعتبري برجل يفرّج عن رجل كربةً وما يحلّ به فيستنقذه من كره ما هو فيه ثمّ يعود بعدها إلى ما يكون فيه من الروح والسعة ما أخلفه بعظيم الأجر وحسن الثواب فإن كان الذي يفعل هذا برجل واحد جديرًا فإنّ يُرجى ذلك له,وأقبلي على مداواة المرضى وملاطفة الضعفاء ولا تقولي إنّ الطبّ مؤنة شديدة والناس بها وبأهلها جاهلون واعتبري بحال رجل فرّج عن رجل كربة واستنقذ نفسًا من شدّة ولاطف ضعيفًا منقطعًا حتّى عادت الصحّة إلى بدنه والقوّة إلى نفسه والبسط إلى خلقه أليس قد حاز بذلك أجرًا وافرًا وثوابًا جزيلًا فإذا كان الذي يفعل هذا برجل واحد ذلك,يا نفس دومي على مداواة المرضى ولا يعوّقنّك من ذلك أن تقولي للطبّ مؤنة شديدة والناس بها وبمنافع الطبّ جهّال ولكن اعتبري برجل يفرّج عن رجل كربة واحدة ويستنقذه منها حتّى يعود بعدها إلى ما كان عليه من السعة فإنّ ذلك لعظيم أجر وحسن ثواب فإن كان إنّما يفعل هذا برجل واحد ويرجو ذلك,يا نفس داومي على مداواة المرضى ولا يمنعك عن ذلك أن تقولي إنّ للطبّ مؤنة شديدة والناس بها وبمنافع الطبّ جهّال ولكن اعتبري برجل يفرّج عن رجل كربة ويستنقذ منها حتّى يعود بعدها إلى ما كان يكون عليه من السعة والروح ما أخلقه بعظيم الأجر وحسن الثواب فإن كان الذي يفعل هذا برجل واحد زين ذلك له فكيف
28,d06c05cf-2916-4935-bc1d-139c45b72495,Addressing the Soul: Healing Many People Brings Divine Reward ,فكيف بالمتطبّب الذي يفعل ذلك بالعدّة التي الله أعلم بها فيعودون بعد الأسقام الممضّة والأوجاع الحائلة بينهم وبين لذّات الدنيا من طعامها وشرابها وأزواجها وأولادها إلى أحسن ما كانوا يكونون عليه من حالاتهم فإنّ هذا خليق بجزيل الثواب وعظيم الرجاء,,من يفعل ذلك بالعدّة التي الله أعلم بها فيعودون بعد الأسقام الممنعة والأوجاع الحائلة بينهم وبين لذّات أهل الدنيا ونعيمها وطعامها وشرابها وأزواجها وأولادها إلى أحسن ما كانوا ليكونوا عليه من حالاتهم,,فكيف بمن يداوي الخلق الكثير ابتغاء الأجر فيصيرون بعد الأوجاع والأسقام المهلكة الحائلة بينهم وبين الدنيا ونعيمها إلى أحسن ما يكون عليه من الحال فمن أحقّ من هذا بجزيل الثواب وكريم المنقلب,فكيف بالطبيب الذي يداوي العدّة من المرضى التي الله أعلم بها ابتغاء الأجر فيصير بعد الأوجاع والأسقام الحائلة بينهم وبين الدنيا ولذّاتها ونعيمها وطعامها إلى أحسن ما كانوا عليه إنّ هذا لخليق أن يعظم رجاؤه ويثق بحسن الثواب على عمله,فكيف بالطبيب الذي يعالج في كلّ يوم علل الجماعة التي لا تنحصر عدّتهم ابتغاء الآخرة وأجرها فيصيرون بعد الأوجاع والأسقام الحائلة بينهم وبين الدنيا ولذّتها ونعيمها وطعامها وشرابها وأزواجها وأولادها إلى أحسن ما كانوا عليه من حال صحّتهم ولذّتهم إنّ هذا لجدير أن يعظم أجره ويحسن ثوابه في الآخرة على عمله,فكيف بالمتطبّب الذي يداوي العدّة من المرضى ابتغاء الأجر فيصيرون بعد الأوجاع والأسقام الحائلة بينهم وبين الدنيا ونعيمها وطعامها وشرابها إلى أحسن ما كانوا عليه من حال دنياهم إنّ هذا لحقيق أن يعظم رجاؤه ويثق بحسن الثواب على عمله,بالطبيب الذي يداوي العدّة من المرضى التي الله أعلم بها ابتغاء الأجر فيصيرون بعد الأوجاع والسقم الحائل بينهم وبين الدنيا ولذاتها ونعيمها وطعامها وشرابها وأزواجها إلى ما كانوا يكونون عليه من حال دنياهم إنّ هذا لخليق أن يعظم رجاؤه ويثق بحسن الثواب على عمله
29,60693fa6-9fef-4f5b-961a-9086dad17a54,Addressing the Soul: Not to Gamble with the Hereafter,يا نفس لا يعتدي عليك أمر الآخرة الدائمة فتميلي إلى الدنيا الزائلة فتكون في استعجال القليل وبيع الكثير باليسير,يا نفس لا يتعذّر عليك الأجرة فتميلي إلى الدنيا فتكوني في استعجال القليل وبيع الكثير باليسير من الثمن,يا نفس لا يتعذّر عليك أمر الآخرة فتميلي إلى الدنيا الزائلة فتكوني في طلب القليل الحقير ومع الكثير واليسير,يا نفس لا يبعد عليك أمر الآخرة فتميلي إلى العاجلة في استعجال القليل وبيع الكثير باليسير,ويا نفس لا تبعدنّ عليك الآخرة الدائمة ولا تميلي إلى الدنيا الفانية فتكوني في طلب الحقير الذليل وتركهم الكثير,ويا نفس لا تبعدنّ عليك الآخرة فتميلي إلى الدنيا العاجلة فتكوني في استعجال القليل وبيع الكثير باليسير,,يا نفس لا يتعذّر عليك أمر الآخرة فتميلي إلى العاجلة فتكوني في استعمال القليل وتبتغي الكثير باليسير,يا نفس لا تبعدنّ عليك الآخرة فتميلي إلى العاجلة فتكوني في استعجال القليل وبيع الكثير بالبشير
30,a3336661-5b1a-4206-af9e-e5df25202835,The Seller of Sandalwood Below Its Price,كالتاجر الذي زعموا أنّه كان له ملو بيت ؟اتجوجًا فقال إن أنا بعته موزونًا طال عليّ فباعه مجازفة بأخسّ الثمن,كالتاجر الذي زعموا أنّه كان له بيت اتجوج؟ فقال إن أنا بعته موازنة طال عليّ فباعه مجازفة بأخسر الثمن,كالتاجر الذي زعموا أنّه كان له ملء بيت من الخوخ فقال إن بعته موزونًا طال عليّ الأمد فباعه مجازفة بأبخس الثمن وأقلّه,كالجو الخواجة الذي كان له ملء بيت من الصندل فقال إن بعته موازنة طال عليّ فباعه جزافًا بأبخس الثمن,كالتاجر الذي زعموا أنّه كان له ملو بيت من الحرير خاطر بنفسه في طلبه وأتعبها فلمّا أراد بيعه قال في نفسه إنّي إن بعته موزونًا محرّرًا طال عليّ ولكنّي أبيعه بغير وزن فباعه مجازفة بأحسن الثمن وأدناه,كالتاجر الذي يُقال أنّه كان له بيت من اليلنجوج فقال إن بعته موزونًا طال عليّ ذلك فباعه بأبخس الثمن مجازفة,,كالتاجر الذي زعموا أنّه كان رأس ماله خوخ فقال إن بعته وزنًا طال عليّ ذلك فباعه جزافًا بأبخس ثمن,كالتاجر الذي زعموا أنّه كان له ملء بيت انجوح فقال إن بعته موازنة طال عليّ فباعه مجازفة بأخسّ الثمن
31,83906e8e-b907-4443-b76d-a4c64f42b70b,The Soul Admits Defeat,فلمّا خاصمت نفسي بهذا وأخذتها به وبصّرتها إياه لم تجد له نقصًا ولا عنه مذهبًا ولا منصرفًا فاعترفت وأقرّت ولهت عمّا كانت تنزع إليه وترغب فيه وأقمت على مداواة المرضى ابتغاء أجر الآخرة فلم يمنعني ذلك من أن أصبت من الدنيا حظًّا جسيمًا ونصيبًا عظيمًا من الملوك والأكفّاء والإخوان قبل أن آتي الهند وبعد رجوعي منها وفوق الذي كان طمعي يحتج إليه وفوق ما كنت له أهلًا,فلمّا خاصمت نفسي بهذا وأخذتها به وبصّرتها إيّاه لم تجد مذهبًا فاعترفت وأقرّت ولهت عمّا كانت تنزع إليه من ذلك فأقمت على مداواة المرضى ابتغاء أجر الآخرة فلم يمنعني ذلك من أن أصيب من الدنيا حظًّا عظيمًا ومن الملوك فضل قبل بلاد الهند وبعد دوائي الأكفّاء والإخوان دون التي كانت تطمح إليه نفسي ويجمح إليه طبعي وفوق ما كنت له أهلًا ثمّ,فلمّا خاصمت نفسي بهذا وأخذتها به وبصّرتها إيّاه فلم تجد له نقصًا ولا عنه مذهبًا ولا منصرفًا اعترفت وأقرّت ولهت عمّا كانت تنزع إليه وترغب فيه وأقمت على مداواة المرضى ابتغاء أجر الآخرة ولم يمنعني من مداواة المرضى وابتغاء أجر الآخرة أن أصيب من الدنيا حظًّا عظيمًا من الملوك ومن الأكفّاء والإخوان قبل أن آتي بلاد الهند وبعد رجوعي منها فوق الذي كان طمعي يحتاج إليه وفوق ما كنت له أهلًا,,فلمّا نصحت نفسي بهذا وبصّرتها إيّاه لم تجد محيصًا منه ولا مذهبًا,فلمّا خاصمت نفسي بهذا وأخذتها وبصّرتها إيّاه لم تجد مذهبًا فاعترفت وأقرّت وأنست عمّا كانت تشره إليه وأقامت على مداواة المرضى ابتغاء أجر الآخرة فلم يمنعني من ذلك من إن أصبت في الدنيا حظًّا عظيمًا من الملوك قبل أن آتي الهند وبعد رجوعي منها ومن الأكفّاء والإخوان فوق ما كان طمعي يجنح إليه وفوق ما كنت له أهلًا ثمّ,فلمّا سمعت النفس ما ألقيت إليها من الخطاب وألممت بها من العتاب أضربت عمّا خطر لها وانقادت طائعة للوعظ ولازمت ما كانت عليه من الطبّ وفحصت عن أمر الدين,قال فلمّا خاطبت نفسي بهذا وأخذتها به وبصّرتها إيّاه ثمّ لم تجد مذهبًا فأقرّت واعترفت ولهت عمّا كانت تنزع إليه فأقمت على مداواة المرضى ابتغاء الأجر فلم يقنعني ذلك من أن أصيب من الدنيا حظًّا عظيمًا من الملوك قبل أن آتي الهند وبعد رجوعي من الأكفّاء والإخوان فوق الذي كان طمعي يجمح إليه فوق ما كنت له أهلًا,فلمّا خاصمت نفسي بهذا وأخذتها به وبصّرتها إيّاه لم تجد مذهبًا فاعترفت وأقرّت ولهت عمّا كانت تنزع إليه فأقمت على مداواة المرضى ابتغاء الأجر
32,5e081a66-5b98-4545-b79a-1e7f45930e59,Passage 1,,,,,,,,,
33,eae507f1-0bb2-452b-93b8-a2f20b6ef743,Religions Heal Better Than Medicine,ثمّ نظرت في الطبّ فوجدت الطبيب لا يستطيع أن يداوي المريض بدواء يذهب عنه داءه فلا يعود إليه أبدًا ذلك الداء ولا غيره من الأدواء التي هي مثله أو أشدّ منه فلم أدر كيف أعدّ البرأ برءًا والداء لا يؤمن عودته أو اعتداء ما هو أشدّ منه ووجدت عمل الآخرة هو الذي يسلّم من الأذى حتّى يبرأ صاحبها بداء يأمن معه من الأدواء كلّها فاستخففت بالطبّ وأردت الدين,نظرت في الطبّ فوجدت الطبيب لا يستطيع أن يداوي المريض من مرضه بدواء يذهب عنه داءه والداء لا تؤمن عودته استخففت بالطبّ استخفافًا شديدًا ووجدت عمل الآخرة هو الذي يسلّم من الأذى حتّى يبرأ صاحبه من الأدواء كلّها فلمّا وقع ذلك في نفسي أخّرتها عن أمور الدنيا ونظرت كتب الطبّ فلم أجد في شيء منها عن الأديان,,,ثمّ نظرت في الطبّ فوجدت الطبيب لا يستطيع أن يداوي المريض من مرضه بدواء يذهب عنه ذلك الداء لا غيره من الأدواء التي هي مثله أو أشدّ منه فلم أدر كيف أعدّ البرء برءًا ولا الداء داء ولا يؤمن عودته أو أشدّ منه ووجدت عمل الآخرة هو الذي يسلّم من الأذى والأدواء حتى يبرأ صاحبه براء يأمن بعده الأدواء كلّها فأخّرت الطبّ وأردت الدين,نظرت في الطبّ فوجدت الطبيب لا يستطيع أن يداوي المريض من مرضه بدواء يذهب عنه به مرضه فلا يعود إليه ذلك الداء أو غيره من الأدواء مثله أو أشدّ منه فلم أدر كيف أعدّ البرء برءًا والداء لا تؤمن عودته أو غيره أو أشدّ منه ووجدت عمل الآخرة هو الذي يسلّم من الأدواء كلّها حتّى يبرأ صاحبه برءًا يأمن الأدواء بعده فاستخففت الطبّ وأردت الدين,,ثمّ نظرت في الطبّ فوجدت الطبيب لا يستطيع أن يداوي المريض من مرضه بدواء يذهب عنه داؤه ولا يعود إليه ذلك أبدًا أبدًا إذا اشتدّ منه فلمّا لم أذن كيف أعدّ البرء برءًا والداء لا بدّ له من عودته واعتداؤه أشدّ منه فوجدت أمر الآخرة هو الذي يسلم من الأذى حتّى يبرأ صاحبه برءًا يأمن به الأدواء كلّها بعده,
34,d800650a-3bc7-4298-9cd5-2227f3843278,Religions Vary,فلمّا وقع ذلك في نفسي اشتبه عليّ أمر الدين أمّا كتب الطبّ فلم أجد فيها لشيء من الأديان ذكرًا يدلّني على أهداها وأصوبها وأمّا الملل فكثيرة مختلفة ليس منها شيء إلّا وهو على ثلثه أضاف قوم ورثوا دينهم عن آبائهم وآخرون أكرهوا عليه حتّى ولجوا فيه وآخرون يبتغون به الدنيا وكلّهم يزعم أنّه على صواب وهدى,ونظرت فإذا الأديان والملوك كثيرة فمن أقوام ورثوها عن آبائهم وآخرون مكروهون عليها خائفون وآخرون يبتغون بها الدنيا ومنزلتها ومعيشها وكلّهم يزعم أنّه على حقّ وصواب,فلمّا وقع ذلك في نفسي اشتبه عليّ أمر الدين فنظرت في كتب الطبّ فلم أجد فيها لشيء من الأديان ذكرًا يدلّني على هدىً ولا على صواب ونظرت فإذا المِلل كثيرة مختلفة ليس منها شيء إلّا وهو على ثلاثة أصناف قوم ورثوا دينهم وآخرون أُكرهوا عليه حتّى لجّوا فيه وآخرون ابتغوا به الدنيا وكلّهم يزعم أنّه على هدىً,,فلمّا وقع في نفسي ذلك اشتبه عليّ أمر الدين لأنّي لم أجد في كتب الطبّ للأديان ذكرًا يدلّني على أهداها وأحوالها ووجدت الأديان والملل كثيرة مختلفة من أقوام ورثوها عن آبائهم وآخرون مكرهون عليها تابعين غيرهم وآخرون يبتغون بها الدنيا ومنازلها ومعيشتها وكلّهم يزعمون أنّه على صواب,فلمّا وقع ذلك في نفسي اشتبه عليّ أمر الدين أمّا كتب الطبّ فلم أجد فيها لدين من الأديان ذكرًا ولم تدلّني على أهداها وأصوبها وأمّا الأديان والملل فكثير من قوم ورثوها عن آبائهم وآخرين مكرهين عليها خائفين وآخرون يبتغون بها الدنيا ومنزلتها وكلّ زعم أنّه على هدًى وصواب,فلم أجد في كتب الطبّ للذين,فلمّا وقع ذلك في نفسي واشتبه عليّ أمر الدين أمّا كتب الطبّ فلم أجد فيها شيء من الأ طيان ديان ذكرًا ولم يدلّني على هدائها وصوابها فأمّا الأديان والملل فكثيرة أقوام ورثوها عن آبائهم وآخرون مكرهون عليها خائفون وآخرون يبتغون بها الدنيا وكلّهم يزعم أنّه على الصواب والهدى,
35,e3691ae6-a091-4b63-a447-f3c63059524f,Religions Are Contradictory,وأنّ من خالفه على خطأ وضلالة والاختلاف بينهم كثير في أمر الخالق والخلق ومبتداه ومنتهاه وما سوى ذلك وكلّ على كلّ زاري وله عدوّ عليه عائب,وأنّ كلّ من خالفه على خطأ وضلال واختلاف بينهم في أمر الخالق والخَلق ومبتدأ الأمر ومنتهاه وكلّ يرى ذلك شديد وكلّ على كلّ رادّ عليه وعائب لمذهبه,وأنّ من لم يتابعهم على ضلالة والاختلاف بينهم كثير في أمر الخالق والخلق وابتداء الأمر ومنتهاه وكلّ على مخالفة,,وأنّ من خالفهم على ضلالة وخطأ واختلاف بينهم كثير في أمر الخالق والمخلوق وابتداء الأمر ومنتهاه وما سوى ذلك وكلّ من سواه زأروا وعليه عائب,وأنّ من خالفه على خطأ وضلالة واختلاف منهم في أمر الخلق والخالق ومبتدأ الأمر ومنتهاه وما سوى ذلك شديد وكلّ على كلّ ناد وعليه عائب وله عدوّ وقد,من خالفه فهو على ضلال وخطأ ورأيت بينهم اختلاف في أمر الخالق والمخلوق ومبدأ الأمم ومنشئها وغير ذلك كأشدّ ما يكون من التنازع وكلّ على كلّ رادّ وله عدوّ ومغتال ولقوله مخالف,وأنّ من خالفه على خطأ وضلالة والاختلاف بينهم في الخالق والمخلوق ومبتدأ الأمر ومنتهاه وما سوى ذلك فكلّ على كلّ حليق وله عائب,
36,a5c36c69-0691-4fbf-b26e-f9d1f33312e0,Researches Religions,فرأيت أن أواضع علماء أهل كلّ ملّة وأناظرهم فأنظر فيما يصفون لعلّي أعرف بذلك الحقّ كان من الباطل فأختاره وألزمه على ثقة ويقين غير مصدّق بما لا أعرف ولا تابع ما لا يبلغه عقلي ففعلت ذلك وسألت ونظرت فلم أجد أحدًا أبدًا ولا يزيد على مدح دينه وذمّ ما يخالفه من الأديان فاستبان لي أنّهم بالهوى مجيبون ويتكلّمون لا بالعدل ولم,فرأيت أن أوضع أهل كلّ ملّة ورؤساءهم وأنظر فيما يصنعون ويعرفون لعلّي أعرف بذلك الحقّ من الباطل فأختار الحقّ وألزمه لنفسي وأصدّق بما أعرف من ذلك ولا أتابع ما لا أعقل ففعلت ذلك وسألت ونظرت فلم أجد من أولئك أحدًا يزيدني على مدح دينه وذمّ غير دينه ممّن خالفه واستبان لي أنّهم بالهوى يتكلّمون وبه يجيبون لا بالعدل,فرأيت أن أضع لكلّ فرقة علمًا وأنظر الحقّ فيهم فيه لعلّي أعرف بذلك الحقّ من الباطل فأتّبعه وألزمت نفسي على يقين أن لا أتابع ما لا يبلغه عقلي ففعلت ذلك فلم أجد أحدًا يزيدني على مدح دينه وذمّ ما خالفه من الأديان فاستبان لي أنّهم بالهوى يتكلّمون ويجيبون,,فرأيت أن أخاطب علماء كلّ دين وأنظر فيما يصفون ويعرضون لعلّي أعرف بذلك الحقّ فأتّبعه وألزمه على ثقة ويقين غير مصدّق بما لا أعرف ولا تابع ما لا أعقل ففعلت ذلك فنظرت فلم أجد أحدًا إلّا وهم يمدح نفسه ودينه ويذمّ غيره ودينه فبان لي أنّهم بالهوى يتكلّمون,فدنوت لأناظر علماء كلّ ملّة ورؤساءهم وأنظر فيما يصفون لعلّي أعرف لسان الحقّ من الباطل واختار الحقّ منه وألزمه على ثقة ويقين غير مصدّق لما لا أعرف ولا تابع ما لا أعقل ففعلت ذلك وسألت ونظرت فلم أجد من,فرأيت أن أناظر أهل كلّ ملّة ورؤساءهم وأنظر فيما يصنعون وأسمع ما يقولون لعلّي أعرف بذلك الحقّ من الباطل وأختار الحقّ وألزمه نفسي ففعلت,فرأيت أن أواضع علماء كلّ ملّة وأنظر فيما يصفون لعلّي بذلك أعرف الحقّ من الباطل فاختاره وألزمه على ثقة ويقين غير مصدّق بما لا أعرف ولا تابع ما لا يبلغه عقلي فلم أجد من أولئك حدّ يزيد على مدح دينه وذمّ ما خالفه من الأديان فبان لي أنّهم بالهوى يجيبون وبغير الحقّ يتكلّمون,
37,4ca8e94b-1cb9-4ded-b627-4a09dc51a514,Doubts All Religions,أجد عند أحد منهم صفة تكون عدلًا يعرفها ذو العقل ويرضى بها فلمّا رأيت ذلك لم أجد لي متابعة أحد منهم سبيلًا وعرفت أنّي إن أوافقه على ما لا أعلم أكن,ولم أجد أحدًا منهم عنده صفة تكون صدقًا وعدلًا يعرفها ذوو العقول ويرضون بها فلمّا رأيت ذلك لم أجد إلى متابعتهم سبيلًا وعرفت أنّي إن أصدّق منهم أحدًا بما لا أعلم,ولم أجد لهم صفة تكون عدلًا يعرفها ذوو العقول ويرضون بها فلمّا رأيت ذلك لم أجد إلى متابعة أحد منهم سبيلًا وعرفت أنّي إن وافقتهم على ما لا أعلم أكون,فلمّا رأيت ذلك لم أجد إلى متابعة أحد منهم سبيلًا وعرفت إن صدّقت أحدًا منهم لا علم لي بحاله كنت في ذلك,ولم أجد عند صفة تكون دليلًا يعرفها ذا الدين ويرضى بها أهل الرأي فلذلك لم أجد إلى متابعة أحد منهم سبيلًا وعلمت إنّي إن صدّقت منهم أحدًا على أحد أعرف,ولم أجد عند أحد منهم صفة تكون عدلًا ولا صدقًا يعرفه ذو العقل فلمّا رأيت ذلك لم أجد إلى متابعة ذلك سبيلًا وعرفت إنّي إن صدّقت أحدًا منهم بما لا أعلم أكن,فلم أجد إلى متابعة أحد منهم سبيلًا وعرفت أنّي لم أحكم على نفسي أنّي لم أصدّق أحدًا منهم بما لا أعلم,ولم أجد عندهم صفة تكون عملًا يعرفها ذو العقل ويرضى بها ذو الفهم فلمّا رأيت ذلك لم أجد إلى متابعة أحد سبيلًا وعرفت أنّي إن وافقتهم على ما لا أعلم,
38,5106ef52-1613-4546-8ac8-60e954c247c0,Deceived Credulous Burglar,كالمصدّق المخدوع الذي زعموا أنّ جماعة من اللصوص ذهبوا إلى بيت رجل من الأغنياء ليسرقوا متاعه فعلوا ظهر بيته ليلًا فاستيقظ صاحب البيت لوطئهم وأحسّ بهم فعرف أنّه لم يعلو ظهر بيته في تلك الساعة إلّا مريب فأيقظ امرأته وقال لها رويدًا إنّي لأحسب اللصوص قد علوا ظهر بيتنا وأنا متناوم لك فأيقظيني بصوت رفيع يسمعه من فوق البيت من اللصوص ثمّ قولي لي,أكن كالمصدّق المغرور الذي زعموا أنّه ذهب سارق من السرّاق ولم يزل حتّى صار على بيت رجل من الأغنياء وكان ليلًا وكان مع السارق أصحاب له عدّة من الرجال فلمّا أحسّ صاحب البيت بالسارق في البيت استيقظ مسرعًا لما أحسّ بهم لوطأتهم فعرف أنّه لا يعلو البيت تلك الساعة إلّا مريب فأنبه امرأته فقال لها رويدًا إنّي لأحسّ باللصوص قد علوا ظهر بيتنا فأنا متناوم فأيقظيني,كالمصدّق المخدوع الذي زعموا أنّه ذهب إلى بيت رجل من الأغنياء ليلًا فعلا ظهر البيت ليسرقه ومعه أصحاب له فاستيقظ الرجل بوطئهم وعرف أنّه لم يفعل ذلك إلّا مريب فأيقظ امرأته وأعلمها وقال قال لها إنّ اللصوص قد علوا ظهر بيتنا فأيقظيني بصوت قويّ ثمّ اسأليني فقولي أموالك الكثيرة من أين جمعتها فإذا سكتّ فألحّي عليّ في السؤال,كالمصدّق المخدوع الذي زعموا أنّ سارقًا علا ظهر بيت رجل من الأغنياء فاستيقظ صاحب المنزل بوطئهم وكانوا معه جماعة فعرّف امرأته ذلك وقال لها رويدًا إنّي لأحسّيت اللصوص علوا على البيت فأيقظيني بصوت يسمعه اللصوص وقولي ألا تخبرني أيّها الرجل عن أموالك هذه الكثيرة وكنوزك العظيمة فإذا نهيتك عن هذا السؤال فألحّي عليّ بالسؤال,كنت كالمخدوع الذي بلغني أنّ سارقًا علا على سطح بيت رجل من الأغنياء ليلًا ليسرقه ومعه جماعة من أصحابه فاستيقظ صاحب البيت فأيقظ امرأته وقال لها سرًّا إنّي لأحسّ باللصوص على ظهر بيتنا وأنا تناوم لك فأيقظيني بصوت يسمعه من فوق البيت ثمّ قولي لي ألا تخبرني أيّها الرجل من أين لك هذه الأموال الكثيرة وكيف جمعتها وما كان سببها وألحّي عليّ حتّى أخبرك بذلك,كالمصدّق المخدوع الذي زعموا أنّه دبّ سارق حتّى طلع على ظهر بين لبعض من الأغنياء ليلًا ومعه أصحاب له فاستيقظ صاحب البيت لوطئهم السقف فأوجست نفسه خيفة وعرف أنّه لن يعلو ظهر البيت في هذه الساعة إلّا مريب فنبّه امرأته قليلًا قليلًا ثمّ قال لها رويدك إنّي لأحسّ باللصوص قد علوا على ظهر بيتنا الساعة فأنا متناوم فأيقظيني بصوت يسمعه من فوق البيت ثمّ قولي يا صاحب الدار ألا تخبرني عن أمر الذهب والفضّة وكنوزك من أين اكتسبتها فإذا أبيت عليك فألحّي عليّ في السؤال,فأكون كالمصدّق المخدوع الذي زعموا أنّه ذهب سارق ليسرق شيئًا حتّى علا ظهر بيت لرجل من الأغنياء ليلًا ومعه أصحابه فاستيقظ صاحب البيت لوطئهم وعلم أنّه لم يعلو البيت في تلك الساعة إلّا سارق فنبّه امرأته ثمّ قال لها على مهل إنّي قد أحسست باللصوص قد علوا على البيت وأنا الآن أتناوم فأنبهيني بصوت يسمعه اللصوص وقولي لي ألا تحدّثني ألا الرجل من أين لك هذا المال الكثير وكنوزك هذه من أين جمعتها فإذا أبيت الجواب فألحّي عليّ بالسؤال,كنت كالمصدّق المخدوع الذي زعموا أنّه ذهب إلى بيت رجل من الأغنياء سارقًا فعلا على ظهر البيت ليسرقه ومعه أصحابه فاستيقظ الرجل من نومه وحسّت نفسه وعرفت أنّه لم يفعل ذلك إلّا مريب جاهل فأيقظ الرجل زوجته فأعلمها بذلك وقال لها أنا متناوم فصوّتي لي بصوت رفيع وقولي ألا تخبرني عن أموالك وكنوزك من أين جمعتها فإذا أبيت عليك فألحّي عليّ بالسؤال,
39,2739d4d2-64fd-4f11-8233-414e73b35354,Wife Asks About Wealth,ففعلت المرأة ذلك وسمّع للصوص كلامها فقال الرجل أيّتها المرأة قد ساقك القدر إلى رزق واسع فكلي واشربي واسكتي ولا تبالي عمّا لو أخبرتك به لم آمن أن يسمعه سامع فيكون في ذلك ما أكره وتكرهي فقالت المرأة لعمري ما يقربنا أحد يفهم كلامنا,ففعلت المرأة ذلك وسألته كما أمرها واستمع اللصوص فقال الرجل أيّتها المرأة قد ساقك القدر إلى رزقك فكلي واشربي ولا تسألي عمّا لو أخبرتك به لم آمن أن يسمع سامع فيكون في ذلك ما أكره وتكرهين فقالت المرأة أخبرني أيّها الرجل فلعمري لم يكن قريبًا أحد يسمع كلامنا فقال الرجل إنّي مخبرك إنّي لم أجمع هذه الأموال والكنوز إلّا من السرقة فقالت المرأة فكيف جمعت هذه الأموال والكنوز من السرقة وأنت في أعين الناس عدل مرضيّ أمين لم يتّهمك أحد ولم يريّب بك,ففعلت ذلك المرأة فقال لها الرجل قد ساقك القدر إلى رزق واسع فكلي واشربي ولا تسألي عمّا لو أخبرتك لم آمن أن يسمع به,ففعلت المرأة ذلك وسألته كما أمرها ونصت اللصوص إلى سماع قولهما قال لها الرجل أيّتها المرأة قد ساقك القدر إلى رزق واسع كثير فكلي واسكتي ولا تسلي عن أمر إن أخبرتك به لم يكن أن معه أحد فيكون في ذلك ما أكره وتكرهين قالت المرأة أخبرني أيّها الرجل فلعمري ما بقربنا أحد يسمع كلامنا فقال أفإنّي مخبرك أنّي لم أجمع هذه الأموال إلّا من السرقة قالت وكيف كان ذلك وما كنت تصنع,ففعلت المرأة ما قال وألحّت فسمع اللصوص صوتها فقال لها زوجها أيّتها المرأة قد ساق الله عزّ وجلّ إليك منّي خيرًا كثيرًا ورزقًا واسعًا فكلي واشربي واشكري واسكتي ولا تسأليني عمّا لو أخبرتك به لم آمن أن يسمعه سامع فيكون في ذلك ما أكره حتّى تخفي عنّي حالك فقال لها أمّا أنا فإنّي ما جمعت هذا المال إلّا من السرقة قالت وكيف ذلك وكنت عند الناس مرضيّ لم يتّهمك أحد قطّ وأنت مشهور بالعدالة,ففعلت المرأة ذلك وسألته كما أمرها واستمع اللصوص عند ذلك فقال الرجل أيّتها المرأة قد ساقك القدر إلى رزق واسع فكلي واشربي ولا تسألي عمّا لو أخبرتك به لم آمن أن يسمع بذلك سامع فيكون فيه ما أكرهه وتكرهين قالت المرأة أخبرني أيّها الرجل فلعمري ما قربنا أحد يسمع كلامك,ففعلت المرأة ذلك وسألته كما أمرها واتنصبت اللصوص لهما فقال لها الرجل أيّها المرأة قد ساقك القدر إلى رزق واسع كثير فكلي واسكتي ولا تسأليني عن أمر إذا أخبرتك به لم آمن أن يسمعه سامع فيكون في ذلك ما أكره وتكرهين فقالت المرأة أيّها الرجل العاقل ليس بقربنا جيرة ولا عندنا أحد ولا بدّ أن تخبرني بذلك فقال لها اعلمي و اتّقي الله في نفسك فربّ,ففعلت ما أمرها به وسألته فقال لها يا هذه قد ساقك القدر إلى رزق واسع فكلي واشربي ولا تسأليني عن شيؤ أو أخبرك به لم آمن أن يسمعه من حولنا فيكون فيه ما نكره فقالت له زوجته لعمري ما قريت منّا أحد يسمع كلامنها فحدّثني بذلك فقال لها إنّي جمعت هذا الذي معي من السرقة قالت وكيف كان ذلك وأنت في أعين الناس عدلًا مرضيًّا,
40,98663c7e-46e1-4cc8-9597-2d8471ad1e22,Husband Explains Spell,قال الرجل فإنّي مخبرك إنّي لم أجمع هذه الأموال والكنوز إلّا من السرقة قالت وكيف كان ذلك وأنت في أعين الناس عدل مرضيّ لم يتّهمك ولم يرتب بك أحدًا قال ذلك لعلم أصبته في علم السرقة كان ألطف وأرفق من أن يتّهمني أحد أو يرتاب منّي قالت وكيف كان ذلك قال كنت أذهب في الليلة المقمرة ومعي أصحابي حتّى أعلو ظهر البيت الذي أريد أن أسرقه فأنتهي إلى الكوّة الذي يدخل فيها الضوء إلى البيت فأرقي بهذه الرقوة وهي شولم شولم سبع مرّات ثمّ أعتنق الضوء فأهبط فيه إلى البيت ولا يحسّ بوقوعي أحد ثمّ أقوم في أسفل الضوء فأعود الرقية سبع مرّات فلا يبقى في البيت مالًا ولا متاعًا إلّا ظهر لي وأمكنني أن أتناوله وقويت على حمله ثمّ أعيدها وأعتنق الضوء وأصعد إلى أصحابي فأحمّلهم ما معي ثمّ ننسلّ ولا يشعر بنا أحد,فقال ذلك لعلم أصبته في السرقة فكان الأمر أيسر وأرفق من أن يتّهمني أحد أو يريّب بي فقالت وكيف كان ذلك قال كنت أذهب في الليلة المقمرة ومعي أصحابي حتّى أعلو ظاهر البيت الذي أريد أسرق أهله فأنتهي ومعي أصحابي حتّى أعلو إلى ظاهر إلى الكوّة التي يدخل منها ضوء القمر إلى البيت فأرقي بهذه الرقية شولم شولم سبع مرّات ثمّ أعتنق الضوء فأعيد الرقية وأهبط في البيت فلا يحسّ بي أحد ولا بوقوعي ثمّ أقوم في أصل الضوء فأعيد الرقية سبع مرّات فلا يبقى في البيت مال ولا غلق إلّا بدا لي وأمكنني أن أتناوله فآخذ من ذلك ما أحببت ثمّ أعتنق الضوء وأقول سبع مرّات فأصعد إلى أصحابي فأحمّلهم ما معي,قال جمعتها من السرقة قالت وكيف وأنت في أعين الناس عدل مرضيّ قال ذلك بعلم أصبته وكان الأمر ألطف من أن يرتاب بي أحد قالت وكيف ذلك قال كنت أذهب في الليلة المقمرة ومعي أصحابي حتّى أعلو ظهر البيت الذي أريد أن أسرق فأنتهي إلى الكوّة التي يدخل منها الضوء ثمّ أقول شولم شولم تسع مرّات ثمّ أعتنق الضوء وأهبط فلا يحسّ بوقوعي أحد,قال ذلك لعلم أصبته في السرقة وكان الأمر عليّ يسيرًا وأنا آمن من أن يتّهمني أحد أو يرتاب بي قالت فاذكر لي ذلك قال كنت أذهب في الليلة المقمرة أنا وأصحابي حتّى أعلو دار بعض الأغنياء مثلنا فأنتهي إلى الكوّة التي يدخل منها الضوء فأرقي بهذه الرقية وهي شولم شولم سبع مرّات وأعتنق الضوء فلا يحسّ بوقوعي أحدًا فلا أدع مالًا ولا متاعًا إلّا أخذته ثمّ أرقي بتلك الرقية سبع مرّات وأعتنق الضوء فيجذبني فأصعد إلى أصحابي فنمضي سالمين آمنين,قال ذلك بعلم أصبته هو أيسر وألطف من أن يتّهمني أحدًا ويرتاب بي قالت وكيف ذلك قال كنت أذهب في الليلة المقمرة ومعي أصحابي حتّى آتي ظهر البيت الذي أريد أن أسرق أهله فأنتهي إلى كوّة يدخل فيها ضوء القمر فأرقي بهذه الرقوة وهي شولم شولم إحدى وعشرين مرّة واعتنق الضوء وأنزل هابطًا فلا يحسّ بي أحد فإذا صرت في البيت تكلّمت بها كذلك فلا يبقى في البيت شيء من من مال ومتاع إلا ظهر لي فآخذ من ذلك ما أريد وأتكلّم بالرقوة المذكورة كذلك فأصعد في ضوء القمر ولا يشعر بي أحد فأحمل أنا وأصحابي ما أخذت ونمضي,قال الرجل فأنا أخبرك أنّي لم أجمع هذه الأموال والكنوز إلّا بالسرقة قالت وكيف جمعتها من السرقة وأنت عند الناس معروف قال لها لعلم أصبته في أمر السرقة فكان الأمر أيسر وأرفق من أن يتّهمني أحد ويرتاب بي قالت وكيف ذلك قال كنت أذهب في الليلة المقمرة ومعي أصحابي حتّى أعلو ظهر البيت الذي أريد أن أسرقه فأنتهي إلى التي يدخل بها ضوء القمر فأرقي بهذه الرقية شولم شولم سبع مرّات ثمّ أعتنق الضوء فأهبط إلى البيت فلا يحسّنّ بوقوعي أحد ثمّ أقوم في أصل البيت فأعيد الرقية سبع مرّات فلا يبقى في البيت مال ولا متاع إلّا بدا لي فآخذ من ذلك ما أحببت ثمّ أعتنق الضوء فأرقي بالرقية سبع مرّات ثمّ أصعب إلى أصحابي ثمّ أسلّمهم ما معي ثمّ أنسلّ,فقال لها اعلمي إنّما اجتمعت هذه الأموال عندي من السرقة فقالت وكيف كان ذلك وأنت عند الناس أمين مرضيّ ولم تُتّهم بشيء يقدح عرضك فقال ذلك لعلم أصبته في أمر السرقة فكنت بخاصّيّة ذلك العلم آخذ في الليلة القصيرة كثيرًا من الأموال من غير نصب ولا تهمة قالت وكيف كان ذلك قال كنت أذهب في الليلة المقمرة كهذه الليلة ومعي أصحابي فأعلو سطح الذي أريد أسرقه فأنتهي إلى الكوّة الذي ينزل ضوء القمر منها فأعتنق الضوء وأتلو هذه الرقية سبع مرّات وأنخرط في الكوّة فأصير بوسط البيت من غير أن يحسّ بي أحد فأدور في البيت وآخذ ما أريد ثمّ أقابل الضوء فأعتنقه كما فعلت أوّلًا وأتلو الرقية فأرقى بها من غير خوف ولا فرق وهي هذه سالوم سالوم سبع مرّات فيحملون أًصحابي ما أخذته ونمضي آمنين فنقسمه وهذا كان دأبي,قال لها ذلك لعلم أصبته فاطلعت عليه فكان ألطف من أن يرتاب له أحد فاستعملته واستغنيت به عمّا سواه قالت له زوجته فكيف كان ذلك قال لها كنت أذهب في الليالي المقمرة ومعي أصحابي حتّى أعلو ظهر البيت الذي أريد أن أسرقه ثمّ أقول شولم شولم سبع مرّات فأهبط ولا يحسّ بوقوعي أحد ثمّ أقوم فأرقي بها فلا يبقى في البيت شيء إلّا أخذته وقويت على حمله ثمّ أعيدها فأصعد بها ولا يشعر بي أحد,
41,f9583531-abee-45ac-bfe5-90933d9b78a9,Burglars Cheer At Spell,فلمّا سمع اللصوص ذلك فرحوا وقالوا لقد ظفرنا من هذا البيت بأمر هو خير لنا من المال وأمنّا به من السلطان,قال فلمّا سمع اللصوص هذه الصفة فرحوا فرحًا شديدًا وقالوا لقد ظفرنا من هذا البيت بما هو خير لنا من المال الذي نحن مصيبون منه لقد أصبنا علمًا أذهب الله به الخوف عنّا وأمنّا به من السلطان,فسمعه عريف اللصوص وجماعته وسرّوا بذلك سرورًا تامًّا قال له ثمّ ماذا كنت تفعل قال ثمّ كنت أقوم فلا يبقى في البيت مال إلّا بدا لي وقويت عليه ثمّ أقولها أيضًا وأصعد من حيث نزلت فلا يشعر بي أحد ففرح اللصوص وقالوا لقد ظفرنا الليلة بأمر عظيم أذهب الله تعالى به عنّا الجزع وأمنّا به السلطان,فلمّا سمع اللصوص ذلك قالوا قد ظفرنا الليلة ما نريد من المال,فلمّا سمع اللصوص قوله فرحوا بما سمعوا فرحًا شديدًا وتيقّنوا أنّ قوله الحقّ والصدق وقالوا قد ظفرنا بهذا البيت واستفدنا منه علمًا أذهب الله عزّ وجلّ به عنّا الخوف وأمنّا به من السلطان,فلمّا سمع اللصوص هذه القصّة فرحوا فرحًا شديدًا وقالوا قد ظفرنا من هذا البيت بما هو خير لنا من المال الذي نحن مصيبوه لقد أصبنا علمًا أذهب الله عنّا به الخوف وإهانة من السلطان,فقالوا اللصوص عندما سمعوا ذلك ما أبرك هالليلة واأ وأسعدها من سروة إنّ هذا العلم الذي أصبناه من هذا البيت خير من المال ونأمن به من شرّ السلطان,فلمّا سمع اللصّ وأصحابه ذلك فرحوا بذلك فرحًا عظيمًا وقالوا قد ظفّرنا الله بأمر أذهب عنّا الخوف من السلطان وأمنّا به من كلّ شيء,
42,07960c68-8042-4371-b39a-a2baf9f214d5,Husband Explains Execution,وأطالوا المكث حتّى ظنّوا أنّ الرجل قد نام ودنا رئيسهم إلى مدخل الضوء من الكوّة فقال شولم شولم سبع مرّات ثمّ اعتنق الضوء,ثمّ أطالوا المكث حتّى ظنّوا أنّ صاحب البيت وامرأته ناموا فلمّا أنّهم استيقنوا ذلك تقدّم رأسهم إلى مدخل الضوء من الكوّة فقال شولم سبع مرّات ثمّ,ثمّ أطالوا المكث والسكوت حتى ظنّوا أنّ الرجل وزوجته ناما فدنا رئيسهم إلى مدخل الضوء وقال شولم شولم تسع مرّات واعتنق الضوء,ثمّ إنّهم أطالوا المكث حتّى ظنّوا أنّ صاحب الدار وزوجته قد هجعا ناموا فقام قائدهم إلى مدخل الضوء وقال شولم شولم سبع مرّات ثمّ اعتنق الضوء لينزل إلى أرض المنزل فوقع على أمّ رأسه منكّسًا,ثمّ إنّهم أطالوا المكث حتّى ظنّوا أن صاحب البيت وامرأته قد ناما وثقلا في النوم فتقدّم رئيسهم إلى طاقة ينزل منها الضوء إلى منزل الرجل وقال شولم شولم إحدى وعشرين,ثمّ تناوم الرجل وامرأته حتّى إذا استيقنوا في أنفسهم أنّهما قد ناما قام رئيسهم إلى مدخل لينزل إلى البيت بعد أن قال الرقية فوقع منكّسًا على أمّ رأسه,ثمّ إنّ الرجل والامرأة أخفيا صوتيهما وتناوما فأتى رأس اللصوص إلى الكوّة وأنصت ساعة فلمّا تقدّر عنده أنّهما قد هجعا اعتنق الضوء من رأس الكوّة وتلا الرقية سبع مرّات وأسبل روحه فهبط إلى وسط البيت كالدعامة,ثمّ أطالوا المكث حتّى ظنّوا أنّ الرجل قد نام هو وزوجته ثمّ دلّى أحدهم رأسه إلى مدخل الضوء فقال شولم شولم سبع مرّات ثمّ إنّه تدلّى فوقع مكسّرًا,
43,23c8b9aa-4b3a-4d74-8b66-370a1372fbc1,Deceived Burglar Is Caught,لينزل إلى البيت فوقع منكّسًا فوثب إليه صاحب البيت بهراوة فأوجعه ضربًا وقال له من أنت,أن ينزل إلى البيت كما زعموا فوقع اللصّ في البيت منكّسًا فوثب إليه الرجل فأثخنه ضربًا ثمّ قال له من أنت قال,لينزل فوقع منكّسًا على رأسه فوثب الرجل صاحب البيت إليه بهراوة وضربه ضربًا وجيعًا حتّى أثخنه وقال له من أنت,فوثب إليه الرجل بهراوته وقال له من أنت,لينزل بجهله فوقع منكّسًا على رأسه فوثب إليه صاحب البيت بهراوة كان قد أعدّها له فضربه ضربًا مهينًا وقال له من أنت ويلك,فوثب الرجل بهراوة أثخنه ضربًا وقال له من أنت,فقام صاحب البيت وقال ما هذا فقال هذا نتيجة رقيتك في صناعتك الخبيثة فأثخنه ضربًا وأوثقه رباطًا وحمله إلى السلطان,فوثب عليه ربّ البيت فضربه حتّى أثخنه ثمّ قال من أنت,
44,cb9c2bbf-e36d-4bb2-b99b-82825d899a77,Comment On Burglar's Credulity,قال أنا المصدّق المخدوع وهذه ثمرة تصديقي,أنا المصدّق المخدوع وهذه ثمرة التصديق بما لم أتيقّنه,قال أنا المصدّق المخدوع ثمّ إنّه لم يزل موثقًا له حتّى جمع له أصحابه من اللصوص فبلغ منهم ما أراده وهذه ثمرة التصديق,قال أنا المصدّق المخدوع المغترّ بما لا يكون أبدًا وهذه ثمرته مهلكة عدت إلى طلب الأديان والتماس العدل منها فلم أجد عند أحد ممّن كلّمته جوابًا فيما سألته عنه فيها ولم أر فيما كلّموني به شيئًا يحقّ لي في عقلي أن أصدّق به ولا أن أتّبعه,قال أنا المصدّق بالمحال المغرور وهذه ثمرة التصديق بالزور وأنا لكلّ ما تعمل به أهل إذ صدّقتك,قال أنا المصدّق المخدوع الموافق لما سمعت قبل التجربة وأيقنت وأنا لكلّ ما صنعت أهلًا إذ صدّقت مقالتك وخدعتني بباطلك وهذه ثمرة التصديق بلا بيّنة ولا برهان,فقال له من أنت قال أنا المصدّق المخدوع وهذه ثمرة التصديق بما لا يكون,قال أنا المخدوع المغترّ بما سمع قبل التجربة والتثبّت وهذه ثمرة التصديق بما لا أعرفه فاصنع بي ما شئت قال برزويه,
45,c6e2b833-e6f7-4225-9d55-06c71bc55b02,Burzoy Researches Religions Further,فلمّا تحرّرت من التصديق لم آمن أن يوقعني في مهلكة عدت إلى البحث عن الأديان والتماس العدل منها فلم أجد عند أحد ممّن كلّمته في جواب ما سألته عنه ولا فيما ابتدأني به شيئًا يحقّ عليّ في عقلي أن أوقن به وأتبعه,فلمّا خفت أن يورّطني التصديق بما لم أتيقّن في مهلكة البحث عن الأديان والتماس العذر منها فلم أجد أحدًا ممّن علمت يبصّرني في جواب ما سألت ولا فيما ابتدأني به شيئًا يحقّ عليّ في عقلي التصديق به والاتّباع له,فلمّا تحرّزت من التصديق ولم آمن من أن يوقعني في الهلكة عدتُ إلى إلى البحث عن الأديان والتماس الأقوم منها فلم أجد عند أحد ممّن كلّمته جواب ما سألته عنه ولا فيما ابتدأني به شيئًا يطابق عقلي فأوافق عليه وأتبعه فقلت,,فلما تحرّرت من التصديق بما لا آمن أن يوقعني في هلكة عدت في البحث عن الأديان والتماس العدل فيها فلم أجد عند أحد ممّن كلّمت منهم في ذلك جواب ما سألته عنه ولا فيما ابتدوني به شيئاً يحقّ عليّ في عقلي أن أصدّق به وأتّبعه فقلت,فلمّا تحرّزت من التصديق لما لا آمن أن يوقعني في,فلمّا تحرّزت من تصديق ما لم أتحقّقه ولم آمن وقوعي في مهلكة عدت إلى لزوم دين آبائي الذين وجدتهم عليه ** ثمّ لم أجد عذرًا في تمسّكي ني بدين آبائي فخطر ببالي قرب الأجل وسرعة انقطاع الدنيا واغتباط أهلها بها وكيف يخترم الدهر حياتهم وفكّرت في ذلك,فلمّا تحرّر من التصديق التحقيق ممّا لم أعلم خفت أن يوقعني في مهلكة ثمّ إنّي عدت عن البحث إلى عن الأديان فلم أجد عند أحد ممّن كلّمته في جواب ما سألته عنه ولا فيما ابتدأني به فيما يخفى عليّ ولا إلى شيء آمن به واتّبعه فقلت,
46,a8fb9d4b-a510-41b2-bd66-0eead3a74933,Ancestral Religion Is No Option,فقلت أمّا إذا لم أصب ثقة أخذتها فإنّ الرأي أن ألزم دين آبائي وهممت بذلك ثمّ أر لي فيه مخرجًا ولا وجدت الثبوت على دين الآباء سبيلًا ولا لي فيه حجة ولا عذر أردت التفرغ للعود إلى البحث عن الأديان والمسألة عنها,فقلت أمّا إذا لم أجد ثقة آخذ بها فالرأي لي أن ألزم دين آبائي الذين وجدتهم عليه فلمّا ذهبت ألتمس العذر لنفسي بذلك لم أجد إلى ذلك سبيلًا ولا في الثبوت على دين الآباء عد عذرًا فقلت إن كان هذا عذرًا فالساحر الذي وجد أباه ساحرًا في عذر وما أشبه ذلك ممّا يحمله الكلام قول رجل كان فاحش الأكل فكان إذا أكل وتكلّم يُعاب ذلك عليه فاعتذر بأن قال هكذا كان يأكل آبائي وأجدادي فلمّا لم أجد إلى الثبوت على دين الآباء والأجداد سبيلًا أردت النفع للعودة في البحث عن الأديان والنظر فيها,أمّا إذا لم أصبْ ثقة آخذ عنه فالرأي أن ألزم دين آبائي وهممت بذلك ثمّ لم أر لي منه مخرجًا وقلت إنّ كلّ من فعل هذا معذور وذكرت قول رجل كان فاحش الأكل فلمّا عيب عليه ذلك قال على ما ترون كانت حالة آبائي فلم يُعذر فعندها لم أجد للثبوت على دين الآباء سبيلًا ولا عذر لي عن ذلك فأردت العودة للبحث عن الأديان والسؤال عنها,فقلت لمّا لم أجد ثقة آخذ منه فالرأي أن ألزم دين آبائي وأجدادي الذي وجدتهم عليه فلمّا ذهبت ألتمس العتب لنفسي في لزوم دين الآباء والأجداد لم أجد لها على الثبوت على دين الآباء طاقة بل وجدتها من يدان يفرغ للبحث عن الأديان في المسألة لها وللنظر فيها فهجس في قلبي وخطر على بالي قرب الأجل وسرعة انقطاع الدنيا واعتباط أهلها وتحرم الدهر حياتهم ففكّرت في ذلك,إذا لم أجد ثقة آخذ بها فإنّ الرأي أن ألزم دين آبائي الذين وجدتهم عليه فلمّا ذهبت التمس العذر لنفسي في ذلك لم أجد في الثبوت على دين آبائي سبيلًا ولا في ذلك عذرًا أردت الرجوع إلى البحث عن الأديان والنظر فيها فعرض لي قرب الأجل وسرعة انقطاع الدنيا ففكّرت في ذلك وقلت أمّا أنا فلا أدري لعلّ فراق الدنيا أسرع من تقلّب كفّي وقد كنت أعمل أعمالًا أرجو أن تكون من صلاحها ولعلّ ترددّني,فقلت في نفسي إذا لم أجد ثقة آخذ بها فالرأي عندي أن ألزم دين آبائي وأجدادي الذين وجدتهم عليه فلمّا ذهبت ألتمس العذر لي في ذلك لم أجد للثبوت على دين آبائي عذرًا وقلت إن كان هذا عذرًا فالساحر الذي وجد آباؤه ساحرين في عذر من ذلك مع أشباه ذلك ممّا يحتمله الكلام وذكرت قول رجل كان فاحش الأكل فعُيّب عليه ذلك فاعتذر بأن قال هكذا كان آبائي وأجدادي فلم أجد للثبوت على دين الآباء سبيلًا ولا في ذلك عذرًا,فقلت ما أدري كيف أكون في الدنيا وتقلّبي فيها وعاقبتي منها وقد كنت أعمل أعمالًا أرجوا أن تكون صالح الأعمال ولعلّي في تردّدي فيما قصدت من البحث والطلب والسعي في هذا الأمر أن يفوتني خير ما أعمله أو يكون أجلي دون ما ألتمس ولعلّ في تردّدي وتحاولي أن يصيبني,أمّا إذا لم أصب ثقة أجدها وعمدة اعتمدها والرأي الحازم عندي أن ألزم دين آبائي وهممت بذلك فإنّ الذي يجد أباه ساحرًا فيجري على أمثاله غير ملوم مع أشباه ذلك ممّا لا يحمله العقل وذكرت قول رجل كان فاحش الأكل فعوقب على ذلك فقال ما ترون منّي كان حال آبائي فلمّا لم أجد من دين آبائي سبيلًا ولا حجّة ولا عذرًا أردت البحث عن الأديان,
47,57bebf8c-3c22-4f95-b357-1cea14047a3b,Burzoy‘s Fear of Death,فعرض لي تخوّف قرب الأجل وسرعته وانقطاع الدنيا وفنائها وفكّرت في ذلك وقلت أمّا أنا فلعل موتي يكون أوشك من تقليبي كفّي ورجع جفنيّ على عينيّ وقد كنت أعمل أمورًا أرجو أن تكون من صالح الأعمال لعلّ تردّدي وتنقّلي وبحثي عن الأديان يشغلني عن خير كنت أفعله فيكون أجلي دون ما يطمح إليه أملي أو يصيبني في تردّدي وتحولي,فعرض إليّ قرب الأجل وسرعة انقطاع الدنيا وفكّرت وقلت عند ذلك أمّا أنا فلا أدري فراق الدنيا يكون أوشك من تقليبي كفّيّ وأمّا أنا فقد كنت أعمل أعمالًا أرجو أن أكون أعلم أنّها من مصالح الأعمال فلعلّ تردادي وتحوالي فيما أريد من البحث والطلب من هذه إلى هذه يشغلني عن خير كنت أعمله ويكون أجلي دون بلوغ ما ألتمس ولعلّه يصيبني مثل,فعرض لي قرب الأجل وسرعة انقطاع الدنيا وفنائها وقلت لعلّ أجلي يكون دون ما يطمح إليه أملي فأشتغل بالبحث والتردّد في الأديان عن خصال صالحة أرجو ثوابها لي فيصيبني ما,,فيما أردّد فيه من البحث عن الأديان والهرب من هذا إلى هذا يشغلني عن خير كثير كنت أعمله ويكون أجلي دون ما ألتمس منه ولعلّي في تردّدي وتحيّري يصيبني,فأردت التفرّغ للبحث عن الأديان والمسألة عنها والنظر فيها فعرض لي قرب الأجل وسرعة انقطاع الدنيا ففكّرت في ذلك وقلت أمّا أنا فلا أدري لعلّ فراق الدنيا يكون أسرع من تقليبي كفّيّ وقد كنت أعمل أعمالًا أرجو أن تكون من صالح الأعمال فلعلّ في تردّدي فيما أتردّد فيه من البحث والطلب يشغلني عن خير كثير كنت أعمله ويكون أجلي دون ما ألتمس منه ولعلّ في تردّدي وتحوّلي,,فعرض لي ذكر قرب الأجل وسرعة انقطاع الدنيا ففكّرت في ذلك وقلت أمّا أنا فلعلّ موتي يكون أقرب من تقليبي كفّي وقد كنت أعمل أمورًا محمودة أرجو أن تكون أصلح الأعمال ولعلّ تردّدي شغل عن خير كنت أعمله فيكون أجلي دون ما يطمح إليه لعلّي أملي أو يصيبني في ذلك مثل,
48,ecf1649c-0aa9-4caa-85fa-e68bcc1ab293,Hesitating Lover,ما أصاب الرجل الذي زعموا أنّه علق امرأة ذات بعل وعلقته فحفرت له من بيتها سربًا إلى الطريق وجعلت مخرجه عند جبّ الماء تخوّفًا أن يفاجئها زوجها أو أحد وهو عندها فبينما هي ذات يوم وهو عندها إذ بلغها أنّ زوجها بالباب فقالت للرّجل عجّل واخرج من السّرب الذي عند الجبّ فانطلق الرجل إلى ذلك المكان فوافق الجبّ قد رُفع من ذلك المكان فرجع إلى المرأة وقال قد انتهيت إلى حيث أمرت فلم أجد الجبّ فقالت المرأة أيّها المائق وما تصنع بالجبّ وهل سمّيته لك إلا لتستدلّ به على السرب قال لم تكوني حقيقة تذكريه لي فتغلّطيني به فقالت المرأة ويحك انج بنفسك ودع التردّد والحمق فقال كيف أذهب وقد خلّطت عليّ فلم تزل تلك حالته حتّى دخل زوجها فأوجعه ضربًا ثمّ رفعه إلى السلطان,ما أصاب الذي زعموا أنّه علق امرأة ذات بعل وأنّ المرأة حفرت له من بيتها إلى الطريق سربًا فجعلت منفذ السرب عند جبّ الماء وواعدته خوفًا أن يجيئها زوجها حتّى إذا كان ذات يوم والصديق عندها إذ بلغها أنّ زوجها بالباب فقالت للرجل عجّل واخرج من السرب الذي عند الجبّ فانطلق الرجل إلى ذلك المكان فوافق الجبّ قد رُفع من ذلك الموضع فانصرف إلى المرأة وقال قد انتهيت إلى السرب فلم أجد الجبّ فقالت ما تصنع بالجبّ هل سمّيت لك الجبّ إلّا لتستدلّ به على السرب فقال لها ... إذ لم يكن عند السرب جبّ أن تذكريه فتغلّطي وقالت المرأة ويحك انج ودع عنك الحمق والتردّد فقال كيف أذهب مع ما غلّطت عليّ فلم تزل تلك حاله حتّى دخل ربّ البيت فأخذ الخائب وضربه وأوجعه ضربًا ثمّ دفعه إلى السلطان,ما أصاب الرجل الذي زعموا أنّه عشق ذات امرأة ذات بعل فحفرت له من بيتها إلى منزله سربًا وجعلت مخرجه عند حبّ الماء لتدخله السرب متى بلغها أنّ زوجها بالباب فبينما هو معها يومًا إذ بلغها أنّ زوجها بالباب فقالت له انطلق إلى السرب الذي عند الحبّ فاخرجْ منه فانطلقْ ورجع فقال لم أجد الحبّ فقالت وهل سمّيت لك الحبّ إلّا لتستدلّ به على السرب فقال لم تذكري هذا قبل ذلك فتغلّطيني فقالت له ويحك انج ودعْ عنك الحمق والتردّد فقال لها قد خلّطتّي عليّ ولم يزل يراجعها في الكلام حتّى دخل زوجها فأوجعه ضربًا ورفعه إلى السلطان,فقلت أمّا أنا فكأنّي مثل الرجل الذي زعموا أنّه علق امرأة ذات بعل وأنّ تلك المرأة حفرت له سربًا من بيتها إلى الطريق وجعلت باب ذلك السرب عند جبّ الماء وفعلت ذلك خوفًا من بعلها أو غيره ممّن تخافه فيكون إذا ارتابت من أحد تخرج الرجل من ذلك السرب فاتّفق أنّه ** فكان ذات يوم أنّ الرجل كان عندها إذ بلغها أنّ زوجها بالباب فقالت للرجل على عجل منها وخيفة بادر فاخرج من السرب الذي عند جبّ الماء فانطلق الرجل إلى ذلك المكان فلم يجد جبّ الماء فرجع إليها وقال لها إنّ الجبّ الذي ذكرتي لي أنّ السرب عنده ليس هناك فقالت له أيّها المائق وما تصنع بالجبّ أنا دللتك به لتعرف السرب فحيث قد عرفته فاذهب عاجلًا فقال لها لم ذكرت الجبّ وليس هو هناك,ما أصاب الرجل الذي زعموا أنّه علق امرأة ذات بعل وأنّ المرأة حفرت له من بيتها سربًا إلى الطريق وجعلت مفتاح السرب من عند جبّ الماء وتقدّمت إليه في ذلك تخوّفًا أن يفجئها أمر من زوجها أو غيره حتّى إذا كان ذات يوم والرجل عند المرأة بلغها أنّ زوجها بالباب فقالت لخليلها عجّل واخرج من السرب الذي عند الجبّ فانطلق الرجل إلى ذلك المكان فوافى الجبّ قد قُلع من موضعه ولم ير مفتاح السرب فانصرف إلى المرأة وقال لها قد انتهيت إلى السرب فصادفت الجبّ قد قُلع من هناك فقالت المرأة أيّها الراتق المائق وما تصنع بالجبّ وهل سمّيته لك إلّا ليسترك به على السرب قال الرجل لو لم تكوني فائقة لم تذكري الجبّ حتّى حلطت عليّ قالت المرأة ويحك انج بنفسك ودع عنك الحمق والتردّد فقال كيف أذهب مع ما أرى من تخليطك فلم تزل تلك حاله حتّى دخل ربّ البيت وأوجعه ضربًا ورفعه إلى الحاكم,ما أصاب الرجل الذي زعموا أنّه علق امرأة ذات بعل وأنّ المرأة احتفرت له من بيتها إلى الطريق سربًا وجعلت مفتاح السرب عند جبّ الماء وتقدّمت إليه في ذلك وأعدته لزوجها إن أتاها على غفلة أو غيره حتّى إذا كان ذات يوم والرجل عند المرأة بلغها أنّ زوجها بالباب فقالت لصديقها أسرع أسرع وانج من السّرب الذي عند جبّ الماء فانطلق الرجل إلى ذلك المكان فوجد الجبّ قد رُفع فانصرف إلى المرأة فقال لها قد انتهيت إلى السرب الذي ذكرت عند جبّ الماء فإذا الجبّ ليس هناك فقالت له المرأة أيّها المارق ما يصنع بالجبّ وهل سمّيت لك الجبّ إلّا لتستدلّ به على السرب فقال لم تكوني حقيقة إذا لم يكن هنالك جبّ أن تذكري لي الجبّ فتغلّطيني فقالت له المرأة ويحك انج ودع التردّد والحمق فقال الرجل كيف أذهب مع ما غلّطيني فلم تزل تلك حاله حتّى دخل ربّ البيت فأوجعه ضربًا ورفعه إلى السلطان,ما أصاب الرجل الذي زعموا أنّه عشق امرأة ولها بعل وأنّ المرأة حفرت سربًا من بيتها إلى الطريق وجعلت مفتاح السرب في موضع الجبّ الذي للماء وأعدّته تخوّفًا من زوجها أو من غيره لتُخرِج من يكون عندها من هناك حتّى إذا كان ذات يوم والرجل عند الامرأة فإذا زوجها على الباب فقالت للرجل على عجل منها بادر واخرج من السرب الذي عند الجبّ فانطلق الرجل إلى ذلك المكان فوافق الجبّ قد رُفع من مكانه فقال لها أيّتها المرأة إنّي قد انتهيت إلى السرب فإذا الجبّ قد رُفع من مكانه وليس هناك فقالت المرأة أيّها المائق الجاهل وما الذي تصنع بالجبّ إن كان مكانه أم رُفع من مكانه وهل سميّت لك الجبّ إلّا لتستدلّ به على السرب فانج بنفسك ودع عنك الحمق,ما أصاب الذي ذكروا أنّ رجلًا علق بامرأة لها زوج فكان لها معتلقًا وبها كلفًا عاشقًا فكانت له كذلك فحفرت له من بيتها إلى بيته سربًا وجعلت مخرجه عند جبّ الماء تخوّفًا منها أن يعاجله أحد وهو عندها فبينما هو ذات يوم معها إذ بلغها بأ أنّ زوجها بالباب فقالت له قم فاخرج من السرب الذي عند جبّ الماء فتحيّر في أمره فقال لها قد انتهيت إلى حيث أمرتني فلم أجد الجبّ فقالت له أيّها المائق وهل سمّيت لك الجبّ إلّا لتستبدل به عل السرب فقال لها لم يكن حقًّا ما ذكرت فقالت له ويحك انج بنفسك,
49,9625b15b-4b72-4695-99f9-4c9dbf9eb363,Burzoy Defines Universal Religion,فلمّا خفت التردّد والتحوّل رأيت أن لا أتعرّض لهما وأن أقتصر على كلّ شيء يشهد العقل أنه برّ ويتّفق عليه كلّ أهل الأديان فكففت يدي عن الضرب والقتل والسرقة والخيانة ونفسي عن الغضب ولساني عن الكذب وعن كلام فيه ضرر لأحد وكففت عن أذى الناس والغيبة والبهتان وحصّنت فرجي عن النساء والتمست من قلبي أن لا أتمنّى ما لغيري ولا أحبّ له سوءًا ولا أكذّب بالبعث والحساب والقيامة والثواب والعقاب وزايلت الأسرار بقلبي وأحببت الصلحاء جهدي,فلمّا خفت التردّد والتحوّل رأيت الإعراض لما خفته وأن أقتصر على ذلك فكففت يدي عن الضرب والقتل وأن أقتصر على كلّ عمل تشهد الأنفس أنّها برّ وموافق متّفق عليه أهل الأديان فكففت يدي عن الضرب والقتل والكبر والشره والخيانة فحصّنت فرجي عن النساء ولساني من الكذب وعن أذى الناس ومن المعصية والغيبة وأن لا أتمنّى لأحد سوءًا ولا أكذّب بالبعث والقيامة والثواب والعقاب فباينت الأشرار بقلبي وحاولت الصدق وبالأخبار جهدي,فلمّا خفت ذلك رأيت أن لا أتعرّض وأن أقتصر على كلّ شيء تشهد العقول أنّه يثق به أهل الأديان فكففت يدي عن الضرب والقتل والسرقة ونفسي عن الغضب والكبر ولساني عن الكذب وعن ضرر كلّ أحد والتمست من قلبي أن لا يتمنّى مال غيري وأن يوقن بالبعث والقيامة والثواب والعقاب,فقالت له أيّها الأحمق انج ودع عنك الحمق والتردّد,فلمّا خفت من التردّد ما خفت رأيت ألّا أتعرّض لما خفت وأن أقتصر على كلّ عمل تشهد الأنفس أنّه برّ وتوافق عليه جميع أهل الأديان فكففت يدي عن الضرب والقتل والغضب والسرقة ولساني عن اليمين الكاذبة والنميمة وكلّ قول فيه ضرر لأحد والبهتان والبغي والغيبة والسحر والمكر والكبر والخيانة وحصّنت فرجي ولم أكذّب بيوم البعث ويوم الحساب والثواب والعقاب وفارقت الأشرار وصاحبت الأخيار ورأيت أنّ الصلاح ليس كمثله قرين,فلمّا خفت من التردّد والتحاول ما خفت رأيت ألّا أتعرّض لما خفت من ذلك وأن أقتصر على كلّ عمل يشهد للأنفس أنّه برّ وتتّفق عليه كلّ أهل الأديان والملل فكففت يدي عن الضرب والسرقة والخيانة وحصّنت فرجي عن النساء وحفظت لساني عن الكذب ومن كلّ كلام فيه ضرّ لأحد وكففت عن أذى الناس والبهتان والغيبة والتمست من قلبي ألّا أتمنّى لأحد سوءًا ولا أكذّب بالبعث والقيامة والعقاب وزايلت الأشرار ولحقت بالصلحاء,والتردّد فقال لها كيف أذهب وقد خلّطتي عليّ الكلام فلم يزل على تلك الحالة حتّى دخل زوجها وأوجعه ضربًا ثمّ رفعه إلى السلطان فلمّا خفت من التردّد وإجالة الفكر وكثرة التحاور رأيت أن لا أتعرّض لما أتخوّف من الأمور المنكرة وأن أقتصر على كلّ عمل تشهد الأنفس له وتوافقه من فعل الخير فكففت يدي عن القتل والضرب والسرقة وحبست لساني عن الكذب والغيبة والنميمة والتفوّه بالشرّ والسخط والسوء وطهّرت نفسي عن المكر والغضب والخيانة والسخر والتمست من قلبي أن لا أبغي لأحد سوءًا ولا أكذّب بالبعث والقيامة والثواب والعقاب وزايلت الأشرار وحاولت الإلمام بالأخيار جهدي وطاقتي,ودع عنك التردّد والحمق وقلّة الفهم فلم تزل تحاوره ويحاورها حتّى أدركه زوجها فوجده فأخذه وأوجعه ضربًا وأوقفه ودفعه إلى السلطان قال برزويه فلمّا خفت ذلك رأيت أن لا اتعرّض له وأن اقتصر عن كلّ شيء تشهد العقول أنّه برّ وتتّفق عليه أهل الأديان أنّه صواب وحقّ فكففت يدي عن القتل والضرب والسرقة ونفسي عن الغضب والكيد والحقد ولساني عن الكذب والخوض في الباطل وعن كلّ ما فيه ضرّ أحد أو أذيّة بشر واسترطت على نفسي أن لا أتمنّى مال غيري ولا أحبّ لأحد سوءًا ولا أضمر له منكرًا وأن أيقن بالقيامة والبعث والثواب والعقاب فذايلت نفسي صحبة الأشرار,
50,e854728f-77a0-47cd-8621-5e47ee10726c,Burzoy Finds Nothing to Equate Good Works,ورأيت الصلاح ليس مثله قرين ولا صاحب ومكتسبه إذا وفّق الله له يسير وأصبته خيرًا على أهله وأبرّ من الآباء والأمّهات ووجدته يدلّ على الخير ويشير بالنصح فعل الصديق بالصديق ووجدته لا ينقص إذا أُنفق منه بل يزداد على الإنفاق ويكثر ولا يخلق على الابتذال والاستعمال بل يجدّ ويحسن ولا خوف عليه من السلطان أن يسلبه ولا من الآفات تفسده ولا من النار أن تحرقه ولا من اللصوص سرقًا ولا من السباع افتراسًا ولا من ذي حمّة لدغًا ولا من الغارة ولا من الجوائح ووجدت الرجل الذي يزهد في الصلاح وعاقبته ويلهيه عن ذلك قليل ما هو فيه من الحلاوة العاجلة النفاد إنّما مثله فيما ذهبت فيه أيّامه,ورأيت الصلاح ليس كمثله صاحب ولا قرين ورأيت مكسبه إذا وفّقه الله له يسرًا أوجب به خيرًا على صاحبه آثر من الآباء والأمّهات ووجدته لا ينقص إذا أنفق منه صاحبه بل يزداد على الإنفاق ووجدته لا يخلق على الاستعمال ولا على الابتدال بل يزداد جدّة وحسنًا ووجدته لا خوف عليه من السلطان ولا من آفات نفسك ولا من الماء ولا من النار ولا من اللصوص ولا من السباع ووجدت الرجل الذي يزهد في الصلاح وعاقبته ويلهيه عن ذلك قليل ما هو فيه من حلاوة عاجلة إنّما مثله ممّا أنفق فيه أيّامه عمّا ينفعه,ورأيت أن لا صاحب ولا قرين كالصلاح فمن أطاع الله ورسوله أصاب خيرًا في أهله وبركة في الآباء والأمّهات ووجدته أي الصلاح إذا أُنفق منه لا ينقص بالإنفاق بل يزداد به ويكثر ولا يخلقه الابتذال ولا خوف عليه من السلطان أن يسلبه ولا من الآفات أن تناله ولا من النار أن تحرقه ولا الماء أن يغرقه ولا من اللصوص أن تسرقه ولا من الهوام أن تضرّه ووجدت الرجل الذي يزهد في عاقبته ويلهو عن ذلك إنّما هو مثل رجل تاجر كان له جوهر فاستأجر لثقبه رجلًا بمائة دينار وانطلق به إلى بيته وإذا في ناحية البيت صنج موضوع فأخذه الثقّاب وحسبه فقال له التاجر أتحسن الضرب به قال وفوق ذلك فقال له دونك فتناوله وكان به ماهرًا فلم يزل يسمعه ضربًا حسنًا والسفط مفتوح والجوهر ملقى حتّى كان المساء فقال من لي بأجرتي فقال له أوقد عملت شيئًا قال نعم قال وما عملت قال عملت ما أمرتني به فوفّاه أجرته وبقي الجوهر غير مثقوب,ورأيت الصلاح ليس كمثله صاحب ولا قرين ووجدت مكتسبه إذا وفّق الله وأعان يسيرًا ووجدته يدلّ على الخير ويشدّ بالنصح فعله كالصاحب الصديق ووجدته لا ينقص على الإنفاق منه بل يزداد جدّة وحسنًا ووجولا ولا خوف عليه من السلطان أن يغصبه ولا من الماء أن يغرقه ولا من النيران أن تحرقه ولا من اللصوص أن تسرقه ولا من أسباع وجوارح الطير أن تمزّقه ووجدت في كتب ** الملاهي المسير اليسير على القليل الكثير الباقي نعيمه يصيبه,ورأيت أنّه لا شيء أفضل من البرّ والصلاح والوفاء إذا وفّق الله عزّ وجلّ وأعان ووجدته أحسن أثرًا على صاحبه من الآباء والأمّهات ورأيته يدلّ على الخير ويشير بالصلاح فعلى الصديق بالصدق الخالص بالصداقة ووجدته لا ينقص إذا أنفق منه صاحبه بل يزيد على الإنفاق ولا يخلق على الاستعمال بل يستجدّ ويحسن ووجدته لا خوف عليه من السلطان أن يسلبه ولا من عدوّه أن يغضبه ولا من العاهات أن يغيّره ولا من الماء أن يغرقه ولا من النار أن تحرقه ولا من السباع أن تعدوا عليه ولا من العوارض أن تحدث عليه حدثًا ووجدت الرجل يزهد في الصلاح وعاقبته ويلهيه عن ذلك قليل ما هو فيه من حلاوة العاجلة,ورأيت الصلاح ليس كمثله ولا فريق ورأيت مكتسبه إذا وفّق الله إليه خير مكتسب ووجدته خيرًا على صاحبه واثريه من الآباء والأمّهات ورأيته لا ينقص إذا أنفق منه صاحبه بل يزداد جدّة وحسنًا ووجدته لا خوف عليه من السلطان أن يسلبه ولا من الماء أن يغرقه ولا من النار ولا من اللصوص ولا من السباع ولا من الجوارح ووجدته لا يخلق من الاستعمال ولا من الابتذال ووجدت الرجل الذي يذهب عن الصلاح وعافيته تلهيه بما هو فيه من حلاوة يسيرة وإنّما هو فيما ينفق أيّامه عمّا ينفعه,ورأيت الصلاح نعم الصاحب ونعم القرين ورأيت مكسبه يسيرًا وهو يدلّ على الخير ويشير بالنصح فعل الصديق بالصديق ووجدته لا ينقص على ما تنفق منه بل يزداد جدّة وحسنًا ووجدته لا خوف عليه من السلطان أن يغضبه ولا من الماء ولا من اللصوص والسباع وغيرهم ووجدت الرجل الساهي اللاهي المؤثر اليسير من لذّته في يومه ولا يفكّر فيما يناله من المضرّة في غده فيصيبه ما أصاب التاجر الذي زعموا أنّه كان له جوهر ثمين فاستأجر صانعًا لثقبه واصطلاحه في يومه بمئة دينار وانطلق به إلى بيته فلمّا جلس للعمل إذا هو بعود في ناحية من البيت فصار الصائغ ينظر نحو العود,ورأت أنّ الصلاح ليس مثله صاحب ولا قرين ووجدته لا ينقص إذا أنفق منه بل يزداد بالإنفاق ويكثر ولا يخلق على الاستعمال ويحسن ولا خوف عليه من الشيطان أن يوسوس له ومن النفس أن تردّه ولا من,
51,86e04645-6049-4eac-bc7e-faf08e6c6290,Trader with Pearl and Cymbal Player,مثل التاجر الذي زعموا أنّه كان له جوهر كثير فاستأجر لثقبه وعمله رجلًا بمائة دينار يومه إلى الليل فانطلق به إلى بيته فلمّا جلسا إذا بصنج موضوع فنظر إليه فقال له التاجر تحسن أن تضرب به قال نعم قال فدونك فتناوله وكان به ماهرًا فلم يزل يسمّعه صوتًا حسنًا مصيبًا وترك سفط جوهره مفتوحًا وأقبل عليه فلمّا أمسى قال مر لي بأجرتي قال وهل عملت شيئًا قال نعم عملت ما أمرتني به فوفّاه أجرته وبقي ما استأجره عليه غير معمول,مثل التاجر الذي زعموا أنّه كان له جوهر ثمين فاستأجر لثقبه وعمله رجلًا بعشرة دنانير كلّ يوم فانطلق به إلى منزله فلمّا قعدوا في البيت فإذا صنجًا موضوعًا فقال الصانع للتاجر أتريد أن ترى ضربي فقال نعم وكان ماهرًا به فلم يزل يسمعه من صوت جيّد وضرب مضطرب حتّى أمسى وترك الجوهر معطّلًا وأقبل على الضرب واللهو فلمّا أمسى قال الرجل للتاجر مر لي بأجرة يومي فقال وهل عملت شيئًا تستوجب عليه أجرة قال نعم عملت ما قد أمرتني به أن أعمله وقد استحققت عليك أجرة يومي فوفّاه عشرة دنانير أجرة يومه وبقي سفطة الجوهر غير مثقوب,إنّما هو مثل رجل تاجر كان له جوهر فاستأجر لثقبه رجلًا بمائة دينار وانطلق به إلى بيته وإذا في ناحية البيت صنج موضوع فأخذه الثقّاب وحسبه فقال له التاجر أتحسن الضرب به قال وفوق ذلك فقال له دونك فتناوله وكان به ماهرًا فلم يزل يسمعه ضربًا حسنًا والسفط مفتوح والجوهر ملقى حتّى كان المساء فقال من لي بأجرتي فقال له أوقد عملت شيئًا قال نعم قال وما عملت قال عملت ما أمرتني به فوفّاه أجرته وبقي الجوهر غير مثقوب,ما أصاب التاجر وهو أنّه كان تاجر له جوهر نفيس فاستأجر لثقبه رجلًا في اليوم بمائة دينار وانطلق به إلى منزله ليعمل وإذا في ناحية البيت صنج موضوع فقال له التاجر للصانع هل تحسن أن تلعب بالصنج قال نعم وكان بلعبه ماهرًا فقال له التاجر دونك والصنج فأسمعنا ضربك به فأخذ الرجل الصنج ولم يزل يسمع التاجر الضرب الصحيح والصوت الرفيق والتاجر يشير بيده ورأسه طربًا حتّى أمسى فلمّا حان الغروب قال الرجل للتاجر اؤمر لي بالأجرة فقال له التاجر وهل عملت شيئًا تستحقّ به الأجرة فقال له عملت ما أمرتني به وأنا أجيرك فيما استعملتني عملت ولم يزل به حتّى استوفى منه مائة دينار وبقي جوهره غير مثقوب,وأمّا مثله فيما ذهبت فيه أيّامه بما يلهيه عمّا ينفعه مثل التاجر الذي زعموا أنّه كان له جواهر استأجر لثقبه وعمله ونظمه رجلًا بمائة دينار ليومه فانطلق به إلى منزله فلمّا جلس إذ هو بصنج موضوع فشخص ينظر إليه قال له التاجر هل تضرب بالصنج قال وثيق الضرب أيضًا قال فدونك فتناول الرجل الصنج وكان يضرب به ماهرًا حاذقًا فلم يزل يسمعه من صوت جيّد وضرب مصيب حسن ماهر حتّى أمسى التاجر وهو لاه بذلك الصنج طرب عليه فقال له الصانع مر لي بأجرتي قال التاجر وهل عملت عملًا فتأخذ له أجرة قال له الصانع عملت الذي أمرتني فوفّاه مائة دينار وبقي جوهره غير مثقوب,كتاجر زعموا أنّه كان له جوهر غير مثقوب فاستأجر لثقبه رجلًا بمائة دينار كلّ يوم فانطلق به التاجر إلى منزله فلمّا دخل الرجل البيت,فقال له التاجر هل تحسن الضرب في هذا العود قال نعم وأجيده فقال دونك وإيّاه فألهِنا به ما دمت أعالج فتح السفط فتناوله الصانع وكان به ماهرًا فلم يزل يسمعه من جيّد الضرب وحسن صوته الرخيم ونغماته المطربة الممتعة والتاجر يستزيده إلى أن أمسى فقال الصانع للتاجر زن لي أجرتي فقال له التاجر وهل عملت شيئًا لتأخذ له أجرًا فقال الصائغ عملت ما أمرتني به فوجبت له الأجرة حكمًا فقبضها منه وبقي جوهر التاجر بحاله,إنّما مثله فيما ذهبت به أيّامه مثل تاجر كان له من الجوهر شيئًا كثيرًا فاستأجر لثقبه رجلًا وجعل له على ثقبه مئة دينار فانطلق به إلى بيته فإذا في بيته جنك مربوط فقال له تحسن تربط به قال نعم فقال له دونك وإيّاه فتناوله وكان به ماهرًا فلم يزل يسمعه صوتًا بعد صوت وترك سفطه مفتوحًا ما التفت إليه وهو على ضربه وغنائه فلمّا أمسى قاله له عليّ بأجرتي فقال له صاحب الجوهر وهل عملت شيئًا قال نعم عملت ما أمرتني به من غنائي بهذه الآلة فدفع له أجرته مئة دينار وبقي جوهره غير معمول قال برزويه,
52,d482b6c7-ff96-45c3-afe9-a516a81888fa,Burzoy is Attracted by Asceticism,فلم أزدد في أمور الدنيا نظرًا إلّا أحدث لي ذلك فيها زهدًا ورأيت أن أعتصم بالتألّه والنسك ووجدتهما اللذين يمهّدان للعباد كما يفعل بالمرء أبوه,ولم الحريزة في دفع الشرّ ورأيته,فما ازددت في أمر الدنيا نظرًا إلّا ازددت زهدًا فرأيت أن أعتصم بالنسك والخير ورأيتهما اللذين يمهّدان للمعاد كما يفعل بالمرء أبواه,فلم أزدد في الدنيا وشهواتها نظرًا إلّا ازددت فيها زهادة ومنها هربًا ووجدت النسك هو الذي يمهّد الدين كما يمهّد الوالد لولده,فلم أزدد في أمور الناس والدنيا نظرًا إلّا ازددت فيها زهادة فرأيت أن أعتصم بالتألّه والنسك ورأيتهما يمهّدان للعبد في المعاد كما يمهّد للولد أبواه ورأيتهما كالجنّة الحريزة,فلم أزدد في أمور الدنيا نظرًا وفي شهواتها نخبًا إلّا ازددت فيها زهدًا فرأيت أن أعتصم بالنبالة والنسك ورأيت النسك هو يمهّد للمعاد,فلم أزدد من الدنيا وشهواتها نظرًا إلّا ازددت فيها زهادة ومنها هربًا ووجدت النسك هو الذي يمهّد للمعاد كما يمهّد للولد أبواه,فلم أزدد في أمور الدنيا نظرًا إلّا حدث لي فيه زهدًا فرأيت أن اعتصم بالله واتمسّك للمعادّ كما يمهّد للولد أبواه ورأيته كالجنّة الحريرة في رفع الشرّ الباقي الدائم,
53,9cecbdc3-194e-48e7-b67a-d500081980ca,Asceticism Is Like a Garden,وشبّهتهما الجنّة الحريزة في دفع الشرّ الباقي الدائم ورأيتهما الباب المفتوح إلى الجنّة ووجدت الناسك قد فكّر فَعَلَتْه السكينة وشكر فتواضع وقنع فاستغنى ورضي فلم يهتمّ وخلع الدنيا فنجا من الشرور ورفض الشهوات فصار طاهرًا وانفرد فكُفي الأحزان فأطرح الحسد فظهرت منه المحبّة وسخت نفسه عن كلّ شيء فان فاستكمل العقل وأبصر العاقبة فأمن من الندامة ولم يخف الناس فرهب منهم ولم يذنب إليهم فسلم فلم أزدد في أمر النسك تفكّرًا إلا أحدث لي عليه حرصًا فهممت أن أكون من أهله,الباب المفتوح إلى الجنّة دار النعيم ووجدت أزدد من الدنيا وشهوتها نظرًا إلّا أزداد فيها زهادة فرأيت أن أعتصم بالتألّه الناسك قد ذكر فعَلَته السكينة وشكر فتواضع وقنع فاستغنى ورضي فلم والنسك ورأيت النسك يمهّد للمعاد كما يمهّد الوالد لولده ورأيته الجنّة يهتمّ وخلع الدنيا فنجا من الشرور ورفض الشهوات فصار طاهرًا وانفرد فلقي الأحزان وأطرح الحسد فظهرت له المحبّة وسخت نفسه عن كلّ شيء فان واستكمل العاقلة وأبصر العافية فأمن الندامة ولم تخفه الناس ولم يخفهم ولم يذنب إليهم فسلم فلم أزدد في النسك نظرًا إلّا ازددت فيه رغبة حتّى هممت أن أكون من أهله,ورأيتهما الباب مفتوح إلى الجنّة دار النعيم ووجدت من فكّر فعلته السكينة فشكر وتواضع فقنع فاستغنى ورضي فلم يهتمّ وخلع الدنيا فنجا ورفض الشهوات فصار طاهرًا وانفرد فكفى الإخوان العناء وترك الحسد فظهرت منه المحبّة وسمحت نفسه بكلّ شيء فاستكمل العقل وأبصر العاقبة فأمن الندامة ولم يخف الناس فيهرب منهم ولم يذنب فيآيس من السلامة فلم أزددْ في النسك تفكّرًا إلّا ازددت عليه حرصًا وهممت أن أكون من أهله,ووجدته هو الباب المفتوح إلى النعيم المقيم ووجدت الناسك قد تدبّر فعلته بالسكينة فشكر وتواضع وقنع فاستغنى ورضي ولم يهتمّ وخلع الدنيا فنجا من الشرور ورفض الشهوات فصار طاهرًا واطّرح الحسد فوجبت له المحبّة وسخت نفسه بكلّ شيء واستعمل العقل فوجبت له العاقبة فأمن الندامة ولم يخف الناس ولم يدبّ إليهم فسلم منهم فلم أزدد في أمر النسك نظرًا إلّا ازددت فيه رغبة حتّى هممت أن أكون من أهله ثمّ تخوّفت ألّا أصبر على عيش النسّاك ولم آمن إن أنا تركت الدنيا وأخذت في النسك أن أضعف عن ذلك ورفضت أعمالًا كنت أرجو عائدتها وقد كنت أعملها فأنتفع بها في الدنيا مثلي مثل ذلك الكلب الذي مرّ بنهر,ورأيتهما كالباب المفتوح إلى الجنّة دار النعيم المقيم ووجدت القانع قد رضي فعلته السكينة وسكن فتواضع وقنع فاستغنى ورضي ولم يهتمّ وخلع الدنيا ونجا من شرّها ورفض الشهوات فصار ملكًا حرًّا وانفرد فكُفي الأحزان وطرح الجسد فظهرت منه الجثّة وسحب نفسه عن كلّ فان فاستكمل العقل وأبصر العاقبة فأمن الندامة ولم يخف الناس ولم يذنب فسلم فلم أزدد في أمر النسك نظراً إلّا ازددت فيه رغبة حتّى هممت أن أكون من أهله,ورأيته هو الباب المفتوح إلى الجنّة ووجدت الناسك قد فكّر فغلبته السكينة وسكن فتواضع وقنع فاستغنى ورضي فلم يهتمّ وخلع الدنيا فنجا من الشرور ورفض الشهوات فصار طاهرًا وانفرد بكنيب الأحزان وطرح الحسد فظهرت له المحبّة وسخت نفسه عن كلّ شيء فان واستعمل العقل فأبصر العافية وأمن الندامة ولم يخف الناس فلم يخيفهم ولم يذنب فسلم فلم أزدد في النسك نظرًا إلّا ازددت فيه رغبة حتّى فهمت أن أكون من أهله,ووجدته هو الباب المفتوح للجنّة دار النعيم ووجدت الناسك قد فكّر وسكن وتواضع وقنع فاستغنى ورضي فلم يهتمّ وخلع الدنيا فنجا من شرورها ورفض الشهوات فصار طاهرًا وتفرّد فكُفي الأحزان وأطرح الحسد فظهرت له المحبّة وشمخت نفسه عن كلّ فان فاستكمل العقل وأبصر العاقبة فآمن الندامة ولم يخف الناس ولم يخافوه ولم يذنب إليهم فسلم منهم ولم أزدد في أمر النسك نظرًا إلّا ازددت فيه رغبة حتّى هممت أن أكون من أهله,ورأيت الباب مفتوحًا المفتوح إلى الجنّة إلى جنّة دار النعيم ووجدت الناسك قد تذكّر فعلّمته السكينة وشكر فتواضع وقنع فاسمعني ورضى ولم يهتمّ وخلع الدنيا فنجا من الشرور ورفض الشهوات فصار حرًّا طاهرًا وانفرد فكفى الأحزان وطرح الحسد عن قلبه فتجدّدت له المحبّة وسخت نفسه عن كلّ شيء فان فاستكمل له العقل وأبصر العاقبة وأمن الندامة ولم يخف الناس ولم يرهب منهم ولم يذنب فسلم فلم ازدد في النسك تفكّرًا إلّا ازددت فيه حرصًا وهممت أن أكون من أهله,
54,78968914-2484-4555-b33e-89ef7fb7fb8e,Burzoy Fears Not to Bear Asceticism,ثم تخوّفت أن لا أصبر على عيشهم وأن تردّني العادة التي جريت عليها وغُذّيت بها ولم آمن إن أنا خلعت الدنيا وأخذت في النسك أن أضعف عنه وأكون قد رفضت أمورًا كنت,حتّى تخوّفت أن لا أصبر على عيش النسّاك وأن تضرّ بي العادة التي بها رُبّيت وغُذّيت ولم آمن إن أنا خلّيت الدنيا وأخذت بالنسك أن أضعف عن ذلك فأكون قد رفضت أعمالًا ما أرجو عائدتها كنت أعملها غير ذلك فيكون مثلي في ذلك مثل الكلب الذي مرّ بنهر وفي فيه ضلع فرأى ظلّ ذلك الضلع في الماء فأهوى ليأخذه فأهلك ما كان في فيه ولم يصل إلى ما طلب,ثمّ تخوّفت أن لا أصبر على عيش النسّاك وأن أرجع إلى العادة التي جريت عليها وغُذّيت بها ولم آمن إن أنا اجتنبت أمر الدنيا أن أضعف عنه وأكون قد رفضت أمورًا كنت أرجو عائدتها فأكون كالكلب الذي مرّ بنهر وفي فيه ضلع فرأى ظلّه في الماء الذي في النهر فأهوى إليه ليأخذه فسقط الذي كان في فيه فذهب ولم يدرك الذي أمّل من غيره فهبت,ثمّ تخوّفت ألّا أصبر على عيش النسّاك ولم آمن إن أنا تركت الدنيا وأخذت في النسك أن أضعف عن ذلك ورفضت أعمالًا كنت أرجو عائدتها وقد كنت أعملها فأنتفع بها في الدنيا مثلي مثل ذلك الكلب الذي مرّ بنهر,ثمّ تخوّفت أن لا أصبر على عيش النسّاك وأن تضطرّني العادة التي بها غديت إلى عودتها ولم آمن إن أنا خلعت الدنيا ولزمت النسك أن أضعف عن ذلك فأكون قد رفضت أعمال كنت أرجو عاقبتها فكنت أعملها قبل ذلك فيكون مثلي في ذلك مثل الكلب الذي مرّ بنهر وفي فيه ضلع فرأى خيالها في الماء فأهوى ليأخذها فوقع ما كان في فمه ولم يحصل على شيء,ثم تخوّفت ألّا أصبر على عيش النسّاك وأن تضرّ بي العادة التي بها رُبّيت وعليها غُذّيت ولم آمن إن أنا رفضت الدنيا وأخذت النّسك أن أضعف عن ذلك فأكون قد رفضت أعمالًا كنت أعملها أرجو عائدها فيكون مثلي مثل كلب مرّ بنهر وفي فيه ضلع فرأى ظلّ الضلع في الماء فأهوى إليه ليأخذه فلم يجد عليه شيئًا وأهلّه ما كان فيه فهيّبه,ثمّ تخوّفت أن لا أصير على عيش الناسك وأن يضرّ بي العادة التي تقدّمت فيها فيكون إذًا مثلي مثل الكلب الذي مرّ بنهر و في فيه عظم فرأى ظلّ العظم في الماء فأهوى إليه ليأخذه فأهلك ما كان معه في فيه ولم يجد في الماء شيئًا,ثمّ تخوّفت أنّي لا أصبر على عيشهم وأن يجري بي العادة التي أنا عليها وعذّبت بها ولم آمن إن أنا خلعت الدنيا وأخذت به أن أضعف عنه وأكون قد رفضت أمورًا كنت أعملها قبله وأرجو عابدتها فأكون في ذلك كالكلب الذي مرّ بنهر وفي فيه ظلع فرأى ظلّه في الماء فأهوى إليه ليأخذه فترك الذي كان معه ولم يدرك الذي أمله من غيره,
55,8cb13dc7-f562-4c26-9a71-53cc459d04d7,Burzoy Refrains From Asceticism,فهبت النسك هيبة شديدة وأحجمت عن الإقدام عليه وخفت على نفسي من الضجر فيه وقلّة الصبر عليه ودعاني الهوى إلى الرضا بما كنت عليه من حالي في الدنيا والثبوت عليها ثمّ,فهبت النّسك هيبة شديدة وخفت من نفسي الضجر وقلّة الصبر وأردت الثبوت على حالتي التي كنت عليها,التنسّك وتنحّيت عنه وخفت من نفسي الضجر وازددت ثبوتًا على حالي التي كنت عليها ثمّ,,فهبت النسك هيبة شديدة وخفت على نفسي الضجر وقلّة الصبر وأردت الثبات على حالي التي كنت,فهبت النّسك هيبة شديدة وخفت من نفسي الضجر وقلّة الصبر وأردت الثبوت على الحال التي كنت عليها,فهبت النسك هيبة زائدة وخفت من نفسي الضجر وقلّة الصبر وأردت الثبوت على حالتي التي كنت عليها,فهبته وجبنت عنه وخفت من نفسي الضجر فيه وقلّة الصبر عليه وأردت الصبر على حالتي التي كنت عليها,
56,df0ecae4-5dae-4184-9794-98a844717a25,Passage 2,,,,,,,,,
57,00388306-9d0d-4cd6-9e32-17e2891cb974,Weighs World Vs Asceticism,بدا لي أن أقيس بين ما أتّفق أن لا أقوى عليه من الآذى والضيق في النسك وبين الذي يصيب صاحب الدنيا من البلاء فيها فكان يتحقّق عندي أنّه ليس من شهواتها ولذّاتها شيئًا إلّا وهو متحوّل مكروهًا وحزنًا وأنّه,ثمّ بدا لي أن أقيس بين ما أخاف ولا أصبر عليه من الأذى والضيق في النسك وبين الذي يصيب صاحب الدنيا من البلاء فيها وكان بيّنًا عندي أنّه ليس من شهوات الدنيا ولذاذتها إلّا وهو متحوّل إذًا فالدنيا,لي من النسك وما فيه من الضيق والمشقّة إلى ما يصيب صاحب الدنيا من البلاء فيها والسعة بما نال منها فكان محقّقًا عندي أنّه ليس من شهواتها ولذّاتها شيء إلّا وهو مكروه ممحول وأنّها,ثمّ بدا لي أن أقاسي ما أخاف منه أن لا أصبر على الأذى والضيق والخشونة في النسك وما يصيب صاحب الدنيا من البلاء وكان عندي أنّه ليس شيء من شهوات الدنيا ولذّاتها إلّا وهو متحوّل إلى الأذى ومولّد للحزن,بدا لي أن أقيس بين ما أخاف أن لا أصبر عليه من الأذى والضيق في النسك وبين الذي يصيب صاحب الديك من البلاء وأنّه ليس من شهوات الدنيا ولذّتها شيء إلّا وهو مشحون أذى مورّث حزنًا,ما لا أقدر عليه من الأداء والضيق في النسك وبين الذي يصيب صاحب الدنيا فيها من البلاء فكان بيّنًا عندي أنّه ليس من شهوات الدنيا ولذّاتها شيء إلّا وهو متحوّل أذًى ومولّد حزنًا فالدنيا,ثمّ بدا لي أن أقاسي الصبر خوفًا من ألّا أصبر على ما أروم وعلمي أنّه ليس من شهوات الدنيا ولذّاتها شيء إلّا هو متحوّل أذًى و ومولّه حسرة,ثمّ بدا لي أن أتبيّن بين ما أخاف أن لا أقوى عليه من الأذى والضيق في النسك والذي يصيب صاحب الدنيا من البلاء فيها والتبعة بما نال منها وكان بيّنًا عندي أنّه ليس من لذّاتها وشهواتها شيء إلّا متحوّل أذًى ومورث حزنًا,
58,5102baf5-5033-4847-9cef-413d3d5d05cb,Salt Water Increases Thirst,كالماء المالح الذي لا يزداد الظمآن منه شربًا إلّا ازداد به عطشًا,كالماء المالح الذي لا يزداد,كالماء المالح الذي كلّما شرب منه المرء ازداد عطشًا,فالدنيا كالماء الملح الذي لا يزداد شاربه شربًا إلّا ازداد عطشًا,وأنّها كالماء المالح الذي لا يزداد شاريه إلّا ظمأً على شربه,كالماء المالح الذي ما ازداد شاربه منه شرابًا إلّا ازداد عطشًا,كالمالح لا يزداد صاحبه شربًا إلّا ازداد عطشًا,وأنّها كالماء المالح الذي إذا شرب منه الإنسان ازداد عطشًا,
59,344b8450-5514-438e-ba17-2a4e4b97a7ab,Dog Gnaws Bone In Vain,وكالعظم المتعرّق الذي يصيبه الكلب فيجد فيه ريح لحم فلا يزال يلوكه وكلّما وكلّما ازداد لها نهشًا زاد كدوحًا حتّى يدمى فاه وهو لا يكثر التماسه إلّا جرحه وأدماه,وكالعظم الذي يصيبه الكلب ويصيب فيه أدنى معنى لحم فيطلب ذلك اللحم حتّى يُدمي فاه ثمّ لا يزداد له إلّا طلبًا ولا يزداد لفيه إلّا دمًا,وكالعظم الذي يصيبه الكلب وفيه رائحة اللحم فيطلبه حتّى يدمي فاه ولا يكون له منه إلّا الجراح,وهي كالعظم الذي يصيبه الكلب فيجد فيه ريح اللحم فلا يزال يطلب ذلك اللحم حتّى يُدمي فاه,وكالعظم الذي يصيبه الكلب فيصيب منه رائحة اللحم فكلّما ازداد اللحم طلبًا ازداد العظم لفيه إدماءً أمّا,وهي كالعظم الذي يصيبخ الكلب وفيه ريح اللحم فيطلب ذلك اللحم حتّى يدمي فيه ثمّ لا يزداد فمه دمًا إلّا ازداد لذلك العظم طلبًا,وهي كالعظم الذي يصيبه الكلب وفيه ريح اللحم فلا يزال يتطلّب ذلك اللحم حتّى يدمي فاه ولا يزداد له طلبًا إلّا ازداد فيه دمًا,أو كالعظم الذي يصيبه الكلب فيشتمّ فيه اللحم فيطلبه حتّى يدمي فيه ثمّ لا يزداد له طلبًا إلّا زداد لفيه دمًا,
60,54b951b9-244e-4802-a692-2a0a896bb97e,Kite Looses Meat,وكالحدأة الذي تظفر بالبضعة من اللحم ليجتمع عليها الطير فلا يزال في تعب حتّى يلفظها وقد أعيت وتعب وكالكبّة,وكالحدأة التي تظفر ببعض لحم فيجتمع إليها الطير فلا تزال في تقلّب وهرب حتّى تلفظ ما معها وقد أعيت وتعبت,وكالحدأة التي تظفر بالبضعة فيجتمع إليها الطير فلا تزال في تعب حتّى تلقيها وكالأكلة,وكالحدأة التي تظفر بقطعة من اللحم فيجتمع عليها الطير فلا تزال تدور وتدأب حتّى تعيا وتعطب فإذا تعبت ألقت ما معها,وكالحدأة التي تنال الميتة فيجتمع عليهما الطير فلا تزال حتّى تلقط ما معها,وكالحدأة التي تظفر بقطعة من اللحم فيجتمع عليها الطير فلا تزال في تعب حتّى تأكل ما معها وقد أعيت وتعبت,أو كالحدأة التي تظفر بمضغة من لحم فيجتمع عليها الطيور فلا تزال في تعب وهرب حتّى تسقط من فهما وقد تعبت وأعيت من كدّ الطيور لها,أو كالجدأة التي تظفر بالبضعة من اللحم فيجتمع عليها الطير فلا تزال في تعب ونصب وتغلّب وهرب حتّى تلقيها,
61,7f29cb82-46b7-416a-8f31-fe501a2486d3,Honey Contains Poison,من العسل في أسفلها سمّ والذائق لها مصيب منها حلاوة عاجلة وفي أسفلها موت ذعاف,,من العسل فيه ما السمّ المميت فللذائق منه الحلاوة وله الموت الزعاف,وكالكوز من العسل الذي في أسفله السمّ الذي يذاق منه حلاوة عاجلة وآخره موت ذعاف,أو كالكبّة من العسل في أسفلها سمّ فللذائق منها حلاوة عاجلة وفي أسفلها موت زعاق,وكالكبّة من العسل وفيها سمّ فللذائق منها حلاوة ومنيّة عاجلة,وكالكوز الذي في أعلاه ا العسل وفي أسفله السمّ فهو للذائق منه حلاوة عاجلة وا والموت من أسفله,أو كال؟؟ من العسل فيها سمّ قاتل والذائق لها يصيب منها حلاوة عاجلة وفي أسفلها موته,
62,17810296-c71b-4132-84a8-aa3d0197482a,Happy Dreams Pass,وكأحلام النائم التي تفرحه فإذا استيقظ انقطع ذلك عنه,وكأحلام النائم التي تفرحه في المنام فإذا استيقظ انقطع الفرح,وكأحلام النائم الذي يفرحه المنام فإذا استيقظ انقطع ذلك عنه,أو كأحلام النائم الذي يفرح به الإنسان في نومه فإذا استيقظ من النوم ذهب الفرح,أو كأحلام النائم التي تفرحه في المنام فإذا استيقظ منها انقطع فرحه,وكأحلام النائم الذي يفرح بما يرى في نومه فإذا استيقظ انقطع الفرح عنه,أو كأحلام النائم التي تفرحه في منامه فإذا استيقظ انقطع ذلك الفرح عنه,أو كالأحلام للنائم الذي يفرحه عند منامه فإذا استيقظ انقطع ذلك عليه,
63,70914c47-0433-4296-af4f-7b1af7c57484,Lightning Passes,وكالبرق الذي يضيء قليلًا ويذهب وشيكًا ويبقى راجيه في الظلام,وكالبرق الذي يصبح قليلًا ويذهب وشيكًا ويبقى راجيه في الظلام مقيمًا,وكالبرق الذي يضيء قليلًا ويذهب وشيكًا ويبقى راجيه في الظلام مقيمًا,,أو كالبرق يضيء قليلًا ويذهب وشيكًا ويبقى صاحبه في الظلمة متحيّرًا,وكالبرق الذي يذهب وشيكًا ويضيء قليلًا ويبقى راجيه في الظلام مقيمًا أو,وكالبرق الخُلّب,أو كالبرق الذي يضيء قليلًا ثمّ يذهب وشكًا ويبقى راجيه في الظلام مقيمًا,
64,bd68def7-f172-45ca-8f45-2244719b33b7,Self Imprisoning Silk Worm,وكدودة الأبريسم التي لا تزداد على نفسها لفًّا إلّا ازدادت تشبّكًا ومن الخروج بعدًا فلمّا فكّرت,وكدودة الإبريسم التي لا يزداد الأبريسم على نفسها لفًّا إلّا ازدادت من الخروج بعدًا,وكدودة الأبريسم التي لا تزداد على نفسها إلّا لفًّا وبعدًا من الخروج فلمّا فكّرت,,أو كدودة الأبريسم التي لا يزداد الأبريسم على نفسها لفًّا إلّا ازدادت من الخروج بعدًا,كدودة الأبريسم التي تلفّ الأبريسم على نفسها ثمّ لا تزداد له لفًّا إلا ازدادت عن الحياة بعدًا فلمّا نظرت,وكدودة القزّ لا تزداد في الإبريسم لفًّا إلّا ازدادت من الخروج بعدًا,أو كدودة الأبريسم التي,
65,be51ef56-0fba-4f05-81c0-029c386ea3f6,Warns Soul Of Hesitation,في ذلك وراجعت نفسي في اختيار النسك وخاصمتها فقلت ما يجوز هذا أن أفرّ من النسك إلى الدنيا إذا فكّرت في شرورها,فلمّا فكّرت في هذه الأمور راجعت رأيي في اختيار النسك والاشتياق ثمّ خاصمت نفسي فقلت ما يجوز لي هذا أن أفرّ من الدنيا إلى النسك إذا فكّرت في سورها ثمّ أفرّ من النسك إلى الدنيا إذا تفكّرت ما فيه من الضيق المشقّة فلم أزل في تصرّف لا أبرم أمرًا ولا أعزم على شيء,في ذلك راجعت نفسي في اختيار النسك فقلت ما يجوز لي أن أفرّ من الدنيا إلى النسك إذا فكّرت في شرورها وغمومها ثم أهرب منه إليها إذا تذكّرت ما فيه من الضيق والمشقّة وما زلت في تصرّف وتقلّب لا ألزم رأيًا ولا أعزم عليه خوفًا من أن أخطئ,فلمّا فكّرت في هذه الأمور رجعت إلى طلب النسك وهزّني الاشتياق إليه ثمّ خاصمت نفسي إذ هي في شرورها سارحة قد لا تثبت على أمر تعزم عليه,فلمّا فكّرت في هذه الأمور راجعت نفسي ورأيي في اختيار النسك والا نسياق إليه ثمّ خاصمت نفسي وقلت ما يجوز هذا أن أفرّ من الدنيا,في هذه الأمور راجعت نفسي عنها وفي اختيار النسك والميل إليه ثمّ خاصمت نفسي وقلت ما يجوز لي أن أفرّ من الدنيا إلى النسك ومن النسك إلى الدنيا إذا ذكرت ما فيه من الأذى والضيق والمشقّة فلا أزال في تصرّف لا أبرم رأيًا ولا أعزم على أمر,فلمّا فكّرت في هذه الأمور راجعت رأيي في إحتمال النسك والاستمالة إليه ثمّ خاصمت نفسي فقلت لها يا نفس ما لك من صبر عليه إذا نظرت إلى الدنيا وسرورها فلم أزل في إقدام وإحجام وتقدّم وتأخّر ولا أبرم رأيًا إلّا أعزم على أمر,فلمّا فكّرت في ذلك راجعت نفسي في اجتناب النسك وخاصمتها وقلت ما يجوز هذا لي أن أفرّ من الدنيا إلى النسك إذا تفكّرت في شرورها وأحزانها ثمّ أهرب منه إليها وإذا تذكّرت ما في النسك من المشقّة والضيق فلا أزال في تصرّف وتذكّر ولا أعزم عليه,
66,09ba0d95-ff5d-4fcb-b747-744242723c3a,Judge Of Marw,فصرت كحديرون قاضي مروء الذي سمع من أوّل الخصمين فقضى على الآخر ثمّ سمع من الآخر فقضى له على الأوّل,وصرت كحدوان قاضي مرو الذي سمع من أحد الخصمين فقضى على الآخر وإذا سمع من الآخر قضى على الأوّل,فأكون كالقاضي المتردّد الذي سمع دعوى الخصمين فقضى لأحدهما على الآخر ثمّ عكس فحكم للآخر في اليوم الثاني ثمّ,كقاض سمع من خصم واحد فحكم له حكمًا كغير الخصم الثاني عاد الأوّل فقضى عليه,فصرت كقاضي مرّو لدى يسمع من أحد الخصمين فقضى له على الآخر,فأكون كقاضي مرو الذي يسمع من أوّل الخصمين فقضى له على صاحبه وسمع من الآخر فقضى له عليه,كقاض سمع من خصم وقضى له فلمّا حضر خصمه وسمع منه عاد إلى الأوّل,فأكون كقاضي مرو الذي سمع من أوّل الخصمين فقضى للأوّل ثمّ أتاه الآخر فحوّل الحكم له,
67,9c26cc98-be65-448b-80d4-35d9fe01e07a,Weighs Here Hereafter,فنظرت إلى الذي يتكابد لي من أذى النسك وضيقته فقلت ما أصغر هذا في جنب روح الأبد وراحته وفكّرت فيما تشره إليه النفس من اللهو واللذة فقلت ما أوخمه مع ما يتخوّف من العذاب والهوان فكيف,ونظرت في الذي ألقاه من أداء النسك وضيقه وقلت ما أصغر هذه المشقّة وأقلّها في جنب روح الأبد وراحته ونظرت فيما تشره إليه النفوس من لذّة الدنيا ونعيمها فقلت ما أمرّ هذا وأوجعه وهو يدفع إلى عذاب الأبد وهوانه,نظرت إلى ما يكابد صاحب النسك الدنيا من الأذى والمكروه فقلت ما أصغر هذا في راحة الأبد وفكّرت في ما تشره إليه النفس من اللهو واللذّة فقلت ما أقلّ هذا مع ما يُتخوّف من الهوان,ثمّ نظرت سبب الذي أكابده من احتمال النسك وضيقه فقلت ما أصغر هذه المشقّة في جانب روح الأبد وراحته ثمّ نظرت فيما تشره إليه النفس من لذّة الدنيا فقلت ما أمرّ هذا وأوجعه وهو يدفع إلي عذاب الأبد وأهواله,وتبصّرت في الذي يصيبني من أذى النسك وضيقه فقلت ما أصغر هذه أو أقلّه في جنب روح الأبد وراحته ونظرت فيما تشره إليه النفس من لذّة الدنيا فقلت ما أمرّ هذا وما أوحشه وهو يدفع إليّ عذاب الأبد وهوافه,ونظرت في الذي وهبته من أداء النسك ومشقّته فقلت ما أصغر هذه المشقّة وهي تدعو إلى روح الأبد ونظرت فيما تشره إليه النفس من لذّة الدنيا وشهواتها فقلت ما أمر هذا وهو يدعو إلى عذاب الأبد وحزمه,ثمّ فكّرت في كيف يتقلّب في العذاب من حيث يبتدئ جنينًا إلى أن يستوفي أيّام حياته,ونظرت في الذي يكابدني من الأذى والمكروه فقلت ما أصغر هذا في جنب روح الأبد وفكّرت فيما يسرّه إليه والهمّ من اللهو واللذّة فقلت ما أوخمه مع ما يتخوّف فيه من الهوان,
68,c8ca1123-8540-46ea-96d1-b1e2e3d86e9c,Salvation Worth Century Of Pain,لا يستحلي الإنسان بولده نائبة قليلة تورثه حلاوة كثيرة باقية ولو أنّ الرجل عرض عليه أن يعيش ألف سنة لا يأتي عليه يوم إلّا يضع لحمه غير أنّه شرط له أنّه إذا استوفاها نجا من الألم والمشقّة وصار إلى الأمن والسرور وكان حقيقًا أن لا يراها شيئًا فكيف لا يصبر على أيّام يسيرة وأذى حقير يصيبه من الدنيا,وقلت كيف يستحلي الرجل حلاوة قليلة مأثورة مرارة طويلة دائمة فقلت لو أنّ رجلًا عرض عليه أن يعيش مائة سنة لا يأتي عليه من ذلك يوم إلّا بُضّع فيه بِضَعًا ثمّ أُحيى ثمّ عذّب بمثل العذاب غير أنّه يشترط له إذا استوفى السنين المائة نجا من كلّ ألم وصار إلى الأمن والسرور كان حقيقًا ألّا يرى تلك السنين شيئًا فكيف يأبي الصبر على أيّام قلائل في النسك وأداء قليل يصبر عليه,ولو أنّ رجلًا عُرض عليه أن يعيش مئة سنة لا يأتي عليه يوم يكرهه فيها غير وإنّه إذا استوفاها نجا من الإثم والمشقّة وصار إلى الأمن والسرور كان حقيقًا ألّا يراها شيئًا فكيف بمن لا يصبر على أيام يسيرة,وكيف لا يستحلي الرجل مرارة قليلة تعقبه حلاوة طويلة وكيف لا يمرّ حلاوة تعقبه مرارة دائمة وقلت لو أنّ رجلًا عُرض عليه أن يعيش مائة سنة لا يأتي عليها يوم واحد إلّا وضع منه ثمّ أعيد إليه من الغد غير أنّه يشرط له إذا استوفى السنين المائة نجا من كلّ ألم وأذًى وصار إلى الأمن والسرور كان حقيقًا أن لا يرى تلك السنين ولا شيئًا منها فكيف يأبى الصبر على أيّام قلائل يعيشها في النسك وأذًى تلك الأيّام قليل يعقب خيرًا كثيرًا فلنعلم أنّ الدنيا كلّها بلاء وعذاب,فقلت كيف لا يستحلي الإنسان مرارة قليلة تصفيه حلاوة كثيرة طويلة باقية وكيف لا تمرّ عليه حلاوة قليلة ثورثه مرارة دائمة وقلت لو أنّ رجلًا عرض عليه أن يعيش مئة سنة لا يأتي عليه منها يوم إلّا يضع لحمه فيه ثمّ أعيد له في ذلك من الغد غير أنّه يشترط له إذا استوفى السنين المذكورة نجا من كلّ همّ وألم وأذى وصار إلى الأمن والسرور لكان حقيقًا أن لا يرى تلك السنين شيئًا فكيف يأتي الصبر على أيّام قلائل في النسك والعبادة,وقلت كيف لا يستحلي الرجل مرارة قليلة تورث حلاوة دائمة وقلت لو أنّ رجلًا عرض عليه أن يعيش مئة سنة لا يأتي عليه من ذلك يوم إلّا بضع معه بضعًا ثمّ أحيي ثمّ عذّب بمثل ذلك من الغد غير أنّه يشترط له السلامة إذا استوفى السنين المئة نجا من كلّ ألم وأذى وصار إلى الأمد والسرور لكان حقيقًا ألّا يرى تلك السنين شيئًا فكيف يأبى الصبر على أيّام قلائل يعيشهما في نسك وأذًى قليل يصبر عليه أو ا ليس الدنيا كلّها بلاء وعذابًا,,وكيف لا يستحلي الرجل مرارة قليلة فانية تورثه حلاوة كثيرة باقية ولو أنّ رجلًا عرض عليه أن يعيش مئة سنة لا يأتي علي يوم إلّا تضيع فيه عبراته بشرط إذا استوفاها نجا من الألم والمشقّة وصار إلى الأمن والسرور فكان حقيقًا ألّا يرى لها شيئًا فكيف لا يصبر على أيّام يسيرة وأذًى يصيبه في الدنيا,
69,5751dfe8-1687-4fe4-aa3d-61d6773e6679,Earthly Life Is Pain,أو ليس إنّما الدنيا كلّها عذاب وبلاء فإنّ الإنسان يتقلّب في ذلك من حيث يكون جنيًّا إلى أن يستوفي أيّامه فإنّا,فقلت أليس الدنيا كلّها بلاء وعذابًا وليس الإنسان إنّما هو يتقلّب من حيث يكون جنينًا إلى حيث يستوفي أيّامه في البلاء,أوليست الدنيا كلّها نصب وعذاب وإنّ الإنسان يتقلّب في الدنيا من حين يكون جنينًا إلى حين يستوفي رزقه وأيّامه فإنّا,أو ليس الإنسان إنّما يتقلّب في عذاب الدنيا من حيث يكون جنينًا إلى أن يستوفي أيّام حياته,أو ليس الدنيا بلاء وعذابًا أو ليس الإنسان يتقلّب في ذلك من حيث يبدو جنينًا إلى أن يستوفي أيّامه,أو ليس للإنسان إنّما يتقلّب في ذلك كلّه من حين يبدو جنينًا حتّى يستوفي أيّامه,,والدنيا كلّها عذاب وبلاء ومحنة وإنّ الإنسان يتقلّب في ذلك من حين يكون جنينًا إلى أن يستوفي أيّامه,
70,c65cb9b0-ca59-4889-b377-c88eb6fe9ab5,Growth Of Fetus,نجد في كتب الطبّ أنّ الماء الذي يقدّر منه الولد السويّ إذا وقع في رحم المرأة اختلط بمائها ودمها فخثر وغلظ فحطّته الريح حتّى يصير كما الجبن ثمّ يصير كاللبن الرائب,فإنّا نجد في كتب الطبّ أنّ الماء الذي يقدّر منه الولد السويّ إذا هو وقع في رحم المرأة اختلط بمائها ودمها فخثر وغلظ ثمّ إنّ الريح تمحِّص ذلك الماء حتّى يعود كماء الجبن ثمّ يصيّره كاللبن الرائب الغليظ,نجد في كتب الطبّ أنّ الماء الذي يُقدّر منه الولد السويّ إذا وقع في رحم المرأة واختلط بمائها ودمها فخثر وغلظ ثم تمخضه الريح حتى يعود كالجبن ثم يصير كاللبن الرائب,فإنّنا نجد في كتب الطبّ أنّ الماء الذي يقدّر منه الولد السويّ إذا وقع في رحم المرأة يختلط بدمها ومائها فيثخن ويغلظ ثمّ تحطّ الريح ذلك الماء والدم حتّى تتركه كالجبن ثمّ كالرائب الثخين الغليظ,وإنّا نجد في كتب الطبّ أنّ الماء الذي يقدّر منه الولد السويّ إذا وقع في رحم المرأة اختلط بدمها ومائها ثمّ يمخضه الريح حتّى يتركه مثل ماء الجبن ثمّ يصير كالرائب الغليظ,فإنّا نجد في كتب الطبّ أنّ الماء الذي يقدّر منه الجنين إذا هو وافي رحم المرأة فاختلط بمائها ودمها خثر وغلظ ثمّ إنّ الريح تمخّض ذلك الماء والدم حتّى تتركه كالجبن ثمّ يصير كالرائب الغليظ,فوجدت في كتب الطبّ أنّ الماء الذي يتكوّن فيه الولد السويّ إذا هو وقع في رحم المرأة فاختلط بمائها ودمها فإنّه يخثر ثمّ تمخّضه الريح حتّى تتركه كماء الجبن ثمّ يصير كالماء,وإنّا نجد في كتب الطبّ أنّ الماء الذي يقدّر منه الولد السويّ إذا وقع في رحم المرأة اختلط بمائها ودمها فجبن وأغلظ ثم يمخضه الرحم حتّى يعود كماء الجبن ثمّ يصير كاللبن الرائب,
71,743ca180-32b2-4e38-9abb-182b86ae8246,Condition Of Fetus,ثمّ ينقسم أعضاؤه لأبان أجله فإن كان ذكر فوجهه قبل ظهر أمّه وإن كانت أنثى فوجهها قبل بطنها ويداه على وجهه وذقنه على ركبتيه مقبض في المشيمة كأنّه مصرور في صرّة وهو يتنفّس من متنفّس شاقّ عليه وليس منه عضو إلّا كأنّه في وثاق فوقه حرّ البطن وثقله وتحته ما تحته منوط قمع سرّته إلى مريء,ثمّ يقسّم أعضاؤه وبقدرة الله تعالى لأمان أجله وأيّامه فإن كان ذكرًا وتمّت خلقته فوجهه قِبَل ظهر أمّه وتمّت خلقته وإن كان أنثى فوجهها قِبَل بطن أمّها ويداها على وجهها وذقنها على ركبتها وتمّت خلقتها لستّين ليلة مقبَّض في المشيمة يتنفّس من مكان ضيّق شاقّ وليس فيه عضو إلّا كأنّه في وثاق مقموط بقماط فوق حشو البطن وثقله وتحته ما تحته منوطًا بمعاء سرّة إلى مريء أمّه ومنها يمصّ به من طعام أمّه وشرابها ما يعيش به و يحيا فهو بهذه المنزلة على هذه الحال في ظلمات الرحم وضيقه إلى يوم ولادته,ثم تُقسم أعضاؤه لأوان أيّامه فإن كان ذكرًا كان وجهه قِبل ظهر أمّه وتمّت خلقته لأربعين ليلة وإن كانت أنثى كان وجهها قِبل بطن أمّها وتمّت خلقتها لستين ليلة وتكون يد الجنين على وجهه وذقنه على ركبتيه مقبّض في المشيمة متنفّس من مكان ضيّق عليه ليس منه عرق إلّا كأنّه في وثاق وفوقه حرّ البطن وتحته كذلك وهو على هذا الحال إلى يوم ميلاده فإذا كان,ثمّ تقسّم فيه أعضاء الولد لأمّه فإن كانت أنثى فوجهها قبل وجه أمّها وإن كان ذكرًا فوجهه قبل وجه ظهر أمّه ويداه على وجنتيه وذقنه على ركبتيه قابض على المشيمة كأنّها صرّة مصرورة وهو يتنفّس من متنفّس ضيق شاقّ عليه وليس من عضو إلّا وهو مقمّط بقماط وفوقه حرّ البطن وتحته ما تحته من الظلمة والضيق وهو منوط بمعاء من سرّته إلى سرّة أمّه ومن ذلك المعاء يمصّ ويقتبس الطعام فهو بهذه المنزلة في الظلمة والضيق إلى يوم ولادته,ثمّ يقسم في أعضائه لأبان أيّامه فإن كا ن ذكرًا فوجهه قبيل ظهر أمّه وإن كانت أنثى فوجهها قبل وجه أمّها ومرافقه على ركبته ويداه على وجنته فهو منقبض في المشيمة كأنه مصرور في صرّة وهو يتنفّس من مكان ضيّق شاقّ عليه وليس منه عضوًا إلّا كأنّه مقموط بقماط وفوقه حرّ البطن وتحته ما تحته وهو مربوط بسرّته منوط بمعاء واحد من سرّته إلى سرّة أمّه ومن تلك السرّة يمتصّ ويشرب ويعيش من طعام أمّه وشرابها فهو بهذه المنزلة وهذه الحالة في الغمّ والضيق والظلمات إلى يوم ولادته,ثمّ تقسّم أعضاؤه لأبّان أيّامه فإن كان ذكرًا فوجهه قبل ظهر أمّه وتمّت خلقته لستّين ليلة ويد الصبيّ على وجهه وذقنه على ركبتيه مقمّطًا في المشيمة بقماط كأنّه مصرور في خرقة وهو يتنفّس من متنفّس شاقّ عليه وليس له عضو إلّا وكأنّه مقمّط بقماط وفوقها جذو البطن وثقله وتحته ما تحته وهو مربوط بمعيء من سرّته إلى سرّة أمّه وبذلك الصرّة يعيش يمصّ من طعام أمّه وشوائها فهو بهذه الحالة في الظلمات والضيق إلى يوم ولادته فإذا,ثمّ يتجزّأ أعضاؤه لأبيه وأمّه فإذا كان ذكرًا فوجهه قِبَل ظهر أمّه وإن كانت أنثى فوجهها قِبَل بطنها ويداه على جبينه وذقنه على ركبتيه مقبضًا في المشيمة كأنّه صرّة مصرورة وهو يتنفّس من منفس ضيّق شاقّ عليه وليس من أعضائه عضوًا إلّا وهو مقموط بقماط وفوقه حرّ البطن وتحته ما تحته من الظلمة والضيق وهو منوط بمعاء من سرّته إلى سرّة أمّه ومن تلك السرّة يمتصّ ويعيش من طعام أمّه وشرابها فهو بهذه المنزلة في الظلمة والضيق إلى,ثمّ ينقسم على أعضائه لأمد أيّامه وإن كان ذكرًا فوجهه قبل ظهر أمّه وتمّت خلقته وإن كانت أنثى فوجهها قبل بطن أمّها ونقصت خلقتها ويجعل الذكر يداه على وجنتيه وذقنه على ركبتيه متقمّطًا في المشيمة كأنّه مصرور في صرّة وهو يتنفّس من منفس ضيّق شاقّ عليه وليس منه عضو إلّا كأنّه مقموط بقماط وفوقه ما في البطن ويعله وتحته ما تحته بمعاء من سرّته إلى سرّة أمّه وبتلك السرّة يمتصّ ويعيش من طعام أمّه وشرابها فهو بهذه الصورة في ظلمات الأحشاء والضيق إلى حين الولادة,
72,12b00ee2-b011-462e-86c4-87eb62903272,Birth Is Painful,فإذا كان أبان ذلك سلّطت الريح على الرحم وقوي على التحريك فيتصوّب رأسه قبل المخرج فيجد من ضيقته مثل ما يجد صاحب الوهق من عصره,فإذا كان أيّان ذلك يُسلّط الريح على رحم أمّه وقوي على التحريك فتنصرف رأسه قِبَل المخرج الذي منه يخرج فيجد من ضيقته مثل ما يجد صاحب الرَّهَق من عصره,إبّان الولادة سُلّطت الريح على رحم الجامل وقوي على التحريك وقوي وصوّب رأسه قِبل المخرج فيجد من الضيق مثل ما يجد صاحب الدهر في عصره,فإذا كان أيّان المخاض والولادة سُلّطت ريح على رحم المرأة فتهبّ للجنين قوّة يقدر بها على الحركة فيضرب برأسه قِبَل المخرج من ضيقه وحرجه,فإذا كان أبان ولادته وبلغ ثلاث فصول وهو تسعة أشهر وتسعة أيّام وتسع ساعات سلّطت الريح على رحم أمّه كما كان أوّلًا وقوي على التحريك فينكّس رأسه إلى المخرج فيجد ما يجد صاحب الوهق من عصره,كان أبان ذلك سلّطت الريح على الرحم وقوي عليها التحريك فيصوّب رأسه قبل المخرج فيجد من ضيق المخرج ما يجد صاحب الدمّل في عصره,يوم ولادته سلّطت ريح على رحم أمّه وقوي على التحرّك فيضرب رأسه قِبَل المخرج فيجد من ضيقه ما يجد من عصره وألمه,فإذا كان أيّام الولادة سلّطت الريح على بطن أمّه ورحمها فقوى على التحريك فيضرب رأسه قبل المخرج فيجد في ذلك ما يجد صاحب ما يجد صاحب الوهن من شدّة إلّا بحصار وعصرة,
73,e7fe2e1b-940a-4b02-bd50-8f4fada89120,Suffering Of Newborn,فإذا وقع إلى الأرض فأصاب ريح أو مسّه يد وجد لذلك من الألم ما يجد الإنسان الذي قد سلخ جلده ثمّ هو في ألوان العذاب إذا جاع وليس به استطعام أو عطش وليس به استسقاء أو اشتكى وليس به استغاثة مع ما يلقى من الوضع والرفع واللفّ والحلّ والدهن والمسح وإذا أنيم على ظهره أو بطنه لم يستطع تقلّبًا ولا تحوّلًا مع أصناف من العذاب ما دام رضيعًا,فإذا وقع إلى الأرض فأصابته ريح أو مسّته يد وجد لذلك من الألم ما يجد الإنسان الذي سلخ جلده ثمّ هو في ألوان من العذاب إذا جاع فليس به استطعام وإذا عطش فليس به استسقاء أو وجع فليس به استغاثة مع ما يلقى من الرفع والوضع واللفّ والحلّ والدهن المسح وإذا أنيم على ظهره لم يتسطع تقلّبًا وأصناف من العذاب ما دام رضيعًا,فإذا وضعته أمّه فأصابته ريح أو مسّته يد وجد لذلك من الألم مثل ما يحصل للإنسان الذي يُسلخ جلده ثمّ هو في ألوان العذاب إذا جاع لا يقدر على الاستطعام وإذا عطش لا يقدر على الاستسقاء ويتألّم بالوضع والرفع واللفّ والحلّ والدهن والمسح ولا يقدر على الاستغاثة والشكاية ولا يستطيع تعليلًا ولا تحويلًا ولا يزال في ذلك ما دام رضيعًا,فإذا وقع إلى الأرض فأصابته ريح أو لمسته يد وجد لذلك الألم ما يجده الإنسان إذا سلخ جلده ثمّ هو في أنواع العذاب إن جاع فليس به استطعام أو عطش فليس به استسقاء أو وجع فليس به استغاثة مع ما يلقى من الوضع والحمل واللفّ والدهن والمسح إن أُنيم على ظهره لم يستطع تقلّبًا ثمّ يلقى أصناف العذاب ما دام رضيعًا,فإذا وقع على الأرض فأصابته ريح تسلخ جلده ثمّ هو في ألوان من العذاب إذا جاع وليس له استطعام وعطش وليس له استسقاء أو أصابه وجع وليس له استغاثة مع ما يلقى من الرفع والوضع واللفّ والحلّ والدهن والمسح والقمط وإذا انقلب على بطنه أو ظهره ولم يستطيع تقلّبًا ذاق ألوانًا وأضعافًا من العذاب ما دام رضيعًا,فإذا وقع إلى الأرض وأصابته الريح وجد لذلك من الألم ما يجد الإنسان إذا سلخ من جلده ثمّ هو في ألوان من العذاب إذا جاع وليس به استطعام أو عطش وليس به استسقاء أو وجع وليس به استغاثة مع ما يلقى من الرفع والوضع والحلّ والرشق إذا نام على ظهره لم يستطع تقلّبًا ولا تحويلًا ما دام رضيعًا مع أصناف من العذاب,فإذا وقع إلى الأرض فأصابته ريح أو مسّته يد وجد من ذلك الألم ما لم يجد الإنسان الذي قد سلخ جلده ثمّ يتنقّل في ألوان من العذاب إذا هو جاع وليس به استطعام أو عطش وليس به استسقاء أو تألّم وليس به استغاثة مع ما يلقى من الألم من الرفع والحطّ والقمط والحلّ والدهن والمسح والتمسيد وإذا أنيم على ظهره لا يستطيع تقلّبًا مع أصناف العذاب ما دام رضيعًا,إلى أن يقع إلى الأرض فإن أصابه ريح أو مسّه به وجد لذلك من الألم ما يجده الإنسان الذي قد سلخ من جلده ثمّ هو يعدّ في ألوان من العذاب إذا جاع فليس له استطعام وإن عطش فليس له استسقاء مع ما يلقى من الرفع والوضع واللفّ والحلّ والدهن والمسح فإذا نيّم على ظهره لا يستطيع قيامًا ولا انقلابًا مع أصناف من العذاب ما دام رضيعًا,
74,4b625a76-2336-47db-b689-6321b5d485b2,Pains Of Adulthood,فإذا هو أفلت من ذلك أخذ بالأدب وأذيق منه ضروبًا وألوانًا ثمّ الدواء والحمّية والأوجاع والأسقام وفي غير ذلك فّإذا هو أدرك فهم المال والأهل والولد وتعب الشره والحرص والخاطرة والسعي ومجاهدة العدد وفي,فإذا أفلت من عذاب الرضاع أخذ بعذاب الأدب فأُذيق منه ألوانًا والدواء والأوجاع والأسقام فإذا أدرك فَهِمَ الأهل والمال والولد والتعب والشره والحرص ومخاطرة الطلب,فإذا هو أكمل ذلك أُخذ في الأدب فأُذيق منه ألوانًا وضروبًا ثمّ لا بدّ وأن يقاسي أنواع الآلام والأسقام فيستعمل الدواء والحمية وغير ذلك ثمّ يشرع بعد الزواج في همّ الولد والمال وتعب الشره والحرص والمخاطرة في الطلب والسعي,فإذ أفلت من عذاب الرضاع أُخذ بعذاب الأدب فأذيق منه ألوانًا من عنف العلم وأدب وضجر الدرس وسآمة الكتابة ثمّ له من الدواء والحمّية والأسقام والأوجاع فإذا أدرك كانت همّته في جمع المال وتربية الولد ومخاطرة الطلب والسعي والكدّ والتعب,فإذا أفلت من عذاب الرضاع أخذ بعذاب آخر فإذا أخذ بذلك أذيق منه ألوانًا وصنوفًا وما يعرض له من الأذى والعلل والأسقام فإذا أدرك طلب المال وأهمّه الأهل والولد والتعب والنصب والحرص ومخالطة الناس ومخاطرة السعي,فإذا أفلت من عذاب الرضاع أخذ بعذاب الأدب فأذيق منه ألوانًا وفي الدواء والحمّيات والأسقام فإذا أدرك فهم المال والأهل والأولاد ويغلبه الشره والحرص ومخاطرة الطلب والسعي فالتمست,فإذا أفلت من عذاب الرضاع لقي عذاب الفطام وإذا أفلت من ذلك لقي عذاب الأدب فأذيق منه الوبال ثمّ في الدواء والحمّيّة والأوجاع والأسقام فإذا أدرك فهمّه المال والولد والتعب والشره والكدّة والحرص والسعي,فإذا انفلت من عذاب الرضاع أخذ في عذاب الأدب فأذيق منه ألوانًا ثمّ من الداء والدواء والحمية والأوجاع والآلام والأسقام أنواعًا كثيرة حتّى إذا أدرك أهمّه الأهل والمال والولد وتعب الشره والحرص ومخاطرة اللذ الطلب والسعي,
75,6aaa33fc-399a-4675-82af-dd6df986e5a2,Man's Inner Outer Foes,كلّما وصفت يتقلّب معه أعداؤه الأربعة من المرّة والبلغم والدم والريح والسمّ المميت والهوام والسباع والناس والحرّ والبرد والأمطار والرياح وألوان نكادة الهرم لمن بلغه,كلّ هذا يتقلّب فيما بين أعدائه الأربعة المرّة والدم والبلغم والريح والسمّ المميت والحيّات اللادغة مع خوف السباع والهوامّ واليأس والبرد والحرّ والريح والأمطار ثمّ ألوان عذاب الهوامّ,وفيما وصفت جميعًا يتقلب معه أعداء من المرّة والدم والبلغم والريح والسمّ المصيب والهوام والسباع والناس والحرّ والبرد والأمطار وألوان الهرم,وهو مع ذلك يتقلّب مع أعدائه الباطنين اللازمين له وهي الصفراء والسوداء والريح والبلغم والدم والسمّ المميت والحيّات اللادغة مع الخوف من السباع والهوامّ مع صرف الحرّ والبرد والمطر والرياح ثمّ عذاب أنواع الهرم لمن يبلغ إليه,كلّ هذا يتقلّب فيه ومعدّ أعداؤه الأربعة وهي المرّة والدم والبلغم والريح مع السمّ المميت والحيّات اللدّاغات مع خوف السباع والهوام والناس وخوف الحرّ والبرد والأمطار والرياح ثمّ ألوان العذاب من الكبر والهرم,,ثمّ يتقلّب مع أعدائه الأربع الصفراء والسوداء والدم والبلغم والسمّ المحبّب والحرارة اللاذعة وخوف السلطان ومقاساة الحرّ والبرد والأمطار والرياح ثمّ عذاب أنواع الجوع والعطش والعري وما يليه,كلّ هذا يتقلّب فيه مع أعدائه الأربعة المرّة والدمّ والبلعم والصفراء ثمّ يعرضه السمّ المميت والحيّة اللادغة مع خوف السباع والهوام والوحش والناس وخوف البرد والحرّ والأمطار والرياح ثمّ ألوان من العذاب في الهرم,
76,816069ce-7d8b-407c-8c8b-45ec34065049,Man's Fear Of Death Afterlife,فلو لم يخف من هذه الأمور شيئًا ووثق له بالسلامة منها كان حقيقًا أن يفكّر في الساعة التي يحضر فيها المزت ويفكّر فيما هو نازل به عندها من فراق الأهل والأحبّة والأقارب وكلّ بمضنون به مرغوب فيه والإشراف على الهول العظيم الفظيع المهول بعد الموت لكان حقيقًا,فلو لم يكن يخاف من هذه الأمور شيئًا وقد شرط له بالسلامة منها فلم يفكّر ولم يعتبر إلّا بالساعة التي يحضر فيها الموت وفراق الدنيا فيها ويذكر ما هو نازل به تلك الساعة والإشراف على الهول العظيم المعضِل بعد الموت لكان حقيقًا أن يعدّ عاجزًا مفرطًا ويحتال له جهد حيلته ويرفض ما يشغله ويلهيه من شهوات الدنيا وغرورها,فلو أنّ الإنسان لم يكن يتخوّف من ذلك شيئًا وكان واثقًا بالسلامة منها كان جديرًا بأن يتفكّر في الساعة التي يحضره فيها الموت ويتذكّر ما هو نازل به عند فراق الأحبّة والأقارب وكلّ مظنون به ومرغوب فيه والإشراف على الهول المفظّع العظيم فيترك ما يشغله ويلهيه من شهوات الدنيا ولذّاتها وسرورها,فلو لم يخف من هذه الأمور شيئًا وكان قد أمن فوثق بالسلامة منها فلم يفكّر فيها لوجب عليه أن يعتبر بالساعة التي يحضره فيها الموت فيفارق الدنيا فيتذكّر ما هو نازل به في تلك الساعة من فراق الأحبّة والأهل والأقارب وكلّ مضنون به من الدنيا والإشراف على الهول العظيم بعد الموت فلو لم يفعل ذلك لكان حقيقًا أن يعدّ عاجزًا مفرّطًا محبًّا للدناءة واللؤم فمن ذا الذي يعلم ولا يحتال لغدٍ جهد حيلته ويرفض ما يشغله ويلهيه من شهوات الدنيا وغرورها,فلو لم يخاف الإنسان من هذه الأمور شيئًا وكان من شرطت له السلامة من آفات العوارض فلم يفكّر ولم يعتبر إلّا في الساعة التي يخطر فيها الموت أو يحضر الموت عنده ويفارق فيها الحياة فيذكر ما هو فيه وما هو نازل به تلك الساعة من فراق الأحبّة والأهل والأقارب وكلّ مفتون به من الدنيا والإشراف على هول المطّلع الهائل المعضل بعد الموت لكان حقيقًا أن يعدّ جاهلًا عاجزًا مفرطًا محتملًا للإثم إن لم يفعل هذا ويحتال له جهد الحيلة ويرفض له ما يشغله ويلهيه من شهوات الدنيا وغرورها,,فلو لم يكن يخاف من هذه الأمور شيئًا ووثق بالسلامة منها لكان في الساعة التي يحضره فيها الموت ويفارق فيها الدنيا ويتذكّر ما هو تاركه من فراق الأهل والمال والولد والملك والأحباب والأقارب والحشم والخدم وما يليه وإسرافه على الهول العظيم والخطب الجسيم والأمر المعضل بعد الموت لكان حقيقًا أن يعدّ عاجزًا مفرّطًا محبًّا للدناءة واللؤم فمن ذا الذي لا يعمل لهذا ويحتال له جهد حيلته ويرفض ما يشغله ويلهيه من شهوات الدنيا وغرورها,ولو لم يخف من هذه الأمور شيئًا وكان قد شطّ فوثق بالسلامة فيها كان حقيقًا أن يفكّر في الساعة التي يحضره فيها الموت يذكر ما هو نازلًا به من فراق الأحبّة والأقارب وكلّ مظنون به ممّن عرفه والإشراف على الهول العظيم وأن يعدّ رأيه ضعيفًا وأمره وهنًا إن هو لم يعتدّ لذلك ويتأهّب لفجأته قبل حلوله ونزوله بعقوبته وإن تروّض له ما يشغله ويلهيه من شهوات الدنيا وشرورها,
77,51dcd560-157e-4d11-b734-52639750e6fe,Praise Of King's Virtues,فإنّه وإن كان الله قد جعل الملك سعيد الأمد ميمون النقيبة حازم الرأي بعيد المقدرة رفيع الهمّة بليغ الفحص عدلًا برًّا جوادًا صادقًا شكورًا رحب الذراع منقذًا للحقوق ومواظبًا فيهما حليمًا دونًا رحيمًا,ثمّ لا سيّما هذا الزمان الهرم البالي وإن كان الملك قد جعله الله سعيدًا ميمونًا حازم الرأي رفيع الهمم عدلًا جوادًا صدوقًا شكورًا بصيرًا رفيقًا,لا سيّما في هذا الزمان البالي الشبيه بالصبابة والكدر فإنّه وإن كان الله تعالى قد جعل المَلك سعيد الجدّ ميمون النقيبة حازم الرأي رفيع الهمّة عدلًا برًّا جوادًا صادقًا شكورًا رحب الذراع منفّذًا للحقوق مواظبًا مستمرًّا فهمًا ساكنًا بصيرًا حليمًا صبورًا,ولا سيّما في هذا الزمان الشبيه بالصافي وهو كدر فإنّه وإن كان الملك حازمًا عظيم المقدرة رفيع الهمّة بليغ الفحص عدلًا مرجوًّا صدوقًا شكورًا رحب الذراع مفتقدًا مواظبًا مستمرًّا,ولا سيّما هذا الزمان الهرم البالي الذي هو شبيه بأهله لما فيه من الكدّ والجدّ والصبابة والكدر فإنّه وإن كان الملك قد جعله الله عزّ وجلّ سعيدًا سعيدًا ميمونًا حازم الرأي ذا مقدرة رفيع الهمّة بليغ الفحص عدلًا برًّا جوادًا صدوقًا مشكورًا رحب الذراع متفقّدًا للحقّ متفضّلًا مشيرًا فيهما بصيرًا حليمًا ساكنًا رؤوفًا رفيقًا,,ثمّ لا سيّما في هذا الزمان وإن كان الملك ميمون الحركة حازم الرأي رفيع المقدرة عالي الهمّة سديد الأمر بليغ الفحص عدلًا مرجوًّا صدوقًا شكورًا رحب الذراع متفقّدًا مواظبًا مشمّرًا فقيهًا,لا سيّما في هذ الزمان البالي الشبيه بإلصاق الكدر قال وأركان الملك قد جعله الله ميمون الأمر سعيد الجدّ حازم الرأي بعيد المعذرة رفيع الهمّة عدلًا برًّا جوادًا صادقًا شكورًا رجب الذراع واسع الباع مواظبًا على الكرم صبورًا ديّنًا حليمًا رؤوفًا,
78,03d417e2-1619-4c74-95a6-358c36975572,Praise Of King's Leadership,عالمًا بالناس محبًّا للخير وأهله شديدًا على الظلمة موسّعًا على رعيّته,عالمًا بالناس والأمور محبًّا للعلم والعلماء والخير والأخيار شديدًا على الظلمة رفيعًا بالتوسّع على الرعيّة فيما,عالمًا بالناس محبًّا للخير وأهله شديدًا على الظّلمة موسّعًا على رعيّته دافعًا عنهم,عالمًا بالنّاس والأمور محبًّا للعلم والخير والأخيار شديدًا على الظلمة غير جبان ولا خفيف القياد رفيقًا بالتوسّع على الرعيّة فيما يحبّون والدفع لما يكرهون,عالمًا بالناس وبالأمور محبًّا للعلم وللعلماء وللخير والأخيار شديدًا على الظلمة رفيقًا بالرعيّة موسّعًا عليهم فيما يحبّون دافعًا عنهم ما يكرهون,,عالمًا بالناس والأمور محبًّا للعلم والخير والأخيار شديدًا على الظلمة غير جبان ولا خفيف القيادة رفيقًا بالتوسّع على الرعيّة فيما يحبّون والدفع لما يكرهون,عالمًا بالناس محبًّا للخير وأهله شديد على الظلمة متوسّعًا على رعيّته,
79,4644ec4c-e1ce-40ff-b76f-805247eeb30b,Blame Of Corrupt Virtues,فإنّا نرى الزمان مدبّرًا بكلّ مكان حتّى كأنّ الفضل قد درع وأصبح مفقودًا ما كان عزيزًا منه موجودًا ما هو ضارّ لمن ظفر به وكأنّ الخير أصبح ذابلًا والشرّ بصيرًا وكأنّ الغيّ أقبل ضاحكًا وأدبر الرشد باكيًا وكأنّ العدل أصبح عابرًا وأصبح الجور عاليًا وكأنّ العلم أصبح مستورًا وأصبح الجهل منشورًا وكأنّ اللؤم أصبح أمرًا واضح الكرم موطودًا وكأنّ الودّ أصبح مقطوعًا وأصبح الحقد موصولًا وكأنّ الكرامة قد سلبت من الصالحين وتوخّى بها الأشرار وكأنّ الغدر أصبح مستيقظًا وأصبح الوفاء نائمًا وكأنّ الكذب أصبح عطاءً والصدق قاحلًا وكأنّ الحقّ ولّى غائرًا وأصبح العدوان قد جرى سبيله والإنصاف بائسًا والباطل مثقلًا والهوى بالحكّام موكّلًا والمظلوم بالحيف مقرًّا والظالم لنفسه فيه مستطيلًا والحرص فاغر فاه يتلقّف من كلّ جهة ما قرب منه وما بعد عنه والرضا مجهود مفقود والأشرار يسامون السماء والأبرار يريدون بطن الأرض وأصبحت المروءة مقذوفًا بها من أعلى شرف إلى أسفل مهوًا والدناءة,فإنّا على ذلك نرى الزمان مدبرًا لكلّ مكان وكلّ أمور الصدق قد توزّعت من الناس فأصبح مفقودًا ما هو عزيز فقده موجود ما هو ضارّ وجوده وكأنّ العلم أصبح مدفونًا والجهل منشورًا والكرم مطويًّا وكأنّ الودّ أصبح مقطوعًا والبغض والحقد موصولًا وكأنّ الكرامة قد سُلبتْ من الصالحين وتوخّى بها الأشرار وكأنّ الحبّ قد استيقظ وأصبح مستيقظًا والوفاء نائمًا وكأنّ الكذب أصبح مثمرًا والصدق قاحلًا يابسًا وكأنّ الجور أصبح قد أنارت سبله والعدل ذاهبًا غائرًا ناضبًا وكأنّ الهوى وإضاعة الحكم أصبح بالحاكم موكّلًا وأصبح المظلوم بالخسف مقرًّا والظالم لنفسه مستبطنًا وكأنّ الحرص أصبح فاغرًا فاه من كلّ جهة يتلقّف ما قرب منه وما بعد وكأنّ الرضى أصبح مجهّلًا والسخط معلومًا وكأنّ الجهّال أصبحوا يسامون السماء وأصبح الأبرار الأخيار يريدون بطن الأرض وأًصبحت المروءة من أعلى شرف إلى أسفل وأصبحت الدناءة مكرّمة متمكّنة,نرى الزمان مع ذلك مدبرًا بكلّ مكان حتّى كأنّ الفضل قد ودّع أهله وأصبح مفقودًا ما كان من ذلك عزيزًا منه موجودًا فما ظنّك بزمن أضحى الضرّ فيه حاصلًا والخير زائلًا والشرّ منصورًا والغيّ ضاحكًا والرشد باكيًا والغدر ظاهرًا والجود فائضًا والعلم مدفونًا والجهل منشورًا والودّ مقطوعًا والحقد موصولًا والكرامة مسلوبة من الصالحين والوفاء نائمًا والكذب مثمرًا والصدق ماحلًا والإنصاف نائيًا والحقّ غابرًا والباطل ممتثلًا والهواء بالأحكام موكّلًا والمظلوم مقهورًا والظالم مستظهرًا والحرص فاغر فاغر فاه يتلقّف ما بعُد منه وما قرب والرضا مجهولًا والأشرار يسامون السماء والأخيار في بطون الأرض والمروءة مقذوف بها من أعلى شرف إلى أسفل حضيض والدناءة مكرّمة,فإنّا قد نرى الزمان مدبرًا بكلّ مكان وكأنّ أمور الصدق قد نزعت من الناس فأصبح ما كان عزيزًا مفقودًا وموجودًا ما كان ضائرًا وجوده وكأنّ الخير أصبح زائلًا والشرّ ناضرًا وكأنّ الفهم قد أصبح وقد زالت سبله وكأنّ الحقّ ولّى كسلًا وأقبل الباطل يانعًا وكأنّ اتّباع الهوى وإضاعة الحكم بالحكّام موكّلًا وأصبح المظلوم بالحيف مقبرًا والظالم لنفسه مشيطنًا وكأنّ الحرص مجهول وكأنّ الأشرار يستامون السماء وكأنّ الأخيار يريدون بطن الأرض وأصبحت المروءة مدفوعًا عنها من أعلى شرف إلى أسفل درك وأصبحت الدنيا مكرّمة ممكّنة,فإنّا على ذلك قد نرى الزمان مدبّرًا بكلّ مكان والخير قليلًا في الناس وكلّ أمور الصدق عدمت من الناس فأصبح مفقودًا ما هو عزيز فقده موجودًا ما هو ضارّ وجوده وكأنّ الخير أصبح زائلًا والشرّ أصبح ناصرًا وكأنّ الغيّ أصبح ضاحكًا وأدبر الرّشد باكيًا وكأنّ العدل أصبح غائرًا والجود أصبح طائبًا وكأنّ العلم أصبح مدفونًا والجهل أصبح منشورًا وكأنّ اللؤم أصبح ناشرًا والكرم أصبح مطويًّا وكأنّ الودّ أصبح مقطوعًا والحقد والنقص أصبحا موصولين وكأنّ الكرامة قد سلبت من الصالحين وتوخّى بها الأشرار وكأنّ العدوّ أصبح مستيقظًا والوفاء أصبح نائمًا وكأنّ الكذب أصبح مثمرًا والصدق أصبح ماحلًا يابسًا وكأنّ الحقّ ولّى غائرًا والباطل أصبح ظاهرًا,,فإنّا على ذلك نرى الزمان مدبرًا بكلّ مكان وكلّ أمور الصدق قد فزعت من أهلها والوفاء قد عدم من بينها فأصبح عزيزًا لفقده وكأنّ الخير أصبح ذابلًا وا والشرّ يانعًا وكأنّ الغيّ أصبح ضاحكًا والعلم مدفونًا وباكيًا وكأنّ الجهل أصبح منشورًا مأثورًا وكأنّ الرشد حزينًا مقهورًا وكأنّ العدل غائرًا والجور غالبًا وكأنّ اللؤم أصبح ظاهرًا والكرم متضائلًا وكأنّ الودّ أصبح مقطوعًا والبغضاء والفجور موصلًا وكأنّ الكرامة قد سُلبتْ من الصالحين وتوّج بها الأشرار والصالحون وكأنّ الخبث أًصبح مستيقظًا والصلاح نائمًا وأصبح الكذب مشمّرًا والصدق بائسًا وكأنّ الفهم أًصبح رزيئًا مثلًا وكأنّ الحقّ قد تولّى وأقبل الباطل عجلًا وكأنّ اتّباع الهوى والحكم أصبح بالحكّام موكّلًا وأصبح المظلوم بالأدباء مقرًّا والظالم على ظلمه مصرًّا وأصبح المعروف مجهولًا والمنكر مقبولًا وكأنّ الأشرار يرومون صعود السماء والأخيار يريدون بطون الأرض الثرى,فإنّا نرى الأمور مدبّرة بكلّ مكان حتّى كان القضاء قد ودّع وأصبح مفقودًا ما كان من ذلك عزيزًا موجودًا والخير ذليلًا والشرّ بصيرًا والغيّ ضاحكًا والرشد باكيًا والعدل عامرًا والبرد قارصًا والجهل منشورًا والحزم مجذولًا والكرم حائرًا والودّ مقطوعًأ والحقد موصولًا والغدر مستيقظًا والوفاء نائمًا والكذب مستمرًّا والصدق قاحلًا والإنصاف فاشيًا والحقّ غائرًا والباطل مستعلًا والحكم بالهوى والظلم بالخسف مقرًّا والرضا مجهولًا والأشرار يتساومون السماء والأبرار في باطن الأرض والمروءة مقذوف بها,
80,fceb67eb-6d6a-4ef1-899a-5768386c1406,Blame Of Corrupt Leaders,والسلطان منتقلًا من أهل الفضل إلى أهل النقص والدنيا جذلة مسرورة يقول غيّبت الحسان وأظهرت السيّئات فلمّا,وأصبح السلطان منتقلًا من أهل الشرف إلى أهل النقل وكأنّ الدنيا أصبحت جذلة مسرورة فرحة تقول غيّبتُ الخيرات وأظهرت السيّئات,والسلطان منتقلًا عن أهالي الفضل إلى أهالي النقص والدنيا جذلة مسرورة تقول قد غُيّبت الخيرات وظهرت السيئات فلمّا,وأصبح السلطان منتقلًا عن أهل الفضل إلى أهل النقص وكأنّ الدنيا جذلة مسرورة تقول قد غيّبتُ الخيرات وأظهرت السيّئات,وكأنّ اتّباع الهوى وإضاعة الحكم أصبح بالحكّام موكّلًا وأصبح المظلوم بالحيف مقرًّا والظالم بقوّة اليد متظاهرًا وكأنّ الحرص فاغر فاه من كلّ جهة يتلقّف ما قرب منه وما بعد وكأنّ القناعة قد أصبحت مجهولة وكأنّ الأشرار قد أصبحوا يتسامون إلى الهوى وأصبح الأبرار يزيدون هبوطًا إلى بطن الأرض وكأنّ المروءة معروفاتها من أعلى شرف إلى أسفل سفل وأصبحت الدناءة متمكّنة وأصبح السلطان منتقلًا من أهل الفضل إلى أهل النقص وكأنّ الدنيا أصبحت جدلة مسرورة فرحة تقول غيّرت الخيرات وأظهرت السيّئات,,وأصبح أهل المروءة مقذوفين من أعلاء شرف إلى أسفل درك وكأنّ لسان الحال بينهم ينادي في كلّ نادي قد فنيَتْ الحيرات وظهرتْ السيّئات,والسلطان حائرًا والدنيا جذلة مسرورة تقول غيّبت الخيرات وأظهرت السيّئات,
81,fb3afcf7-f9a3-4e44-b87d-18c0367d73f8,Man Fails To Seek Salvation,فكّرت في أمر الدنيا وعلمت أنّ هذا الإنسان هو أشرف الخلق وأفضله فيها ثمّ هو على منزلته لا يتقلّب إلّا في سرور ولا يوصف إلّا به علمت أنّه ليس من أحد له أدنى عقل يفهم هذا ثمّ يحتاط لنفسه ولا يعمل لنجاتها ويلتمس الخلاص لها إلّا هو ضعيف الرأي قليل المعرفة بما عليه وله,فلمّا فكّرت في الدنيا وأمورها وأنّ هذا الإنسان هو أشرف الخلق وأفضله فيها ثمّ هو في منزله لا يتقلّب إلّا على شرّ ولا يوصف إلّا به وعرفت أنّه ليس أحد أدنى له عقل إلّا هو يفعل هذا ثمّ لا يحتال لنفسه ولا يعمل لنجاتها عجبت من ذلك العجب كلّه,فكّرت في الدنيا وعلمت أنّ هذا الإنسان هو أشرف,فلمّا فكّرت في الدنيا وأمورها وأنّ الإنسان هو أشرف الخلق فيها وأفضله ثمّ هو لا يتقلّب إلّا في الشرور والهموم عرفت أنّه ليس إنسان ذو عقل إلّا وقد أغفل هذا ولم يعمل لنفسه ويحتل لنجاتها فعجبت من ذلك كلّ العجب,فلمّا فكّرت في الدنيا وفي أمورها وما فيها من قبح الفعال وأنّ هذا الإنسان هو أشرف الخلق وأفضله فيها ثمّ هو في منزلة لا يتقلّب إلّا على شرّ ولا يوصف إلّا به وعرفت أنّه ليس من أحد له أدنى عقل إلّا وهو يغفل ذلك ثمّ لا يحتال لنجاة نفسه,,فلمّا فكّرت في هذه الأمور وتحقّقت أنّ الإنسان إنّما يتقلّب في الهموم والشرور وهو في طلبه للدنيا مغرور فعرفت أنّ منزله أدنى عقل وقد عقل هذه الأشياء ثمّ لم يجعل لنفسه ويعمل لنجاتها من ذلك لكان جديرًا أن يكون أسوء حالًا من الحيوان الذي لا عقل له وهيهات أن يكون كذلك,فكلّما فلمّا فكّرت في أمر الدنيا وعلمت أنّ هذا الإنسان هو أشرف الخلق وأقصاه ثمّ هو على منزلة لا ينفكّ إلّا في شرّ لا يوصف به وعرفت أنّه ليس من أحد له عقل يفهم هذا ثمّ لا يحتال لنجاة نفسه ويلتمس الخلاص لها إلّا وهو ضعيف الرأي قليل المعرفة بما عليه له,
82,d06eb7c6-4f31-4fd4-a5de-acda7409aa11,Man Seeks Short Pleasure,ونظرت فإذا هو لا يمنعه من ذلك إلّا لذّة حقيرة يسيرة من المشرب والمطعم والشمّ والنظر والسمع واللمس لعلّه يصيب منه طفيفًا لا يوصف سريع انقطاعه وامتحاقه وزواله,وعجبت ونظرت فإذا هو لا يمنعه إلّا لذّة ضعيفة حقيرة من المطعم والمشمّ لعلّه يصيب منها طفيفًا ويتمنّى منى الطفيف الذي لا توصف قلّته وسرعة انقطاعه فذلك الذي يشغله عن الاهتمام بأمر نفسه وطلب النجاة,ونظرت فإذا هو لا يمنعه من ذلك إلا لذة يسيرة من المطعم والمشرب والبصر والسمع واللمس وغير ذلك,ثمّ نظرت فإذا الإنسان لا يمنعه عن الاحتيال لنفسه إلّا لذّة صغيرة حقيرة غير كبيرة من الشمّ والذوق والنظر والسماع لعلّه يصيب منه الطفيف أو يغتني منه اليسير فإذا ذلك يشغله ويذهب به عن الاهتمام لنفسه وطلب النجاة لها,ولا يعمل لها محبّة من ذلك إلّا للذّة ضعيفة حقيرة من الطعام ومن الشراب والشمّ والنظر والسمع والذوق ولعلّه يصيب منها شيئًا يسيرًا ويتمنّى منها الطفيف الذي لا يوصف فذلك الذي يشغله عن الاهتمام بأمر نفسه وطلب النجاة لها,,وعلمت يمنع هؤلاء من الاحتيال لأنفسهم إلّا لذّة صغيرة حقيرة يسيرة من الشمّ والطعم والنظر والسمع واللمس لعلّه أن يصيب منه الطفيف ويقتني منه اليسير فيشغله ذلك ويذهله عن الاهتمام لنفسه وطلب النجاة لها,ونظرت فإذا لا يمنعه من ذلك إلّا لذّة يسيرة حقيرة من الطعام والشمّ والنظر والسمع لعلّه يصيب منها طفيفًا ويتمنّاه سريعًا انقطاعه وامتحانه,
83,7bb83233-bf12-4ff2-9ba2-bd6bc742eb62,Subtale Man in Well,فالتمست له مثلًا فإذا مثله,فالتمست للإنسان مثلًا فإذا مثله,فالتمست له شيئًا أشبّهه به فإذا مثله,فالتمست للإنسان مثلًا فإذا مثله,فالتمست للإنسان في ذلك مثلًا,للإنسان مثلًا فإذا مثله مثل رجل,فالتمست للمتّصف بذلك مثلًا فإذا مثله مثا رجل نجا,والتمست له شيء أشبه به فإنّ مثله في ذلك,
84,83fda84d-32e0-42c9-85be-e3e2e412d900,Allegory of Man in Well,مثل رجل ألجأه الخوف إلى بئر تدلّى فيها وتعلّق بغصنين نابتين على شفرها فوقع رجلاه على شيء عمدها فنظر فإذا هو بأربع أفاعي قد أطلعن رؤوسهنّ من أجحرتهنّ ونظر إلى أسفلها فإذا هو بتنّين فاغر فاه نحوه ورفع بصره إلى الغصنين فإذا هو في أصولها جرذان أبيض وأسود يقرضانها أبيض وأسود دائبين لا يفترن,مثل رجل ألجأه الخوف من القتل إلى بئر فتدلّى فيه وتعلّق بغصنين نابتين على شفيرها ووقعت رجلاه على شيء غرز رجلاه عليه فلمّا استقرّ به الموضع تطلّع إلى جوف البئر فإذا هو بتنّين عظيم الخلق فاغر فاه نحوه فرفع طرفه إلى الشجرتين اللتين هما نابتتين على شفير البئر وفي قعر البئر أربع حيّات قد أطلعن رؤوسهنّ من أجحارهنّ وفي أصل الشجرتين فاران أبيض وأسود يقرضان أصولهما دائبان لا يفتران ساعة واحدة,كمثل رجل اضطرّه خوف فمال إلى بئر فتدلّى فيه وتعلّق بغصنين نابتين على شفيره فوقعت رجلاه على شيء اعتمده فإذا هو بأربعة أفاعي قد أطلعن رؤوسهنّ من جحرهنّ ونظر إلى أسفل فإذا بتنّين فاغر فاه نحوه ونظر فإذا في أصلها جرذين أبيض وأسود يقرضانها أي الأغصان والتنين في أسفل البئر فاغر فاه يطلبه والأربعة الأفاعي عن يمين البئر وشماله فبينا هو كذلك يهتمّ بالحيلة لنفسه إذ رأى كوّة نحل يخرج منها عسل فطعم منه فشغله عن التفكّر في أمره ونسي الحيّات التي لا يدري متى تهيج به والجرذين وسرعة قطعهما الأغصان وما هو صائر إليه فلم يزل ساهيًا لاهيًا حتّى هلك وذهب في فم البئر متعلّق بالغصنين والجرذين الأبيض والأسود يقرضان الغصنين والتنّين في أسفل البئر فاغر فاه يطلبه والأفاعي عن يمين البئر وشماله مصّور جميعه في الصفحة فتأمّل,مثل رجل نجا من خوف فيل هائج إلى بئر فتدلّى فيها وتعلّق بغضنين كانا على سمائها فوقعت رجلاه على شيء في طيّ البئر فإذا حيّات أربع قد أخرجن رؤوسهنّ من أجحارهنّ ثمّ نظر فإذا في قعر البئر تنّين فاتح فاه منتظر له ليقع فيأخذه ورفع بصره إلى الغصنين فإذا في أصلهما جرذانان أسود وأبيض وهما يقرضان الغصنين دائمان لا يفتران,فإذا مثله مثل رجل ألجأه الخوف إلى بئر فتدلّى فيها وتعلّق بغصنين من شجرتين ثابتتين على شفيرها ووقفت رجلاه على شيء عمدها به ثمّ نظر إلى أسفل البئر فإذا هو بتنّين فاغر فاه نحوه ونظر إلى ما عمد به رجليه فإذا هو بحيّات أربعة قد أطلعن رؤوسهنّ من جنبات البئر ونظر إلى الغصنين الذي تمسّك بهما فإذا في أصلها جرذان أبيض وأسود وهما يقرضان الغصنين لا يفتران دائبين فبينما,ألجأه خوف أسد إلى بئر فتدلّى فيها وتعلّق بغصنين مائلتين على شفير البئر ووقعت رجلاه على شيء عمد له فإذا هو بحيّتين قد أطلعن رؤوسهنّ من أجحرتهنّ في كلّ جانب فهنّ أربع حيّات ونظر إلى أسفل البئر فإذا هو بتنّين فاغر فاه ورفع بصره إلى الغصنين فإذا في أصلها جرذان أبيض وأسود يقرضان الغصنين دائبان لا يفتران,فإذا في أصلهما جرذان أبيض وأسود يقرضان ذينك الغصنين دائبان لا يفترقا,مثل رجل اضطره الخوف إلى بئر فتدلّى فتعلّق بغصنين نابتين على شفيرها فوقعت رجلاه في غمرها وإذا هو بأربع أفاعي قد اطلعن رؤوسهنّ من حجرهنّ ونظر إلى أسفلها فإذا اثنتين فاتح فاه نحوه ورفع بصره إلى الغصنين فإذا في أصليهما جرذًا أبيض وجرذ أسود وهما يقرضانهما ذا يمين,
85,e86908be-9b04-406a-849e-69008a1c4a00,Man is Distracted by Honey,فبينما هو على ذلك يهتمّ بالحيلة لنفسه إذ نظر فإذا قريب منه بجواره نحل فيها شيء من عسل فتطعّم منه واشتغل بحلاوته والتفكّر في أمره ونسي الحيّات الأربع التي رجلاه عليهما ولا يدري متى يثرن به أو إحداهنّ ولم يذكر أنّ الجرذين دائبين في قطع الغصنين وأنّهما إذا قطعاها وقع في فم التنّين فهلك فلم يزل لاهيًا ساهيًا حتّى هلك,فبينما هو في النظر في ذلك والاهتمام بنفسه وابتغاء الحيلة حتى نظر بالقرب منه فإذا بنحل قد وضعن شيئًا من عسل وقد سال على تلك الشجرة فتطعّم منه فشغل قلبه عن التفكّر في شيء من أمره وأن يلتمس حيلة ينجو بها ولم يذكر أنّ رجليه على أربع حيّات لا يدري متى تهيج به إحداهنّ وأنّ الجرذين دائبان في قطع الغصنين وأنّهما متى قطعاهما وقع الموت بوقوعه في لهوات التنّين فلم يزل لاهيًا غافلًا حتّى هلك,هو كذلك يهتمّ بالحيلة لنفسه إذ رأى كوّة نحل يخرج منها عسل فطعم منه فشغله عن التفكّر في أمره ونسي الحيّات التي لا يدري متى تهيج به والجرذين وسرعة قطعهما الأغصان وما هو صائر إليه فلم يزل ساهيًا لاهيًا حتّى هلك وذهب في فم البئر متعلّق بالغصنين والجرذين الأبيض والأسود يقرضان الغصنين والتنّين في أسفل البئر فاغر فاه يطلبه والأفاعي عن يمين البئر وشماله مصّور جميعه في الصفحة فتأمّل,فبينما هو في النظر لأمره والاهتمام بنفسه إذ بصر قريبًا منه كوارة فيها نحل عسل فذاقه فشغلته حلاوته وألهته لذّته عن الفكرة في شيء من أمره وأن يلتمس الخلاص لنفسه ولم يذكر أنّ رجليه على حيّات أربع لا يدري متى يقع عليهنّ ولم يذكر أنّ الجرذين دائبين في قطع الغصنين ومتى انقطعا وقع على التنّين فلم يزل لاهيًا غافلًا مشغولًا بتلك الحلاوة إذ سقط في فم التنين فهلك,هو في النظر كذلك وابتغاء الحيلة لنفسه إذ نظر فإذا قريب منه نحل قد صنعن عسلًا فتطعّم بالعسل فشغله ذلك وألهاه عن التفكّر في أن يلتمس لنفسه حيلة ينجو بها ولم يذكر أنّ رجليه على الحيّات الأربعة وأنّ الجرذين دائبان في قطع الغصنين فإذا قطعهما وقع في لهوات التنين فلم يزل لاهيًا غافلًا حتّى هلك,فبينا هو في الحيلة والاهتمام لنفسه إذا نظر فإذا قريب منه كوّة نحل فيها شيء من عسل فعظم منه وشغله عن الاهتمام بنفسه ونسي أنّ رجلاه على أربع حيّات لا يدري متى يهيج به إحداهنّ فتهلكه ولم يذكر الجرذين الدائبين في قرض الغصنين وأنّهما إذا قطعاه وقع في لهوات التنّين فلم يزل لاهيًا غافلًا حتّى هلك,فبينما هو في النظر والاهتمام لنفسه وابتغاء الحيلة للنجاة نظرًا فإذا قريب شديب منه نحلًا قد عمل عسلًا فذاقه فشغلت حلاوة ذلك العسل قلبه وألهته عن الفكرة ولم يذكر أنّه بين أربع حيّات لا يدري متى تهيج به إحداهنّ والجرذان دائبان في قطع الغصنين فإذا قطعاهما وقع على التنّين فهلك,فبينما هو على ذلك يهمّ بالحيلة لنفسه إذ أبصر كوارة فيها شيء من عسل فشغله ذلك عن التفكّر في أمره ونسي ما هو فيه فلم يزل لاهيًا ساهيًا حتّى هلك صورة البئر والشجرة والأفاعي والرجل معلّق بالغصنين وقد تدلّى في البئر والحيّة تنظر متى يسقط حتّى تبتلعه فشبّهت,
86,ecb66a51-8e58-4c00-a4c3-87f56b8eca30,Burzoy Explains the Allegory,فشبّهت البئر بالدنيا المملوءة آفات وشرور ومخاوف ومتالف وشبّهت الحيّات الأربع بالأخلاط الأربع التي تعمّدت الإنسان ومتى يهيج منها شيء فهو كالحمّة من الأفعى والسمّ المميت وشبّهت الغصنين الحياة وشبّهت الجرذين بالليل والنهار وقرضهما ؟دايهما في إنفاد الآجال التي هي حصون الحياة وشبّهت التنّين بالموت الذي لا بدّ منه والعسل هذه الحلاوة القليلة التي يصيبها الإنسان فيشغله عن نفسه وتلهيه عن التحيّل بخلاصه وتصدّه عن سبيل نجاته,فشبّهت البئر بالدنيا المملوءة بالآفات والمخاوف وشبّهت الحيّات الأربعة بالأخلاط الأربع التي هي يعمدن الإنسان عليها متى ما يهيج به إحداهنّ فهنّ حمّة الأفاعي والسمّ المميت وشبّهت الغصنان بالحياة وشبّهت الجرذ الأسود بالليل والأبيض بالنهار وشبّهت قرضهما بالغصنان دائبان كدأب الليل والنهار في إفناء الأيّام والآجال وشبّهت التنّين بالمصير الذي لا بدّ منه وشبّهت العسل الذي هي هذه الحلاوة القليلة التي يرى الإنسان ويسمع ويشمّ ويطعم ويشرب ويلمس فيشغله عن نفسه وينسيه أمره ولهيه عن شأنه ويصدّه عن سبيل نجاته,فشبّهت الدنيا بالبئر المملوءة بآفات وشرور ومخاوف والغصنين بالحياة والجرذ الأسود بالليل والأبيض بالنهار يقرضان الأجل والحيّات بالطبائع الأربعة لا يدري متى تهيج به وشبّهت التنّين بالموت الذي يصير الإنسان إليه إذا وقع في أسفل البئر وشبّهت العسل بالحلاوة القليلة التي تصيب الإنسان فتشغله عن نفسه وتنسيه آخرته وتلهيه عن التحيّل لخلاصها,فشبّهت البئر الدنيا المملوءة آفات وشرورًا ومخافات وعاهات وشبّهت الحيّات الأربعة بالأخلاط الأربعة التي في البدن فإنّها متى هاجت واحدها كانت كحمّة الأفاعي والسمّ المميت وشبّهت الجرذين الأسود والأبيض بالليل والنهار اللذين هما دائبين على إفناء الأجل وشبّهت التنين المصير أعني الموت الذي لا بدّ منه وشبّهت العسل بهذه الحلاوة القليلة التي يرى الإنسان ويطعم ويسمع ويشمّ ويتشاغل عن نفسه ويلهو بنفسه ويصدّ عن سبيل قصده ؟حييسة,فشبّهت البئر بالدنيا المملوءة آفات وشرّ ومخاوف ومهالك وشبّهت الحيّات بالأخلاط الأربعة اللواتي هنّ آفة الحياة الدم والبلغم والريح والمرّة التي متى هاج بالإنسان واحدة منهنّ فهي شبه الأفعى وشبّهت الغصنين بالحياة وشبّهت الجرذين الأسود والأبيض بالليل والنهار وودأبهما في فناء أيّام العمر وقطع الآجال وشبّهت التنّين بالموت وهو المصير الذي لا بدّ منه وشبّهت العسل,فشُبّهن البئر بالدنيا المملوءة آفات وشرورًا ومخاوف وشُبّهت الحيّات بالأخلاط الأربع التي هي تعمد الإنسان ومتى يهيج شيئًا منها إنّما هي كحقّة الأفاعي أو السمّ المميت وشُبّهت الغصنين بالحياة وشبّهت الجرذين بالليل والنهار الذين هما في قرض الأيّام دائبين لا يقرّان وشبّهت التنّين بالمصير الذي لا بدّ منه وشُبّهت العسل بهذه الحلاوة القليلة التي يرى الإنسان ويشمّ ويطعم ويلبس فتشغله عن نفسه وتلهيه عن أمره وتصدّه عن سبيل نجاحه والاحتيال لخلاصه,فشبّهت النفس بالرجل والبئر بالدنيا المملوءة بالشرور والمخاوف والآفات والحيّات الأربع بالأخلاط الأربع التي في بدن الإنسان فمتى هاج به أحدهم كان كالسمّ المميت والغصنين بالأمل والحيّات والجرذ الأسود بالليل النهار والأبيض بالنهار فهما يجهدان في قطع الأجل وفناء الحياة والتنين المهول الموت الذي لا بدّ منه والعسل فهو لذّة ما يناله الإنسان منها ويتشاغل بها ولا يتفكّر في حاله ومآله,البئر الدنيا المملوءة آفات وشرور ومخاوف والحيّات الأربع الأخلاط التي تقيم بدن الإنسان ومتى هاج منها شيئًا فهو كهذه الأفعى وشبّهت الغصنين والحيّات والجرذ الأسود والأبيض الليل والنهار وقرضهما دونهما لإنقاذ الآجال والسنين والموت الذي لا بدّ منه والعسل هذه الحلاوة التي تصيب الإنسان من الدنيا فتشغله عن نفسه وتنسيه أمره وتصدّه عن سبيل نجاته قال برزويه,
87,6aff84c5-30b6-4e79-85da-08b16d114bc8,Burzoy‘s Contentment and Hope for Future Guidance,فصار أمري إلى الرضى بحالي وإصلاح ما استطعت من عملي لمعادي لعلّي أصادف في أمامي زمانًا فيه دليل على هداي وسلطان على نفسي وأعوان على أمري فأقمت على ما وصفت من حالي وانصرفت,وصار امرئ إلى الرضى بحالي وإصلاح ما استطعت من عملي لعلّي أصادف فيما أمامي دليلًا على هداي وسلطانًا على نفسي وأعوانًا على أمري فأقمت على هذه الحال,فرأيت أن أصلح ما استطعت من عملي لعلّي أصادف فيما أمامي دليلًا على هداي وسلطانًا على نفسي فأقمت على ما وصفت من حالي وانصرفت,صار أمري إلى الرضا بحالي وإصلاح ما استطعت إصلاحه من عملي لعلّي أن أصادف باقي زماني أيّامي زمانًا أصيب فيه دليلًا على هداي وسلطانًا على نفسي وقوامًا على أمري فأقمت على هذه الحال وانتسخت كتبًا كثيرة,فصار أمري إلى الرضا بحالي وإصلاح ما استطعت أن أصلح من عملي لعلّي أن أصادف فيما أواخي زمانًا أصيب فيه دليلًا على هداي ورشدي وسلطانًا على نفسي وأعوانًا على أمري فأقمت على هذه الحالة,فصار أمري إلى الرضا بالنسك وإصلاح ما استطعت من شأني كي أصادف فيما أمامي روحًا دائمًا بخلود لا يبلى وأكون قد أحرزت حظّي وأخذت بالثقة لنفسي قبل حلولي بي رمي والندم على ما فرّطت في أمري وأمسي فأقمت,فرضيت عند ذلك بحالي واشتغلت بإصلاح أقوالي وأفعالي لعلّي أن أصادف زمانًا أستدلّ فيه على هداي وأرى سلطانًا يهديني إلى رشدي فأقمت على هذه الحالة في الانتظار فتفكّروا يا ذوي العقول في أمر هذه الدار واعتبروا يا أولي الأبصار,فصار أمري إلى الرضا بحالي وإصلاح ما استطعت من عملي لعلّي أصادق زمنًا أصيب فيه دليلًا على إصلاح أمري وأقمت على ما وصفت من حالي,
88,f199577e-c35c-4d54-93c1-d7626810cd4e,Burzoy Returns from India with Books inc. KD,من أرض الهند إلى بلادي وانتسخت من كتبهم كتبًا كثيرة منها هذا الكتاب,وانصرفت من الهند إلى بلادي وانتسخت من كُتُبها هذا الكتاب انقضى باب برزويه ابتدأ في خروج الأمثال,من بلاد الهند إلى بلادي بعد أن انتسخت من كتبها هذا الكتاب العجيب والله أعلم بالصواب,وانصرفت من بلاد الهند وقد نسخت هذا الكتاب انقضى باب برزويه المتطبّب,وانصرفت من بلد الهند وقد انتسخت من كُتُبها كتاب كليلة ودمنة,على هذا الحال -- وانصرفت عن الهند إلى بلادي وانتسخت منها كتبًا كثيرة كان منها هذا الكتاب وهو يُدعى كليلة ودمنة,,وانصرفت من بلاد الهند إلى بلادي وانتسخت من كتبهم كتب كثيرة منها هذا الكتاب تمّ باب برزويه وبالله التوفيق وهو المستعان وعليه التكلان,