unit_order,unit_id,unit_title,Met-1981.373,L4044,P5881,L8751,P3471,P3465,P3466,CCCP578,R3655,JBE-Hebrew,R2536,VAF298
1,c59b54ce-75b7-4556-993c-d372dee937b4,Chapter Title,باب الأسد والثور,باب الأسد والثور,باب الأسد والثور,باب الأسد والثور وهو الباب الرابع,,باب الأسد والثور وهو أوّل الكتاب,باب الأسد والثور,باب الأسد والثور,,שער האריה והשור,باب الأسد والثور,باب الأسد والثور
2,a313a2c1-502c-4e73-b53f-8201e0762874,Introduction to the Story's Theme,,وهو مثل الرجلين المتحابّين يقطع بينهما الغدّار الكذوب بنميمته,,,,,وهو مثل المتحاببين يقطع بينهما الخؤون الكاذب,,,והוא משל שני חברים אשר נרגנים ינרו מדון ביניהם. ויפרידו בין שניהם.,,وهو باب المتحابّين يقطع بينهما الكذب والمحال
3,f605466c-d334-4db0-b6b2-b7abc017082f,Frame dialogue,,,,,,,,,,,,
4,98e3ca84-6b0a-4ede-a4f7-89128630ab1b,King's Request for a Parable,قال الملك ديشلم لبيدبا الفيلسوف اضرب لي مثل الرجلين المتحابّين يقطع بينهما الخؤون الكذوب ويحملهما على العداوة,قال دبشلم ملك الهند لبيدبا الفيلسوف رأس فلاسفته اضرب لي مثل الرجلين المتحابّين يقطع بينهما الكذوب الخائن ويحملهما على العداوة والشنآن,قال ديلم ملك الهند لبيدبا رأس الفلاسفة إضرب لي مثل الرجلين المتحابّين كيف يقطع بينهما الكذوب والخؤون ويحملهما على العداوة والشتات,قال ديشليم ملك الهند لبيدبا رأس الفلاسفة اضرب لي مثل الرجلين المتحابّين يقطع بينهما الكذوب الخائن,,قال ديشلم الملك لبيدبا الفيلسوف وهو رأس البراهمة اضرب لي مثل المتحابّين الذي يقطع بينهما الكذوب المحتال حتّى يحملهما على العداوة والبغضاء,قال ديشلم الملك لبيدنا الفيلسوف وهو رأس الفلاسفة اضرب لي مثل الرجلين المتحاببين كيف يقطع بينهما الخؤون الكذّاب ويحملهما على العداوة والتقاطع والتدابر,قال ديسلم ملك الهند لبندبارأس فلاسفته اضرب لي مثلًا مثل الرجلين المتحابّين يقطع بينهما الكذوب الخائن ويحملهما على العداوة,,ויאמר דיסלם מלך הרו אל סאנדבאר שהיה דוד חכמות מארץ הרו. משל משלים בין שני ידידים טהורי לב נאמנים. שהפרידו בין שניהם בכוביהם מסיתים נרגנים.,قال ديسلم الملك ليندباذ الفيلسوف اضرب لي مثل الرجلين المتحابّين يقطع بينهما الخؤون الكذوب ويجعلهما على الحدّ في العداوة,قال ديشلم الملك لبيدبا الفيلسوف رأس الفلاسفة اضرب لي مثل المتحابّين يقطع بينهما الخؤون الكذوب
5,7f0d999d-3142-4620-a522-cc605a7a0653,Philosopher's Response and Story Introduction,** تقاطعا وتدابرا,قال بيدبا الفيلسوف إذا ابتُلي الرجلان بدخول الكذوب الخؤون بينهما تقاطعا وتدابرا وتفاسد ما بينهما,قال بيدبا الفيلسوف إذا ابتلا الرجلين المتحابّين وجرى بينهما الخؤون الكذوب تقاطعا وتدابرا,قال بيدبا الرجلان المتحاببان يدخل بينهما الكذوب الخائن تقاطعًا وتدابرًا,,قال [قال] بيدبا إذا ابتلي المتحابّين بأن يدخل بينهما الكذوب المحتال لم يلبثا أن يتقاطعا ويتدابرا,قال بيدنا إذا ابتُلي الرجلان المتحاببان بأن يدخل بينهما الكذوب المحتال لم يلبنا أن يتقاطعا ويتدابرا,قال بندبا رأس الفلاسفة إذا ابتلى الرجلين المتحابّين بجري الكذوب †الخائن بينهما تقاطعا وتدابرا وفسد ما بينهما,,ויען דוד חכמות ויאמר כן משפט כל שני ידידים. המכוניבים והמסיתים יהיו ביניהם מפרידים. ויהיו כמו האריה והשור.,قال الفيلسوف,قال بيدباه الفيلسوف إذا ابتلي الرجلين المتحابّين بمن يجري بينهما بالمحال تقاطعا وفسد ما بينهما
6,a87aca18-2ab6-48e0-b880-a813f377ede5,Transition to the Lion and Bull Story,,,,,,,,,,,ومثل ذلك كمثل الأسد والثور,
7,9e91227a-81e0-466b-b318-92d01d7bc125,King's Inquiry About the Story,,,,,,,,,,ויאמר המלך איכה היה הדבר. ויאמר דוד חכמות סוחר עשיר היה בארץ רסתבאר ולו שלשה בנים.,قال الملك وكيف كان ذلك,
8,b502a1e0-7346-4dae-8b0f-ca1183b5a60b,Subframe of Wealthy Merchant and His Sons,,,,,,,,,,,,
9,a3505e8f-c57f-4516-af46-9dfd692f50dc,Setting: Wealthy Merchant and His Sons,ومن أمثال ذلك أنّه كان بأرض ديستايد تاجر مكثر وكانت له بنون,ومن أمثال ذلك أنّه كان بأرض دستنابد تاجر مكثر وله بنون,ومن أمثال ذلك أنّه كان بأرض بساتر تاجرًا وكان مكثرًا وله بنون,ومن أمثال ذلك أنّه كان بأرض دستا تاجر مكثر وكان له بنون,,ومن أمثال ذلك أنّه كان بأرض دستاوبد رجل شيخ وكان له ثلاث بنين,ومن أمثال ذلك أنّه كان بأرض دستابد تاجرًا مكثرًا وكان له بنون ثلاثة,ومن أمثال ذلك أنّه كان بأرض يسابد تاجر مكثر له بنون,*** ومن أمثال ذلك أنّه كان بأرض دفستاند تاجر مكثر له بنون,,قال الفيلسوف زعموا أنّه كان بأرض ديسابد تاجر مكثر وله ثلاث بنون,فمن ذلك أنّه كان بأرض سبابك تاجر مكثر وكان له أولاد
10,24a24d09-93e6-4a5b-9f83-9d6174f07df6,Sons' Mismanagement of Wealth,سلّم إليهم أمواله فلم يحترفوا بها بل تساهلوا في ذلك تساهلًا يضيّع ذلك المال عليه وعليهم فلامهم أبوهم ووعظهم,فلمّا أدركوا شرعوا في مال أبيهم ولم يحترفوا حرفة يكتسبون بها مالًا فلامهم أبوهم ووعظهم,فلمّا كبروا أسرعوا في ماله فلاقاهم ولامهم على ذلك ووعظهم,فلمّا أدركوا شرعوا في مال أبيهم ولم يحترفوا حرفة يصيبوا فيها مالًا فلامهم أبوهم ووعظهم,,فلمّا بلغوا أشدّهم أسرعوا في ما أبيهم ولم يكونوا احترفوا بحرفة يكسبون لأنفسهم وأبيهم خيرًا فلامهم أبوهم ووعظهم على سوء فعلهم,فلمّا أدركوا أسرعوا في مال أبيهم ولم يحترفوا يكسبون بها مالًا فلامهم أبوهم ووعظهم,فلمّا أدركوا به أسرعوا في مال أبيهم ولم يتحرّفوا بحرفة يكسبون منها مالًا فلامهم أبوهم ووعظهم,*فلمّا أدركوا شرعوا في مال أبيهم ولم يحترفوا حرفة يكسبون منها مالًا فلامهم أبوهم ووعظهم,וכאשר נדלו הנערים. החלו עושר אביהם לפור ולהחרים . ולא למדו מלאכה . להיות להם לצרכם ערוכה. וינער בהם אביהם. וכהה בם על רע מעשיהם.,فلمّا أدركوا أخذوا في مال أبيهم ليبذّروه ولم يحترفوا حرفة يكسبون منها مالًا فلامهم أبوهم ووعظهم,فلمّا أدركوه شرعوا في مال أبيهم ولم يحترفوا عليه حرفة يكسبون منها شيئًا ?؟فقلادهم وألزمهم على ذلك ووعظهم
11,29b568f2-d01f-41a8-bd07-2d8b0e974e59,Father's Advice: Three Pursuits and Four Necessities,وقال يا بنيّ إنّ صاحب الدنيا يطلب ثلاث أمور لن يدركها إلّا بأربعة أشياء,وكان ممّا قال لهم يا بنيّ إنّ صاحب الدنيا يطلب ثلاثة أمور لن تُدرك إلّا بأربعة أشياء,وكان فيما قال لهم يا بنيّ إنّ صاحب الدنيا يطلب ثلاثة أمور ولا يدركها إلّا بأربعة أشياء,فكان من عظتهم أن قال يا بنيّ إنّ صاحب الدنيا يطلب ثلاثة أمور لا يدركها إلا بأربعة أشياء,,وكان من قوله لهم يا بنيّ إنّ صاحب الدنيا يطلب ثلاثة أمور لن يدركها إلّا بأربعة أشياء,وكان من قوله لهم أنّه قال يا بنيّ إنّ صاحب الدنيا يطلب ثلاثة أمور لا يدركها إلّا بأربعة أشياء,وقال لهم فيما قال يا بنيّ إنّ أصحاب الدنيا يطلبوا ثلاثة أمور لن يدركها إلّا بأربع أشياء,وكان فيما قال لهم يا بنيّ إنّ صاحب الدنيا يطلب ثلاثة أمور لن يدركها إلّا بأربعة أشياء,ויאמר האיש בחרבכם ובקשתכם שביתם. מה המעשה הזה אשר עשיתם. הלא ידעתם כי כל יושבי תבל מאנשי הרעה. יבקש שלשה דברים ולא ישינו כי אם בארבעה.,وقال لهم فيما قال يا بنيّ إنّ صاحب الدنيا يطلب ثلاثة أمور لن يدركها إلّا بأربعة أشياء,وقال يا بنيّ إنّ صاحب الدنيا يطلب منها ثلاثة فلا يدركها إلّا بأربعة من الخصال
12,47e4b98f-cd24-48c0-bdda-532143cc19df,Three Worldly Pursuits,السعة في المعيشة والمنزلة في الناس والزاد إلى الآخرة,أمّا الثلاثة التي يطلب فالسعة في المعيشة والمنزلة في الناس والزاد إلى الآخرة,أمّا ما يلتمس فهو السعة في المعيشة والمنزلة في الناس والزاد في الآخرة,أمّا الثلاثة التي يطلب فالسعة في المعيشة والمنزلة عند الناس والبلغة إلى الآخرة,فالثلاثة التي تُطلب فالسعة في الرزق والمنزلة في الناس والزاد إلى الآخرة,أمّا الثلاثة التي يطلب فالسعة في الرزق والمنزلة في الناس والزاد في الآخرة,أمّا الثلاثة التي يطلب فالسعة في المعيشة والمنزلة في الناس والزاد إلى الآخرة,أمّا الثلاثة التي يطلب †فالسعة في المعيشة والمنزلة والزاد إلى الأخرة,أمّا الثلاثة التي يطلبها فالسعة في المعيشة والمنزلة في الناس والزاد إلى الأخرة,מחיה ומעלת הגדולים וציידה ליום אחרון אלה הם השלשה.,أمّا الثلاثة التي يلتمسون فالسعة في المعيشة والمنزلة في الناس والزاد إلى الآخرة,فأمّا الثلاثة التي يطلبها فالسعة في المعيشة والمنزلة في الناس والزاد للآخرة
13,3a9022c0-c2d0-4fa3-9a4a-24c783812a25,Four Necessities for Achieving Pursuits,وأمّا التي يحتاج إليها وإلى إدراكها فاكتساب المال من معروف وجوهه وحسن القيام عليه والتثمير له وإنفاقه فيما يصلح المعيشة ويرضي الأهل والإخوان ليعود عليه في الآخرة نفعه,وأمّا الأربعة التي يحتاج إليها في إدراك هذه الثلاثة فاكتساب المال من أحسن وجوهه ثمّ حسن القيام {لما اكتسب والتثمير له ثمّ} [[عليه ثمّ التثمير]] [ثمّ] إنفاقه فيما يصلح المعيشة ويرضي به الله تعالى والأهل والإخوان ويعود في الآخرة نفعه عليه,وأمّا الذي يحتاج إليها في دركها فاكتساب المال من وجهه وحسن القيام عليه وإنفاقه فيما يصلح المعيشة ويرضي الأهل والإخوان وما يعود عليه في الآخرة نفعه,وأمّا الأربعة التي لا تصاب الثلاثة إلّا بها فاكتساب المال من معروف وجهه ثمّ حسن القيام على ما اكتسب منه والتثمير له بعد اكتسابه ثمّ إنفاقه فيما يصلح به معيشته ويرضي به الأهل والإخوان ويعود عليه في الآخرة نفعه,وأمّا الأربعة التي يحتاج إليها في طلب إدراك ذلك فاكتساب المال من أحسن وجهه ثمّ حسن القيام على حسن ما اكتسبه منه ثمّ التميّز له ثمّ إنفاقه فيما يصلح فيه المعيشة والأهل والإخوان ويعود عليه في الآخرة نفعه,وأمّا الأربعة التي يحتاج إليها في درك هذه الثلاثة فاكتساب المال من أحسن وجه ثمّ حسن القيام فيما اكتسب منه ثمّ إنفاقه فيما يصلح المعيشة ويرضي الأهل والإخوان فيعود عليهم منفوعه في الآخرة,وأمّا الأربعة التي يحتاج إليها في درك هذه الثلاثة فاكتساب المال من أحسن وجه ثمّ حسن القيام بما اكتسب منه والتميّز له ثمّ إنفاقه فيما يصلح المعيشة ويرضي الأهل والإخوان ويعود عليه ما أراد من حاجته,وأمّا الأربعة التي يحتاج إليها في درك هذه الأشياء الثلاثة فاكتساب المال من أحسن وجوهه ثمّ حسن القيام على ما اكتسب منه ثمّ إنفاقه فيما يصلح المعيشة ويرضي الأهل والإخوان ويعود في الآخرة نفعه,وأمّا الأربعة التي يحتاج إليها في درك هذه الثلاثة فاكتساب المال من أحسن وجوهه وحسن القيام على ما اكتسب منه ثمّ التثمير له,והארבעה אשר בם ישינו את השלשה. קנות עושר. בתם לבב ובישר. והשני לשמרו לחקן בו מחיתו. והשלישי להכין צידו היום ליום מחרתו. והרביעי להפיק רצון יוצרו ורצון אנשי ביתו ואנשי עירו.,وأمّا الأربعة التي يُحتاج إليها في درك هذه الأربعة فاكتساب المال من معروف وجوهه ثمّ حسن القيام عليه ثمّ التمييز له وإنفاقه فيما يصلح المعيشة ويرضي الإخوان والأهل ويعود عليه في الآخرة نفعه,وأمّا الأربعة التي يحتاج إليها وبها ينال الثلاثة فاكتساب المال من أحسن وجوهه ثمّ القيام الحسن على ما كسب ثمّ التمييز له ثمّ إنفاقه فيما يصلح به حاله ويرضى به إلهه والإخوان ويعود عليه في الآخرة نفعه
14,25ad5514-b68c-4a9e-aa8d-6af89964dfc4,Consequence of Not Acquiring Wealth,,,,,,,لأنّه إن لم يكسب لم يكن له مال يعيش به,,إن هو لم يكتسب لم يكن له مال,ואם כל אלה לא עשה לא ימצא חפצו. ולשוא יהיה יניעו ורוצו. כי אם לא קנה רכוש למאכלת לביתו. תרע לו מחיתו.,,
15,c7137f8e-51d8-415b-ab28-55b1cca663ee,Importance of Avoiding Calamities,,,,ثمّ التوقّي لجميع الآفات جهده,,,,,,,,
16,fe82b839-1ba7-49fc-8909-3513ee32895b,Failure to Achieve Goals Without Proper Management,فمن أضاع ذلك لم يدرك ما أراد وإن هو لم يكتسب لم يكن له مال يعيش به,فمن أضاع شيئا من هذه الخلال الأربع لم يدرك ما أراد {من حاجة} فإنّه إن لم يكتسب لم يكن له مال يعيش به,فمن أضاع ذلك لم يدرك ما أراد وإن هو لم يكتسب لم يكن له مال ولم يعش به,فمن أضاع شيئًا من هذه الخلال الأربع لم يدرك ما أراد لأنّه لم يكتسب ولم يكن ذا مال لم يعش ولم يُعش به,فمن أضاع شيئًا من هذه الخلال الأربعة لم يدرك ما يريد لأنّه إن لم يكتسب لم يكن له مال يعيش به,فمن ضيّع شيئًا من هذه الأحوال لم يدرك ما أراد من حاجته لأنّه لم يكن تسبّب ولم يكن له مال يعيش به,,فمن أضاع شيئًا من هذه الخلال لم يدرك ما أراد إن هو لم يكتسب ثمّ لم يحسن القيام عليه يُوشك أن يفنى ويبقى بغير مال,فمن أضاع من هذه الخلال الأربع خلّة لم يدرك ما أراد,ואם קנה רכוש ולא יכלכל דבריו במשפט' מהרה יאבדנו. כמו חי כמו חרון יסערנו.,فمن أضاع شيئًا من هذا لم يدرك ما أراد وا وإن هو لم يكتسب لم يكن له مال ولم يعش معه أحد,
17,a36ce7c8-9ba9-4438-b35a-46599ce3d692,Consequences of Poor Financial Management,,وإن كان هو ذو مال وذو اكتساب [[ثمّ]] ولم يحسن القيام عليه أوشك أن يفنى ويبقى بغير مال,وإن كان ذا مالٍ واكتسابٍ ثمّ لم يحكم تقديره يوشك أن يفنى ولا يبقى,وإن كان ذا مال واكتساب ولم يصلح له ويحسن القيام عليه أوشك أن ينفد ويقابلا مال,وإن كان ذا مال واكتساب ثمّ لم يحسن القيام أوشك أن يبقى هو بغير مال,وإن هو كان ذا مال واكتساب ثمّ لم يحسن القيام به أوشك أن يفنى ويبقى معدمًا,وإن هو كان ذا مال واكتساب ثمّ لم يحسن القيام به أوشك أن يفنى ماله ويبقي بغير مال,وإن كان ذا تقتّر في نفقته ولم يثمّره †ولم ينفعه ذلك التقتير وقلّة الإنفاق من سرعة الفنى والنفاد,وإن اكتسب ثمّ لم يحسن القيام عليه أوشك أن يفنى ويبقى بلا مال,ונם אם בסחורה ובתחבולות לא יסעדנו. עבור שאינו מכלותו לא ימנענו.,وإن كان ذا مال واكتساب ثمّ لم يحكم تدبيره ولم يحسن القيام عليه أوشك أن يفنى ويبقى ليس له مال,
18,bfb59f61-1d24-420a-9848-4e6ab012a1aa,Rapid Depletion of Poorly Managed Wealth,وإن هو أضاعه لم تمنعه قلّة الإنفاق من سرعة النفاد,وإن هو أنفقه ولم يثمّره لم تمنعه قلّة الإنفاق من سرعة النفاق,,وإن هو أنفقه ولم يثمّره لم يمنعه قلّة الإنفاق من سرعة النّفاد,وإن أنفقه ولم يثمّره لم تمنعه قلّة الإنفاق من سرعة النّفاد,وإن هو وضعه ولم يستثمر لم تمنعه قلّة الإنفاق من سرعة الذهاب,وإن هو وضعه ولم يثمّره لم تمنعه قلّة الإنفاق من سرعة النفاذ,,وإن هو أنفقه من غير نظر وتدبير فما أسرع نفاده,,وإن هو مسكه ولم يثمره لم يمنعه قلّة الإنفاق من سرعة الذهاب,
19,65bae3f6-72ab-4534-909f-9cdaa79d5785,Analogy of Rapidly Depleting Kohl,كالكحل الذي لا يُؤخذ منه إلّا ما هو شبيه بالغبار ثمّ هو مع ذلك سريع النفاد والفناء,كالكحل الذي لا يؤخذ منه إلّا مثل الغبار ثمّ هو مع ذلك سريع فناؤه,وليس له مثل إلّا الآل الذي لا يوجد منه إلّا مثل الهناء وهو مع ذلك سريعٌ فناؤه,كالكحل الذي لا يؤخذ منه مثل الغبار ثمّ هو مع ذلك سريع نفاذه,كالكحل الذي لا يؤخذ منه إلا مثل الغبار وهو مع ذلك إذا استُعمل سريع فناؤه,كالكحل الذي لا يؤخذ منه إلّا غبار الميل ثمّ هو مع ذلك سريع فناءه,كالكحل الذي لا يُؤخذ منه إلّا مثل الغبار ثمّ هو مع ذلك سريع فناؤه,كالكحل الذي لا يُؤخذ منه إلّا مثل الغبار ما علق في المبلّ ثمّ †هو مع ذلك سريع النفاد والفناء,كالكحل الذي لا يُؤخذ منه إلّا شبه الغبار ثمّ هو مع ذلك سريع فناؤه,כי הפוך אשר לא יקחו ממנו כי אם מעט כשחק מאונים. לכחול העינים. הפך ומוצאיו יכלו נם העינים תכלינה. כי ההרים ימושו והנגבעות תמוטנה. ואם,كالكحل الذي لا يؤخذ منه إلّا مثل الغبار وهو مع ذلك سريع نفاذه,
20,3e121e0a-652c-4b30-80b9-b5913b4e826f,Proper Spending for Worldly and Afterlife Benefits,,,,,,,,,إن هو أنفقه ثمّ إنفاقه فيما يصلح المعيشة ويرضي الأهل والإخوان يعود في الآخرة نفعه ولم يمنعه بخله في إنفاقه,,,
21,f6d27482-cc81-47a8-af1c-e995fa2546a5,Consequences of Miserliness and Mismanagement,وإن هو اكتسب وأصلح وأمسك عن وضعه في مواضعه كان ممّن يُعدّ فقيرًا ثمّ إنّ عدم وضعه في مواضعه لا يمنعه من أن يضيع في غير مراده واختياره,وإن كانت نفقته في غير مواضع الحقوق كان بمنزلة الفقير الذي لا مال له ثمّ لم ينفعه ذلك من تلاف المال للمقادير والعلل,وإن هو اكتسب وأصلح ثمّ أمسك عن وضعه في أبوابه كان ممنًا فقيرًا ثمّ لم يمنع ذلك ماله من أن يفارقه ويذهب حيث لا يريد,وإن هو اكتسب وأصلح وأثمر ثمّ أمسك عن إنفاقه في وجوهه ومواضعه كان ممّن يُعدّ فقيرًا لا مال له ثمّ لا يمنع ذلك ماله من أن يفارقه ويذهب حيث لا يريد بالمقادير والعلل,ومن اكتسب مالًا ولم ينفق منه في أبوابه ولا مواضعه كان ممّن يُعدّ فقيرًا لا مال له ثمّ لا يمنع ذلك ماله من أن يفارقه ويذهب حيث لا يدرك منه شيئًا,وإن أنفقه في غير وجهه ووضعه في غير موضعه وأخطأ به مواضع استحقاقه صار بمنزلة الفقير الذي لا مال له ثمّ لم يمنع ماله من التلف بالحوادث والعلل التي تجري عليه,وإن هو لم ينفقه في مواضعه كان بمنزلة الفقير الذي لا مال له ثمّ لم يمنع ذلك ماله من التلف بالمقادير والعلل التي تجري عليه,وإن هو اكتسب وأصلح وأيسر ثمّ أمسك ثمّ لا يأمن أن يفارقه ويذهب حيث لا يدرك منه شيئًا,وإن هو اكتسب وأصلح وثمّر ثمّ أمسك عن إنفاق المال في أبوابه ومواضعه كان ممّن يُعدّ فقيرًا ليس له مال ثمّ لم يمنع ذلك ماله من أن يفارقه من حيث لا يدرك منه شيئًا,רכש רכוש וכלכלו במשפט ותקנו. ובמקומות רצון אל לא נתנו. ויאבד כאחד הדלים והרשים. נבזה וחדל אישים.,وإن هو اكتسب وأصلح ثمّ أمسك عن وضعه في أثوابه كان ممّن يُعدّ فقيرًا لا مال له ولم يمنع ذلك ماله من أن يسافر به ويذهب حيث لا يريد فلا يدرك منه شيئًا,
22,ee1ee32b-7bb5-4cfb-9980-1a5fcac5d360,Analogy of Overflowing Water Reservoir,كالمياه التي تجتمع إلى مكان ولا تزال تصبّ في ذلك المكان حتّى إذا زادت عن الحدّ سالت من سائر النواحي وربّما انبثق المكان فذهب الماء ضياعًا وفسادًا,كالمكان الذي لا تزال تنصب فيه المياه فإنّه إن لم يكن له مخرج ومغيض يخرج منه الماء بقدر الذي يدخل انبجس وسال من نواحي كثيرة وربما انبثق البثق العظيم فذهب ماؤه ضياعًا,,كمستأجر الماء الذي لا تزال المياه تنصبّ فإن لم يكن له مفيض ومخرج يخرج منه بقدر ما يفضل عنه انبثق البثق الذي لا يقادر وذهب الماء ضياعًا وفسادًا,كحابس الماء الذي لا تزال المياه تصبّ فيه فإذا لم يكن له مخرج ومفيض تخرج منه بالقدر سال من نواحٍ كثيرة وربّما انبثق البثق العظيم فيذهب الماء ضياعًا,كمخيّس الماء الذي لا تزال المياه تنصبّ فيه فإن لم يكن له مخرج ومغيض ومتنفّس يخرج الماء منه بقدر ما ينبغي خرب وسال وترّ من نواحي كثيرة وربّما انبثق البثق العظيم فيذهب الماء ضياعًا,كضريح الماء الذي لا تزال المياه تنصبّ إليه فإذا لم يكن له مخرج ومغيض يخرج منه الماء بقدر ما ينبغي تحلّب وسال من نواحي كثيرة وربّما انشقّ منه الشقّ العظيم فيذهب الماء ضياعًا,كحبس الماء الذي لا يزال المياه تصبّ فيه فإذا لم يكن له مخرجًا ومغيضًا يخرج منه بالقدر الذي ينبغي تحلّب وسال من نواحي كثيرة وربّما انبثق البثق الكبير العظيم فيذهب الماء ضياعًا,كمحبس الماء الذي لا يزال المياه تنصبّ إليه فإذا لم يكن له مخرج ومغيض بالقدر الذي ينبغي أوشك أن تنبثق بثوق فيذهب الماء ضياعًا,ויתנודד ממונו על אפו . זהבו וכספו. ויאבד כל קנינו. בדברים שלא כרצונו. כמו כיור אשר תמיד יבאו בו מים ובהמלאו ישתפכו. אל אשר שם לא נמשכו. ואם לא ימצאו המים מוצא הביור ההוא יקרע. וילכו המים אל מקום אשר לא יעבד בו ולא יזרע.,كسجر الماء الذي لا تزال المياه تصبّ فيه فإن هي لم تجد مخرجًا تفيض منه بقدر الذي ينبغي لها تجلّبت ومالت من نواحٍ كثيرة وربّما انبثق البثق فيذهب الماء ضياعًا,
23,ce0f6aef-60eb-4b2f-a9f8-b33f6d32853f,Sons' Acceptance of Father's Advice,ثمّ إنّ بني التاجر اتّعظوا وأخذوا برأي أبيهم,ثمّ إنّ بني التاجر اتّعظوا وأخذوا بأمر أبيهم,ثمّ إنّ بني التاجر اتّعظوا من كلام أبيهم وأخذوا برأيه,ثمّ إنّ بنى التاجر أيقظوا وأخذوا بأمر أبيهم,ثمّ إنّ ابني التاجر انقطعوا عن البذخ وأخذوا برأي أبيهم,ثمّ إنّ بني الشيخ اتّعظوا بقول أبيهم وأخذوا به وعلموا أنّ فيه الخير وعملوا عليه,ثمّ إنّ بني التاجر اتّعظوا وأخذوا بقول أبيهم,ثمّ إنّ بنو التاجر اتّعظوا وأخذوا برأي أبيهم,ثمّ إنّ بني التاجر اتّعظوا بقول أبيهم وأخذوا برأيه,וכאשר יוכיח הסוחר את בניו נוכחו. ומומר אביהם לקחו.,ثمّ إنّ بني التاجر اتّعظوا وأخذوا بقول أبيهم,ثمّ إنّ أولاد التاجر اتّعظوا وعملوا برأي أبيهم
24,fa20461f-cc9e-4720-95d3-b9732747056e,Eldest Son's Journey and Ox Cart Incident,فانطلق أكبرهم متوجّهًا بتجارة إلى مدينة يُقال لها منون فأتى في طريقه على مكان شديد الوحل وكان معه عجلة يجرّها ثوران أحدهما يُقال له شتربة والآخر نبذة,فانطلق أحدهم متوجّهًا نحو أرض يُقال لها سورقان فمرّ في طريقه على مكان فيه وحل شديد ومعه عجلة يجرّها ثوران أحدهما يُسمّى شتربة والآخر بيدنة,وانطلق كبيرهم إلى أرض يقال لها سيورا فأتى على طريقه بمكان شديد الوحل ومعه عجلة يجرّها ثوران يدعى أحدهما شتربة والآخر بيده,فانطلق كبيرهم في تجارة متوجهًا إلى أرض يُقال لها منود فمرّ في طريقه ذلك بمكان فيه وحل شديد ومعه عجلة يجرّها ثوران يُقال لأحدهما شتربة والآخر نندبة,وانطلق أكبرهم متوجّها نحو أرض يقال لها منون فأتى في طريقه على مكان ذو وحل كثير ومعه عجلة يجرّها ثوران اسم أحدهما شتربة والآخر تندية,فانطلق أكبرهم نحو أرض يقال لها ميون فأتى في طريقه على مكان في وحل وكان معه عجلة يجرّها ثوران يقال لأحدهما شتربة والآخر بندبة,فانطلق أكبرهم بتجارة متوجّهًا نحو أرض يُقال لها متوث فأتى في طريقه على مكان فيه وحل كثير وكان معه عجلة يجرّها ثوران يُقال لأحدهما شبربة والآخر بندبة,فانطلق أكبرهم نحو أرض يُقال لها *منون فأتى في مكان في طريقه فيه وحل شديد ومعه عجلة يجرّها ثوران يُسمّى الواحد شتربة والآخر بندبة,فانطلق الأكبر متوجّهًا نحو أرض يُقال لها منون فأتى في طريقه على مكان فيه وحل شديد كثير ومعه عجلة يجرّها ثوران يُدعى أحدهما شتربة والآخر بيدبة فوحل شتربة في ذلك الوحل فاستخرجه الرجل بعد جهد شديد وتعب,וילך האח הגדול בסחורה אל ארץ ניור ויהיו הדרכים והחוצות. מלאים טיט ובצות. ועמו ענלה ישאוהו שני שורים שם האחד שנזבה. ושם השני בנרבה.,فانطلق أحدهم متوجّها بتجارة إلى أرض يقال لها ميور فأتى في طريقه على مكان شديد الوجل ومعه عجلة يجرّها ثوران يقال لأحدهما شتربة والآخر بندبة,فانطلق أكبرهم نحو أرض يُقال لها منور فأتى في طريقه على مكان فيه وحل كثير وكانت معه عجلة يجرّها ثوران يسمّى أحدهما شيزبه والآخر بيدبه
25,4f52cc7b-486c-4908-aa8c-a7077657ad33,Ox Getting Stuck in Mud,فوحل شتربة في ذلك المكان فاستخرجه الرجل وأعوانه بعد ما كاد يتلف ولم يبق فيه قوّة على السير,فوحل شتربة في ذلك المكان فعالجه الرجل وأعوانه حتّى استخرجه بعد ما بلغه الجهد,فوحل شتربه فاستخرجه هو وأعوانه من بعد ما بلغه من الجهد مبلغ وأشرف على الهلاك,فوحل شتربة في ذلك الوحل فعاجله الرجل وأعوانه حتّى إذا أخرجوه بعد ما بلغه الجهد لم يطق حراكًا,فوحل شتربة في ذلك الوحل واستخرجه الرجل وأعوانه بعد بلوغه الجهد,فوحل شتربة بذلك المكان فعالجه الرجل وأصحابه حتّى بلغهم الجهد فلم يقدروا على إخراجه,فوحل شبربة في ذلك المكان فعالجه الرجل وأصحابه حتّى استخرجوه بعدما بلغه الجهد,فوحل شتربة في ذلك الوحل فاستخرجه الرجل وأعوانه بعد ما بلغه الجهد,,וישבע שנובה בטיט. ומכביד עליו עבטיט. והנער רץ לקראתו. ויאמר מת שנובה ברוב חילו. כחש,فوحل شتربة في ذلك المكان فاستخرجه الرجل وأعوانه بعد أن بالغه الجهد وأشرف على الهلاك,فوحل شيزبه في ذلك الوحل فجهد فيه ليخلصه حتّى أخرجه
26,3eb3f18d-c8ef-48dc-b30d-70cd43244f32,Merchant Leaving a Man to Care for the Ox,فخلّف التاجر عنده رجلًا من أصحابه يقيم عليه أيّامًا فإن رآه قد صلح أتبعه به,وخلّف التاجر عنده رجلًا وأمره أن يقوم عليه أيّامًا فإذا رآه قد صلح أتبعه,ثمّ خلف عنده رجلًا وأمره أن يقوم عليه ويحسن إليه فلمّا رآه قد †أبل لحق به,فخلف التاجر عنده رجلًا وأمره أن يقوم عليه فإذا رآه قد صلح اتّبعه به,وخلّف عنده عونًا من أصحابه يقوم عليه أيّامًا فإذا رآه قد صلح أتبعه به,فذهب التاجر وخلّف عنده رجلًا لا يشارفه لعلّ الوحل ينشف ويتبعه بالثور,وخلّف التاجر عنده رجلًا من أصحابه يقوم عليه أيّامًا فلمّا رآه قد صلح أتبعه به,فخلّف الرجل التاجر رجلًا يقوم عليه أيّامًا فإذا رآه قد صلح †يتبعه,فخلّف التاجر عنده رجلًا يقيم عليه أيّامًا فإذا رآه قد صلح وأفاق أتبعه به,,ثمّ خلّف عنده رجلًا وأمره بالقيام عليه فإن رآه قد صلح {أتبعه به},وخلف عنده رجل يقوم عليه فإذا أصبح يتّبعه به
27,c8767cd7-5af5-4ad4-84a1-d293d2e49669,Description of the Caretaker's Actions,فلمّا كان من الغد من ذلك اليوم برم الرجل بمكانه واستوحش لتفرّده في ذلك المكان فترك الثور ولحق التاجر فأخبره أنّ الثور قد مات,فلمّا كان من الغد برم الرجل بمكانه وترك الثور ولحق بالرجل فأخبره أنّ ثوره قد مات,وتركه على حاله وأسرع إلى بيدبا وأخبره أنّه قد مات,فلمّا كان من الغد ضجر الأجير بما أصابه فلحق بالتاجر وترك الثور وأخبره أنّ الثور قد مات,فلمّا كان من الغد أبرم الرجل بمكانه فترك الثور ولحق بصاحبه وأخبره أنّ الثور ...,فلمّا بات الرجل بذلك المكان تبرّم به واستوحش فترك الثور والتحق بالتاجر فأخبره أنّ الثور قد مات,فلمّا كان من الغد أبرم الرجل بمكانه فترك الثور ولحق بالتاجر فأخبره أنّ الثور قد مات,فلمّا كان *الغد من ذلك اليوم ترك †الرجل الثور ولحق التاجر فأخبره أنّ الثور قد مات,فلمّا كان من غد ذلك اليوم برم الرجل بموضعه فترك الثور ولحق بالتاجر فأخبره أنّ الثور قد مات,ויפקד הסוחר עם סחורתו. והנער רץ לקראתו. ויאמר מת שנובה ברוב חילו. כחש לו. ושנובה מעמק אל עמק סבב. עד אשר מצא כר נרחב. ויהי מתעדן בכר ואוכל עשב. ולא עבר בו לא ענל ולא כשב. להיות ממנו מה שנזנר עליו. כי אין מברח לאיש מפני הדבר שנזנר עליו.,فلمّا كان من الغد برم الرجل بمكانه فترك الثور على حاله ولحق الرجل فأخبره أنّ الثور قد مات,فلمّا أصبح الرجل يبرم بمكانه وترك الثور ولحق بالرجل التاجر وأخبره أنّ الثور قد مات
28,f2ffdbb5-72de-4525-b3f8-817ee3ddaa30,Caretaker's Philosophical Reflection on Fate,وقال له إنّ الإنسان إذا انقضت مدّته وحانت منيّته فهو وإن اجتهد في التوقّي والحذر من الأمور التي يخاف منها الهلاك على نفسه لم يغن ذلك عنه شيئًا ولم يصل إلّا إلى العناء وربّما عاد اجتهاده في توقّفه وحذره عليه بعطبه فيهلك,,,,,وقال له إنّ الإنسان إذا انقضت مدّته وحانت منيّته فهو وإن اجتهد في التوقّي من الأمور التي يخاف فيها على نفسه من الهلاك لم يغن ذلك عنه شيئًا وربّما عاد اجتهاده في توقّيه وبالًا عليه,وقال له إنّ الرجل إذا انقضت مدّته وحانت منيّته فهو وإن اجتهد في التوقّي والحذر من الأمور الذي يخاف فيها على نفسه لم يقدر أن يدفع منها شيئًا ولم يصير إلّا إلى العناد وربّما عاد اجتهاده في توقّيه وحذره من الأمر الذي منه حذر فيعطب ويهلك,,,,,
29,ba474be1-bdaa-4265-9e8e-6052ba04037b,First Subtable of Man and Wolf (First Beginning),كالذي قيل إنّه سلك مفازة مشهورة بسكنى السباع وهي مخوفة بهم فخرج إليها ولم يمنعه الخوف من الخروج إليها,,,,,كالذي قيل إنّ رجلًا سلك مقازة فيها خوف وكان الرجل خبيرًا بوعث تلك الأرض وخوفها,كالرجل الذي قيل إنّه سلك مفازة خوف السباع وكان الرجل قد علم بخوف تلك المفازة ولم يمتنع من الخروج إليها,,,,,
30,45085cbf-1bb9-46d3-80b0-e2bf4cf6cb5d,Ox's Realization of Being Alone,,,وإنّ شتربة التفت يمينًا ويسارًا ولم ير أحدًا,,,,,,,,,
31,f7caaf2b-e8a0-41b8-b3ea-8b7f9c7a66a2,Ox's Journey to a Lush Meadow,ولمّا ترك الرجل شتربة وولّى انبعث الثور من مكانه فلم يزل يرتاد ويدبّ قليلًا قليلًا حتّى انتهى إلى موضع ذي مرج واسع مخصب كثير الماء والمرعى غزير العشب والكلأ,ثمّ إنّ الثور انبعث من مكانه فلم يزل يدبّ حتّى انتهى إلى مرج مخصب كثير العشب,,ولم يزل الثور يدبّ حتّى انتهى إلى مرج مخصب كثير الماء والكلأ,انبعث من مكانه فلم يزل يدبّ حتّى انتهى إلى مرج مخصب كثير الماء والعشب,وأمّا الثور فإنّه خلص من مكانه وأبعث فلم يزل في مرج مخصب كثير الماء والكلاء,,ثمّ إنّ الثور انبعث من مكانه فلم يزل يدبّ حتّى انتهى إلى مرج مخصب كثير الماء والعشب,ثمّ أنّ الثور انبعث من مكانه فلم يزل يدبّ نحو مرج مخصب كثير الماء والمرعى ثمّ انتهى إليه,,ثمّ إنّ شتربة انبعث من مكانه ذلك حتّى أتى مرجًا خصيبًا,ثمّ إنّ الثور انبعث من مكانه فلم يزل حتّى انتهى إلى مرج أفيح مخصب كثير الماء
32,0d53cb55-67ef-42e3-9754-20febe72bf79,Ox Settling in the Meadow,,,,فأقام فيه,,,,,,,,
33,5107856c-64dc-41b5-bb7e-f580e3bf09c3,Ox's Physical Transformation,,,,,فأكل وسمن وبطن وجعل يحكّ برأسه الأرض ويخور خوارًا شديدًا,,,,,,,
34,6cae25a0-8b82-4818-8f8e-8b8581a17acc,Ox's Encounter with Inevitable Fate,,فدخل في موضع خوف أن يصيبه في ذلك المكان من العراض الذي لم يكن ليخطئه,فخاف أن يصيبه في ذلك المكان من العرض الذي لم يكن ليخطئه سبيلًا,,لما قضى عليه أن يصيبه,,,لمّا قُضي له أن يصيبه من العرض الذي لم يكن ليخطئه,,,لما قضى أن يصيبه في ذلك المكان من الأمد الذي لم [[ىد]] يكن القدر ليخطئه,
35,e0202e72-9222-4b89-b019-e6fe196bebcd,First Subtable of Man and Wolf (Second Beginning),فلم يلبث إلّا قليلًا حتّى عرض له ذئب هو أخبثها وأضراها,مثل ذلك فإنّهم زعموا أنّ رجلًا كان يجزّ حشيشًا فاغتاله ذئب ليأكله فلم يفطن له حتّى دنا منه,فإنّهم زعموا أنّ رجلًا كان يجزّ حشيشًا فقصده ذئب ليأكله فلم ينظر إليه حتّى دنا منه,,فإنّه زعموا أنّ رجلًا كان يجزّ حشيشًا فجلس له ذئبًا ليأكله فلم يفطن به حتّى دنا منه,فلمّا سار غير بعيد اعترضه ذئب من أخذها وأضراها,فلم يمكث إلّا قليلًا حتّى عرض له ذئب أخبثها وأضراها,فإنّهم زعموا أنّ رجلًا يجرّ †حشيشًا فرصده ذئب ليأكله فلم يفطن له الرجل حتّى دنا منه,,כמו האיש שהיה מקושש קש. והנה זאב אליו חש. ויראהו ויירא ולא נשארה נשמה בו. ופחד ורהב לבבו. ויברח עד שהגיע אל הקריה על נהר. ובו נשר נשבר. ויבא בנשר אשר רבו שבריו. והזאב אחריו. ויאמר כלבו הנגשר שבור והנהר עמק ואין אני שוחה. אין לי טוב כי אפול אל הנהר אם אחיה אם אמחה. ויעש כן ואנשי הקריה ראוהו. ויוציאוהו. ומצאוהו כי כשל כחו. ובמעט תצא רוחו. ויספר להם כל צרחו. וכל המוצאות אותו. הוא מספר לאנשי הקריה. ותפול עליו נדר דחויה. ושנובה מתעדן בכך פעם רועה ופעם רוקר ופעם בועט ופעם ער ופעם ישן. ואכל ושבע ודשן. עד אשר במערנים נפשו נאה. והוא לא ידע כי נונעת אליו הרעה. ואריה אחד היה אצל הכר מלך על כל החיות. ועמו נרודים ציים ואיים שועלים ודיות. והאריה הוא נבה לב ונאה. ובשמעו קול שנובה נהפך לבו שפל ונכאה. והשתנו פניו פתאם. כי לא שמע כמו זה הקול מתמול שלשם. וישאר סר וועף. ורפה מתנים וייעף. ויאמרו לו עבריו ויועציו. ושריו ושלישיו. הקרובים והמיודעים. מדוע פני אדוננו רעים. וכאשר היה לבנו נרבה ונשבר. לא ענה אותם דבר. ושם נקראו שני בני איים. אשר בהם כח לעמוד לפני האריים. שם האחד כלילה ושם השני דמנה. יודעי דעת ומדע ובינה. אבל דמנה היה נבה לב חכם להרע. ויאמר דמנה לכלילה. אחי הלא תראה האריה דואג ואנוש. ממקומו לא ימוש. ולא ישוט לטרוף טרפה. אין זאת כי אם לבו רגן ונפשו עיפה. ויען כלילה ויאמר אחי מי הביאך בנסתרות המלכים לעמוד. הרחוקות ממך מאד. הרחק מחשבות רעות מלבך. פן יהיו למוקש בקרבך. ושים נפשך מדברי המלכים רחוקה. ולא תהיה זאת לך לפוקה. הנה אנחנו בשער מלכנו יושבים. ונשבע לחם ונהיה טובים. ולא אנחנו ממשפחות. האחשתרנים והפחות. לדבר בדברי מלכותם. ולעמוד במועצותם. וכל מתהלך בגדולות ובנפלאות ממנו. תקוה לכסיל ממנו. ודע כי פועל או דובר אשר לא יתכן לו. יקרהו כמקרה הקוף בסכלו. ויאמר דמנה איכה היה הדבר. ויאמר כלילה אמרו כי קוף ראה חרש מנורר קורה. והוא עלה ובירו המגרה. ינורר אמה. וישים יתד שמה. ויחשבהו הקוף פרש רוכב סוס. וכאשר הלך המגורר לצרכו. לעשות דרכו. עלה הקוף וישב על הקורה. והסיר אחר יתד אחר מקום המגרה. ויבא במקום היתר מבושיו. ויפל בפח יקושיו. ויבא המגורר. ולהכותו התעורר. עד אשר פור התפורר. ויאמר דמנה שמעתי חידתך. והבנתי מליצחק. ולא כל מבקש קרבת מלכים. ועבודת נסיכים. ולא כל אשר מעלה רמה יתאב. למלא נפשו כי ירעב. כי בטן כל תם במעט פת תמלא או במעט בשר. ובטן רשעים תחסר. אבל יבקצו נדיבים מעלה לשמח בה אוהביהם. ולהבאות,فإنّهم يزعمون أنّ رجلًا كان يحرز حشيشًا فقصد إليه ذئب فلم يفطن الرجل حتّى دنا,
36,1596a739-fb5b-4c5b-b36e-367f5031fd3d,Man's Escape Attempt from the Wolf,فلمّا نظر الرجل إلى الذئب قاصدًا نحوه خافه فنظر يمينًا وشمالًا يطلب موضعًا يختبئ فيه من الذئب فلم ير قريبًا من ذلك المكان إلّا قرية خلف واد فمضى متوجّهًا نحو القرية والوادي يعدو عدوًا متداركًا,فلمّا رآه اشتدّ وجله منه وخرج هاربًا نحو قرية على شاطئ نهر فلمّا انتهى إلى النهر وجد عليه قنطرة منكسرة ورهقه الذئب,فلمّا رآه اشتدّ وجله وخرج هاربًا حتّى أتى قريةً على شاطئ نهرٍ فلمّا انتهيا إلى النهر وجد عليه قنطرة مكسورة وزهقه الذئب,,فاشتدّ وجل الرجل فخرج هاربًا نحو قرية على نهر فلمّا انتهى إلى النهر وجد عليه قنطرة مكسورة ورهقه الذئب,فلمّا رأى الرجل الذئب خافه ونظر يمينًا وشمالًا يجد موضعًا يتحرّز فيه من الذئب فلم ير إلّا قرية بخلف واد فذهب مسرعًا نحو القرية,فلمّا نظر الرجل إلى الذئب قاصدًا نحوه خافه ونظر يمينًا وشمالًا يطلب موضعًا يتحرّز فيه من الذئب فلم يرقب في ذلك الموضع إلّا قرية خلف واد فمضى متوجّهًا نحوها,فلمّا عاينه اشتدّ وجله ونهض هاربًا نحو قرية على شاطئ نهر فلمّا انتهى إلى النهر وجد عليه قنطرة منكسرة ورهقه الذئب,,ויראהו ויירא ולא נשארה נשמה בו. ופחד ורהב לבבו. ויברח עד שהגיע אל הקריה על נהר. ובו נשר נשבר. ויבא בנשר אשר רבו שבריו. והזאב אחריו.,فلمّا رآه الرجل اشتدّ وجله وخرج هاربًا نحو قرية على شاطئ نهر فلمّا انتهى إلى النهر وجد عليه قنطرة مكسورة وأرهقه الذئب,
37,1a8c7643-3014-45b4-a5b0-87be4c705ff8,Man's Dilemma at the River,ولمّا بعد الرجل من الذئب رأي بين يديّه ماء وكان لا يُحسن السباحة,فقال في نفسه كيف أصنع وهذا الذئب يتلوني والنهر عميق والقنطرة منكسرة {وأنا} لا أحسن السباحة غير أنّ أحرز الأشياء أن ألجئ نفسي إلى الماء,فقال كيف أصنع الذئب يتلوني والنهر عميق والقنطرة مكسورة وأنا لا أحسن السباحة فأفضل لي الماء أن أقع فيه,,فقال كيف أمتنع منه وقد لحقني والقنطرة مكسورة وأنا لا أحسن السباحة غير أنّي لا أجد بدًّا من الحيلة لنفسي وإلّا هلكت,فلمّا أتى الوادي لم ير عليه قنطرة,,فقال له كيف أمتنع من الذئب والنهر عميق وأنا لا أحسن السباحة غير أنّي ألقي بنفسي في الماء,,ויאמר כלבו הנגשר שבור והנהר עמק ואין אני שוחה. אין לי טוב כי אפול אל הנהר אם אחיה אם אמחה.,فقال كيف أصنع النهر عميق ولست أحسن السباحة والذئب يأكلني إلّا أنّي على حال لا أجد شيئًا أحرز لي من أن ألقي بنفسي إلى الماء,
38,416fd751-c075-4c0c-8d63-ce794ffa4c3c,Man Jumping into the River and Rescue,فحمله الخوف من الذئب على أن ألقى نفسه في الماء إذ لم يكن قنطرة تعدّيه إلى الجانب الآخر فكاد أن يغرق فبصر به قوم من الجانب الآخر فأخرجوه وهو مشرف على الهلاك,فوقع فيه فرآه أهل القرية فأرسلوا إليه من استخرجه بعد أن أشرف على العطب,ففعل ذلك فرآه أهل القرية فأرسلوا من استخرجه وقد أشرف على الهلكة,,فرمى نفسه في النهر واضطرب فيه فرآه أهل القرية فأرسلوا من أتاهم به وقد أشرف على الهلكة,ورأى الذئب قد أدركه فألقى نفسه في الماء وهو لا يحسن السباحة وكاد أن يغرق لولا أن بصر به قوم من أهل القرية فتواقعوا لإخراجه فأخرجوه وقد أشرف على الهلاك,وخاض في ذلك الوادي في وسط الماء وهو لا يحسن السباحة وكاد أن يغرق فبصر به قوم فاحتالوا لإخراجه فأخرجوه مشرفًا على الهلاك,فوقع في الماء فرآه أهل القرية فأرسلوا إليه من استخرجه وقد أشرف على الهلكة,,ויעש כן ואנשי הקריה ראוהו. ויוציאוהו. ומצאוהו כי כשל כחו. ובמעט תצא רוחו.,فرمى بنفسه من القنطرة في النهر فرآه أهل القرية فأخرجوه وقد أشرف على الهلاك,
39,5330e238-b51c-4b6c-b539-e69e09a88569,Man's Temporary Safety,فلمّا وصل ذلك الجانب وأمن على نفسه من الذئب,,,,,فلمّا حصل الرجل عندهم وأمن على نفسه من عائلة الذئب,فلمّا حصل خلف الوادي وأمن على نفسه من الذئب,,,,,
40,7f3d54dc-85ab-4fea-a5a6-744fc0d59e50,Man Entering an Isolated House,رأى هناك بيتًا مفردًا فقال في نفسه أدخل هذا البيت فأستريح ساعة ثمّ أنصرف فيما بعد إلى القرية,,,,,رأى على شطّ الوادي بيتًا مفردًا فقال أدخل هذا البيت فاستغيث به,رأى على شاطئ الوادي بيتًا مفردًا فقال في نفسه أدخل هذا البيت فأستريح فيه ساعة وأصير إلى القرية,,,,,
41,9a746622-d3ed-4178-9926-1f90c75c755b,Encounter with Thieves in the House,فلمّا دخل البيت وجد فيه لصوصًا قد أخذوا تاجرًا فسلبوه ما كان معه وهم يناوشونه القتل وقد أضجعوه ليقتلوه,,,,,فلمّا دخله وجد فيه جماعة من اللصوص قد قطعوا الطريق على رجل من التجّار وهم يقتسمون ماله ويريدون قتله,فلمّا دخل البيت وجد فيه لصوصًا قد قطعوا الطريق على رجل من التجار فأخذوا ماله وهمّوا بقتله,,,,,
42,262628b1-20e8-40b4-8bb8-583086320942,Man Flees to Another Village,فلمّا بصروا بالرجل همّوا به فرجع القهقرى وقد كادت روحه أن تزهق فزعًا وخوفًا ممّا رأى فسار حتّى دخل قرية أخرى,,,,,فلمّا رأى الرجل ذلك خاف على نفسه ومضى نحو القرية,فهرب من اللصوص ومضى يطلب القرية,,,,,
43,ed54473f-937f-4237-86e0-38e656ee9d08,Man Resting Against a Wall,ووصل إلى أوّل حائط فيها فأسند ظهره ليستريح ممّا مرّ عليه من الفرق والإعياء,فأتاهم فاستند إلى حائط,ثمّ أتوا به إليهم فاستند إلى حائط,,فجلس تحت حائط,فأسند ظهره إلى حائط من حيطانها ليستريح ممّا مرّ به من الهول والإعياء,فأسند ظهره إلى حائط من حيطانها يستريح ممّا مرّ في من الإعياء والأهوال,,,,فلمّا أن صار إليهم تساند إلى حائط,
44,1eca7f9c-ead8-4540-b285-a4fcc3de2951,Man's Escape from Previous Dangers,,,,,,,,ونجا من الذئب ومن الغرق,,,,
45,74483a51-cc4b-44ca-bfe9-7d2e98687f17,Man Recounting His Experiences,,,فلمّا أفاق من ذلك أخذ يحدثهم بما لقي من عظيم الهول وما خلّصه الله منه,,فلمّا أفاق أخذ يحدّثهم حديثه وما لقي وكيف أخلصه الله عزّ وجلّ من الذئب,,,فلمّا أفاق حدّثهم بما لقي,,ויספר להם כל צרחו. וכל המוצאות אותו. הוא מספר לאנשי הקריה. ותפול עליו נדר דחויה.,فجعل يحدّثهم بما رأى وعظيم ما خلّصه الله منه,
46,68599345-b84e-44c6-af5f-d918b218f091,Wall Collapsing and Killing the Man,فوقع الحائط عليه فقتله فمات وفات,وجعل يحدّثهم إذ انهدم عليه الحائط فقتله,فبينما هو على ذلك إذ انهدم عليه الحائط فقتله,,فبينما هو في حديثه إذ سقط عليه الحائط فقتله,إذ سقط الحائط عليه فمات,فسقط الحائط عليه فمات,فبينما هو كذلك إذ تهدّم عليه حائط فقتله,,,فبينما هو كذلك إذ تهدّم عليه الحائط فقتله,
47,1b96b839-6c52-4cc9-bfb1-2c4a46b6a56f,Merchant Acknowledging the Story,فقال التاجر صدقت فقد بلغني هذا الحديث,,,,,قال التاجر صدقت قد بلغني هذا الحديث,قال التاجر صدقت قد بلغني هذا الحديث,,,,,
48,9759fbce-c8ef-414f-8b3c-224669f624f8,Merchant's Acceptance of Ox's Fate,واستخلف شتربة عند الله متعزّيًا بما سمع من ذلك الرجل,,,,,,وتعزّى التاجر,,,,,
49,e116cf74-dc72-429e-a8e1-3a0e59fce15b,Ox Enjoying Abundant Food and Water,فلمّا انتهى إليه أكثر به الأكل من ذلك العشب والشرب من بارد الماء,,,,,,ثمّ إنّ الثور انبعث من مكانه فلم يزل يدبّ حتّى انتهى إلى مرج مخصب كثير الماء,,,ושנובה מתעדן בכך פעם רועה ופעם רוקר ופעם בועט ופעם ער ופעם ישן.,,
50,b4bce3d1-c05d-4240-a3aa-eabb6a5d68c9,Ox's Physical Transformation and Attitude Change,فلم يلبث شتربة زمنًا قليلًا حتّى نصل ممّا كان قد أصابه من الأذى وزها لونًا وازداد حسنًا ورأى نفسه بمكان خال من الحسّاد والأعداء فازداد بطرًا,ثمّ إن شتربة لم يلبث أن عبل وسمن وبطن فرفع صوته بالخوار,قال ثمّ إنّ شتربة لم يلبث إلّا أن ارتبع وشبع وحسن حاله,فلم يلبث أن عكن شحمًا ولحمًا فلم يزل على ذلك حتّى أشر وبطر,ثمّ إنّ شتربة لم يلبث أن تعكّن شحمًا ولحمًا,فلمّا سمن وأمن,فلم يلبث أن سمن وعكن شحمًا,ثمّ إنّ شتربة لم يلبث أن عكن شحمًا,فلم يلبث أن امتلأ شحمًا فأشر وبطر,ואכל ושבע ודשן. עד אשר במערנים נפשו נאה. והוא לא ידע כי נונעת אליו הרעה.,ثمّ إنّ شتربة لم يلبث أن عكّر لحمًا وشحمًا,فلم يلبث أن حمل شحمًا ولحمًا فأشر وبطر
51,c44ae2da-280f-4697-8ee5-462dbef272f3,Ox's Prideful Thoughts,وسرح ومرح وقال قد ملكت الدنيا فمن يقدر عليّ الآن أو من يصل إليّ في هذا المكان,,,,,,,,,,,
52,532aee51-cc1f-480f-b982-81158c79f5bd,Repetition of Previous Events (Possibly an Error),[[فلمّا رآه اشتدّ وجله وخرج هاربًا نحو قرية على شاطئ النهر فلمّا انتهى إلى ذلك النهر وجد عليه قنطرة مكسورة ورهقه الذئب فقال كيف أصنع الذئب يطلبني والنهر عميق والقنطرة مكسورة ورهقه الذئب وأنا لا أحسن السباحة غير أنّه ليس لي إلّا أن أرمي بنفسي في هذا النهر فرمى بنفسه فأبصره أهل القرية فأرسلوا إليه من استخرجه وقد أشرف على الهلكة ثمّ أتى به فاستند إلى حائط فلمّا أفاق جعل يحدّثهم بما لقي من عظيم الهول وكيف خلّصه الله تعالى فبينما هو على ذلك إذ سقط عليه الحائط فقتله ثمّ إنّ شتربة لم يلبث أن سمن و]],,,,,,,,,,,
53,bafe845e-2b56-4bc2-bf5f-8afb1f80fe76,Ox's Loud Bellowing and Behavior,فخار ورفع صوته بالخوار,,فرفع صوته يومًا,وجعل يزر قريته في الأرض وينشرها ويخور فيرفع صوته بالخوار,وجعل يحكّ بقرنيه الأرض ويخور خوارًا شديدًا برفيع صوته,جعل يخور ويرفع صوته بالخوار يطلب البقرات,ولم يزل يزر قرنيه في الأرض ويجؤر ويرفع صوته بالجؤار,وجعل يحكّ قرنه الأرض وهو يخور ويرفع صوته بالخوار في الغوطة,وجعل يحكّ قرنيه بالأرض ويخور ويرفع صوته بالخوار,,ورفع صوته وخار,فجعل يخور ويرفع صوته بالخوار ويبحث الأرض بقرنيه
54,480d183a-43f3-4e86-9abe-bcc3147bbd1c,The Lion’s Domain ,,,,,,,,,,,,
55,fd4851bb-508b-4cdf-a1e7-9fd73751c361,The Lion and His Animal Subjects,{وكان} بقربه أسد هو ملك تلك السباع التي في تلك الناحية ومعه سباع كثيرة من الذئاب [والذئبة] وبنات آوى والثعالب وغير ذلك,وقربه أسد هو ملك تلك الناحية ومعه سباع كثيرة من الذئاب والدببة وبنات آوى والثعالب وسائر السباع,وكان قربه أسد وكان ملك سباع تلك الناحية ومعه سباع كثيرة ومن الذئاب والثعالب وبنات آوى وغير ذلك من الوحش,وكان بقربه أسد هو ملك السباع بتلك الناحية معه سباع كثيرة من أجناس السباع,وكان قريبًا منه أسد هو ملك تلك الأرض ومعه سباع كثير ومن الذئاب وبني آوى ومن الثعالب وسائر الوحوش,وكان قريبًا منه أجمّة فيها أسد عظيم وهو ملك الناحية ومعه سباع كثيرة وذئاب وبنو آوى وثعالب وفهود ونمور,وكان قربه أسد هو ملك تلك الناحية ومعه سباع كثيرة من الذئاب وبنات آوى وسائر أصناف الوحوش,وكان بقربه أسد وهو مَلك تلك الناحية ومعه سباع كثيرة من الذئاب وبنات آوى ومن †الدببة ومن الثعالب وسائر الوحوش,وكان بقربه أسد وهو مَلك الناحية ومعه سباع كثيرة ومن الذئاب وبنات آوى والثعالب وسائر السباع,ואריה אחד היה אצל הכר מלך על כל החיות. ועמו נרודים ציים ואיים שועלים ודיות.,وكان فوقه أسد كان ملك سباع تلك الناحية ومعه سباع كثيرة من الذئاب والذئبة وبنات آوى وغير ذلك,وكان بالقرب منه أسد قد ملك تلك الناحية ومعه سباع كثير من الذئاب والثعالب وبنات آوى وغير ذلك
56,9196c42b-4fde-4187-9b6d-79a38f07adbc,Lion's Overconfidence and Poor Judgment,[وكان] الأسد مغرورًا برأيه مكتفيًا به,وكان مزهوًّا مكتفيًا برأيه ورأيه غير كاف,,وكان الأسد مزهوًا منفردًا برأيه ورأيه غير كامل,وكان ذلك الأسد منفردا برأيه معجبًا بنفسه وبطشه,وكان هذا الأسد منفردًا برأيه دون أخذ ورأي أحد من أصحابه,وكان الأسد منفردًا برأيه مزهوًّا به وكان رأيه غير كامل,وكان الأسد مرهوبًا منفردًا برأيه غير كاف,وكان الأسد ممّن هو منفرد برأيه غير كاف,והאריה הוא נבה לב ונאה. ובשמעו,وكان الأسد مزهوًّا [[جـ]] برأيه منفردا به,وكان الأسد يزهي بنفسه منفردًا برأيه وكان ضعيف الرأي
57,045227d6-42a1-4bea-9b10-2d1ca3f0a4be,Lion Walks Toward Entrance,,,,,,,,,,,,
58,5c09ef5c-4ad0-45b9-9d67-b3e9b07f5511,Lion's Reaction to Unfamiliar Sound,فسمع ذلك الخوار فرعب رعبًا شديدّا,وإنّ الأسد لمّا سمع الخوار خوار الثور ولم يكن رأى ثورًا قطّ ولا سمع خواره رعب,فسمع الأسد خوار الثور ولم يكن رأى ثورًا قطّ قبل ذلك ولا سمع خواره فرعب الأسد من ذلك رعبًا شديدًا وعظم ذلك عليه,وإنّ الأسد لمّا سمع خوار الثور ولم يكن رأى ثورًا قط ولا سمع خواره رعب,وإنّ الأسد سمع خوار الثور ولم يكن رأى ثورًا قطّ ولا سمع خواره فرعبه,فلمّا سمع خوار الثور ولم يكن رأى ثورًا قطّ ولا سمع خواره,وإنّ الأسد لمّا سمع جؤار الثور ولم يكن رأى ثورًا قطّ ولا سمع جؤاره رعب,قال وإنّ الأسد لمّا سمع خوار الثور ولم يكُ رأى ثورًا قطّ ولا سمع خواره رعب منه رعبًا شديدًا,وإنّ الأسد لمّا سمع خوار الثور ولم يكن رأى ثورًا قطّ ولا سمع خواره رعب,קול שנובה נהפך לבו שפל ונכאה. והשתנו פניו פתאם. כי לא שמע כמו זה הקול מתמול שלשם. וישאר סר וועף. ורפה מתנים וייעף. ויאמרו לו עבריו ויועציו. ושריו ושלישיו. הקרובים והמיודעים. מדוע פני אדוננו רעים. וכאשר היה לבנו נרבה ונשבר. לא ענה אותם דבר. ושם נקראו שני בני איים. אשר בהם כח לעמוד לפני האריים. שם האחד כלילה ושם השני דמנה. יודעי דעת ומדע ובינה. אבל דמנה היה נבה לב חכם להרע. ויאמר דמנה לכלילה. אחי הלא תראה האריה דואג ואנוש. ממקומו לא ימוש. ולא ישוט לטרוף טרפה. אין זאת כי אם לבו רגן ונפשו עיפה. ויען כלילה ויאמר אחי מי הביאך בנסתרות המלכים לעמוד. הרחוקות ממך מאד. הרחק מחשבות רעות מלבך. פן יהיו למוקש בקרבך. ושים נפשך מדברי המלכים רחוקה. ולא תהיה זאת לך לפוקה. הנה אנחנו בשער מלכנו יושבים. ונשבע לחם ונהיה טובים. ולא אנחנו ממשפחות. האחשתרנים והפחות. לדבר בדברי מלכותם. ולעמוד במועצותם. וכל מתהלך בגדולות ובנפלאות ממנו. תקוה לכסיל ממנו. ודע כי פועל או דובר אשר לא יתכן לו. יקרהו כמקרה הקוף בסכלו. ויאמר דמנה איכה היה הדבר. ויאמר כלילה אמרו כי קוף ראה חרש מנורר קורה. והוא עלה ובירו המגרה. ינורר אמה. וישים יתד שמה. ויחשבהו הקוף פרש רוכב סוס. וכאשר הלך המגורר לצרכו. לעשות דרכו. עלה הקוף וישב על הקורה. והסיר אחר יתד אחר מקום המגרה. ויבא במקום היתר מבושיו. ויפל בפח יקושיו. ויבא המגורר. ולהכותו התעורר. עד אשר פור התפורר. ויאמר דמנה שמעתי חידתך. והבנתי מליצחק. ולא כל מבקש קרבת מלכים. ועבודת נסיכים. ולא כל אשר מעלה רמה יתאב. למלא נפשו כי ירעב. כי בטן כל תם במעט פת תמלא או במעט בשר. ובטן רשעים תחסר. אבל יבקצו נדיבים מעלה לשמח בה אוהביהם. ולהבאות,فسمع ذلك الصوت [[ولم]] يكن رأى ثورًا قطّ ولا سمع خواره فرعب منه,وإنّ الأسد لمّا سمع خوار الثور ولم يكن رأى ثورًا قط ولا سمع خواره فارتعب من ذلك
59,c60d8f1d-845a-484f-a6fc-a04e46352df2,Lion's Stationary Lifestyle,,,,,,لأنّه كان مقيمًا مكانه لا يبرح بل يؤتى رزقه على يد جنده,,,,,,
60,8b3510b4-944d-4837-8d27-f9c3c15a08c5,"Concerned for Appearance, Lion Stays Immobile",وأكبر أن يفطن لذلك جنده ثمّ اندفع من مكانه,وكره أن يفطن لذلك جنده فأقام مكانه,قال وكره الأسد أن يفطن به جنده عند ذلك فلم يبرح من مكانه,وكره أن يفطن بذلك جنده فأقام بمكانه لا يبرح,وكره أن يفطن لذلك جنده فيقع من عيونهم فأقام مكانه يكتمهم أمره,,وكره أن يفطن لذلك جنده وأقام بمكانه,وكره أن يفطن بذلك جنده وأقام مكانه,وكره أن يفطن لذلك جنده وأقام مكانه,,وكره ينطق لذلك جنده فلم يبرح من مكانه,وكره أن يفطن بذلك جنده فأقام مكانه
61,65aa2a2e-6145-4876-afed-8a38a8880be0,Scene 1. Kalila and Dimna on Their Status at Court,,,,,,,,,,,,
62,20da7eff-5e03-4b75-803e-66c4bc7a1b1e,Introduction of Kalila and Dimna,وكان فيمن معه ابنا آوى يُقال لأحدهما كليلة وللآخر دمنة,وكان ممّن معه ابنا آوى يُدعى أحدهما كليلة والآخر دمنة,وكان ممّن معه ابن آوى وأخوان يقال لأحدهما كليلة والآخر دمنة,ممّن معه أبناء آوى يُقال لأحدهما كليلة والآخر دمنة,وكان فيمن كان معه ابنا *آوى وكان يدعى أحدهما كليلة والآخر دمنة,وكان فيمن معه من السباع ابن آوى يقال لأحدهما كليلة والآخر دمنة,وكان معه من السباع ابني آوى يُدعى أحدهما كليلة والآخر دمنة,وكان فيمن معه ابنا آوى يُدعى أحدهما كليلة والآخر دمنة,وكان فيمن معه ابنا آوى يُدعى أحدهما كليلة والآخر دمنة,,وكان فيمن معه من بنات آوى أخوان يقال لأحدهما كليلة والأخرى دمنة,وكان معه من جنده ابني آوى يُدعى أحدهما كليلة والآخر دمنة
63,06b16a83-e073-4d51-b44e-ef26ddc78876,Kalila and Dimna's Characteristics,وكانا ذو دهاء ومكر,وكلاهما ذوا دهاء وأدب,وكانا ذو دهاءٍ وحيلة وأدب وفطنة,وكلاهما ذوا ذب ودهي,وكلاهما ذوا دهاء وإرب,وكانا ذا دهاء وعلم وأدب,وكلاهما كانا ذا دهاء ومكر وأدب,وكلاهما كانا ذا دهاء وأدب,وكلاهما كانا ذا دهاء وأدب,,وكانا ذوي دهاء,وكان كلاهما ذات دهاء
64,d54301b6-afbc-4bf2-bb5a-76d61c03ab9c,Dimna's Ambitious Nature,وكان دمنة أشدّهما شرًّا ولم يكن يرضى كليلة بحاله,وكان دمنة أشرّهما نفسًا وأبعدهما همّة وأقلّهما رضى بحاله,وكان دمنة أشرّهما وأمكرهما,وكان دمنة أشرههما نفسًا وأشدّهما نطقًا إلى الأشياء,وكان أشرّهما نفسًا دمنة وأبعدهما همّة وأقلّهما رضًا بحاله كليلة,,وكانه دمنة أشرّهما نفسًا وأبعدهما همّة وأقلّهما رضى بحاله,وكان دمنة أشرفهما نفسًا وأبعدهما همّة وأقلّهما رضى بحاله,وكان دمنة أشرفهما نفسًا وأبعدهما همّة وأقلّهما رضاء بحاله,,وكان دمنة أشرّهما نفسًا وأبعدهما همّة وأقلّهما رضًا بالحالة التي كانا عليها,وكان دمنة أشرّهما نفسًا
65,e030572a-9e69-47b5-a432-8b44feb035e8,Lion's Unfamiliarity with Kalila and Dimna,لم يكن الأسد عرفهما,ولم يكن الأسد عرفهما,ولم يكن الأسد عرف بهما,ولم يكن الأسد عرفهما,ولم يكن الأسد عرّفهما بحاله,,ولم يكن الأسد عرفهما قطّ,ولم يكن الأسد عرفهما,ولم يكن الأسد عرفهما,,ولم يكن الأسد عرفهما قبل ذلك,ولم يكن الأسد عرفهما
66,4693425a-0528-4c59-afb1-5dbb84d213d3,Kalila and Dimna's Living Situation,,,,,,,,,,,,وكانا مقيمين في مكان واحد
67,0e81fe6f-9b67-4687-bb20-09aa49a63378,Dimna's Observation of Lion's Behavior,فقال دمنة لكليلة ما ترى هذا الأسد لا يتحرك من مكانه ولا ينشط كما كان يفعل,فقال دمنة لكليلة ما ترى يا أخي شأن الأسد مقيمًا بمكان واحد لا يبرح ولا ينشط,فقال دمنة يومًا لكليلة يا أخي أما ترى أنّ الأسد لا يتحرّك من مكانه ولا ينشط,فقال دمنة لكليلة ما ترى يا أخي شأن الأسد مقيم بمكانه لا يبرح ولا يتسلّط كما كان يفعل,فقال دمنة لكليلة أما ترى يا أخي شأن الأسد مقيمًا في مكان واحد لا ينبسط ولا يبرح فما شأنه,فقال دمنة لأخيه كليلة يومًا يا أخي ما شأن الأسد مقيمًا مكانه لا يبرح ولا ينشط,فقال دمنة لكليلة ما ترى يا أخي شأن الأسد مقيمًا بمكان واحد لا يبرح ولا ينشط لأمره,فقال دمنة لكليلة ما ترى يا أخي شأن الأسد مقيمًا في مكان واحد لا ينشط ولا يبرح,فقال دمنة لكليلة ما ترى يا أخي شأن الأسد مقيمًا في مكان واحد ولا ينبسط,,قال دمنة ما ترى يا أخي في شأن هذا الأسد مقيمًا لا يتحرّك من مكانه ولا ينبسط كما كان يفعل,فقال دمنة لكليلة يا أخي ما ترى هذا الأسد مقيمًا في مكان واحد لا يبرح منه
68,fa429729-01e6-468f-a03f-e33c6f15c9b5,Kalila's Caution about Meddling,فقال كليلة ما شأنك والمسألة عمّا لا يعنيك,فقال كليلة بل ما شأنك وشأن المسألة عمّا ليس من شأنك,فقال كليلة ما شأنك والمسألة عمّا لا يعنيك,فقال كليلة بل مالك وللمسألة عن ما شأنك,قال كليلة بل ما شأنك أنت والمسألة عمّا ليس لك بغناء به,قال له كليلة ما شأنك أنت والمسألة عن هذا,فقال كليلة بل ما شأنك وشأن المسألة عمّا ليس من شأنك,قال كليلة ما شأنك وشأن المسألة عمّا ليس يعنينا,قال كليلة بلى وما شأنك وشأن المسألة عمّا ليس لك,,قال له كليلة وما شأنك والمسألة عمّا لا يعنيك,فقال له كليلة وما شأنك وشأن المسائلة عمّا لا يعنيك
69,06c671df-933d-4434-be07-ad882744f338,Dimna's Perspective on Serving Kings,ونحن بباب ملكنا لا نعدم ما نأكل ولسنا من أهل المرتبة التي ينال أهلها كلام الملوك,أمّا نحن فحالنا حال صدق ونحن على باب مَلكنا واجدون ممّا نأكل ولسنا من أهل المرتبة التي تتناول كلام الملوك وينظرون في أمورهم ويفحصون عمّا غاب عنهم منهم,أمّا أحوالنا فصالحة وأمورنا فجميلة ونحن بباب ملكنا مقيمين ولسنا من أهل المرتبة التي يتناول أهلها كلام الملوك وينظرون في أمورهم,أمّا نحن فحالنا حال صدق ونحن بباب ملكنا ونجد ما نأكل ولسنا من أهل الطبقة التي يتناول أهلها كلام الملوك وينظرون أمورهم,أمّا نحن فحالنا حال صدق ونحن على باب ملكنا واجدون ما نأكل ونشرب ولسنا من أهل المرتبة التي يتناول أهلها كلام الملوك والنظر في أمورهم والمشورة عليهم,ونحن بباب آوى وهذا ملكنا آخذين بما أحبّ وتاركين لما يكره ولسنا من أهل المرتبة التي يتناول بها أمر كان من أمر الملوك والنظر في أمورهم,أمّا نحن فحالنا حال صدق ونحن على باب ملكنا واجدون لما نأكل ولسنا من الطبقة التي يتناول أهلها الكلام من الملوك وينظرون في أمورهم,أمّا نحن فحالنا حال صدق ونحن على باب مَلكنا واجدون لما نأكل ونشرب ولسنا من أهل المرتبة التي يتناول أهلها كلام الملوك وينظرون في أمورهم,أمّا نحن فحالنا حال صدق ونحن على باب مَلكنا واجدون لما نأكل ولسنا من أهل المرتبة التي يتناول أهلها كلام الملوك وينظرون في أمورهم,,أمّا حالنا هذا خير حال ونحن بباب ملكنا واجدون ما نريد وليس يعدمنا ما نأكل ولسنا من أهل المرتبة التي يتناول أهلها كلام الملوك وينظرون في أمورهم,أمّا نحن فعلى حال صالحة نبات مكاننا ونجد ما نأكله ولسنا من أهل المرتبة التي تناول أهلهما كلام الملوك وينظرون في أمورهم
70,fabf2d67-c67e-410d-b0c0-ab1daa6c758d,Kalila's Warning and Monkey Parable,فاسكت عن هذا واعلم أنّه من تكلّف من القول والعمل ما ليس من شكله أصابه ما أصاب القرد,فاسكت عن هذا واعلم أنّ من تكلّف من الفعل والقول ما ليس من شأنه أصابه ما أصاب القرد,فاسكت عن هذا الأمر واعلم أنّ من تكلّم وتكلّف من القول والعمل شيئًا ممّا ليس بشكله أصابه [[ما]] في ذلك ما أصاب القرد,فاسكت عن هذا واعلم أنّه من تكلّف القول والعمل ما ليس من شأنه أصابه ما أصاب القرد,فاسكت ... من شأنه أصابه ما أصاب القرد,فامسك عن هذا واعلم أنّه من تكلّف في شيء من القول والفعل ما ليس من شأنه أصابه ما أصاب القرد من النجّار,فاسكت عن هذا واعلم أنّه من تكلّف من القول والفعل ما ليس من شأنه ولا صناعته أصابه ما أصاب القرد من النجّار,فاسكت عن هذا واعلم أنّه من تكلّف من القول والفعل ما ليس من شأنه أصابه ما أصاب القرد والنجّار,فاسكت عن هذا الكلام واعلم أنّه من تكلّف من القول والفعل ما ليس من شأنه أصابه ما أصاب القرد من النجّار,,فأمسك عن هذا واعلم أنّه من تكلّف من القول والفعل ما ليس من شكله أصابه ما أصاب القرد إذ تكلّف ما لا يقدر عليه ولا يناله وليس من شكله,فأمسك عن هذا الكلام واعلم أنّه من تكلّف من القول والفعل ما ليس من شأنه أصابه مثل ما أصاب القرد
71,a250e293-7f38-434a-b24e-ef48e6a0cc12,Dimna's Inquiry about the Parable,{قال دمنة وكيف كان ذلك},قال دمنة وكيف كان ذلك,قال دمنة وكيف كان ذلك,قال دمنة وكيف كان ذلك,قال دمنة وما أصاب القرد,قال دمنة وكيف كان ذلك,قال دمنة وكيف كان ذلك,قال دمنة وكيف أخبار القرد والنجّار,قال دمنة وكيف كان ذلك,,قال دمنة وكيف كان ذلك,قال دمنة وما أصاب القرد
72,23c86949-7cd9-48e5-9855-52baafb5793c,Dimna Solicits Advice,,,,,,,,,وما أصنع إذ,,,
73,67ccbb4c-6dfc-4dc6-a295-3a2a5b1c3511,Second Subtale of Monkey of Carpenter,قال كليلة زعموا أنّ قردًا أرأى نشّارًا ينشر خشبة,قال كليلة زعموا أنّ قردًا رأى نجّارًا يشقّ خشبة على وتدين,قال كليلة زعموا أنّ قردًا رأى نجّارًا ينشر خشبةً وهو راكب عليها وكلّما شقّ منها ذراعًا أدخل فيها وتدًا,قال كليلة زعموا أنّ قردًا رأى نجّارًا يشقّ خشبة بوتدين,قال كليلة زعموا أنّ قردًا رأى نشّارًا يشقّ خشبة على وتدين,قال كليلة زعموا أنّ قردًا رأى نجّارًا يشقّ خشبة بين وتدين,قال كليلة زعموا أنّ نجّارًا اشتقّ خشبة بوتدين,قال كليلة زعموا أنّ قردًا رأى نجّارًا ينجر خشبة على وتدين,قال كليلة زعموا أنّ قردًا رأى نجّارًا يشقّ خشبة على وتدين,,قال كليلة زعموا أنّ قردًا رأى نجّارًا ينجر خشبة وناشرها بمنشار وهو راكب عليها فكلّما شقّ منها ذراعًا أدخل [[إذجلّ]] وتدًا وانتزع الذي فيها ...,قال كليلة زعموا أنّ قردًا رأى نجّارًا ينجر خشبة علي وتديّن
74,e79f95a1-70f7-45d0-9e9a-5831c6d88c75,Monkey's Misinterpretation,وكلّما شقّ منها ذراعًا أدخل فيها وتدًا,راكبًا عليهما,فشبهه مثل أسوار على فرسٍ وهو مجتهد في عمله يُدلّ عليها بصنعته ومعرفته,فرآه راكبًا عليها كالأسوار على القوس,والنجّار على الخشبة كالأُسوار على الفرس,وهو راكب عليها فأعجبه ذلك,فرأى القرد النجّار راكبًا على الخشبة كالأسوار على الفرس,فرأى النجّار على الخشبة شبيه بالفارس على فرسه,فرأى أنّ النجّار على الخشبة كالفارس على الفرس,,القرد بالأسوار على فرس,وهو على الخشبة كالفارس على الفرس
75,4e5688b2-1dff-422f-b84b-d76c68730835,Carpenter's Actions,فشبّهه القرد بالأسوار على الفرس,كلّما شقّ منها ذراعًا أدخل فيها وتدًا فشبّهه بإسوار,,وأنّه كلّما أوتد وتدًا نزغ الآخر فقدّمه,وأنّه كلّما أوتد وتدًا نزع الآخر,,وإنّه كلّما وتّد وتدًا انتزع وتدًا,وأنّه كلّما أوتد وتدًا أنزع الآخر,وأنّه كلّما أوتد وتدًا نزع الآخر,,,وإنّه كلّما وتد وتدًا نزع الآخر
76,869b83cc-f5a0-4e77-bd6e-60f2bab076d9,Monkey's Attempt to Imitate,فلمّا نزل النجّار لقضاء حاجته جاء القرد,ثمّ إنّ النجار قام لبعض حاجته فانطلق القرد يتكلّف ما ليس من صنعته ولا من شأنه,ثمّ إنّ النشّار قام لبعض حاجته وانطلق القرد إليها وجعل يتكلّف من ذلك ممّا ليس من شأنه ولا من صناعته,ثمّ إنّ النجار قام لبعض حاجته فانطلق القرد يتكلّف ما ليس من صنعته ولا من شأنه,وأنّ النشّار قام لبعض شأنه فانطلق القرد متشبّهًا به متكلّفًا من عمله ما لا يحسنه,ثمّ إنّ النجّار ذهب لبعض شأنه فقام القرد وتكلّف ما ليس من شغله,وقام النجّار لبعض حاجته فقام القرد يتكلّف ما ليس من صناعته,ثمّ إنّ النجّار قام لبعض شأنه فانطلق القرد يتكلّف من ذلك ما ليس من صناعته ولا من شأنه,وأنّ النجّار قام لبعض شأنه فانطلق القرد يتكلّف من ذلك ما ليس من شأنه ولا من صناعته,,فلمّا نزل النجّار لبعض حاجته انطلق القرد إلى الخشبة,وإنّ النجّار قام لبعض شأنه فانطلق القرد يتكلّف ما ليس يحسنه ولا من صناعته
77,b7505f8e-5a41-4996-9fbd-d470548604e5,Monkey's Positioning on Wood,فركبها,فركب الخشبة وجعل ظهره قِبل مشقّ الخشبة ووجهه قِبل الوتد,فركب الخشبة,فركب الخشبة وجعل ظهره قبل شقّ الخشبة ووجهه قبل الوتد,فركب الخشبة ووجهه قِبل الوتد,فركب الخشبة وجعل ظهره قبل الوتد ووجهه قبل الخشبة,فركب الخشبة ووجهه قِبل الوتد,فركب الخشبة وجعل ظهره قِبل الخشبة ووجهه قِبل الوتد,فركب الخشبة وجعل ظهره قِبل شقّ الخشبة ووجهه قِبل الوتد,,وجعل ظهره قبل شقّها ووضع فيها الوتد,فركب على الخشبة وجعل ظهره من ناحية الخشبة المشقوقة ووجهه قبل الوتد
78,aa9ab831-4548-47d7-bea1-7f78d48f655e,Monkey's Predicament,فتدلّت خصيته في شقّها,فتدلّت خصيتاه في ذلك الشقّ,فتدلّت خصيتاه في شقّها,,فتدلّت خصيانه,فتدلّت خصيتاه في الشقّ,فتدلّت خصيتاه في شقّ الخشبة,فتدلّت خصيتاه في شقّ الخشبة,*وتدلّت خصيتاه من الشقّ,,فتدلّت خصيتاه في شقّها,فتدلّت خصيتاه في شقّ الخشبة
79,7460a155-40c0-4451-a7e4-07b382b2c9e9,Monkey Removing Wedges,فجعل ينزع الأوتاد منها,ونزع الوتد,,لينزعه,,ونزع الوتد,,,,,وجعل ينزع الأوتاد منها,
80,2fe93b5f-af0e-4e66-a2c1-b6069bd6bd0c,Consequences of Monkey's Actions,فلمّا أتى على آخرها عضّت على خصيته وعصرتها فغشى عليه,فلمّا نزعه لجّجت خصيتاه في مشقّ الخشبة حين انضمّت فخرّ مغشيًّا عليه,وجعل ينزع الأوتاد منها فلمّا انتهى إلى آخرها عضّت عليهما و عصرتهما فخرّ القرد مغشيًا عليه,فلمّا انتزعه *انضمت الخشبة على خصيتيه فخرّ مغشيًّا عليه,فخرّ مغشيًّا عليه,فلزم الشقّ عليهما فخرّ مغشيًّا عليه ثمّ,فلمّا نزع الوتد ?لححت خصيتاه في شقّ الخشبة فخرّ مغشيًّا عليه,فلما نزع الوتد لجّج خصيتاه في الشقّ فخرّ مغشيًّا عليه,فلمّا نزع الوتد حصلت خصيتاه في شقّ الخشبة فانعصرت فخرّ مغشيًّا عليه,,فلمّا أتى على آخرها عضّت الخشبة على خصيتيه فعصرتها فخرّ مغشيًّا عليه,فلمّا نزع الوتد ليفعل كما رأى النجّار يفعل انطبقت الخشبة على خصيتيه فخرّ مغشيًا عليه
81,c2c5ab48-ff0e-42a7-9a29-190a5d8308f6,Carpenter's Return and Punishment,فلمّا أتى النشّار غضب منه وشرع في ضربه فكان ما لقي منه أشدّ ممّا أصابه من عصر خصيته أضعافًا كثيرة,وكان أشدّ من ذلك ما لقي من النجّار من الضرب,ثمّ إن النشّار أتاه وضربه ضربًا عنيفًا شديدًا فكان ما لقي منه أشدّ ممّا أصابه أضعافًا كثيرة,فلم يزل على تلك الحالة حتّى جاء النّجار فكان أشدّ عليه ما لقي من النجّار من الضرب والعذاب عليه من الأوّل,وكان أشدّ من ذلك ما لقي من النشّار حين أتاه فأوجعه ضربًا,إنّ النجّار وافاه فرآه موضعه فأقبل عليه يضربه فكان ما لقي من النجّار من الضرب أشدّ ممّا أصابه من الخشبة,وكان أشدّ من ذلك ما لقي من النجّار,فجاء النّجار فوجده فأوجعه ضربًا فكان أشدّ ما عليه ما لقي من ضرب النجّار,وكان أشدّ من ذلك عليه ما لقي من النجّار,,ثمّ إنّ النجّار أتاه فكان ما لقي منه أشدّ ممّا أصابه من عصر خصيتيه,وأقبل النجّار ونظر إلى القرد وما صنع بنفسه فعاقبه فكان الذي ناله من العقوبة أشدّ عليه من الألم الذي أناله بنفسه
82,e866fa70-4498-4f40-a71f-e7df1949aaac,Dimna's Response and Ambition,قال دمنة قد فهمت ما ذكرت وسمعت المثل الذي ضربت وليس كلّ عاقل يأمن الملوك ومن لزمهم إنّما يلزمهم لبطنه فإنّ البطون قد تُحشى ممّا تُحشى,قال دمنة قد سمعت مثلك وفهمت ما ذكرت ولكن اعلمْ أنّه ليس من يدنو من الملوك إنّما يدنو لبطنه فإنّ البطون تُحشى بكلّ ما كان,قال دمنة قد فهمت ما تقول وسمعت مثلك الذي ضربت وليس كلّ من يدنو من الملوك يقدر على صحبتهم ويفوز بقربهم وإنّما يفعل ذلك من يفعله لبطنه فإنّ البطون تحشى بكلّ شيء,قال دمنة قد سمعت مثلك وفهمته ولكن اعلمْ أنّه ليس كلّ من دنا من الملوك إنّما يدنو منهم لبطنه فإنّ البطن قد يُحشى بكلّ مكان,قال دمنة قد فهمت مثلك ولكن اعلم أنّه ليس كلّ من يدنو من الملوك إنّما يدنو منهم لبطشه لأنّ البطش يُحشى بكلّ مكان,قال دمنة قد سمعت ما ذكرت ولكن اعلم أنّ كلّ من يدنو من الملوك ليس يدنو منهم لبطنه,قال دمنة قد سمعت قولك وفهمت مثلك ولكن اعلمْ أنّه ليس كلّ من يدنو من الملوك إنّما يدنو منهم لبطنه فإنّ البطون قد تُحشى بكلّ مكان,قال دمنة قد فهمت ما قلته وسمعت ولكن اعلم أنّه ليس يدنو من الملوك من يدنو لبطنه فإنّ البطون تُحشى بكلّ مكان,قال دمنة قد فهمت ما تقول وسمعت مثلك ولكن اعلم أنّه ليس كلّ من يدنو من الملوك إنّما يدنو منهم لبطنه <فإنّ البطون> تُحشى بكلّ مكان,,قال دمنة قد فهمت ما ذكرت وسمعت المثل الذي ضربت وليس كلّ من يدنو من الملوك إنّما يفعل ذلك لبطنه فإنّ البطون تُحشى بكلّ مكان,قال دمنة قد فهمت قولك وسمعت مثلك ولكن ليس من يريد من الملوك تهمّه بطنه فإنّ البطن لحسني بكلّ مكان
83,920f65fc-dc73-4f28-93a1-db11efea31ae,Superior People Approaching Kings,ولكنّ الكامل من قصد أن يسرّ الصديق ويسيء العدوّ بصحبته الملوك فإنّ أدنى الناس مروءة من رضي بالقليل,ولكنّ من تقرّب من الملوك قد يلتمس الرفعة والمنزلة ليسرّ به الصديق ويسمو به على العدوّ فأمّا أدنى الناس الذين يرضون بالقليل ويفرحون به,ولكنّه يلتمس بذلك أن يسرّ الصديق ويسوء العدوّ وإنّ أدنى الناس الذين يرضون بالقليل ويفرحون به,ولكنّه يلتمس الرفعة والمنزلة إلى حال يسرّ الصديق ويسوء العدوّ بها وإنّ أدنى الناس *وضعافهم القليلة مروأتهم الذين يرتضون بالدون ويفرحون به,ولكن يلتمس بذلك أن يسرّ الصديق ويكبت العدوّ وأدنى الناس مروءة وأقلّهم عقلًا الذين يرضون باليسير ويفرحون به,وإنّما يدنو منهم ليسرّ الصديق ويكبت العدوّ وإنّ من الناس من لا مروءة له وهم الذين يفرحون بالقليل ويروضن بالدون,ولكنّه يلتمس أن يسرّ الصديق ويكبت العدوّ فإنّ لئام الناس وضعفاءهم ومن لا مروءة له منهم الذين يرضون بالقليل ويفرحون به,ولكنّه يلتمس أن يسرّ الصديق ويسيء العدوّ فأدنياء الناس وضعفاؤهم وأقلّهم مروءة هم الذين يرضون بالقليل ويفرحون به,ولكنّه يلتمس أن يسرّ الصديق ويسوء العدوّ فأدنى الناس وأضعفهم مروءة هم الذين يرضون بالقليل ويفرحون به,,ولكن يلتمس أن يسرّ الصديق وينكي العدوّ فأدنياء الناس هم الذين يرضون بالقليل ويفرحون به,ولكنّه يلتمس مسرّة الصديق وكبت العدوّ وقد رأيت أضعف مروءة من الناس الذي يرضى بالقليل ويفرح به
84,a85f0bd8-5985-4508-9177-9a8b15f6ddc6,Analogy of Dog and Bone,وفرح به كالكلب الذي يطلب العظم اليابس فيفرح له,فمثلهم كمثل الكلب الذي يصيب عظمًا يابسًا فيفرح به,وإنّما مثلهم في ذلك كالكلب يصيب العظم اليابس فيفرح به,كالكلب الذي يصيب عظمًا يابسًا فيفرح به,كالكلب الذي يصيب عظمًا يابسًا فيفرح به,كالكلب الذي يصيب عظمًا يائسًا فيفرح به,كالكلب الذي يصيب عظمًا يابسًا فيفرح به,كالكلب الذي يصيب عظمًا يابسًا فيفرح به,كالكلب الذي يصيب عظمًا يابسًا فيفرح به,,كالكلب الذي يصيب العظم اليابس فيفرح به,
85,048b3421-7197-41cc-8103-262ee06aae7a,Contrast Between Ambitious and Content,فأمّا أهل المروءة والنبل فلا يقنعون بذلك دون أن يسموا إلى ما هم مستحقّون,فأمّا أهل المروءة والفضل فلا يغنيهم القليل ولا يرضون به دون أن تسمو همّتهم إلى ما هو أعظم ممّا يستحقّون,وأمّا أهل المروءة والفضل فلا يقنعون بذلك دون أن يسموا إلى ما هم مستحقّين,وأمّا أهل الفضل والمروءة فلا يغنيهم القليل ولا يرضون بالدون حتّى يسمّوا إلى ما هم له أهل,فأمّا أهل المروءة والفضل فلا يغنيهم القليل ولا يفرحون به دون أن يسموا لما هم له أهل,وأمّا أهل الفضل والمروءة فلا يقنعهم القليل ولا يرضون به دون أن تسمو به نفوسهم إلى ما هم له أهل,وأمّا أهل المروءة والفضل فلا يرضيهم القليل ولا يفرحون به دون أن يسمو لما هم له أهل,وأمّا أهل المروءة والفضل فلا يقنعهم القليل ولا يفرحون به دون أن تسموا أنفسهم إلى ما هم له أهل,فأمّا أهل المروءة والفضل فلا يغنيهم القليل ولا يفرحون به دون أن تسموا أنفسهم إلى ما هم له,,وأمّا أهل الفضل والمروءة فلا يقنعون بذلك دون أن يسأموا همّتهم إلى ما هم مستحقّون له,فأمّا أهل المروءات والفضل فلا يغنيهم القليل دون أن يسموا إلى ما هم أهله
86,3a506ae3-8aa1-4f57-aba2-1d2397534403,Lion's Hunting Behavior Analogy,كالأسد الذي يفترس الأرنب فإذا رأى العنز تركها {أي الأرنب},كالأسد الذي يفترس الأرنب فإذا رأى العير ترك الأرنب وطلب العير,كالأسد الذي يفترس الأرنب فإذا رأى العير تركها وأخذه,كالأسد الذي يفترس الأرنب فإذا رأى العير ترك الأرنب وطلب العير,مثل الأسد الذي يفترس الأرنب فإذا رأى العير ترك الأرنب وطلب العير,كالأسد الذي يفترس الأرنب فإذا رأى البعير تركها وطلب البعير,كالأسد الذي يفترس الأرنب فإذا رأى العنز ترك الأرنب وطلب العنز,كالأسد الذي يفترس الأرنب ويطلب الغير,كالأسد الذي يفترس الأرنب فإذا رأى العنز ترك الأرنب وطلب العنز,,كالأسد الذي يفترس الأرنب فإذا وجد العنز تركها,كالأسد الذي يفترس الأرنب وإذا رأى البعير ترك الأرنب وعدل نحو البعير
87,da0cca1b-b433-4fa0-a5b9-b2d845c81467,Contrast Between Dog and Elephant Behavior,أولا ترى أنّ الكلب يبصبص بذنبه حتّى تُلقى إليه الكسرة وأنّ الفيل يعرف فضل نفسه فإذا قُدّم إليه العلف لم يأكله حتى يُتملّق إليه ويُتمسّح به,ألا ترى أنّ الكلب يبصبص بذنبه حتّى يُلقى له الكسرة فيقنع بها وأنّ الفيل المغتلم لمعرفته بقوّته وفضله إذا قُدّم له علفه مكرّمًا لا يأكله حتى يُمسح ويُتملّق له,أولًا ترى أنّ الكلب يبصبص بذنبه حتّى تلقى إليه اللقمة والفيل يعرف قوّته وفضله فإذا قُدّم إليه علفه لم يأكله حتّى يتملّق بذنبه,ولا يرى أنّ الكلب يبصبص بذنبه حتّى يلقي له الكسرة والفيل المتعلّم يعرف فضله وقوّته فإذا قرب إليه علفه مكرهًا لم يأكله حتّى يمسح ويتملّق,أفلا ترى إلى الكلب كيف يبصبص بذنبه لمن يرى حتّى يلقي إليه الكسرة وأنّ الفيل المتعلم يعرف قوّته وفضله فإذا قُدّم إليه علفه عافه ولم يأكله حتّى يُمسح ويُتملّق,ألّا ترى أنّ الكلب يبصبص بذنبه حتّى يرمى له كسيرة وإنّ الفيل المعترف بفضله وقوّته إذا قدّم إليه علفه لا يعتلفه حتّى يمسح ويتملّق,أولا ترى أنّ الكلب يبصبص بذنبه كثيرًا حتّى تُلقى إليه الكسرة وأنّ الفيل المغتلم بعلمه بقوّته وفضله إذا قُدّم إليه علفه مكرهًا لم يعتلفه حتى يُمسح له ويُتملّق له,أولا ترى يا أخي أنّ الكلب يبصّص بذنبه مرارًا حتّى تُلقى له كسرة وأنّ الفيل تُعرف قوّته وفضله فإذا قُدّم إليه علفه مكرّهًا لم يأكل منه شيئًا حتّى يُمسح ويُتملّق,ألا ترى الكلب يبصبص بذنبه مرارًا حتّى تُلقى له الكسرة وأنّ الفيل المغتلم تُعرف قوّته وفضله فإذا قُدّم إليه علفه مكرّهًا لم يأكله حتّى يُمسح ويُتملّق له,,أفلا ترى أنّ الكلب يبصبص فيحرّك ذنبه حتّى تُلقي له الكسرة أولا ترى الفيل المتعلم يعرف فضل نفسه وقوّته وإذا قُدّم إليه علفه كرهًا لم يردده ولم يأكله حتّى يمسح ويتملّق,أولا ترى أنّ الكلب يبصبص مرارًا حتّى تلقي إليه الكسرة وإنّ الفيل المغتلم يعرف قوته وفضله فإذا قدم إليه العلف مكرهًا لم يأكل حتّى يمسح ويتملّق له
88,d9b63e65-d78e-42f9-b106-d96283925e05,Life Perspectives on Success and Failure,ومن عاش وهو كامل المنزلة فهو وإن قصر عمره طويل العمر ومن كان في وحدة أو ضيق وقلّة خير على أصحابه فهو وإن طال عمره قصير العمر,فمن عاش ما عاش غير خامل المنزلة ذي فضل على نفسه وأصحابه فهو وإن قلّ عمره طويل العمر ومن كان عيشه في وحدة وضنك وقلّة خير على نفسه وعلى الناس فهو وإن طال عمره قصير العمر,فمن عاش وهو غير خامل المنزلة ذا فضلٍ على نفسه وأصحابه فهو وإن قصر عمره طويل العمر ومن كان في وحدة وضيق وقلّة خير على نفسه فهو وإن طال عمره قصير العمر,فمن عاش غير حامل المنزلة ذا فضل على نفسه وأصحابة فهو وإن قلّ عمره طويل العمر ومن عاش في وحدة وضيق وقلّة خير على نفسه وأصحابه فهو وإن طال عمره قصير العمر,فمن كان عيشه ما عاش في كفاف غير خامل المنزلة وكان ذا فضل على نفسه وأصحابه فهو وإن قصر عمره طويل العمر ومن عمره في وحدة وضيق وقلّة خير فهو وإن طال عمره قصير العمر,من عاش ذا مال وكان ذا فضل وأفضال على أهله وإخوانه فهو وإن قلّ عمره طويل العمر ومن كان في عيشه ضيق وقلّة وإمساك على نفسه وذويه فالمقبور أحنا منه,ومن عاش غير خامل الذكر ذا فضل على نفسه وأصحابه فهو وإن قلّ عمره طويل العمر ومن كان عيشه في ضيق وقلّة خير على نفسه وأصحابه فالمقبور خير منه,فمن عاش ما عاش كامل المنزلة ذا فضل على نفسه وأصحابه فهو وإن قصر عمره طويل العمر ومن كان عيشه في ضيق وقلّة خير على نفسه وعلى أصحابه فهو وإن طال عمره قليل العمر,فمن عاش ما عاش غير خامل المنزلة ذا فضل على نفسه وأصحابه فهو وإن قلّ عمره طويل العمر ومن كان عيشه في وحدة وضيق وقلّة خير على نفسه والناس فهو وإن طال عمره قليل العمر,,فمن عاش وهو خامل المنزلة ذا فضل على نفسه وعلى أصحابه فهو وإن قصر عمره طويل العمر ومن كان عيشه في وحدة وضيق ليس له فضل على نفسه ولا على أصحابه فهو وإن طال عمره قصير العمر,ومن عاش ما عاش غير حامل المنزلة وفضله على نفسه وأصحابه فهو وإن قلّ عمره طويل العمر ومن عاش في وحدة وقلّة فهو وإن طال عمره قليل العمر
89,1748ad31-2cff-46e6-b7fe-1673f945c7f5,Definition of True Misery,وقد قيل إنّ أشقى الناس من دامت حياته في ضرر,فإنّه يُقال إنّ أشرّ الناس من طال عمره في ضرّ وشدّة,وقد قيل إنّ البائس من طالت حياته في ضرّ ونكد وبؤس,كان يُقال أنّ البائس من طال عمره في ضرّ,,,,فإنّه قد قيل البائس من طال عمره في ضرر وفقر فليُعدّ من †البشر,فإنّه يُقال البائس من طال عمره في ضرّ,,وقد قيل إنّ البائس من طال عمره في ضرّ,فإنّه يُقال من طال عمره في ضرّ
90,30e4a837-7edb-4b83-bbde-30c150b69c6c,Comparison to Animals,فليُعدّ من البقر والغنم من لم تكن له همّة إلّا لبطنه,وقد يُقال يُعدّ من البقر والغنم من لم يكن همّه إلّا بطنه,وليُعدّ من البهائم من يكن همّته بطنه وفرجه,ويُقال ليعد من البقر من لم يكن همّ الأبطنة,ويقال إنّه ليُعدّ من البقر والغنم من لم يكن همّه إلّا بطنه,ومن عمل لبطنه وقنع وتركه أسوأ ذلك عدّ من البهائم,ومن عمل لبطنه وقنع وترك ما سوى ذلك عُدّ من البهائم فإنّه يُعدّ من البهائم والبقر والغنم من لم يكن همّته إلّا بطنه وفرجه,ومن لم تكن له همّة إلّا بطنه كان كالبهائم,ويُقال لَيُعدّ من الغنم والبقر من لم تكن له همّة إلّا بطنه,,وليُعدّ من البقر والغنم من لم يكن له همّة إلّا بطنه,وهو إن ومن لم يكن همّه إلّا بطنه فليعد من البقر والغنم
91,2c5c84a5-7fd6-454c-82aa-e31c8962431c,Kalila's Advice on Contentment,قال كليلة قد فهمت ما ذكرت فراجع عقلك واعلم أنّ لكل إنسان منزلة فإذا كان فيها متماسكًا كان حقيقًا بأن يقنع ويرضى وليس لنا من ذلك ما يقنع ويرضي وليس لنا من ذلك ما يسخط حالنا التي نحن عليها,قال كليلة قد فهمت ما قلت فراجعْ عقلك وردّ في أمرك واعلمْ أنّ لكلّ امرئ منزلة وقدرًا فإذا كان في منزلته متماسك في الحال كان حقيقًا أن يقنع ويرضى وليس لنا من المنزلة ما نسخط به حالنا التي نحن عليها,قال كليلة قد فهمت ما قلته فراجع عقلك واعلم أنّ لكلّ إنسان منزلة وقدرًا فحقيق على الإنسان أن يقنع ويرضى,قال كليلة قد فهمت مقالتك فراجع عقلك واعلم أنّه إذا كان في منزلته التي هي منزلته متماسك الحال في أهل طبقته كان حقيقًا أن يقنع ويرضى وليست لنا من المنزلة نسخط بها حالنا التي نحن فيها,قال كليلة قد فهمت ما قلت فراجع عقلك واعلم أنّ لكلّ إنسان منزلة وقدرًا فإن كان في منزلته التي هو فيها مكتفيًا متماسك الحال كان حقيقًا أن يقنع ويرضى بما قضى الله عزّ وجلّ له وليس لنا من المنزلة ما يسخط لها الحال التي نحن عليها,قال كليلة قد فهمت ما قلت فراجع عقلك واعلم أنّ لكلّ إنسان منزلة وقدرًا فإن كان في منزلة بل هو فيها متماسكًا كان حقيقًا أن يقنع وليس لنا من المنزلة ما يحطّ حالنا التي نحن عليها,قال كليلة قد فهمت ما قلت فراجعْ عقلك واعلمْ أنّ لكلّ إنسان منزلة وقدرًا فمن كان في منزلته التي هو متماسكًا كان حقيقًا أن يقنع ويرضى,قال †كليلة قد فهمت ما قلت فراجع عقلك واعلم أنّ لكلّ إنسان منزلة وقدرًا فإن كان في منزلته التي هي منزلته [[التي هي منزلته]] مكتفيًا متماسكًا كان حقيقًا أن يقنع ويرضى وليس لنا من المنزلة ما يسخط له حالنا التي نحن عليها,قال كليلة قد فهمت ما قلت فراجع عقلك واعلم أنّ لكلّ إنسان منزلة وقدرًا فإن كان في منزلته التي هي منزلته مكتفيًا متماسك الحال كان حقيقًا أن يقنع ويرضى وليس لنا من المنزلة ما نسخط له حالنا التي نحن عليها,,قال كليلة قد فهمت ما ذكرت فراجع عقلك واعلم أنّ لكلّ إنسان منزلة وقدرًا فإذا كان فيها متماسكًا كان حقيقًا أن يقنع وليس لنا من ذلك ما يسخط لنا حالتنا التي نحن عليها,
92,c29154f4-89c7-4fc1-836e-0ab96ab60d47,Dimna's View on Social Mobility,قال دمنة إنّ المنازل منابلة مشاركة فذو المروءة يرفعه ما فيه منها من المنزلة الفاضلة إلى المنزلة الكاملة والارتفاع من صغر المنزلة إلى الشرف شديد والاتّضاع منه هيّن,قال دمنة إنّ المنازل متنازعة مشتركة فذو المروءة ترفعه مروءته من المنزلة الوضيعة إلى المنزلة الرفيعة ومن لا مروءة له فقد يحطّ نفسه من المنزلة الرفيعة إلى المنزلة الوضيعة والارتفاع من أدنى المنازل إلى أعلاها عسير ذو مؤنة والانحطاط منها إلى الضعة هيّن,قال دمنة إنّ المنازل متنازعة مشتركة فذو المروءة ترفعه مروءته إلى المنزلة الرفيعة والذي لا مروءة له تحطّ نفسه من المنزلة الرفيعة إلى المنزلة الرذيلة والارتفاع إلى الشرف شديد والاتضّاع منه هيّن,قال دمنة إنّ المنازل مشتركة فذو المروءة تنفعه مروءته وترفعه من المنزلة الوضيعة إلى المنزلة الرفيعة والذي لا مروءة له يحطّ نفسه من المنزلة الرفيعة إلى المنزلة الوضيعة والارتفاع من صغر المنازل إلى شرفها شديد والانحطاط من الشرف إلى الضعة هيّن,قال دمنة إنّ المنازل مشاعة مشتركة وصاحب المروّة ترفعه مروءته من المنزلة الوضيعة إلى المنزلة الرفيعة والذي لا مروءة له تضعه حاله من المنزلة الرفيعة إلى المنزلة الوضيعة والارتفاع من وضيع المنازل إلى شريفها شديدًا ومؤنة وكلفة والانحطاط منها إلى الوضيعة هيّن,قال دمنة إنّ المنازل متنازعة مشتركة على قدر المروءة فالمرء ترفعه مروءته من المنزلة الوضيعة إلى المنزلة الرفيعة ومن لا مروءة له ويحطّ نفسه من المنزلة الرفيعة إلى المنزلة الوضيعة وإنّ الارتفاع إلى المنزلة الشريفة شديد والانحطاط منها هيّن,قال دمنة إنّ المنازل متنازعة مشتركة فذو المروءة ترفعه مروءته من المنزلة الوضيعة إلى المنزلة الرفيعة ومن لا مروءة له تحطّه نفسه من المنزلة الرفيعة إلى المنزلة الوضيعة والارتفاع من الضعة إلى المنزلة الشرفة شديد والانحطاط منها هيّن,قال دمنة إنّ المنازل متنازعة مشتركة فذو المروءة ترفعه منزلته وشرفه وعلمه من المنزلة الوضيعة إلى المنزلة الرفيعة و الدنيء الذي لا مروءة له يحطّ نفسه من المنزلة الرفيعة إلى المنزلة الوضيعة,قال دمنة إنّ المنازل متنازعة مشتركة فذو المروءة ترفعه مروءته من المنزلة الوضيعة إلى المنزلة الرفيعة والذي لا مروءة له يحطّ نفسه من المنزلة الرفيعة إلى المنزلة الوضيعة والارتفاع من ضعة المنزلة إلى شرفها شديد,,قال دمنة إنّ المنازل متنازعة مشتركة فذو المروءة يدفع نفسه عن المنزلة الخاملة إلى المنزلة الشريفة والذي لا مروءة له ولا قبل عنده يحطّ نفسه من المنزلة الفاضلة إلى المنزلة الخاملة والارتفاع إلى الشرف شديد والانحطاط منه هيّن,
93,1d5bccb7-21d3-4fbf-91b1-f86dff6aed3e,Analogy of Lifting Heavy Objects,كالحمل الثقيل الذي حمله على العاتق عسر وطرحه عنه يسير,مثل الحجر الثقيل الذي رفعه من الأرض إلى العاتق عسير وطرحه من العاتق إلى الأرض يسير,كالحجر الثقيل الذي حمله على العاتق شديد وطرحه إلى الأرض هيّن,وإنّما مثل ذلك مثل الحجر الثقيل الذي وقعه إلى الأرض يسير,وإنّما مثل ذلك مثل الحجر الثقيل الذي رفعه من الأرض يسير هيّن,كالحجر الثقيل رفعه من الأرض إلى العاتق عسر ووضعه إلى الأرض هيّن,ومثل ذلك مثل الحجر الثقيل الذي رفعه من الأرض إلى العاتق ثقيل وطرحه من العاتق إلى الأرض هيّن,وإنّما مثل ذلك مثل الحجر الثقيل الذي رفعه من الأرض إلى العاتق عسر وطرحه من العاتق سهل,ومثل ذلك مثل الحجر الثقيل الذي رفعه من الأرض إلى العاتق عسير وطرحه من العاتق إلى الأرض يسير,,كالحجر الثقيل رفعه من الأرض إلى العاتق عسير وطرحه يسير,
94,fedc82e2-83ad-4b99-8507-2929804da445,Aspiration for Higher Status,فنحن أحقّ أن لا نقيم على حالتنا هذه,فنحن أحقّ أن نروم ما فوقنا من المنازل ونلتمس ذلك بمروءتنا فلا نقيم على مرتبتنا,فنحن أحقّ أن نروم ما فوقنا ولا نقيم على حالتنا هذه,فنحن أحقّ أن نروم رفعة من الأرض إلى العاتق ما فوقنا من المنازل طاقتنا ونلتمس ذلك بمروءتنا ولا نغتمّ على أمر بيننا !وإنّ هذه,فنحن أحقّ أن نروم ما فوقنا من المنزلة ونلتمس ذلك بمروءتنا ولا نقيم على منزلة,فنحن !احقر أن نروم ما فوقنا من المنازل وأن نلتمس ذلك بمروءتنا,فنحن أحقّ أن نروم ما فوقنا من المنازل ونلتمس ذلك بمروءاتنا ولا نقيم على منزلتنا,فنحن أحقّاء أن نروم ما فوقنا من المنازل ونلتمس ذلك بمروءتنا ولا نقيم على مرتبتنا,فنحن أحقّ أن نروم ما فوقنا من المنازل ونلتمس ذلك بمروءتنا ولا نقيم عليه,,فنحن أحقّ أن نروم ما فوقنا من المنازل بمروءتنا ولا نقيم على حالتنا هذه,
95,71268d81-22b5-4fbb-84d2-048df72dc6ee,Ability to Change Circumstances,ونحن نستطيع غير ذلك,ونحن نستطيع الارتفاع إلى أسنى منها,ونحن نقدر على الانتقال منها إلى غيرها,ونحن نستطيع ذلك,ونحن نستطيع التحوّل منها,ثمّ كيف نقنع بها ونحن نستطيع التحويل عنها,ونحن نستطيع التحوّل عنها,ونحن نستطيع التحوّل منها,,,ونحن نستطيع وجود الحيلة إلى أشرف منها,
96,35f29ebf-a411-4820-a030-e436775b4e28,Kalila's Inquiry about Dimna's Plan,قال كليلة فما الذي نجمع عليه,قال كليلة وما الذي أجمع عليه رأيك,قال كليلة فماذا الرأي الذي يجمع عليه,قال كليلة فما أنت الآن عليه مجمع,قال كليلة فما هذا الرأي الذي تريد أن تجمع عليه حتّى تفعله,قال كليلة فما الذي اجتمع عليه رأيك,قال كليلة فما هذا الذي أجمع عليه رأيك,قال كليلة فما هذا الذي تجمع عليه,قال كليلة فما هذا الذي تجمع عليه,,قال له كليلة فما الذي تجمع عليه رأيك,قال كليلة فما هذا الذي تومي إليه
97,1f040c6b-5897-4643-98f5-3e1399905fe9,Dimna's Strategy to Approach the Lion,قال دمنة أريد أن أتعرّض للأسد عند الفرصة والإمكان فإنّه ضعيف الرأي وقد التبس عليه أمره ولعلّي أدنو منه وأصيب حاجتي,قال دمنة أريد أن أتعرّض للأسد عند هذه الفرصة فإنّ الأسد ضعيف الرأي وإنّه وجنده قد التبس عليه معرفة هذا الصوت ولعلّي على هذه الحال أدنو من الأسد بالنصيحة له فأصيب عنده مكانًا وجاهًا,فقال دمنة أريد أن أتعرّض للأسد عند هذه الفرصة فإنّه ضعيف الرأي وقد التبس عليه وعلى جنده أمرهم فلعلّي على هذه الحالة أدنو من الأسد فأصيب منه مكانًا وجاهًا,قال دمنة أريد أن أتعرّض للملك عند هذه الوهلة فإنّ الأسد ضعيف الرأس وقد التبس عليه وعلى جنوده أمرهم فلعلّي أصيب عنده منزلة وجاهًا,قال دمنة أريد أن أتعرّض للأسد عند هذه الفرصة فإنّ الأسد ضعيف الرأي وهو وجنده قد التبس عليهم أمرهم ولعلّي على حالي هذه أدنو منه وأصيب مكانًا وجاهًا,قال دمنة أريد أن أتعرّض للأسد عند هذه الفرصة فإنّ الأسد ضعيف الرأي ولعلّي على هذه الحال أدنو منه فأصيب عنده منزلة ومكانة,قال دمنة أريد أن أتعرّض للأسد عند هذه الفرصة فإنّ الأسد ضعيف الرأي وقد التبس عليه وعلى جنده أمرهم ولعلّي على هذه الحالة أن أدنو من الأسد فأصيب منه منزلة وجاهًا [[قال كليلة ما]],قال دمنة أريد أن أتعرّض للأسد عند هذه الفرصة فإنّ الأسد ضعيف الرأي وإنّه وجنده قد التبس عليهم أمرهم فعلّي أدنو منه فأصيب مكانًا وجاهًا وأنال حاجتي عنده,قال دمنة أريد أن أتعرّض للأسد عند هذه الفرصة فإنّ الأسد ضعيف الرأي وإنّه وجنده قد التبس عليهم أمره ولعلّي على هذه الحال أدنو من الأسد فأصيب مكانًا وجاهًا,,قال له دمنة إنّي أريد أن آتي الأسد عند هذه الفرصة فإنّه ضعيف الرأي وقد أُلبس عليه وعلى جنده أمرهم فلعلّي أن أدنو منه فأصيب منه مكانًا وجاهًا وأنال حاجتي عنده,قال دمنة أريد أن أتعرّض للأسد عند هذه الفرصة فإنّه ضعيف الرأي وقد التبس عليه وعلى جنده رأيهم ولعلّي على هذه الحال أدنوا من الأسد فأصيب منه مكانًا وجاهًا
98,917460fa-8cb7-4520-af24-ee91fa19ece9,Kalila's Doubt about Lion's Confusion,,قال كليلة وما يدريك أنّ الأسد التبس عليه أمره,قال كليلة وما يدريك أنّ الأسد قد التبس عليه أمره,قال كليلة وما يدريك أنّ الأسد قد التبس عليه أمره,قال كليلة وما يدريك أنّ الأسد قد التبس عليه أمره,قال كليلة وما يدريك أنّ الأسد قد التبس عليه أمره بما ظهر له في نفسه من التمكّن حتّى لا يعرف لك ذلك من دلّه وشكله,قال كليلة ما يدريك أنّ الأسد قد التبس عليه أمره,قال كليلة وما تريدك أنّ الأسد على ما وصفت,قال كليلة وما يدريك أنّ الأسد قد التبس عليه أمره,,,قال كليلة وما يدريك أنّ الأسد على قد التبس عليه أمره
99,eda274d0-928b-40c5-b40a-ff4d12b55c37,Dimna's Confidence in His Judgment,,قال دمنة أعرف ذلك بالرأي والحدس,قال دمنة بالرأي والحسّ,قال دمنة أعرف ذلك بالرأي,قال دمنة عرفت ذلك بالرأي,,قال دمنة بالحسّ والرأي أعلم ذلك منه,قال دمنة بالرأي والحدس أعلم ذلك,قال دمنة بالرأي والحدس أعلم ذلك,,,قال دمنة بالرأي والحسن اعلم ذلك
100,69ae7c30-d0f4-48d6-b5a2-a57aac5296ed,King Should Not Comprimise the Rights of Dependents,,,,,,,,,,,,
101,abe8088b-6a45-4a83-9f7c-857b3128a310,Dimna's Confidence in Reading the Lion,,فإنّ الرجل ذي الرأي يعرف حال صاحبه وباطن أمره ممّا يظهر له من هيأته ونظره وصنعته حتّى ربّما عُرف ذلك بدلّه وشكله,فإنّ الرجل ذو الرأي ربّما عرف أمر صاحبه وسرّه وتعرّف باطن أمره بما يظهر له من هيئته وأمره وربّما عُرف ذلك برأيه وشكله,فإنّ ذا الرأي ربّما عُرف ذلك باطن أمر صاحبه [بما] ظهر من هيئته وضيعه حتّى ربّما عُرف ذلك من ذلّه وشكله,فإنّ الرجل ربّما عرف حال صاحبه وباطن أمره بما يظهر له من هيئته,,,فإنّ الرجل ذا الرأي يعلم حال صاحبه وباطن أمره بما ظهر له من هيبته حتّى ربّما عُرف ذلك بدلّة وشبهة,فإنّ الرجل ذا الرأي ربّما عرف حال صاحبه وباطن أمره بما يظهر من هيئته حتّى ربّما عُرف ذلك بدلّه وشكله,,,فإنّ الرجل ذو الرأي ربّما عرف حال صاحبه وباطن أمره بما يظهر له منه حتّى ربّما عُرف ذلك بفعله وشكله
102,8ec36a62-6da7-432b-b5fc-0c7166389858,Kalila Questioning Dimna's Assumptions,قال كليلة وما يدريك أنّ ذلك على ما وصفت,,قال له كليلة وما يدريك لعلّ ذلك غير ما وصفت,,,,,,,,قال له كليلة وما يدريك أنّ الأسد على ما وصفت,
103,24ee6a65-1048-4db5-8df9-94a6e836cc1e,Dimna's Reliance on Intuition and Observation,قال دمنة بالرأي والظنّ,,قال دمنة بل عرفت ذلك بالرأي والظنّ,,,,,,,,قال له دمنة فالرأي والنظر,
104,85c2e094-8247-400b-a256-9e3f83195298,Dimna's Explanation of Reading People's Intentions,فإنّ الرجل ذا النبل ربّما عرف صاحبه وغامض أمره بما يظهر له منه ويراه من حاله وصنيعه حتّى لعلّ ذلك أن يكون محصّلًا من قبيل !ذلّه وشكله,,فإنّ الرجل ذو النبل ربّما عرف حال صاحبه وغامض أمره بما يظهر له ويراه من حاله وصنعه لعلّ ذلك أن يكون من قبل دلّه وشكله,,,,فإنّ الرجل ذا الرأي يعرف حال صاحبه وباطن أمره بما يظهر له من دَلّه وشكله,,,,فإنّ الرجل ذا العقل ربّما عرف حال صاحبه وغامض أمره وباطنه بما ظهر له منه,
105,9e13a3b8-ac1d-4418-bc24-f88e47986be9,Kalila's Continued Skepticism,,,,,,,,,,,,
106,9de61deb-4dac-4510-b547-9539766b9470,Kalila Questioning Dimna's Experience with Rulers,فقال كليلة وكيف ترجو المنزلة عند الأسد ولم تصحبْ السلاطين ولم تعرفْ خدمتهم وما يوافقهم منها ومن غيرها,قال كليلة كيف ترجو المنزلة عند الأسد وأنت لم تصحبْ سلطان وليس لك علم بخدمتهم وأدبهم,,قال كليلة وكيف ترجو المكانة عند الأسد ولست بصاحب سلطان ولا لك علم نجد منهم ومعاشرتهم وأدبهم,قال كليلة كيف ترجو المنزلة عند الأسد ولست بصاحب سلطان وليس لك علم بخدمتهم وإربهم ومداراتهم,وكيف ترجو المنزلة عند الأسد ولست بصاحب السلطان ولا لك علم بخدمة السلاطين,قال كليلة وكيف ترجو المنزلة عند الأسد ولست بصاحب سلطان ولا لك علم بخدمتهم وأدبهم,قال كليلة كيف ترجو المنزلة عند الأسد ولست بصاحب سلطان وليس لك علم بخدمتهم وأدبهم,قال كليلة كيف ترجو المنزلة عند الأسد ولست بصاحب سلطان وليس لك علم بخدمتهم وأدبهم,,قال كليلة وكيف ترجو المنزلة عند الأسد ولم نصحبْ السلطان ولم نعرف خدمته وأدبه وما يوافقه من نفسه وغيره وما يخالفه,قال كليلة كيف ترجو المنزلة عند الأسد وليس لك علم بخدمتهم وأدبهم
107,c3fa132c-213b-4e1a-bd04-c096609f63a9,Dimna's Analogy of Strength and Heavy Burdens,فقال دمنة الرجل الشديد إنّما يُعرف من وراء الحمل الثقيل,قال دمنة إنّ الرجل الشديد يروز الحمل الثقيل فإن اعتقله حمله,,قال دمنة إنّ الرجل القوي الشديد البطش لا يعثره الحمل الثقيل,قال دمنة لا يعجز القويّ عن الحمل الثقيل,قال دمنة الرجل الشيطان لا يعجزه الحمل الثقيل وإن لم تكن عادته الحمل,,قال دمنة إنّ القويّ الشديد لا يعجز عن الحمل الثقيل ولا يعبأ الشديد بالحيلة,قال دمنة إنّ الرجل الشديد من وراء الحمل الثقيل ولو اعتنقه,,قال له دمنة إنّ الرجل السديد من وراء الحمل الثقيل وإنّ يده به,قال دمنة الرجل الشديد إذا رأى الحمل الثقيل لم يصعب عليه
108,7d2bb5df-dcd4-4115-b2d5-816e075f87ed,The Strong Man with the Burden,وليس يُعرف كلّ ناصر بالقوّة ولا كلّ عامل بالنبل ولا كلّ عاقل بالرضى ولا كلّ متواضع بلين الكلمة,ولا يعتنف على الشديد حمل ولا المقبل عمل فلا يضرّ العاقل غربة ولا يمتنع من الليّن الجانب المتواضع {أحد} إلّا,,,ولا تضرّ العاقل الغربة ولا يعنى بالكسب ذو الحيلة ولا تمنع من التواضع ولين الجانب أحد,,,,فلا يعتنق الشديد حملًا ولا النبيل عملًا ولا العاقل أرضًا ولا المتواضع الليّن الجانب أحدًا,,وليس الحمل الثقيل للرجل القويّ ناهضًا ولا للنبيل متحمّلًا ولا للعاقل ناهضًا ولا للمتواضع الليّن الجانب آخذًا,
109,a28e9996-e56f-40a2-b023-7d2ec75520cb,The Weak Man with the Burden,,,,والضعيف لا تغني عنه الحيلة شيئًا ولا يضرّ العاقل الغربة ولا يمتنع من المتواضع الليّن الجانب,,والرجل الضعيف لا يستقلّ به وإن كان ذلك من صناعته,,,,,,
110,80eeb74c-6803-4005-853c-a045818928dc,Loads are Relative to People,,,,,,,,,,,بل يكون لهم على ذلك الأخذ والفضل والقوّة وبه البصر والخبرة,
111,47f78213-0027-44eb-af8a-1f372a10fb6d,Kalila on Rulers' Favoritism,قال كليلة السلطان لا يتوخّى بكرامته أفضل من في جماعته وإنّما يؤثر بذلك من قرب منه,قال كليلة إن الملك لا يتواخى بكرامته أفضل من بحضرته مروءة ولكن يؤثر بذلك الأدنى فالأدنى,,قال كليلة فإنّ السلطان لا يتوخّى بكرامته أفضل من بحضرته ولكنّه يؤثر بذلك من دنا منه,قال كليلة فإنّ السلطان لا يتوخّى بكرامته أفضل من بحضرته مروءة ولكن يؤثر بذلك من دنا منه,قال كليلة فإنّ السلطان لا يتوخّى بكرامته فضلًا من بحضرته ولكنّه يؤثر الأدنى ومن قرب منه,,قال كليلة فإنّ السلطان لا تتواخى كرامته أفضل من تحضر به مروءته ولكنّه يريد بذلك من دنا منه,قال كليلة فإنّ السلطان لا يتوخّى بكرامته أفضل من بحضرته مروءة ولكنّه يؤثر بذلك من دنا منه,,قال كليلة إنّ السلطان لا يكرّم الشريف لشرفه ولكن يكرّم الأدنى فالأدنى,قال كليلة فإنّ السلطان لا يرتجي بكرامته لفضل من يحضره تمونه ولكن يؤثر بذلك من دنى منه
112,d5432984-60a6-4dad-90c7-3b8638631730,Analogy of Vine and Tree Proximity,كالكرم فإنّه لا يتعلّق بأحسن الشجر وإنّما يتعلّق بأدناها منه,ويُقال إنّ مثل السلطان في ذلك مثل الكرم الذي لا يتعلّق بأكرم شجرة ولكن يتعلّق بأدناه منه,,ويُقال إنّ مثل السلطان في ذلك مثل الكرم الذي لا يتعلّق بأكرم الشجر إنّما يتعلق بما دنا منه,ويقال إنّ مثل السلطان في ذلك مثل الكرم الذي لا يعلق بأكرم الشجر ولكن بأدنى منه,ويقال إنّ مثل السلطان في ذلك مثل شجر الكرم التي لا تعلو إلّا بأكرم الشجر,,ويُقال إنّ مثل السلطان في ذلك مثل الكرم الذي يتعلّق بأكرم الشجر ولكن بأدناها منه وكذلك أيضًا,ويُقال إنّ مثل السلطان مثل الكرم الذي لا يتعلّق بأكرم الشجر لكن بأدناها,,وقالت العلماء في صاحب السلطان والمرأة لا يكرم عليهم إلّا من دنا منهما كشجرة الكرم التي لا تتعلّق بأكرم الشجر بل بأدناها منها,ويُقال إنّ مثل السلطان في ذلك مثل الكرم الذي لا يتعلّق بأكبر الشجر لكن بأدناها منه
113,651538f5-ebb2-4bad-8309-3aca2a1a8c4c,Comparison to Women's Preferences,وكيف النساء,وكذلك النساء بأدنى الرجال,,,وكذلك النساء أيضًا لا يعلقن بالشرف والجمال ولكن بمن دنى منهنّ ولطف بهنّ,,,,وكذلك النساء أيضًا,,,وكذلك النساء أيضًا
114,a4109a17-f895-43c8-b2ee-fb6696a915a7,Kalila Questioning Dimna's Proximity to the Lion,فكيف ترجو الكرامة من الأسد ولست ممّن يغشاه,فكيف ترجو المنزلة عند الأسد ولست تدنو منه,قال كليلة كيف ترقو المنزلة عند الأسد ولست صاحب سلطان وليس لك بخدمة الملوك وأدبهم معرفة,فكيف ترجو المنزلة عند الأسد ولست ممّن تدنو منه,فكيف ترجو المنزلة عند الأسد ولست ممّن يدنو منه,وكيف ترجو المنزلة عند الأسد ولست تدنو منه,,فكيف ترجو المنزلة عند الأسد ولست ممّن يدنو منه,فكيف ترجو المنزلة عند الأسد ولست ممّن يدنو منه,,أفرأيت إن لم يدنك الأسد ولم تقدر على كلامه إذا مشيت فما حيلتك في ذلك,فكيف يرجو عند الأسد منزلة ولست تدنوا منه
115,3cc1c2d1-7b2c-40aa-8bc0-e0faed2a178a,Dimna's Explanation of Gaining Favor,قال دمنة قد صدقت فيما وصفت ولكنّ الذين لهم المنازل الحسنة عند السلطان قد كانوا وليست تلك حالتهم عندهم فتقرّبوا بعد البعد عنهم وتدنّوا منهم بعد النأي منهم,قال دمنة قد فهمت مقالتك وأنت صادق ولكن اعلم أنّ الذين هم بقرب السلطان قد كانوا وليست تلك منزلتهم ثمّ قربوا منهم بعد البعد وبلغوا المنازل,قال دمنة قد فهمت ما ذكرت وصدقت فيما قلت لكنّي أعلم أنّ الذي لهم المنازل الحسنة عند السلطان وقد كانوا وليست تلك منزلتهم عنده يُقربون منه بعد التبعّد عنهم دنوا [البصر] بعد النأي منهم,قال دمنة قد فهمت ما ذكرت وأنت صادق ولكنّي اعلم أنّ الذين هم أقرب إلى السلطان كانوا أصغر قدرًا منّا قد كانوا !ولست تلك منازلهم ثمّ دنوا منه بعد البعد فبلغوا المنازل,قال دمنة قد فهمت ما ذكرت وأنت صادق ولكن اعلم أنّ الذين هم قريبًا من السلطان قد كانوا وليست تلك منازلهم ثمّ دنوا منه بعد البعد,قال دمنة قد فمهت كلامك وما ذكرت وأنت صادق ولكن اعلم أنّ الذي هو قريب من السلطان ولا ذاك موضعه ولا تلك منزلته كمن دنا منه عند البعد وله حقّ وحرمة,قال دمنة قد فهمت ما قلت ولكن اعلمْ أنّ الذين هم قرب السلطان قد كانوا وليست تلك منازلهم ولكنّهم دنوا منه بعد البعد والإطراح,قال دمنة قد فهمت ما ذكرت وأنت صادق ولكن اعلم أنّ الذين هم قرب السلطان قد كانوا وليست تلك منازلهم ثمّ دنوا منه بعد البعد,قال دمنة قد فهمت ما ذكرت وأنت صادق ولكن اعلم أنّ الذين هم بقرب السلطان قد كانوا وليست تلك منازلهم ثمّ دنوا منه بعد البعد,,قال له دمنة الأمر على ما وصفت ولكن اعلم أنّ الذين مع السلطان لم يكونوا معه قطّ ولكن باجتهادهم أدركوا المنزلة من السلطان والكينونة معه بعد التبعّد عنه,قال دمنة قد فهمت ما ذكرت وأنت صادق ولكن اعلم أنّ الذين لهم قرب عند السلطان وليست منازلهم وإنّما يدنون بعد البعد
116,d7c9b80c-752a-4bfe-86e9-8eaa44d3b78c,Dimna's Determination to Succeed,وأنا ملتمس مثل ذلك وطالب بلوغه,فأنا ملتمس بلوغ المنزلة من الأسد بجهدي,فأنا ملتمس مثل ذلك,فأنا ملتمس بلوغ منازلهم ومكانهم جهدي بالدنوّ منهم,فأنا ملتمس مكانهم وبلوغ منزلتهم بجهدي,وأنا ملتمس بلوغ مكانهم بجهدي,وأنا ملتمس مثل مكانتهم لجهدي,فإنّا نلتمس مكانهم وبلوغهم بجهدي,فأنا ملتمس بلوغ مكانهم بجهدي,,فما ملتمس ذلك وطالب بلوغه,وإنّما التمس بلوغ مكانهم يجدي
117,714a083a-7f81-403f-bd7f-0dd97fe24465,Kalila's Warning about Dangers of Serving Rulers,وقد قيل لا يواظب أحد على باب السلطان طارحًا عنه الأنفة يكظم الغيظ ويترفّق بنفسه إلّا وصل إلى مراده,وقد كان يُقال لا يواظب على باب السلطان أحد فيلقي عنه الأنفة ويحتمل الأذى ويكظم الغيظ ويرفق بالناس إلّا خلص إلى حاجته من السلطان,وقد قيل لا يواظب على باب السلطان إلّا ثقة فيتحمل الأذى ويكظم الغيظ ويرفق في أمره ويكتم سرّه إلّا حافظ إلى صاحبه منه,وقد كان يُقال أنّه لا يواظب على باب السلطان أحد فيلقي عنه إلّا ثقة ويكظم الغيظ ويحتمل الأذى ويرفق بالناس إلّا وصل إلى حاجته من السلطان,وكان يقال لا يواظب على باب السلطان أحد فيلقي عنه الأنفة ويحتمل الأذى ويكظم الغيظ ويرفق بالناس إلّا خلص إلى حاجته منه,وقد قيل لا يواظب على باب السلطان إلّا من تطرح الأنفة ويحمل الأذى ويكظم الغيظ ويرفق بالناس فإذا وصل إلى ذلك فقد بلغ مراده,وقد كان يُقال لا يواظب على باب السلطان أحد فيلقي عنه الأنفة ويكظم الغيظ ويرفع بالناس إلّا خُصّ إلى حاجته من السلطان,وقد كان يُقال لا يواظب على باب السلطان أحد فيُلقي عنه الأنفة ويحتمل الأذى ويكظم الغيظ ويرفق بالناس إلّا خلص إلى حاجته من السلطان,وقد كان يُقال لا يواظب على باب السلطان أحد فيُلقي عنه الأنفة ويتحمّل الذلّ ويكظم الغيظ ويرفق بالناس إلّا خلص إلى حاجته من السلطان,,وقد قيل إنّه لا يواظب أحد باب السلطان فيلقي عنه العنف ويحتمل الأذى ويكظم الغيظ ويرفق في أمره إلّا خلص بحاجته,وقد كان يُقال ما واظب الرجل على باب السلطان وهو يقدر على دفع الأذى وكظم الغيظ ورفق بالناس إلّا وصل إلى حاجته
118,70d97446-11fe-44ee-94ba-bba7ac45bd17,Kalila Questioning Dimna's Strategy,,قال كليلة هبك قد وصلت إلى الأسد فما رفقك الذي ترجو أن تنال المنزلة به عنده,,قال كليلة فهبك قد وصلت إلى الأسد فما رفقك الذي ترجوا أن تنال به المنزلة عنده,قال كليلة هبك قد وصلت إلى الأسد فما رفقك الذي ترجو أن تنال منه المنزلة عنده,قال كليلة هبك وصلت إلى الأسد فما توفيقك عنده الذي ترجو أن تنال به المنزلة عنده والحظوة لديه,قال كليلة هبك وصلت إلى الأسد فما رفقك الذي ترجو به المنزلة عنده,قال كليلة هبك وصلت إلى الأسد فما رفقك الذي ترجو به المنزلة وبلوغها من الأسد ونيلها عنده,قال كليلة هبك قد وصلت إلى الأسد فما رفقك الذي ترجو أن تنال به المنزلة عنده,,قال كليلة قد فهمت قولك وهبك أن قد وصلت إلى الأسد فما رفقك وما الذي ترجو من المنزلة عنده,قال كليلة وهبك وصلت إلى الأسد فما رفقك الذي ترجو به المنزلة عنده
119,b46cdcb1-b289-404f-8757-e450c4fe604c,Dimna will Make the Lion See His Benefit,ولو دنوت من الأسد وعرفت أخلاقه تلطّفت في متابعته فإذا أراد أن يفعل صوابًا زيّنته له حتّى يعمل به,قال دمنة لو قد لزمته عرفت أخلاقه وحططت في هواه ثمّ رفقت بمتابعته وقلّة الخلاف عليه فإذا أراد أمرًا هو في نفسي صواب زيّنته له وبصّرته فضله وشجّعته عليه حتّى يزداد بذلك سرورًا,ولو قد دنوت من الأسد وعرفت أخلاقه لطفِقت في متابعته وقلّة الخلاف عليه فإذا أراد أمرًا زيّنته له وشجّعته عليه حتّى يعمل به وينفذ رأيه,قال دمنة لو قد دنوت منه ثمّ عرفت أخلاقه ثمّ انحططت في هواه ورفعت بمتابعته وقلّة الخلاف عليه فإذا أراد أمرًا هو في نفسي صوابًا زيّنته له ونصحته فيه وشجّعته عليه حتّى يزداد به سرورًا,قال لو قد دنوت من الأسد وعرفت أخلاقه ثمّ رفقت في متابعته وقلّة المخالفة له فإذا أراد أمرًا هو عندي صوابًا زيّنته له وبصّرته ما فيه من الرشد وشجّعته عليه حتّى يعمل به وينفذ فيه,قال دمنة لو قد دنوت منه وعرفت أخلاقه فرفقت في متابعته وقلّة الخلاف عليه وإذا أراد أمرًا هو في نفسه صواب زيّنته له وصبّرته عليه وعرّفته بما فيه وشجّعته عليه وعلى الوصول إليه حتّى يزداد به سرورًا,قال دمنة لو قد دنوت من الأسد وعرفت أخلاقه رفقت في متابعته وقلّة الخلاف عليه فإذا أراد أمرًا هو في نفسه صواب زيّنته له وشجّعته عليه حتّى يزداد به سرورًا,قال دمنة دنوت من الأسد وعرفت أخلاقه ثمّ وقفت في متابعته وقلّة الخلاف عليه فإذا أراد أمرًا هو في نفسه صواب وبيّنته له وبصّرته ما فيه من الضرر وشجّعته عليه حتّى يزداد به سرورًا,قال دمنة لو قد دنوت من الأسد عرفت أخلاقه ثمّ رفقت في متابعته وقلّة الخلاف عليه فإذا أراد أمرًا هو في نفسي صواب زيّنته له وبصّرته ما فيه ثمّ شجّعته عليه حتّى يزداد به سرورًا,,قال دمنة لو قد وصلت إلى الأسد ودنوت منه وعرفت أخلاقه لطقت في متابعته وقلّة الخلاف عليه وإذا رأيت أمرًا صوابًا زيّنته له ومهّلته عليه حتّى يعمل به ويزداد سرورًا,قال دمنة لو قد دنوت من الأسد وعرفت أخلاقه ثمّ توقّفت على متابعته وقلّة الخلاف عليه فإذا أراد أمرًا هو في نفسه صواب زيّنته له وبصرته به حتّى يزداد سرورًا
120,cabe581d-3327-463f-a0e1-5ba789431e90,Dimna will Make the Lion See His Harm,وإذا همّ بما فيه مضرّته بيّنته له وراجعته عنه حتّى أنال منه ما لم ينلهْ غيري من قربه,وإذا أراد أمرًا أخاف عليه ضرّه وشينه بصّرته بما فيه من الضرّ والشين,وإذا همّ بما خاف ضرّه عليه بصّرته ما فيه بأرفق ما أجد وأبينه,وإذا أراد أمرًا أخاف عليه ضرره وشينه بصّرته ما فيه من الضرر والشين وما في تركه من النفع والزين ودخلت عليه بالرفق واللين,وإذا أراد أمرًا يخاف ضرّه وشينه بصّرته ما فيه من الضرر وما في تركه من النفع بأرفق ما يكون وما أقدر عليه وألينه,وإذا أراد أمرًا يُخاف عليه ضرّه وشينه بصّرته بما فيه من الضرّ والشين وما في تركه من النفع والزين بحسب ما أجد إليه السبيل,وإذا أراد أمرًا أخاف عليه ضرّه وشينه بصّرته ما فيه من الضير والشين,وإذا أراد أمرًا أخاف عليه ضرره وشينه بصّرته ما فيه من الضرر والشين وما في تركه من المنافع والزين بأرفق ما أجد وألينه,وإذا أراد أمرًا أخاف ضرّه بصّرته ما فيه من الضرّ والشين وما في تركه من النفع والزين بأرفق ما أجد,,وإذا همّ بأمر أخاف عليه ضرّه بصّرته بما فيه بأرفق ما أجد إلى ذلك سبيلًا,وإذا أراد أمرًا أخاف عليه ضرّه بصّرته بما فيه من الضرّ والشين وما في تركه من النفع بأرفق مأخذ والنيّة
121,944ebdb8-68aa-4139-99b6-90dae584acc7,Dimna's Hope to Impress the Lion,,فإنّي أرجو أن يزداد لي الأسد بذلك حبُّا منّي ما لم ير من غيري,فأرجو أن يرى منّي في ذلك أفضل *مما يرى من غيري,فأنا أرجو أن يزداد لي الأسد بذلك خيرًا وأن يرى في ذلك منّي ما لم يرى من غيري,وأنا أرجو أن يرى منّي أفضل مما يرى من غيري وأن يزداد لي بذلك خيرًا,وأنا أرجو أن أزداد بذلك عند الأسد مكانة ويرى منّي ما لا يراه من غيري,وأنا أرجو بذلك أن يزداد بي الأسد خيرًا ويرى منّي ما لم ير من غيري,وأنا أرجو أن يزداد الأسد خيرًا وأن يرى منّي ما لم ير من غيري,فإنّي أرجو أن يزداد لي الأسد بذلك خيرًا ويرى منّي ما لم ير من غيري,,فأنا أرجو أن يرى منّي في ذلك أفضل *مما يرى من غيري,وأنا أرجو أن يزداد بي الملك خير وأن يرى منّي ما لم يرى من غيري
122,7d338706-c86a-4701-aa19-31974de8e3d8,Clever Speech Can Twist the Truth,فإنّ الرجل الأديب لو شاء أن يبطل الحقّ ويحقّ الباطل فعل,فإنّ الرجل الأريب الرفيق ربّما أبطل الحقّ وحقّق الباطل,فإنّ الرجل الحازم الذي يبطل الحقّ ويحقّ الباطل أحيانًا يفعل ذلك,فإنّ الرجل الأديب الرفيق لو شاء أن يبطل حقًّا ويحقّ باطلًا فعل,فإنّ الرّجل الأديب الرفيق لو شاء أن يبطل الحقّ ويحقّ الباطل أحيانًا لفعل,فإنّ الرجل الأديب الرفيق لو شاء أم يبطل حقًّا ويحقّ باطلًا لفعل,فإنّ الرجل الأديب الرفيق لو شاء أن يبطل حقًّا ويحقّ باطلًا لفعل ذلك,,فإنّ الرجل الأديب الرفيق لو شاء أن يبطل الحقّ ويحقّ الباطل فعل,,فإنّ الرّجل الأريب الداهي الرقيق لو شاء يبطل الحقّ ويحقّ الباطل أحيانًا لفعل,فإنّ الرجل الأديب الرفيق لو شاء أن يبطل الحقّ ويحقّ الباطل لفعل
123,d5a46d7b-89d5-48dd-8cd5-b55bfb69217e,Analogy of Skilled Painter's Illusions,كالمصوّر الماهر الذي يصوّر التماثيل في الحائط كأنّها داخلة فيه وليست بداخلة ويصور أخرى كأنّها خارجة عنه وليست بخارجة,كالمصوّر الماهر الذي يصوّر في الجدار تصاوير كأنّها خارجة من الجدار وليست خارجة وأخرى كأنّها داخلة وليست بداخلة,كالماهر الذي يصوّر في الحائط تماثيل كأنّها خارجة وأخرى كأنّها داخلة *وليست كذلك,كالمصوّر الماهر الذي يصوّر في الجدار تصاوير فيرى كأنّها خارجة من الجدار وليست بخارجه وأخرى تراها داخلة وليست بداخلة,كالمصوّر الماهر الذي يصوّر في الجدار تصاوير كأنّها خارجة منه وليست بخارجة وتصاوير كأنّها داخلة وليست بداخلة,كالمصوّر الماهر الذي يصوّر في الحيطان صورًا كأنّها خارجة وليست بخارجة وأخرى كأنّها داخلة وليست بداخلة,كالمصوّر الماهر الذي يصوّر في الجدار تصاوير كأنّها خارجة من الجدار وليست بخارجة وأخرى كأنّها داخلة وليست بداخلة,,كالمصوّر الماهر الذي يصوّر في الجدار تصاوير كأنّها خارجة من الجدار وليست بخارجة وأخرى كأنّها داخلة وليست بداخلة,,كالمصوّر الماهر الذي يصوّر في الحائط تماثيل فنراها كأنّها داخلة فيه ويصوّر أخرى كأنّها خارجة من الجدار,كالمصوّر الماهر الذي يصوّر في الجدار صورة كأنّها خارجة وأخرى داخلة فيه وليست بداخلة فيه
124,1119cf1f-d579-403f-b0a2-3862df133362,Dimna's Expectation of the Lion's Response,فإذا رأى منّي ذلك التمس إكرامي وتقريبي إليه وحظيت عنده ولديه,فإذا أبصر الأسد فضلي وعرف ما عندي كان هو الذي يلتمس بقربي إكرامي,فإذا هو عرف نبلي وكمال ماعندي وحسن مشورتي كان هو الذي يلمس إكرامي ويُقرّبني إليه,فإذا أبصر الأسد فضلي وعرفه وعلم ما عندي كان هو أحرص على كرامتي وتقريبي,فإذا أبصر الأسد فعلي وعرف ما عندي كان هو الذي يلتمس قربي وإكرامي,,فإذا أبصر الأسد فضلي وعرف ما عندي كان هو الذي يلتمس تقريبي وإكرامي,وإذا نظر الأسد فعلي وعرف ما عندي كان هو الذي يلتمس قربي وإكرامي,فإذا أبصر الأسد فعلي وعرف ما عندي كان هو الذي يلتمس تقريبي وإكرامي,,فإذا عرف ذهني وكمال ما عندي كان هو الذي يلتمس تقريبي,
125,ae7f99d5-1e21-4e1c-9a95-ffbc08109e91,Kalila's Final Warning about Ruler's Danger,قال كليلة أمّا إذا كان هذا رأيك فإنّي لأحذّرك هو لعِظم خطره,قال كليلة أمّا إذا كان هذا رأيك فإنّي أحذّرك السلطان فإنّ في صحبة السلطان خطر,قال كليلة أمّا إذا كان رأيك هذا فإنّي أحذّرك السلطان لعظم خطره,قال كليلة إن كان هذا رأيك فإنّي أحذّرك صحبة السلطان فإنّ صحبتهم خطر,قال كليلة أمّا إذا كان هذا رأيك فإنّي أحذّرك السلطان فإنّ في صحبته خطرًا عظيمًا وغرورًا كثيرًا,فقال كليلة أمّا إن قلت هذا أو قلت هذا فإنّي أخاف عليك من السلطان فإنّ صحبته خطرة,قال كليلة أمّا إذا كان هذا رأيك فإنّي أحذّرك السلطان فإنّ صحبته خطرها عظيم,قال كليلة أمّا إن كان هذا رأيك فإني أحذّرك السّلطان فإنّ صحبة السلطان خطر عظيم,قال كليلة أمّا إذا كان هذا رأيك فإني أحذّرك السّلطان فإنّ صحبة السلطان خطر عظيم,,قال كليلة أمّا إذا كان هذا رأيك فإنّي أحذّرك صحبة السلطان لعظم خطرها,قال كليلة إن كان رأيك فإنّي أحذّرك صحبة الأسد فإنّ صحبة السلطان خطرًا عظيمًا
126,5e2f71a9-338b-492c-ac53-0a641a2d536f,Transition in the Conversation,,,,,,,,,,,,
127,5ef9fc8e-fabe-487c-9f85-1db78919908f,Three Risky Endeavors According to Scholars,وقد قالت العلماء ثلاثة أمور لا يجترئ عليها إلّا الأهوج ولا يسلم فيها إلّا العاقل صحبة السلطان وائتمان النساء على الأسرار وشارب السمّ للتجربة,وقد قالت العلماء في أمور ثلاثة لا يجترئ عليها إلّا أهوج ولا يسلم منها إلّا قليل منها صحبة السلطان ومنها ائتمان النساء على الأسرار ومنها شرب السمّ للتجربة,وقد قالت العلماء في أمور ثلاثة لا يجترئ عليها إلّا أهوج منها صحبة السلطان وإئتمان النساء على الأسرار وشرب السمّ للتجربة,وقد قالت العلماء في أمور ثلاثة لا يجترئ عليها إلّا الأهوج ولا يسلم منها إلّا القليل منها صحبة السلطان ومنها شرب السمّ للتجربة ومنها ائتمان النساء على الأسرار,وقالت العلماء في أمور ثلاثة لا يجترئ عليها إلّا <الأ> هوج ولا يسلم منها إلّا المهذّب صحبة السلطان وائتمان النساء على الأسرار وشرب السمّ للتجربة,وقد قالت العلماء إنّ أمورًا ثلاثة لا يجترئ عليهنّ إلّا أهوج ولا يسلم منهنّ إلّا القليل صحبة السلطان وائتمان النساء على الأسرار وشرب السمّ للتجربة,وقد قالت العلماء إنّ أموراً ثلاثة لا يجترئ عليها إلّا أهوج ولا يسلم منها إلّا القليل منها صحبة السلطان وائتمان النساء وشرب السمّ للتجربة,وقد قالت العلماء في أمور ثلاثة لا يجترئ عليها إلّا الأهوج ولا يسلم منها إلّا قليل منها صحبة السلطان وائتمان النساء على الأسرار وشرب السمّ للتجربة,وقد قالت العلماء في ثلاثة أمور لا يجترئ عليها إلّا أهوج ولا يسلم منها إلّا القليل صحبة السلطان وائتمان النساء على الأسرار وشرب السمّ للتجربة,,وقد قالت العلماء في أمور ثلاثة لا يجترئ عليها إلّا أهوج ولا يسلم منها إلّا قليل من الناس صحبة السلطان وائتمان النساء على الأسرار وشرب السمّ عن تجربة,وقد قالت العلماء أمور ثلاثة لا يستجري عليها إلّا أهوج ولا يسلم منها إلّا القليل فأحدها صحبة السلطان والتماس الأمانة من النساء وائتمانهنّ على الأسرار وشرب السمّ للتجربة
128,4a6f480c-9519-4ccf-8547-eb06ff575fee,Analogy of Ruler to a Dangerous Mountain,وإنما يشبّهون مقارنتهم بالجبل الصعب الوعر الذي فيه الثمار الطيّبة والسباع الضارية والصعود إليها مخوف شديد والمقام فيه أفظع وأهول,وإنّما شبّه العلماء السلطان بالجبل الصعب الوعر المسلك الذي فيه الثمار الطيّبة وهو معدن الأسود والنمور وكلّ سبع مخوف ضاري فالارتقاء إليه شديد والمقام فيه أشدّ,وإنّما شبه صحبتهم كالجبل الوعر الذي فيه الثمار الطيّبة والأنهار الجارية وفيها السباع والصعود إليه شديد والمقام فيه أفظع وأهول,وإنّما شبّهت العلماء السلطان بالجبل الوعر الصعب المسلك الذي فيه كلّ ثمرة طيّبة وهو معدن النمور والأسد والذئاب وكلّ سبع مخوف والارتقاء إليه شديد والمقام فيه أخوف,وإنما شبّهت العلماء السلطان بالجبل الصعب المرتقى الذي فيه الثمار الطيّبة والجواهر النفيسة والأدوية النافعة وهو معدن ذلك والأسد والذئاب وكلّ سبع مخوف والارتقاء إليه شديد والمنام فيه أشدّ,وإنّما شبّه العلماء السلطان بالجبل الصعب المرتقى الذي فيه الثمار الطيّبة والجواهر النفيسة والأدوية النافعة وهو مع ذلك معدن السباع والنمور والذئاب وكلّ ضارّ مخوف فالارتقاء إليه شديد والمقام فيه أشدّ,وإنّما شبّه العلماء السلطان بالجبل الصعب الذي فيه الثمار الطيّبة والجواهر النفيسة والأدوية النافعة والوحوش المخوفة فالمقام فيه شديد والارتقاء إليه صعب,وإنما يشبّه العلماء السلطان بالجبل الصعب الذي فيه الثمّار الطيبة وهو معدن النمر والأسود والذئاب وكلّ شيء مخيف والارتقاء إليه شديد والمقام فيه أشدّ,وإنما شبّه العلماء السلطان بالجبل الصعب الذي فيه الثمّار الطيّبة وهو معدن السباع والارتفاع إليه شديد والمقام فيه أشدّ,,وإنّما شبّه الحكماء السلطان ومقاربته بالجبل الوعر الذي فيه الثمار الطيّبة وهو معدن للسباع المخوفة فالصعود إليه شديد والمقام فيه أفظع وأهول,وقد شبّهت العلماء السلطان بالجبل الصعب الذي فيه الثمار الطيّبة وهو معدن الأسودة والنمورة والصعود إليه شديد والمقام فيه أشد من الصعود إليه
129,7a4289ff-509c-4c8f-aa09-ac479a29ee7b,Dimna's Persistence Despite Warnings,قال دمنة قد فهمت ما ذكرت ولكن اعلمْ أنّه من لم يركبْ الأهوال لم ينلْ الرغائب ولم يعدّ من الرجال ومن ترك الأمر الذي لعلّه بالغ حاجته منه لم ينلْ مرامًا ولم يبلغْ شرفًا,قال دمنة قد صدقت فيما وصفت غير أنّه من لم يرتكبْ الأهوال لم ينلْ الرغائب ومن ترك الأمر الذي لعلّه أن يبلغ فيه حاجته هيبة له ومخافة لها لعلّه يتوقّاها فليس جسيمًا أمره,قال دمنة قد فهمت ما ذكرت وصدقت فيما وصفت ولكنّي أعرف أنّه من لم يركبْ الهول من الأمور لم ينلْ الرغائب ومن ترك الأمر الذي لعلّه أن يبلغ حاجته منه هيبةً له وشفقةً منه لم يصبْ ولم يبلغْ شرفًا,قال دمنة صدقت فيما وضعت غير أنّه من لم يركبْ الأهوال لم ينلْ الرغائب ومن ترك الأمر الذي لعلّه يبلغ فيه حاجته هيبة له ومخافة لعلّه يتوقّى فليس ببالغ جسيمًا,قال دمنة صدقت فيما ذكرت غير أنّه من لم يركبْ الأهوال لم ينلْ من الرغائب ومن ترك الأمر الذي لعلّه أن يبلغ فيه حاجته هيبة ومخافة لعلّه أن يتوقّاه فليس يبلغ جسيمًا,قال دمنة صدقت فيما ذكرت ومن لم يركبْ الأهوال لم ينلْ الرغائب ومن ترك الأمر الذي لعلّ يبلغ فيه حاجته هيبة ومخافة ولعلّه إن يتوقّاه فليس ببالغ جسيمًا,قال دمنة صدقت فيما ذكرت غير أنّه من لم يركب الأهوال لم ينل الرغائب ومن ترك الأمر الذي لعلّه أن يبلغ فيه حاجته خيفة وهيبة لما لعلّه أن يوقاه فليس ببالغ جسيمًا,قال دمنة قد صدقت فيما وصف غير أنّه من لم يركبْ الأهوال لم ينلْ الرغائب ومن ترك الأمور التي لعلّها تبلغ هيبة ومخافة لما لعلّه يتوقاّه فليس ببالغ جسيمًا,قال دمنة قد صدقت فيما وصفت غير أنّه من لم يركبْ الأهوال لم ينلْ الرغائب ومن ترك الأمر الذي لعلّه أن يبلغ فيه حاجته هيبة ومخافة لما لعلّه أن يتوقّاه فليس بتابع جسيمًا,,قال دمنة قد فهمت ما ذكرت وصدقت فيما وصفت ولكن اعلمْ أنّه من لم يركبْ الأهوال لم ينلْ الرغائب الجليلة ومن ترك الأمر الذي لعلّه يبلغ حاجة منه هيبة منه وإشفاقًا لم يصبْ جسيمًا ولم يبلغ شرفًا,قال دمنة صدقت فيما وصفت غير أنّه من لم يركبْ الأهوال لم ينلْ الرغائب ومن ترك الأمر الذي لعلّه يبلغ به حاجته هيبة ومخافة فليس ببالغ
130,91890f8e-91b3-4f6c-bae7-714969856ece,Three Challenging Pursuits Requiring Courage,وقد قيل ثلاثة أمور لا يستطيعها أحد من الناس إلّا بمعونة من ارتفاع همّة وعظم خطر صحبة السلطان وتجارة البحر ومناجزة العدوّ,وقد قيل في أعمال ثلاثة لا يستطيع أحد بلوغها إلّا بمعرفة وارتفاع همّة وعظم خطر منها عمل السلطان ومنها تجارة البحر ومنها مشاجرة العدوّ,وقد قيل في أمور لا يستطيعها إلّا بمعونة من ارتفاع همّة وعظم [[ضعف]] خطر منها وهي عمل السلطان وتجارة البحر ومناجزة العدوّ,وقد قيل في أعمال ثلاثة لا يستطيعها أحد إلّا مخافة ومعونة ارتفاع همّه وعظم الخطر منها عمل السلطان ومنها تجارة البحر ومنها مناجزة العدوّ,وقد قيل خصال ثلاثة ليس يستطيعها أحد إلّا بمعرفة ارتفاع همّة وعظم خطر منها عمل السلطان وتجارة البحر ومناجزة العدوّ,وقد قيل إنّ خصالًا ثلاثة لن يستطيعها أحد إلّا بمعونة من علوّ همّة وعظيم خطر منها عمل السلطان وتجارة البحر ومناحرة العدوّ,وقد قيل في خصال ثلاث لا يستطيعها أحد إلّا بارتفاع همّة وعظم خطر منها عمل السلطان وتجارة البحر ومناجزة العدوّ,وقد قيل في خصال ثلاثة لا يستطيعها أحد إلّا بمعونة من ارتفاع من همّة وعظم خطر منها عمل السلطان وتجارة البحر ومثابرة العدوّ,وقد قيل ثلاثة لن يستطيعها أحد إلّا بعلوّ همّة ومخافة لما لعلّه أن يتوقّاه منها عمل السلطان وتجارة البحر ومناجزة العدوّ,,وقد قيل في أمور ثلاثة لا يستطيعها أحد إلّا بمعونة من ارتفاع همّة وعظيم خطر منها عمل السلطان وتجارة البحر ومفاخرة العدوّ,وقد قيل في أمور ثلاثة لا يستطعها أحد إلّا بارتفاع همّة وبلوغ عظيم خطر منها عمل السلطان وتجارة البحر ومناجزة العدوّ
131,8639d8d5-51a4-49c7-be82-a5b414809219,Two Proper Places for Noble Man,وقيل أيضًا لا ينبغي للرجل ذي المروءة أن يُرى إلّا في مكانين إمّا في البرّيّة موحشًا وإمّا مع العظماء مصطحبًا,وقد قالت العلماء في الرجل الفاضل المروءة إنّه لا ينبغي له أن يُرى إلّا في مكانين ولا يليق به غيرهما إمّا مع الملوك مكرّمًا وإمّا مع النسّاك متبتّلًا,وقيل أيضًا إنّه لا ينبغي للرجل ذي المروءة أن يرى إلّا في مكانين إمّا مع الملوك مكرّمًا وإمّا مع النسّاك متبتّلًا,وقد قالت العلماء الرجل الفاضل المروءة إنّه لا ينبغي أن يُرى إلّا في مكانين ولا يليق به غيرهما إمّا مع الملوك مكرّمًا وإمّا مع النسّاك ?متبثّلًا,وقد قالت العلماء في الرجل الفاضل الرشيد إنّه لا ينبغي له أن يُرى إلّا في مكانين ولا يليق به غيرهما إمّا مع الملوك مكرّمًا وإمّا مع النسّاك متنسّكًا,وقد قالت العلماء في الرجل الفاضل الرشيد إن لا يُرى إلّا في مكانين ولا يليق به غيرهما إمّا مع الملوك مكرمًا أو مع النسّاك متعبّدًا,وقد قالت العلماء في الرجل الفاضل الرشيد إنّه لا ينبغي أن يُرى إلّا في مكانين ولا يليق به غيرهما إمّا مع الملوك مكرّمًا وإمّا مع النسّاك متبتّلًا,وقالت العلماء في الرجل الفاضل المروءة إنّه لا ينبغي أن يُرى إلّا في مكانين ولا يليق به غيرهما إمّا مع الملوك مكرّمًا وإمّا مع النسّاك متبتّلًا,وقالت العلماء في الرجل الفاضل المروءة إنّه لا ينبغي أن يُرى إلّا في مكانين ولا يليق به غيرهما إمّا مع الملوك مكرّمًا وإمّا مع النسّاك متبتّلًا,,وقد قالت العلماء أيضًا إنّه لا ينبغي للرجل ذي المروءة أن يُرى إلّا بمكانين إمّا مع الملوك مكرّمًا وإمّا مع النسّاك متبتّلًا,وقد قالت العلماء في الرجل الفاضل إنّه لا ينبغي أن يُرى إلّا في مكانين لا يليق به غيرهما إمّا مع الملوك مكرّمًا وإمّا مع النسّاك متبتّلًا
132,20892475-3597-4063-99dc-7cc8220dd0ac,Two Places for Elephant’s Splendor,,كالفيل الذي بهاؤه وجماله في مكانين إمّا في البرّيّة وحشيًًّا وإمّا مع الملوك مركبًا,كالفيل الذي يتبخطر إنّما جماله وبهاؤه في مكانين إمّا في البرّيّة وحشًا وإمّا مركبًا للملوك,كالفيل الذي إنّما بقاؤه وجماله بمكانين إمّا في برّيّة وحشيًّا وأمّا مركبًا للملوك,كالفيل الذي إمّا بهاؤه وجماله في مكانين إمّا تراه وحشيًّا وإمّا للملوك مركبًا,كالفيل إنّما جماله وبهاؤه في مكانين إمّا تراه وحشيًّا أو مركبًا للملوك,كالفيل الذي إنّما بهاؤه وجماله في مكانين لا يليق به غيرهما إمّا في بريّته وحشيًًّا وإمّا للملوك مركبًا,كالفيل الذي إنّما بهاؤه وجماله في مكانين إمّا في البرّيّة وحشيًّا وإمّا مركبًا للملوك,كالفيل الذي إنّما بهاؤه وجماله في مكانين إمّا في برّيّته وحشيًّا وإمّا مركبًا للملوك,,كالفيل الذي إنّما بهاؤه في مكانين إمّا في البرّيّة وحشًا وإمّا للملوك مركبًا,كالفيل إنّما بهاؤه وجماله في مكانين إمّا في البرّيّة وحشيًّا وإمّا للملوك مركبًا
133,ff4a1fb2-f4ae-496d-bac9-9df0a91d339d,Kalila's Blessing for Dimna's Decision,قال كليلة خار الله لك فيما عزم لك عليه,قال كليلة خار الله لك فيما عزمت,فقال كليلة خار اللّه لك فيما عزمت عليه,قال كليلة خار الله لك فيما عزمت عليه,قال كليلة جارك الله فيما عزمت إليه,قال كليلة خار الله لك فيما عزمت عليه,قال كليلة خار الله لك فيما عزمت لك عليه ولقّاك رشده ووقّاك متالفه,قال كليلة خار الله فيما قد عزمت عليه,قال كليلة خار الله لك فيما قد عزمت عليه,,قال له كليلة خار الله لك يا أخي فيما عزمت عليه,قال كليلة خار الله لك فيما عزمت عليه
134,4c66fb4d-a202-4af0-9d51-8f36334d6b6d,Kalila's Disagreement with Dimna's Plan,,,,وأمّا أنا فإنّي مخالف لك في رأيك هذا,,,,,,,,
135,bf697f08-a52d-46a8-a208-a36106178656,Scene 2. Dimna Presents Himself to the Lion,,,,,,,,,,,,
136,6bbaf921-e878-4b0d-baee-5f56ed915728,Dimna's Determination to Pursue His Goal,,,,,,,,,,,,
137,9ca5dd4f-3624-4944-b0f0-e73faae1cd48,Dimna Approaching the Lion,ثمّ إنّ دمنة انطلق حتّى جاء إلى باب الأسد,ثمّ إنّ دمنة انطلق حتّى وصل إلى الأسد فسلّم عليه,ثمّ إنّ دمنة انطلق مسرعًا حتّى أتى إلى الأسد فسلّم عليه وقبّل الأرض بين يديه,ثمّ إنّ دمنة انطلق حتّى سلّم على الأسد,ثمّ إنّ دمنة انطلق حتّى دخل على الأسد وسلّم,ثمّ إنّ دمنة انطلق حتّى دخل على الأسد فسلّم عليه,ثمّ إنّ دمنة انطلق حتّى دخل على الأسد وسلّم عليه,ثمّ إنّ دمنة انطلق حتّى سلّم على الأسد,ثمّ إنّ دمنة انطلق نحو الأسد فسلّم عليه,,ثمّ إنّ دمنة انطلق فسلّم على الأسد,ثمّ إنّ دمنة انطلق حتّى سلّم على الأسد
138,d7bd407b-ccde-41a0-a32f-2c4d2bf25f31,Dimna Seeking Permission to Enter,فاستأذن عليه فأُذن له,,,,,,,,,,,
139,e70018af-c47a-4014-8ea7-6f07ba4f5be9,Dimna Entering the Lion's Presence,فدخل دمنة,,,,,,,,,,,
140,6becf432-6675-421f-aed1-cd691c4182a9,Dimna Noticing Another Lion,فرأى عنده أسدًا آخر فسلّم عليه,,,,,,,,,,,
141,6ed517d4-8ff1-4638-8759-efa64bc048b3,Lion Inquiring About Dimna's Identity,فقال الأسد لقرابته من هذا,فقال الأسد لجلسائه من هذا,وقال الأسد من هذا,فقال الأسد لمن عنده من هذا,فقال الأسد لقرائبه من هذا,فقال الأسد لبعض جلسائه من هذا,فقال الأسد لقرائبه من هذا,فقال له من هذا,فقال الأسد لقرابته من هذا,,فقال الأسد لقرابته من هذا,فقال لقرابته من هذا
142,c59c8275-87f3-4e76-a1d7-e0fd10d37714,Identification of Dimna,فقالوا فلان بن فلان,قالوا هذا فلان بن فلان,فقال له وزيره هذا ابن فلان,قالوا هذا فلان بن فلان,قالوا له هذا ابن فلان,فقال فلان ابن فلان,قالوا له ابن فلان,فقال هذا ابن فلان,قالوا فلان بن فلان,,قالوا له هذا فلان بن فلان الفلانيّ,قالوا فلان بن فلان
143,ab6408f5-565f-4bb4-91ec-5c4d5c4c50d7,Lion Recognizing Dimna's Father,فقال الأسد كنت أعرف أباه,قال كنت أعرف أباه,فقال قد كنت أعرف أباه,فقال الأسد قد كنت أعرف أباه,قال الأسد كنت أعرف أباه,قال قد كنت أعرف أباه,قال الأسد قد كنت أعرف أباه وكان نحريرًا كيّسًا,فقال الأسد قد كنت أعرف أباه,قال قد كنت أعرف أباه,,قال لهم الأسد قد كنت أعرف أباه,قال قد كنت أعرف أباه
144,bae6e9a3-c66e-47b6-a3c2-e8de56df4cfe,Lion's Reaction to Dimna,,فدعا به,,,,,,,,,,
145,302903c2-c147-4a38-9c40-43c59b460bce,Lion Questioning Dimna's Whereabouts,ثمّ قال له أين كنت,ثمّ قال أين كنت تكون,ثمّ قال له الأسد أين كنت,فأدناه الأسد فقال أين كنت تكون,ثمّ سأله أين كنت,,ثمّ سأله أين كنت تكون,ثمّ سأله أين كنت تكون,ثمّ سأله أين يكون,,فقرّبه وأدناه وقال له أين كنت تكون,ثم سأله أين كنت تكون
146,73b940f5-f61e-4eeb-b3df-55b877f573ed,Dimna's Response about His Loyalty,فقال لم أزلْ بباب الملك مواظبًا رجاء أن يحضر أمر أعينه فيه بنفسي ورأيي,قال لم أزلْ بباب الملك مرابطًا رجاء أن يحضر أمر أعين الملك فيه برأيي ونفسي,فقال دمنة لم أزلْ بباب الملك مواظبًا وله ملازمًا رجاء أن يحضر أمرٌ فأعين الملك عليه,قال دمنة لم أزلْ مرابطًا لباب الملوك رجاء أن يحضر أمر فأعين الملك فيه,قال دمنة لم أزلْ بباب الملك مرابطًا رجاء أن يحضر أمر *فأغني الملك عنه بنفسي ورأيي,قال لم أزلْ مرابطًا بباب الملك رجاء أن يحضر أمر فأعين الملك فيه بنفسي ورأيي,قال لم أزل بباب الملك مرابطًا رجاء أن يحضر [[أن]] أمر أغني فيه عن الملك بنفسي ورأيي,قال لم أزلْ بباب الملك مرابطًا مواظبًا رجاء أن يحضر الملك أمر أعين الملك فيه برأيي ونفسي,قال لم أزلْ بباب الملك مرابطًا رجاء أن يحضر الملك أمر أعينه فيه برأيي ونفسي,,قال له دمنة لم أزلْ مرابطًا بباب الملك رجاء أن يحضر أمر أعينه فيه بنفسي ورأيي,قال لم أزلْ بباب الملك مرابطًا رجاء أن يحضر أمرًا أعرفه فأعين الملك عليه بمالي ونفسي
147,1a6f4aac-5836-434e-bd77-ea111459c0f9,Dimna on the Value of Overlooked Individuals,فإنّه قد يُجمع الكمال فيمن لا يؤبه له وربّما كان عند من صغرت منزلته منفعة,فإنّ باب الملك تكثر فيه الأمور التي ربّما احتيج فيها إلى من لا يُؤبه <له> وليس يصغر أمره عن أن يكون عنده بعض المنافع على قدره,فإنّ باب الملك قد كثرت فيه الأمور الذي ربّما احتيج فيها إلى من يكون عنده منفعة,فإنّه قد تكون الأمور التي ربّما احتيج فيها إلى رأي من لا يؤبه له وإنّه لا يخلو أحد وإن كان صغير القدر والمنزلة أن يكون عنده منفعة وإن صغرت,فإنّ أبواب الملوك يكثر فيها الأمور التي ربّما احتيج فيها إلى من لا نباهة له وليس أحد يصف أمره إلّا وقد يكون عنده بعض العناء والمنافع على قدره,فإنّ الملوك تكثر فيها الأمور التي لا يحتاج فيها إلّا الذي لا يؤبه له وليس أحد يصغر أمره إلّا وقد يكون عنده بعض الغنى والمنافع على أنّ القدرة,فإنّ أبواب الملوك تكثر فيها الأمور التي ربّما احتيج فيها إلى من لا يُؤبه إليه له وليس أحد يصغر أمره إلّا وقد يكون عنده بعض الغنى والمنافع على قدره,فإنّ باب الملك تكثر فيه الأمور حتّى ربّما احتيج فيها إلى من لا يُؤبه له ولا تصغر منزلة أحد من أن يكون عنده منفعة,فإنّ باب الملك تكثر فيه الأمور حتّى ربّما احتيج فيها إلى من لا نباهة له ولا تصغر منزلة أحد عن أن تكون عنده منفعة,,فإنّه قد يجتمع للملك الأشياء التي يحتاج فيها إلى من لا يُؤبه له ويستصغر أمره وليست تصغر منزلة أحد عن أن تكون عنده منفعة,فإنّ باب الملك تكثر فيه الأمور التي ربّما احتيج فيها إلي من لا نوبة له فلا يصغر منزلته عند الملك
148,ee109e30-4255-4b44-bedf-9bbe562c6e00,Analogy of Useful Discarded Objects,فإنّ العود المطروح ربّما استُرفق به في حوادثه وغير ذلك,فإن العود المنبوذ في الأرض ربّما انتفع به المنتفع فيحكّ به أذنه عند الحاجة إليه,فإنّ العود المطروح في الأرض ربّما احتاج إليه المرء في حكّ أذنه وغير ذلك,فالعود المنبوت في الأرض ربّما انتفع بحكّة أذنه فيحكّها به,حتّى أنّ العود المنفرد في الأرض ربّما يقع فيأخذه الرجل فيحكّ به أذنه عند الحاجة إليه,كشبه العود المنبوت في الأرض وربّما يقع به الرجل فيأخذه فتكون عدّته عند الحاجة إليه,حتّى أنّ العود المنبوت في الأرض ربّما نفع يأخذه الرجل فيحكّ به أذنه,وإنّ العود المطروح في الأرض ربّما انتفع به المنتفع تحكّه أذنه يحكّها به,فإنّ العود المطروح في الطريق ربّما انتفع به المنتفع تحكّه أذنه فيحكّها به,,فإنّ العود المطروح في الأرض ربّما ارتفق به المرء وأخذه من الأرض فحكّ به أذنه ولغير ذلك,فإنّ العود المطروح في الأرض ربّما انتفع به منتفع يحكّ به أذنه
149,72b01aa7-ce01-4f0e-b7b1-ea12f1181b73,Comparison to Knowledgeable Beings,,والحيوان الذي يعرف الضرّ والنفع أحرى أن يُنتفع به,والحيوان العالم بالأمور أحرى أن يكون ذلك عنده,فالحيوان العالم بالضرّ والنفع أحرى أن ينتفع به,والحيوان الذي يعرف النفع والضرّ أحرى أن ينتفع به,,والحيوان الذي يعرف النفع والضرّ أحرى أن ينتفع به,فالحيوان العالم بالضرّ والنفع أحرى أن يُنتفع به,فالحيوان العالِم بالضرّ والنفع أجدر أن ينفع,,فالحيوان العالم بالأمور أحرى أن يكون ذلك عنده وفيه,
150,aed243fd-005e-4eec-9b5a-1b44563b3d7b,Lion's Positive Impression of Dimna,فلمّا سمع الأسد ذلك أعجبه واستظرفه ورجا أن يكون قِبله نصيحة ورأي,فلمّا سمع الأسد كلامه أعجبه فظنّ أنّ عنده من الخيرات نصيحة ورأيًا,فلمّا سمع الأسد كلام دمنة أعجبه واستظرفه ورجا أن يكون عنده منفعة ورأي,فلما سمع الأسد كلام دمنة أعجبه وظنّ أن عنده فصيحة ورأيًا,فلمّا سمع الأسد كلامه أعجبه فظنّ عنده نصيحة ورأيًا,فلمّا سمع الأسد قول دمنة أعجبه وظنّ أنّ عنده نصيحة ورأيًا,فلمّا سمع الأسد كلام دمنة أعجبه وظنّ أنّ عنده رأيًا ونصيحة,قال فلمّا سمع الأسد كلام دمنة أعجبه وظنّ أنّ عنده نصيحة ورأيًا,فلمّا سمع الأسد كلام دمنة أعجبه فظنّ أنّ عنده نصيحة ورأيًا,,فلمّا سمع الأسد ذلك من دمنة استظرفه وأعجبه ورجا أن يكون عنده معرفة أو رأي,فلمّا سمع الأسد كلام دمنة أعجبه وظنّ أن هذه نصيحة ورأيًا
151,dfd65ba8-008b-4899-88ab-33ad1080c5cb,A Noble Man May Be Obscure,فقال لقرابته إنّ الرجل ذا الفضل والنبل يكون خامل الذكر والمنزلة في الغالب وإنّه ليصير متى عُرف,فأقبل على أقربائه فقال لهم إنّ الرجل ذو العلم والمروءة ليكون غامض الأمر خامل المنزلة فتأبى مروءته إلّا أن تستبين وتُعرف,فقال الأسد لوزيره إنّ الرجل ذو الفضل والنبل ليكون غامض الأمر حامل المنزلة تأبى مروءته ألّا تظهر وتستبين,فأقبل على قرائبه فقال لهم إنّ الرجل ذو المروءة والعالم ليكون حامل المنزلة غامض الأمر حتّى يتكلّم ثمّ يأتي مروءته إلى أن يتبيّن ويُعرف,فأقبل على قرائبه فقال لهم إنّ الرجل ذو العلم والمروءة يكون جامل الأمر حافظ المنزلة فيأبى منزلته إلى أن يتبيّن ويُعرف,فأقبل على من حضر فقال إنّ الرجل ذا العلم والمروءة يكون خامل الذكر خافض المنزلة فتأبى منزلته إلّا أن تشبّ وترتفع,وأقبل على قرائبه فقال لهم إنّ الرجل ذا الرأي والعلم والمروءة ليكون خامل الأمر خافض المنزلة وتأبى منزلته إلّا أن تستبين وتُعرف,فأقبل على قرابته فقال لهم إنّ الرجل ذو العلم والمروءة ليكون خامل الأمر خافض المنزلة يُعرف,فأقبل على قرابته فقال لهم إنّ الرجل ذا العلم والمروءة يكون خامل الذكر خافض المنزلة فتأبى مروءته إلّا أن يتبيّن فيُعرف,,فقال لقرابته إنّ الرجل النبيل ذو المروءة والعلم والفضل ليكون خامل المنزلة غامض الأمر فتأبى مروءته إلّا أن تظهر وتزيد,فأقبل عليه ثمّ قال لقرابته إنّ الرجل العالم ذو المروءة ليكون حامل الذكر صغير المنزلة فتأبى مروءته إلّا أن يستثير ليُعرف
152,d6823753-584e-4d65-94ea-52244f4fbe0d,Analogy of a Flame's Inevitable Rise,كالشعلة التي يستضيء بها صاحبها عند الحاجة,كالشعلة من النار التي يضعها صاحبها وتأبى إلّا ارتفاعًا,كالشعلة من النار التي يصونها صاحبها وهي تضيء,كالشعلة من النار التي يصونها صاحبها وتأبى إلّا ارتفاعًا,,كالشعلة من النار يضربها صاحبها وتأبى إلّا ارتفاعًا,كالشعلة من النار التي يصونها صاحبها وتأبى إلّا ارتفاعًا,كالشعلة من النار التي يضوء لصاحبها وتأبى إلّا ارتفاعًا,كالشعلة من النار التي يصونها صاحبها فتأبى إلّا ارتفاعًا,,كالشعلة من النار التي يصوّبها صاحبها فترتفع وتضيء,كالشعلة من النار التي تنبئ عن نفسها وتأبى إلّا ارتفاعها
153,1780651f-61b4-4347-9cca-8c1f152d0557,Transition in the Conversation,,,,,,,,,,,,
154,290d6d9a-8e59-407e-affd-755f643e28dd,Dimna Seizing the Opportunity to Impress,فلمّا علم دمنة أنّ الأسد قد أعجب به ووافقه كلامه قال دمنة إنّ رغبة العقلاء عند أبواب الملوك حذراء أن يفرّقوا ما عندهم من المروءة والعلم وبذل النصيحة والمودّة وأن لا يضعوهم في منازلهم التي لهم ويستحقّونها,فلمّا عرف دمنة أنّ الأسد أعجب به قال إنّ رعيّة الملك ومن يحضره بابه أحقّاء أن يعرّفوا الملك ما عندهم من علم أو مروءة ويبذلوا له الرأي والنصيحة فإنّ الملك لا يعرفهم [[بحالاتهم]] ولا ينزلهم منازلهم دون أن يعرفهم بحالاتهم,قال فلمّا عرف دمنة أنّ الأسد قد أعجب به ووافقه كلامه قال إنّ رعيّة الملك ومن يحضرهم لجدير أن يعرّفوه ما عندهم من المروءة ويبذلوا له نصيحتهم ومودّتهم ولا يكتموه شيئًا من [[مروءتهم]] أمورهم ولا يرفعهم في المنازل العالية إلّا ذلك,فلمّا سمع دمنة أنّ الأسد قد أعجب به قال أيّها الملك إنّ رغبة الملك ومن يحضره حذرًا أن يرفعوا إلى الملك ما عندهم ولا ينزلهم منازلهم إلّا بذلك,فلمّا عرف دمنة أنّ الأسد قد أعجب منه قال إنّ رعية الملوك لا تحصر بابه حذرًا أن يعرّفوا الملك ويعرفهم فإنّ الملك لا ينتفع ولا ينزلهم منازلهم دون أن يعرّفوا ما عندهم ويختبر أخلاقهم,فلمّا عرف دمنة أنّ الأسد قد عجب منه قال إنّ رعيّة الملك تجوز باب الملك رجاء أن يعرف ما عندها من علم وافر,فلمّا عرف دمنة أنّ الأسد قد أعجب به قال إنّ رعيّة الملك ومن يحضر بابه جدراء أن يعرّفون الملك ما عندهم من الرأي والنصيحة فإنّ الملك لا ينتفع بهم ولا ينزلهم منازلهم دون أن يعرفهم بأخلاقهم,فلمّا عرف دمنة أنّ الأسد قد أعجب به قال إنّ رعيّة الملك ومن يحضر بابه جدراء بأن يعرّفون للملك ما عندهم من علم أو *مروءة ويبذلون له الرأي والنصيحة فإنّ الملك لا يعرفهم ولا ينزلهم منازلهم إلّا بذلك,فلمّا عرف دمنة أنّ الأسد قد أعجبه ما حاوره به قال إنّ رعيّة الملك ومن يحضر بابه جدارء بأن يعرّفوا الملك ما عندهم من علم أو مروءة ويبذلوا له الرأي والنصيحة فإنّ الملك لا يعرفهم ولا ينزلهم منازلهم إلّا بذلك,,فلمّا عرف دمنة أنّ الأسد قد أعجب به وافقه كلامه قال إنّ رعيّة الملك ومن بحضرته لجدراء أن يعرّفوه ما عند أنفسهم من المروءة والعلم ويبذلوا نصيحتهم ومروءتهم ومودّتهم فإنّه لا يضعهم في منازلهم التي هم أهلها ومستحقّوها إلّا بذلك,فلمّا عرف دمنة أنّ الأسد قد أعجب به قال له إنّ رعيّة الملك ومن يختصّ به جدراء أن يعرّفوا الملك ما عندهم من العلم أو مروءة ويبدّلوا له النصيحة فإنّ الملك لا يعرفهم ولا ينزلهم منازلهم إلّا بذلك
155,181aa9bd-ce20-48e0-b08a-371a9bbb17a0,Analogy of Hidden Crop's True Value,كالزرع المدفون فإنّه لا يعرف فضله إلّا من شهده بعد الظهور,كالزرع المدفون في الأرض من الحنطة والشعير لا يستطيع أحد أن يعرفه وينزله منزلته حتّى يكون هو الذي يخرج ويظهر,كالزرع المدفون فإنّ أحدًا لا يعرف فضله إلّا بضعة حتّى يخرج ويظهر على الأرض فحينئذٍ يعرف قدره,كالزرع المدفون في الأرض من الحنطة والشعير وسائر الحبوب الأنواع لا يدر من احتباسها حتّى تكون هي التي تخرج وتظهر,كالزرع المدفون في الأرض من الحنطة والشعير الذي لا يستطيع أحدًا أن يعرفه حتّى يكون هو الذي بذره ثمّ أخرجه,,كالزرع المدفون في الأرض من الحنطة والشعير لا يستطيع أحد أن يعرفه حتّى يكون هو الذي يظهر ويخرج,كالزرع المدفون في الأرض من الحنطة والشعير وسائر الأنواع فلا يستطيع أحد أن يعرفه وينزله منزلته حتّى يكون هو الذي يظهر ويخرج,كالزرع المدفون في الأرض من الحنطة والشعير وسائر أنواع الزروع فلا يستطيع أحد أن يعرفه وينزله منزلته حتّى يكون هو الذي يظهر ويخرج,,كالزرع المدفون فإنّ أحدًا لا يعرف فضله ولا يصفه به حتّى يكون هو الذي يخرج ويظهر على الأرض,كالزرع المدفون في الأرض من الحنطة والشعير وسائر الأنواع فلا يعلم أحد علمه حتّى يكون هو الذي يظهر ويخرج
156,4540e9cb-e655-4ad5-9999-dc990ed8219a,Duty of Courtiers to Share Their Knowledge,,وحقّ على من حضر السلطان أن يطلعه على ما عنده من المنفعة والأدب,,,وحقّ على من حضر السلطان أن يطلعه على ما عنده من المنفعة والرأي والأدب,,وحقّ على من حضر السلطان أن يطلعه على ما عنده من المنفعة والرأي والأدب,وحقّ من حضر الباب أن يطلعه على ما عنده من المنفعة والأدب,وحقّ على من حضر السلطان أن يطلعه على ما عنده من المنفعة والأدب,,,ويجب على من حضر مجلس الملك أن يطلعه على ما عنده من المنفعة
157,c0135c92-a980-4485-9f3f-1ca480abfbe3,Ruler's Responsibility to Recognize Merit,فيتعيّن على الملك أن يرفع من قدر ذي الرأي بقدر رأيه وما يجد من منفعته,ومن الحقّ على السلطان أن يبلغ كلّ امرئ مرتبته على قدر رأيه ونصيحته وما يجد عنده من المنفعة والرأي والأدب,ويحقّ على الملك أن يبلغ بكلّ امرئ مرتبته على قدر رأيه وما يجد عنده من المنفعة,وحقّ على السلطان أن يبلغ بكلّ امرء مرتبته على قدر نصيحته ورأيه وما يجد عنده من المنفعة والأدب,,,,ويحقّ على السلطان أن يبلغ بكلّ امرئ مرتبته على قدر رأيه ونصيحته وما يوجد عنده من المنفعة والدين,وحقّ على السلطان أن يبلغ بكلّ امرئ مرتبته على قدر رأيه ونصيحته وما يوجد عنده من المنفعة والدين,,ويحقّ على الملك أن يبلغ كلّ أمري إلى مرتبته على قدر رأيه وما يجد من المنفعة والمروءة والنصيحة عنده,ويجب على السلطان أن يبلغ كلّ امرئ من بيته على قدر رأيه ونصيحته
158,2bedd12c-9f14-4aa2-aa69-7bf359e2aaba, Leaders Must Place Things Properly,وقد قيل لا ينبغي لأحد وإن كان ملكًا أن يضع شيئًا غير موضعه ولا يضيّع مكانة الرجال والحيلة,فإنّه قد كان يُقال شيئان لا ينبغي لأحد وإن كان ملكًا أن يضع شيئًا منهما غير موضعه ولا أن يزيل عن منزلته أحدهما حلية الرِجْل والآخر حلية الرأس,وقد قيل في أمر من إنّه لا ينبغي لأحد وإن كان ملكًا أن يجعل شيئًا منهما في غير مكانه ولا يزيله عن منزلته,فإنّه يقال في أمرين لا ينبغي لأحد وإن كان ملكًا أن يضع واحدًا منها غير موضعه ولا يزيله عن مرتبته منها حلية الرجلين وحلية الرأس,فإنّه يقال شيئان ليس لأحد وإن كان ملكًا أن يصنع شيئا منهما في غير موضعه ولا أن ينزله غير منزلته وأحدهما حلية الرأس [الرأس] والآخر حلية الرجلين,,فإنّه يُقال شيئان ليس لأحد وإن كان ملكًا {أن} يضع شيئًا منها {في} غير موضعه ولا أن يزيله عن موضعه ومنزلته أحدهما حلية الرأس والآخر حلية الرِجْل,فإنّه كان يُقال في أمرين ليس لأحد وإن كان ملكًا أن يضع شيئًا منها على غير موضعه ولا أن يزيله عن منزلته أحدهما حلية الرِجل والآخر حلية الرأس,فإنّه قد كان يُقال في أمرين ليس لأحد وإن كان ملكًا أن يضع شيئًا منها على غير موضعه ولا أن يزيله عن مرتبته أحدهما حلية الرِجل والآخر حلية الرأس,,وقد قيل في بعض الأمثال أمران لا ينبغي لأحد وإن كان ملكًا أن يجعل منهما شيئًا في غير مكانه ولا أن يزيله عن موضعه الرجال والحيلة,وليس لأحد وإن كان ملكًا أن [يضيح] يضيّع شيئًا منها على غير موضعه ولا يزيله عن منزلته فإنّه بعد
159,dbb3d03e-f976-48ac-8cd5-9fdc5e71b84b,Analogy of Misplaced Ornaments,فإنّه يُعدّ جاهلًا من عقد على رأسه حلية رجليه,فإنّه يُعدّ جاهلًا من عقد على رأسه حلية رجليه وعلى رجليه حلية رأسه,فإنّه يُعدّ جاهلًا من جعل على رأسه حلية رجليه وعلى رجليه حلية رأسه,وأن يُعدّ جاهلًا من عقد على رأسه حلية الرجلين أو حلا رجليه بحلية الرأس,[فإنّه] يُعدّ جاهلًا من عقد على رأسه حلية رجليه وعلى الرجلين حلية الرأس,,فإنّه يُعدّ جاهلًا من عقد على رأسه حلية الرجلين وعلى رجليه حلية الرأس,فإنّه يُعدّ جاهلًا من عقد على رأسه حلية الرجلين وحلى رجليه بحلية الرأس,فإنّه لا يُعدّ جاهلًا إلّا من عقد على رأسه حلية رجليه وحلى رجليه بحلية رأسه,,فإنّه يُعدّ جاهلًا من غيّر على رأسه حلية رجليه أو على رجليه حلية رأسه,
160,cab254a0-6858-4236-88ad-67281ed0e862,Analogy of Comparing Precious Stones to Lead,ومن شبّه الياقوت واللؤلؤ بالرصاص مع أنّ ذلك ليس بتصغير لمن صنعه إنّما هو حمق ممّن فعله,ومن صبّب الياقوت واللؤلؤ بالرصاص فليس ذلك ينقص الياقوت واللؤلؤ ولكنّه يجهل من يفعل ذلك,ومن قمع الياقوت والجواهر واللؤلؤ بالرصاص لكنّه جهل وحمق ممّن يفعله,ومن ضبّب الياقوت واللؤلؤ بالرصاص فليس ذلك ممّا يصغر بالؤلؤ والياقوت ولكنّها تعدّ جهالة ممّن فعل ذلك,ومن نفيس اللؤلؤ والياقوت بالرصاص فليس ذلك تصغير منه بالياقوت والجوهر لكنّه جهل من فعل ذلك,,ومن يقيس الياقوت واللؤلؤ بالرصاص فليس ذلك تصغيرًا باللؤلؤ والجوهر ولكنّه جهل من فعل ذلك به,ومن يصيب الياقوت واللؤلؤ بالرصاص فليس ذلك ينقص الياقوت واللؤلؤ ولكنّه جهل ممّن فعل,ومن ضبّب اللؤلؤ والياقوت بالرصاص فليس ذلك تصغيرًا للياقوت واللؤلؤ ولكنّه جهل ممّن فعله,,ومن شبّه الياقوت والجوهر بالرصاص فإنّ ذلك ليس بتصغير لما سُمّيت ولكنّه جهل ممّن فعله,قالت لها وبماذا
161,1be4d93c-2ac4-49cf-b06e-6db64dd9b250,Proper Treatment of People Based on Merit,,,,,,,,,,,وكذلك في الرجال لا يُنزل المحسن منهم بمنزلة المسيء ولا المسيء بمنزلة المحسن,
162,2b20b446-c6af-404a-bd09-9bd7db56b13a,Advice against Associating with the Ignorant,وقد قيل أيضًا لا تصحب رجلًا لا يعرف مواقع يمينه وشماله,ولذلك يُقال لا تصاحبنّ صاحبًا لا يعرف ليمينه من شماله موضعهما,وقيل أيضًا لا ينبغي للرجل أن يصحب من لا يعرف مواقع يمينه وشماله,ولذلك يُقال لا يصحبنّ الرجل ***,ولذلك يقال لا تصحبنّ امرءًا لا يعرف ليمينه فضل على شماله,,ولذلك يُقال لا يصحبنّ امرء صاحبًا لا يعرف ليمينه فضلًا على شماله,وكذلك كان يُقال لا يصاحَب الرجل صاحبًا إلّا ليمينه وشماله,ولذلك كان يُقال لا يصاحبنّ الرجل صاحبًا لا يعرف ليمينه وشماله مواضعهما,,وقد قيل أيضًا لا تصاحبنّ رجلًا لا يعرف مواقع يمينه من شماله,ويُقال إنّه لا يُحبّ للرجل أن يصاحب من لا يعرف يمينه من شماله
163,b2fff797-e239-4fc4-9b98-cdfa2626f87a,Importance of Associating with the Wise,وإنّما يُصحب العقلاء لأنّهم القادة,وإنّما يستخرج ما عند الرجال ولاتهم وما عند الجند قادتهم وما في الدين من تأويل علماؤه,وإنّما يستخرج ما عند العقلاء والعلماء والحكماء ولاتهم والجند قوّادهم وما في الدين والتأويل علماؤهم,*** ولاتها وما عند الجنود قادتها وما في الدين وتأويله علماؤه وفقهاؤه,وإنّما يستخرج ما عند الرجال ولاتهم وما عند الجنود قوّادهم وما عند أهل الدين علماؤهم,,وإنّما يستخرج ما عند الرجال ولاتهم وما عند الجند قوّادهم وما عند أهل الدين علماؤهم,وإنّما يستخرج ما عند الرجال ولاتهم وما عند الجنود قادتهم,وإنّما يستخرج ما عند الرجال *ولاتهم وما عند الجنود قادتهم وما في الدين والتأويل علماؤه,,فإنّما يستخرج ما عند العقلاء ولاتهم وما عند الجنود أمراؤهم وما في الدين والتأويل علماؤه وفقهاؤه,وإنّما يستخرج ما عند الرجال ولاتهم قادتهم وما في الذين والتأويل قادتهم وعلماؤهم
164,83aa3d6a-2886-4c83-8766-2e884aef0c33,Three Things with Varying Degrees of Excellence,وقد قيل أيضًا ثلاثة أشياء متفاوت ما بينها المقاتل على المقاتل والقيل على القيل والعالم على العالم,وقد قيل في أشياء ثلاثة فضل ما بينهما متفاوت فضل المقاتل على المقاتل والفيل على الفيل والعالم على العالم,وقيل أيضًا في أشياء متفاوت وما بينهما فضل المقاتل على المقاتل وفضل القيل على القيل وفضل العالم على العالم,وقد قيل في أشياء ثلاثة فضل ما بينها متفاوت وإن كان يجمعها اسم واحد فضل المقاتل على المقاتل والعالم على العالم والمتكلّم على المتكلّم,,وقد يقال إنّ الفضل في أمرين فضل المقاتل على المقاتل والعالم على العالم,,وقد قيل في أشياء ثلاثة فضل ما بينهم متفاوت فضل المقاتل على المقاتل وفضل الفيل على الفيل والعالم على العالم,وقد قيل في أشياء ثلاثة فضل ما بينهم متفاوت فضل المقاتل على المقاتل والفيل على الفيل والعالم على العالم,,وقد قيل أيضًا في أشياء متفاوت ما بينهما كفضل المقاتل على المقاتل والقليل على القليل والكثير على الكثير والعالم على العالم,وقد قيل في أشياء ثلاثة فيها فضلًا متفاوتًا المقاتل والفيل على الفيل والعالم على العالم
165,214358ca-9307-4de2-83e4-3811e90d1893,Value of Quality over Quantity in Allies,وكثرة الإخوان إذا لم يكونوا مجرّبين بالعمل فإنّهم لا يُرجون بذلك وإنّما نصائح ذي الفضل منهم,فإنّ كثرة الأعوان إذا لم يكونوا خبيرين مضرّة بالعمل فإنّ العمل ليس فائدته كثيرة بكثرة الأعوان ولكن بصالح الأعوان,وكثرة الأعوان إذا لم يكونوا مجرّبين مضرّة بالعمل فإنّ العمل ليس رجاؤه بكثرة الأعوان ولكن بصالح الأعوان وذوي الفضل منهم,ورجاء العمل بصالح الإخوان والأعوان لا بكثرتهم,وإن كثرت الأعوان إذا لم يكونوا ذوي بصائر بالعمل فإنّ العمل ليس رجاؤه بكثرة الأعوان ولكن بصالح الأعوان,وإنّ كثرة الأعوان إذا لم يكونوا متخبّرين بما يكون مضرّة على العمل فإنّ العمل ليس رجاؤه بكثرة الأعوان ولكن بصالحي الأعوان,وإنّ كثرة الأعوان إذا لم يكونوا ذوي بصيرة بالعمل فإنّ العمل ليس رجاؤه بكثرة الأعوان لكن بصالح الأعوان,وكثرة الأعوان إذا لم يكونوا !متخمّرين مضرّة بالعمل فإنّ العمل ليس رجاؤه بكثرة الأعوان ولكن بصالح الأعوان,وكثرة الأعوان إذا لم يكونوا متحرّين مضرّة بالعمل فإنّ العمل ليس رجاؤه بكثرة الأعوان ولكن بصلح الأعوان,,وكثرة الأعوان إذا لم يكونوا مجرّبين بالعمل فإنّ ليس تمامه بكثرة الأعوان ولكن بصالحهم إن قلّوا وذوي الفضل منهم,وكثرة الأعوان إذا لم يكونوا كافين مضرّة بالعمل وليس بكثرة الأعوان العمل ولكن بصالحيهم وذوي الفضل منهم
166,9e718c4e-0ae4-4d78-b7a5-26f412e66a88,Analogy of Carrying Heavy Stone vs. Valuable Gem,كالرجل الذي يحمل الحجر الثقيل فلا يجديه نفعًا ولا يحصّل به ثمنًا وهو يثقله والياقوت غير متعب لحامله وهو قادر على بيعه بالثمن الكثير دون عمل ولا خداع,ومثل ذلك كالرجل الذي يحمل الحجر الثقيل فيثقل به نفسه ولا يجد به ثمنًا والذي يحمل الياقوت لا يثقل عليه حمله وهو يجد به حاجته,كالرجل الذي يحمل الحجر الثقيل لا يجد له ثمنًا وهو ينقله وحامل الياقوت وإن قلّ هو قادر على بيعه بالكثير من المال,كالرجل الذي يحمل الياقوت ولا يثقل عليه حمله وهو آخذ به حاجته,,ومثل ذلك مثل الرجل الذي يحمل الحجر الثقيل فيقتل به نفسه ولا يجد له ثمنًا,,كالرجل الذي يحمل الياقوت ولا يثقل عليه منه وهو يجد به الثمن الكثير ويبلغ حاجته,كالرجل الذي يحمل الحجر فيثقل به نفسه ولا يجد به ثمنًا والرجل الذي يحمل الياقوت فلا [فلا] يثقل عليه وهو يجد به حاجته,,كالرجل الذي يحمل الحجر الثقيل فيثقله ولا يجد به ثمنًا والياقوت غير باذخ لصاحبه وهو قادر على بيعه بالمال الكثير,كالرجل الذي يحمل الحجر الثقيل رجاء الثمن فلا يجد به ثمنًا والرجل يحمل الياقوت لا ثقل له وهو يجد به الثمن الجزيل
167,7a79f9e9-c60c-4e15-a9d3-1cab9829517f,Importance of Appropriate Tools for Tasks,,والعمل الذي يُحتاج فيه إلى الجذع لا يجديه القصب وإن كثر,والعمل الذي يحتاج فيه الجزع لا يجزيه الغضب فإن كثر,وكذلك العمل الذي بلوغه بالرفق لا يصلحه العنف وإن استظهر به,والعمل الذي يُحتاج فيه إلى الجند على أن يحسن به النَصْب وإن كثر,والرجل الذي يحتاج إلى الجذوع لا يجزيه القصب وإن كثر,والعمل الذي يُحتاج فيه إلى الجذوع لا يجزيه القصب وإن كثر,والعمل الذي يحتاج فيه إلى الجذع ولا تحويه القصب وإن كثرت,[والعمل] الذي يُحتاج فيه إلى الجذع لا يجزيه القصب وإن كثر,,والعمل الذي يحتاج فيه إلى الجذع لا تجز به القصب وإن كثر,والعمل الذي يحتاج إلى الخشب لا يجزيه القصب وإن كان كثر
168,4d3401f8-8c16-4523-9da5-0f8777f6b3bd,Ruler's Duty to Recognize Merit Regardless of Status,والسلطان والوالي من حيث هو حقيق بأن لا يحقّر مروءة وجدها عند أحد خامل المنزلة فإنّ الصغير ربّما عُظّم فعظُم,والوالي حقيق أن لا يحقّر مروءة يجدها عند رجل صغير المنزلة فإنّ الصغير ربّما عظم,قالوا حقيق إذ لا تحقّر مروءة وجدت عند أحد وإن كان صغير المنزلة وإنّ الصغير ربّما عظم,والوالي حقيق أن لا يحتقر مروءة رجل وإن صغرت منزلته فإنّ الصغير ربّما عظم فعظم,وأنت الآن حقيق أن لا تحقّر مروءة تجدها في رجل صغير المنزلة فإنّ الصغير ربّما عظم,وأنت الآن أيّها الملك حقيق ألّا تحقّر مروءة وأنت تجدها عند رجل صغير المنزلة فإنّ الصغير ربّما عظم,فأنت حقيق ألّا تحقّر مروءة تجدها عند رجل صغير المنزلة فإنّ الصغير ربّما عظم فعظم,والوالي حقيق ألّا يحتقر مروءة وإن وجدها عند رجل صغير المنزلة فإنّ الرجل الصغير ربّما كبر وعظم,والوالي حقيق أن لا يحقّر مروءة وجدها عند رجل صغير المنزلة فإنّ الصغير ربّما عُظّم فعظُم,,والملك حقيق ألّا يحقّر مروءة وجدها عند أحد خامل المنزلة فإنّ الصغير ربّما عظم جدًّا,
169,398f2080-6675-4184-a0fb-5da386801da1,Analogy of Repurposing Animal Sinew for Royal Use,كالعصب الذي يُؤخذ من الميتة فيُعمل منه وتر القوس فيقبض عليه الملك ويحتاج إليه في لهوه وبأسه,كالعصب يُؤخذ من الميتة فإذا عُملت به القوس أُكرم فقبض عليه الملك واحتاج إليه في لهوه وبأسه,كالعظم الذي يؤخذ من الميتة فيصنع به وتر القوس فيحتاج إليه الملك في لهوه وبأسه,كالعقب يؤخذ من الميتة فيستعمل في القوس ويستعمل في السروج فيصير مراكبًا للملوك والأشراف,كالعصب يؤخذ من الميّت فإذا عُمل به القوس أُكرم فتقتنص عليه الملوك وإنّهم يحتاجون فيه إلى بأسهم ولهوهم,كالعصب يؤخذ من الميتة فإذا عُمل منه القوس أكرم فقبض عليه الملوك ويحتاج إليه في البأس واللهو,كالعصب يُؤخذ من الميتة فإذا عُمل به القوس أُكرم فقبض عليه الملوك فاحتاجوا إليه في بأسهم ولهوهم,كالعصب يؤخذ من الميتة فإذا عُملت به القوس أُكرم فقبض عليها الملك ويحتاج إليها في لهوه وبأسه,كالعصب يؤخذ من الميتة فإذا عُملت به القوس أُكرم فقبض عليه الملوك واحتاجوا إليه في لهوهم وبأسهم,,كالعصب الذي يؤخذ من الميتة فيُعمل منه وترًا لقوس فيقبض عليه الملوك والأشراف ويحتاجه إلى بأسه ولهوه,
170,3067b6d8-5a38-449f-a876-a7c4137ceae9,Courtiers' Speculations on Dimna's Favor,,,,,,,,,,,,
171,15cb2469-470e-42ca-99ae-de6a2cbc9082,Dimna's Desire for Recognition Based on Merit,وأحبّ دمنة أن يصيب من الملك الكرامة والمنزلة وجنده يعرفون أنّ ذلك ليس عن معرفة منه,وأحبّ دمنة أن ينال من كرامة الأسد ما ناله والقوم يعلمون أنّ ذلك ليس بمعرفة بأبيه فقط ولكنّه لرأي دمنة ومروءته,قال وأحبّ دمنة أن يصيب الكرامة عند الأسد والمنزلة منه,وأحبّ دمنة أن ينال المنزلة والكرامة أن يوري أنّ ذلك ليس من قبل المعرفة معرفة الأسد إيّاه ولكن لمروءته في نفسه ورأيه,وأحبّ دمنة أن يناله من كرامة الملك ما يناله والقوم يعلموا أنّه ليس ذلك لمعرفة أبيه ولكن لرأي دمنة ومروءته,وأحبّ دمنة أن يرى القوم أنّ ما ناله من كرامة الملك إنّما هو لرأيه ومروءته وعقله لأنّهم عرفوا قبل ذلك أنّ ذلك لمعرفته أباه,وأحبّ دمنة أن يناله من كرامة الملك ما يناله والقوم يعلمون أنّ ذلك ليس لمعرفة أبيه فقط ولكن لرأي دمنة ومروءته,وأحبّ دمنة أن يناله ما ناله من كرامة الأسد والقوم يعرفون أنّ ذلك ليس لمعرفة أبيه فقط ولكن رأي دمنة وفضله ومروءته,وأحبّ دمنة أن يناله ما ناله من كرامة الملك ويعلم القوم أنّ ذلك ليس بمعرفة أبيه فقط ولكن لرأي دمنة ومروءته,,وأحبّ دمنة أن يصيب من الأسد الكرامة والمنزلة وجنده لا يعرفون أنّ ذلك ليس عن معرفة به ولكن بمروءته ورأيه,وأحبّ دمنة إذا ناله ما ناله من إكرام الملك إن يعلم الجماعة إنّ ذلك ليس بمعرفة أبيه بل لرأيه ومروءته
172,638c15b2-5c3f-4ab6-b402-e89e6ae473b6,Ruler's Criteria for Appointing Officials,فقال إنّ السلطان لا يدني الرجال لقرب آبائهم ولا يبخعهم لبعدهم ولكن ينظر إلى ما عندهم وما يحتاج إليه فيهم ثمّ يمضي رأيه على ما يخفّ عليه من إنزالهم منازلهم,فقال إنّ السلطان لا يقرّب الرجال على قرب آبائهم ولا يبعدهم لبعدهم ولكنّه ينزلهم على قدر كلّ امرئ منهم ما ينتفع به,,*** على قدر لما عند كلّ امرئ منهم من المنافع,فقال إنّ السلاطين لا تقرّب الرجال لقرب آبائهم ولا تباعدهم لبعدهم ولكن تنظر إلى كلّ رجل وما عنده وما ينبغي له,فقال إنّ السلطان لا يقرّب الرجال لقرب آبائهم ولا يبعدهم لبعدهم ولكن لا ينبغي أن ينظر إلى كلّ رجل بما عنده,فقال إنّ الملوك لا يقرّبون الرجال لقرب آبائهم ولا يباعدوهم لبعدهم ولكن ينظرون إلى كلّ رجل وما عنده وما ينبغي له,فقال إنّ السلطان لا يقرّب الرجال لقرب آبائهم ولا يبعدهم لبعدهم ولكن ينظر إلى ما عندهم من فضل الكفاية وما ينبغي له أن يقرّب لأجله,فقال إنّ السلطان لا يقرّب الرجال لقرب آبائهم ولا يباعدهم لبعدهم ولكن ينظر إلى ما عند كلّ رجل منهم وما ينبغي له,,فقال الأسد إنّ السلطان لا يدني الرجال لقرب آبائهم ولا يجتنبهم لبعدهم ولكنّه ينظر إلى ما عندهم وما يحتاج فيه إليهم ثمّ يمضي أمرهم على ما يحقّ عليه فيهم من إنزالهم منازلهم,فقال إنّ السلطان لا يقرّب الرجل لقرب آبائه ولا يبعد لبعد آبائه لكنّه ينظر إلى ما عند كلّ رجل منهم وما ينبغي له
173,98cf5d1c-26c6-4a04-9e9d-2b4605738df0,Bodily Health Is Most Important,فإنّه لا شيء أخصّ به من جسده وربّما اعتلّ فلا يداويه إلّا الدواء الذي يأتيه من بعيد,فإنّه لا أحد أقرب إلى الرجل من جسده فمن جسده ما يدوى عليه حتّى يداويه ولا يدفع ذلك عنه إلّا الدواء الذي يأتيه من بعد,,وإنّه ليس شيء أقرب إلى الرجل من جسده وقد يعتلّ عليه بعض جسده ولا يدفع عنه تلك العلّة إلّا بدوي يأتي به من بعد,فإنّ لا شرّ أقرب إلى الرجل من حسده فمن حسده ما !بهوي عليه حتّى يُؤذى به ولا يدفع ذلك عنه إلّا الدوي الذي يأتيه من بعده,لأنّه لا شيء أقرب إلى الرجل من جسده فمن جسده ما يدوى حتّى يدويه ولا يدفع ذلك عنه إلّا بالدواء,فإنّه لا شيء أقرب إلى الرجل من جسده فمن جسده ما يداوى عليه ويؤذيه فلا يدفع ذلك عنه إلّا الدواء الذي يأتيه من بعد,فإنّه لا شيء أقرب إلى الرجل من جسده ومن جسده ما يدوى عليه حتّى يؤذيه فلا يدفع ذلك عنه إلّا الدواء الذي يأتيه من بعيد,فإنّه ليس شيء أقرب إلى الرجل من جسده فمن جسده ما يدوى عليه حتّى يؤذيه فلا يدفع ذلك إلّا الدواء الذي يأتيه من بعد,,فإنّه لا شيء أخصّ ولا أقرب من جسد الإنسان وربّما دوي عليه وآذاه فلا يدفع ما به إلّا الدواء الذي يُؤتى به من بعيد,فإنّه لا شيء أقرب للرجل من جلده فمهما يصيبه منه من علّة حتّى يؤذيه فلا يدفع بلاءه عنه إلّا الدواء الذي يُؤتى به من بعيد
174,30f070cd-d3ff-4abe-aa47-b2c118eb2ab2,Animals Are Treated according to Their Benefit,,والجرذ في البيت مجاوز ولكنّه لمّا كان ضارًّا نُفي والبازيّ وحشيّ غريب ولكنّه لمّا كانت منه منافع اقتُني واتُّخذ وأُكرم,,والجرذ في البيت مجاور فلمّا صار مؤذيًا عودي ونفي والبازي وحشي فلمّا صار نافعًا اقتُني واتُّخذ حتّى إنّ الملك لتحمّله على يده,وكالجرذ مجاورًا في البيت غير أنّه لمّا كان صابرًا مؤذيًا كُره والباز شيء وحشيّ غريب فلمّا صار نافعًا قُرّب وأُدني وكُرّم,تؤاجر لها,وكالجرذ الذي هو في البيت مجاورًا غير أنّه لمّا كان ضائرًا مؤذيًا أُنفي وكُره والبازيّ وحشيًّا غير أنّه لما صار نافعًا اقتُني وأُكرم,,كالجرذ الذي في البيت مجاورًا فمن أجل إضراره اتُّقي والبازيّ وحشيّ غريب فلمّا صار نافعًا اقتُني واتُّخذ,,والجرذ هو مجاوره فلضرّه أنفاه وآذاه وأخرجه والبازيّ نأى عنه فلنفعه له اتّخذه واقتناه حتّى أنّ,والجرذ في البيت مجاور ولكن ?آذاه أخرجه ونفاه والباز وحش غريب فلأجل نفعه اتّخذه الملوك واقتناه
175,6976eb87-4a6e-498d-a94b-bf20669c2fef,Dimna's Observation of the Lion's Behavior,فلمّا فرغ دمنة من مقالته ازداد الملك له استظرافًا وبه إعجابًا فأحسن الردّ عليه,فلمّا فرغ دمنة من مقالته ازداد الأسد به عجبًا وأحسن عليه الردّ,فلمّا فرغ من مقالته ازداد الأسد به إعجابًا فأحسن إليه الردّ ولاين له في القول,فلمّا فرغ دمنة من كلامه ذلك ازداد به الأسد عجبًا وأحسن عليه الردّ والثناء,فلمّا فرغ دمنة من مقالته ازداد الأسد به إعجابًا وأحسن الردّ,فلمّا فرغ دمنة من مقالته هذه أعجب الملك به إعجابًا شديدًا وأحسن الردّ عليه وزاد في كرامته,فلمّا فرغ دمنة من مقالته ازداد الأسد به إعجابًا وأحسن الردّ عليه,قال فلمّا فرغ دمنة من مقالته زاد الأسد إعجابًا وأحسن عليه الردّ,قال فلمّا فرغ دمنة من مقالته ازداد به الأسد إعجابًا وأحسن عليه الردّ,,الملك حمله على يديه فلما فرغ [[اا]] دمنة من مقالته,فلمّا سمع الأسد مقالة دمنة ازداد له استظرافًا وبه إعجابًا وأحسن الردّ عليه
176,31ba51f8-0d5f-45e8-a363-b609bc14a3af,Ruler Must Not Undervalue the Noble,وقال إنّه ينبغي لملك أن لا يلجّ في تضييع ذوي الفضل والمروءة,فكان ممّا قال لجلسائه أن قال ينبغي للسلطان أن لا يلحّ في تضييع حقّ ذي الحقّ ووضع منزلة ذي المروءة,وقال لجلسائه ينبغي للسلطان أن لا يلحّ في حقّ ذوي الفضل والمروءة,وقال لجلسائه إنّه لا ينبغي للوالي أن يلحّ في تضييع حقّ ذي حقّ ولا وضع منزلة ذي المنزلة,وكان فيما قال لجلسائه ينبغي للسلطان أن لا يسمح في تضييع ذوي الحقوق ووضع منزلة ذوي المروءة,ثمّ قال لجلسائه ينبغي للسلطان أن لايلجّ في تضييع ذوي الحقوق,وكان فيما قال لجلسائه ينبغي للسلطان أن لا يلجّ في تضييع حقّ ذوي الحقوق ووضع منزلة ذوي المروءة,وكان فيما قال لجلسائه أن قال ينبغي للسلطان أن لا يلجّ في تضييع ذي حقّ ووضع منزلته والمروءة,وكان فيما قال لجلسائه أن قال ينبغي للسلطان أن لا يلحّ في تضييع حقّ ذي الحقّ ووضع منزلة ذي المروءة وإزرائه في ذلك [في ذلك],,ازداد الأسد به عجبًا واستطرافًا وأحسن عليه الردّ وقال لجلسائه إنّه لينبغي للسلطان أن لا يفرّط في تضييع حقّ ذي المروءة والفضل,وقال لجلسائه ينبغي للسلطان أن لا يضيع حقّ ذي حقّ ولا منزلة ذي منزلة
177,c62ef8b1-0cdf-446c-91e7-3dfe31e24210,Ruler Must Correct Former Neglect,وأن يستدرك ما فاته من ذلك,وأن يستدرك الوالي ما مضى من تفريطه في ذلك,وأن يستدرك ما فاته من ذلك,بل ينبغي للوالي أن يستدرك ما مضى تفريطه في ذلك,وأن ?أشهدك رأيه في ذلك,,وأن يستدرك رأيه في ذلك,وأن يستدرك رأيه في ذلك,,,وأن يستدرك ما فاته منه وفرّط فيه من ذلك,
178,983b2466-93ae-4bdb-b912-7e540dbe7d01,A Neglected Person May Be Favoured Anew,فإنّه ربّما وجد من صاحبه الذي يفعل ذلك {معه} رضى وافرًا,ولا يغرّه أن يرى من صاحبه المفعول ذلك به رضى وإقرارًا,ولا يغرّه أنّه يرى من صاحبه الذي يفعل ذلك به رضى وإقرارًا,ولا يغترّ برضى المفعول به وإقراره بذلك,ولا يزهده أن يرى من صاحبه المعقول ذلك به,,ولا يغرّه أن يرى من صاحبه المفعول به ذلك !لبنًا,ولا يغرّه أن يرى من صاحبه المفعول به ذلك رضى وإقرارًا,ولا يغرّه أن يرى من صاحبه المفعول ذلك به رضى وإقرارًا,,ولا يغرّه أن يرى من صاحبه الذي يفعل ذلك به رضى وإقرارًا,
179,d84f31f4-839f-41c5-9633-75f4ab746763,A Viper Stepped on Once May Not Bite,فإنّ الناس في ذلك {رجلان} أحدهما طباعه البرارة فهو كالحيّة التي إن وطئها أحد ولم تلدغْه لم يعدْ عليها إذ أصل ذلك منها,فإنّ الناس في ذلك رجلان رجل أصل طباعه الشراسة فهو كالحيّة التي إن وطئها الواطئ فلم تلدغْه لم يكن جديرًا أن يغرّه ذلك فيعود لوطئها,فإنّ الناس في ذلك رجل طبعه الشرارة فهو كالحيّة التي إن وطئها الواطئ فلم تلدغْه ثمّ يكن جاهلًا إن يغرّه ذلك منها مرّة أخرى فتلدغه,فإنه الناس في ذلك رجلان رجل أصل طباعه الشراسة فهو كالحيّة إن وطئها الواطئ فلم تلدغْه لم يكن جديرًا أن يغرّه ذلك منها فيعود للوطئ عليها كرّة أخرى,فإنّ الناس في ذلك رجلان رجل أصل طباعه الشراسة وهو كالحيّة التي وطئها الواطئ فلم تلدغْه لم يكن جديرًا أن يغيّره ذلك منها فيعود لوطئها ثانية,والناس في ذلك رجلان رجل طبعه الممارسة فهو كالحيّة إن وطئها الواطئ فلم تلدغْه لم يكن جديرًا أن يغرّه ذلك منها فيعود في وطئها ثانية فتلدغه,فإنّ الناس في ذلك رجلان رجل أصل طباعه الشراسة فهو كالحيّة التي إن وطئها الواطئ فلم تلدغْه لم يكن جديرًا أن يغرّه ذلك منها فيعود لوطئها ثانية فتلدغه,فإنّ الناس في ذلك رجلان رجل أصل طباعه الشراسة وهو كالحيّة التي إن وطئها الواطئ فلم يلدغْه كان جديرًا أن يعود ذلك وتعود لوطئها ثانية,فإنّ الناس في ذلك رجلان رجل أصل طباعه الشراسة فهو كالحيّة التي إن وطئها الواطئ فلم تلدغْه لم يكن جديرًا أن يغرّه ذلك فيعود لوطئها ثانية,,فإنّ الناس في ذلك رجلان أحدهما طباعه الشرّ فهو كالحيّة التي إن وطئها امرئ فلم تلدغْه لم يكن جديرًا بالعودة منها مثل ذلك,!ولا يبعده ممّن طبعه الشراسة كالحيّة التي يطأها الواطئ فلا تلدغه فلا يغرّه ذلك فيعيد الوطئ عليها فتهلكه بسمّها
180,aedf6d1c-8611-477a-b5dd-fe5dbb1f005c,Cool Sandalwood May Become Hot,وآخر أصل طباعه الشهوة كالصندل البارد الذي إذا أُفرط في حكّه صار حارًّا,ورجل أصل طباعه السهولة فهو كالصندل البارد إذا أُفرط في حكّه عاد حارًّا مؤذيًا,ورجل طبعه السهولة فهو كالصندل البارد إذا أُفرط في حكّه صار حارًّا فيؤذي بحرارته,ورجل أصل طباعه السهولة فهو كالصندل البارد الذي أُفرط في حكّه عاد حارًا مؤذيًا,ورجل أصل طباعه السهولة فهو كالصندل البارد التي متى أُفرط في حكّه صار حارّا مؤذيًا,ورجل أصل طباعه السهولة فهو كالصندل البارد إذا أُفرط في حكّه صار حارًّا مؤذيًا,ورجل أصل طباعه السهولة فهو كالصندل البارد الذي إذا أُفرد في حكّه صار حارًّا مؤذيًا,ورجل أصل طباعه السهولة وهو كالصندل البارد الذي إذا أُفرط في حكّه صار حارًّا مؤذيًا,ورجل أصل طباعه السهولة فهو كالصندل البارد الذي إذا أُفرط في حكّه عاد حارًّا يؤذي,,وآخر أصل طبائعه وخلائقه الشهوة فهو كالصندل البارد الذي إذا فُرّط في حكّه صار نارًا مؤذيًا,ورجل طبعه السهولة فهو كالصندل البارد الذي إذا أُفرط في حكّه صار حارًّا مؤذيًا
181,75d874a9-0cfa-4e1f-99d6-e74a37e5b365,Scene 3. Dimna Investigates the Sound,,,,,,,,,,,,
182,89f7b71c-9816-44b4-9873-d564e0d0842f, Dimna Asks about Lion's Immobility,فلمّا استأنس دمنة بالأسد قال إنّي أرى الملك منذ زمان مقيم بمكان واحد,ثمّ إنّ دمنة لمّا استأنس بالأسد وخلا به قال إنّي رأيت الملك أقام منذ زمان في منزل واحد لا يبرح منه فلِمَ ذلك,قال ثمّ إنّ دمنة لمّا تأنّس بالأسد وخلا به قال له إنّي رأيت الملك منذ زمان بمكان واحد لا يبرح منه ولأيّ شيء فعل ذلك,ثمّ إنّ ذمنه لمّا استأنس بالأسد خلا به وقال إنّي قد رأيت الملك قد أقام بمكانه هذا منذ زمان لا يبرح,ثمّ إنّ دمنة لمّا استأنس بالأسد قال له يومًا وقد خلا به إنّي رأيت الملك قد أقام زمانًا بمكان لا يبرح فلِمَ ذلك,ثمّ إنّ دمنة استأنس بالأسد وخلا به فقال له يومًا أرى الملك قد أقام في مكان واحد لا يبرح منه فما سبب ذلك,ثمّ إنّ دمنة لمّا أنس بالأسد وخلا به قال له يومًا إنّي رأيت الملك قد أقام منذ زمان بمكان واحد لا يبرح ولا ينشط فلِمَ ذلك,قال ثمّ إنّ دمنة لمّا استأنس بالأسد وخلا به قال له إنّي قد رأيت الملك مقيمًا منذ زمان بمكان واحد لا يبرح فمِمَّ ذلك,ثمّ أنّ دمنة لمّا استأنس بالأسد قال له وخلا به رأيت الملك وقد أقام منذ زمان بمكان واحد لا يبرح فمِمَّ ذلك,,فلمّا أنس دمنة من الأسد وخلا به قال إنّي رأيت الملك قد أقام منذ زمان بمكان واحد لم يبرح منه فلأيّ شيء ذلك,ثمّ إنّ دمنة لمّا استأنس بالأسد قال له في خلوة أرى الملك قد أقام بمكان واحد لا يبرح فلِمَ ذلك
183,9c19e0fe-fb47-4fb4-a6f3-f99812f81376,Lion's Hesitation to Appear Cowardly,فأبى أن يكلّمه لئلّا يرى منه جبنًا,قال الأسد نعم وكره أن يعلم دمنة منه جبنًا فقال لم يكنْ ذلك لبأس,قال فكره الأسد أن يرى منه دمنة جبنًا أو هلعًا,*** لم يكنْ ذلك لبأس,فقال الأسد وكره أن يري دمنة جبنًا لم يكنْ ذلك لسوء,,قال الأسد وكره أن يرى منه دمنة حينًا لم يكنْ ذلك لسوء,فقال له الأسد وكره أن يرى دمنة منه جبنًا !لمن يكون ذلك لبأس,قال الأسد وكره أن يرى منه دمنة فشلًا نص مفقود لم يكن ذلك لبأس,,قال له الأسد وكره أن يعلم دمنة منه جبنًا لم يكنْ ذلك لبأس,قال الأسد وقد كره أن يرى منه دمنة جزعًا ليس ذلك ليأس ولا تجزعْ
184,7df09ce7-c283-4a19-827e-51ff5e809799,Description of the Loud Bellowing Sound,فبينا هو كذلك إذ خار شتربة فهيّجه ما سمع منه,فبينما هو كذلك إذ خار شتربة خوارًا شديدًا فهيّج ذلك الأسد على أن يخبر دمنة بما في نفسه,فبينما هو في ذلك إذ خار الثور خوارًا شديدًا,فبينما هما يتحاوران إذ خار الثور خورًا شديدًا فيهيج ذلك من الأسد على أن أخبر دمنة بما في نفسه,فبينما هما كذلك من تحاورهما إذ خار شتربة خورًا شديدًا هيّج الأسد وحمله على أن يخبر دمنة به,فبينما هما في الحديث إذ خار شتربة خوارًا شديدًا فهيّج الأسد أن يخبر دمنه بما ناله وعلم دمنة أنّ ذلك الصوت قد أدخل على الأسد ريبة وهيبة,فبينما هما كذلك من محاورتهما إذ جأر شبربة جؤارًا شديدًا هيّج الأسد على أن يخبر دمنة به,قال !فبينما هو كذلك إذ خار شتربة خوارًا شديدًا هيّج ذلك الأسد فهمّ بأن يخبر دمنة بما في نفسه,فبينما هو كذلك إذ خار شتربة خوارًا شديدًا هيّج الأسد على أن يخبر دمنة بما في نفسه,,فبينا هما كذلك إذ خار الثور خورًا شديدًا فهيّجه ما سمع منه على,فبينما هما كذلك في الحديث إذ خار شيربه خوار شديدًا هيّج الأسد على أن يخبر دمنة ما في نفسه
185,b8940445-bda7-4656-97a0-16c511b10d5e,Dimna Sees Lion's Fear ,,,,,,,وعلم دمنة منه ذلك,,,,,
186,18c43711-1013-4104-ac36-b642660b5cdc,Lion Is Loath to Admit Fear ,,,,,,,,فقال في نفسه أنا أخشى إن أنا أطلعته على ما في نفسي أن يستضعف رأيي فسكت عنه,,,,
187,fded842e-af52-412b-8c62-00df700ce47a,Renewed Sound Makes Lion Confide in Dimna,,,,,,,,فلمّا كان في اليوم الثاني جلس هو ودمنة يتشاوران لينظر كيف رأيه إذ خار الثور ثانية خوارًا شديدًا أشدّ من خواره الأوّل فاستعجز الأسد رأيه في تأخيره عن تعريفه دمنة السبب,,,,
188,c76b4625-0010-42c6-809d-69313c27f206,Lion's Explanation of His Immobility,ثمّ قال هذا الصوت هو الذي حبسني بمكاني هذا,فقال هذا الصوت الذي تسمع,فقال هذا الصوت الذي حبسني بمكاني هذا هذه المدّة,فقال له هذا الصوت الذي أسمع,ثمّ أنّ دمنة علم أنّ ذلك قد دخل على الأسد للصوت الذي سمعه وما يدري ما هو,,فقال الأسد هذا الصوت هذا الصوت الذي أسمع,فقال الأسد لدمنة إنّ تأخّري عن الحركة لهذا الصوت الهائل الذي سمعته بالأمس واليوم,فقال ذلك الصوت الذي تسمع وكان قد خار شتربة,,أن قال له هذا الصوت حبسني بمكاني هذا,فقال ما هذا الصوت الذي أسمعه
189,80362cdf-6a91-4d36-9401-749abed0703f,Lion's Speculation About the Source's Size,ولست أدري ما هو على أنّ الجثّة بقدر الصوت,لا أدري ما هو غير أنّه خليق أن تكون الجثّة على قدر الصوت والشدّة على قدر الجثّة,ولا أعلم ما هو غير أنّي أرى أنّ جثّة صاحبه على قدر الصوت,لا أدري ما هو غير أنّي أظنّ أنّ جثّة صاحبه على قدر صوته وإنّ قوّته على قدر جثّته,قال الأسد تدري ما هو إنّه خليق أن يكون ذا جثّة على قدر الصوت في الشدّة,,لا أدري ما هو غير أنّه خليق أن تكون الجثّة على قدر الصوت والشدّة على قدر الجثّة,ولست أدري ما هو غير أنّه خليق أن تكون الجثّة على قدر الصوت والشدّة على قدر رائحته,قال ما أدري ما هو غير أنّ ذلك خليق أن تكون الجثّة على قدر الصوت,,وما أدري ما هو غير أنّي أظنّ أنّ جثّته على قدر صوته,ولا أدري ما هو غير أنّه يجب أن تكون الجثّة على قدر شدّة الصوت
190,d0602c81-1e30-44a5-b7e9-89aaeda4f15d,Lion's Concern About Territorial Safety,فإن كان ذلك كذلك ليس لنا بمنزلنا هذا قرار,فإن كان كذلك فليس مكاننا هذا بمكان,فإن يكن كذلك فليس لنا بمنزلنا مقام,فإن كان ذلك كذلك فإنّ ليس لنا هذا بمكان,وإن يكون ذلك حقًّا فليس مكاننا هذا لنا بمكان,,فإن كان ذلك كذلك فليس مكاننا هذا بمكان,فإن كان ذلك كذلك فليس مكاننا هذا,,,فإن كان ذلك كذلك فليس بمنزلنا قرار,فإن كان ذلك فليس مكاننا هذا لنا بمكان
191,321c22e8-16af-4cff-97b6-cd3c291a2850,Dimna's Inquiry About Additional Observations,فقال دمنة هل رأى الملك شيئًا غير ذلك,قال دمنة هل راب الملك شيء غير هذا الصوت,,قال دمنة فهل رأي الملك غير هذا,قال دمنة هل راب الملك عن ذلك شيء,فسأله هل راب الملك سماع هذا الصوت,قال دمنة هل راب الملك شيء غير هذا الصوت,,,,فقال دمنة للأسد وهل راب الملك شيء غير هذا,
192,948c28de-cc25-4af0-9462-7cbc519914c3,Lion's Response to Dimna's Question,,قال الأسد لم يكن غير ذلك,,قال لا,قال الأسد لم يريبْني شيء غير هذا الصوت,قال لم يربْني شيء سوى ذلك,قال الأسد لم يربْني غير هذا الصوت,قال لم يكُ غير هذا,قال الأسد لم يكن غير ذلك,,,
193,d6001289-0e42-43f8-8274-71edc064c59a,Dimna's Advice Against Abandoning Territory,فإنّه إن لم يكن رأى شيئًا سواه فليس الملك بجدير أن يضيّع وطنه بذلك فإنّ الصوت لا يهيّج إلّا القلب الضعيف,قال دمنة فليس الملك بحقيق أن يبلغ هذا الصوت منه إلى أن يدع مكانه لذلك فإنّه يُقال إنّ السكر الضعيف آفته الماء والسرّ آفته صلف المستودع والمودّة آفتها النميمة والقلب الجبان آفته أن يستفزّه الصوت الشديد والجلبة,وإنّه وإن لم يكن ذو عزّة فليس بحقيق أن يدع وطنه فإنّ التنكّر آفة الضعف ?والشرّ آفة الصلف والمودّة آفة النميمة,قال دمنة فليس الملك بحقيق أن يدع مكانه فإنّه يُقال إنّ السكر الصغير آفته الماء وإنّ العقل والصلف والمروءة آفته النميمة والقلب الضعيف آفته الصوت الشديد والجلبة,فإنّ السكر الضعيف آفته *** والشرف آفته الصّلف والمروّة آفتها النميمة والقلب الضعيف آفته الصوت الشديد,قال دمنة ليس الملك بحقيق أن يدع مكانه لأجل صوت,قال دمنة فليس الملك حقيقًا أن يدع مكانه لأجل هذا الصوت فإنّ السكر الضعيف آفته الماء والشرف آفته الصلف والمروءة آفتها النميمة والقلب الضعيف آفته الصوت الشديد,قال دمنة فليس الملك بحقيق أن يدع مكانه ووطنه فإنّ الشكر آفته المنّ والشرف آفته الصلف والمودّة الضعيفة آفتها النميمة والقلب الضعيف آفته الصوت والجلبة,قال دمنة فليس بحقيق أن يدع الملك مكانه فإنّ السكر الضعيف آفته الماء والشرف آفته الصلف والمودّة الضعيفة آفتها النميمة والقلب الضعيف آفته الصوت والجلبة,,فإن كان لم يكن ذعره سواه فليس بحقيق أن يدع وطنه فإنّ السكر آفته الضعف والشره آفته اللطف وإنّ المودّة آفتها النميمة والقلب الضعيف آفته النفخ والجلبة,
194,60c66e26-ba3b-4685-a108-a1d6ddc62441,Proverb About Not Fearing All Sounds,ويُقال في بعض الأمثال ما كلّ صوت يُهاب,وفي بعض الأمثال دليل وبيان أنّه ليس كلّ الأصوات تُهاب,وفي بعض الأمثال بيان أنّه ليس كلّ صوت يُهاب,وإنّ في بعض الأمثال أنّه ليس كلّ الأصوات تُهاب,وقد قال العلماء ليس لكلّ الأصوات تجب الهيبة,فقد قالت العلماء إنّه ليس من كلّ الأصوات تجب الهيبة,وفي بعض الأمثال أنّه ليس كلّ الأصوات بأهل أن تُهاب,وفي بعض الأمثال يُقال إنّه ليس كلّ الأصوات تُهاب,وفي بعض الأمثال بيان ذلك إنّه ليس كلّ الأصوات تُهاب,,وفي بعض الأمثال تبيان ذلك,قال دمنة إنّ في بعض الأمثال يُقال أنّ الأصوات كلّها لا تُهاب
195,a86bc12d-b98b-444f-ae2f-5a2dcc29a3d5,Lion's Question About Fearless Sounds,قال الأسد وكيف لا يُهاب,قال الأسد وما ذلك المثل,,قال الأسد فما هذا المثل,قال الأسد وكيف ذلك,قال الأسد وما مثل ذلك,قال الأسد وكيف كان ذلك,قال الأسد وما ذلك المثل,,,قال الأسد وكيف ذلك,قال الأسد وما هذا المثل
196,b69b9f2f-2340-4d5c-b2c8-06eab84072ef,Dimna's Explanation of Not Fearing All Sounds,,,,,,,,,فسمع الثعلب ذلك الصوت فتوجّه نحوه حتّى أتاه,,قال دمنة ليس من كلّ الأصوات ينبغي أن تُهاب,
197,33bf10a5-de39-4fb5-a9df-7da3f2911733,Third Subtale of Fox and Drum,قال دمنة زعموا أنّ ثعلبًا مرّ بأجمة وهو جائع فرأى فيها طبلًا معلّقًا بشجرة فكلّما مرّ الريح بالطبل قرعته قضبان الشجرة فيشتدّ صوته,قال دمنة زعموا أنّ ثعلبًا أتى على أجمة فيها طبل ملقى إلى جانب الشجرة فهبّت الريح فجعلت قضبان الشجرة تقرع الطبل فيصوّت صوتًا شديدًا,ثمّ قال دمنة للأسد زعموا أنّ ثعلبًا مرّ بأجمّة وهو جائع وفيها طبل معلّق في شجرة فهبّت ريح فجعلت قصبان الشجرة تقرعه,قال دمنة زعموا أنّ ثعلبًا جائعًا أتى إلى أجمة فيها طبل معلّق على شجرة فكان إذا هبّت الريح فحرّكت أغصان الشجرة أصابت الطبل فصوّت صوتًا شديدًا,قال دمنة زعموا أن ثعلبًا جائعًا أتى أجمة فيها طبل ملقى إلى جانب شجرة وكلّما هبّت الريح قرعت قضبان الشجرة ذلك الطبل فيصوّت تصويتًا عظيمًا هائلًا,قال دمنة زعموا أنّ ثعلبًا أتى أجمّة فيها طبل معلّق على شجرة وكلّما هبّت الريح على قضبان تلك الشجرة حرّكتها فتضرب به الطبل فيُسمع له صوت عظيم مبهر,قال دمنة زعموا أنّ ثعلبًا جائعًا أتى على أجمة فيها طبل ملقى إلى جانب شجرة وكلّما هبّت الريح قرعت قضبان الشجرة ذلك الطبل فيصوّت صوتًا شديدًا هائلًا,قال دمنة زعموا أنّ ثعلبًا جائعًا أتى أجمة فيها طبل معلّق في شجرة قد كان قوم نزلوا بفنائها ومعهم غناء فعلّقوه فيها وهبّت الريح فجعلت قضبان الشجرة تقرع الطبل فيصوّت صوتًا شديدًا,فلمّا رآه ضخمًا وسمع صوته شديدًا,,ومثل ذلك أن ثعلبًا مرّ بأجمة وهو جائع وفيها طبل ملقى في أصل شجرة فهبّت الريح فجعلت قضبان الشجرة تقرعه فيشدّ صوته,قال دمنة زعموا أنّ ثعلبًا جائعًا اجتاز بأجمة فيها طبل معلّق في شجرة والريح تهبّ فتضرب قضبان الشجرة ذلك الطبل ضربًا شديدًا
198,47baf485-44cb-40af-a587-4e049ebdd9f4,Fox's Approach to the Loud Sound,فلمّا سمع الثعلب ذلك توجّه إليه,فسمع الثعلب ذلك الصوت فتوجّه نحوه حتّى انتهى إلى الطبل,فسمع صوته فتوجّه إليه ثمّ أتاه,فسمع الثعلب ذلك الصوت فهابه وخافه أن يقدم عليه ثمّ شجّع نفسه لشدّة ما به من الجوع فتوجّه نحوه حتّى انتهى إلى الطبل,فسمع الثعلب ذلك الصوت فتوجّه نحوه,فتوجّه الثعلب نحوه لأجل ما سمع من عظيم صوته,فسمع الثعلب ذلك الصوت فتوجّه نحوه فلمّا رآه ضخمًا ذات صوت شديد أيقن في نفسه بكثرة الشحم فعالجه أشدّ العلاج حتّى شقّه,فسمع الثعلب ذلك الصوت فتوجّه نحوه حتّى أتاه,قال في نفسه إنّ هذا لخليق أن يكون كثير الشحم,,وسمع الثعلب ذلك الصوت فتوجّه نحوه حتّى أتاه,فسمع الثعلب ذلك فتوجّه نحوه
199,3f99e22c-4547-44e0-8c40-e78911d24d0e,Fox Splits Drum Expecting Food,فرآه ضخمًا فظنّ أنّه لكثرة لحم وشحم فعالجه حتّى شقّه,فلمّا رآه ضخمًا ورأى صوته شديدًا طمّع نفسه بكثرة الشحم فعالجه أشدّ العلاج حتّى شقّه,فرآه ضخمًا وسمع صوته فظنّ أنّ ذلك منه لكثرة لحمه وشحمه فعالجه حتّى شقّه,فلمّا رآه ضخمًا قال في نفسه إنّه لخليق هذا بكثرة الشحم واللحم فعالجه أشدّ العلاج حتّى شقّه,فلمّا رآه ضخمًا ذات صوت شديد أيقن في نفسه بكثرة ... فعالجه أشدّ العلاج من رفع ووضع حتّى شقّه,فلمّا أتاه وجده ضخمًا فأيقن في نفسه بكثرة الشحم واللحم,,فلمّا رآه ضخمًا وسمع صوته شديدًا قال في نفسه إنّه خليق بكثرة الشحم واللحم فعالجه أشدّ العلاج حتّى شقّه,فعالجه أشدّ العلاج حتّى شقّه,,فلمّا رآه ضخمًا ظنّ في نفسه أنّ ذلك لكثرة شحمه ولحمه فعاجل شقّه,فلمّا رآه ضخمًا وسمع صوته شديدًا كبُر في نفسه لكبر خلقته فعالجه أشدّ العلاج حتّى شقّه
200,e1323eae-dc32-4214-90ee-bd21a7426eb1,Fox Finds Drum Empty,فرآه أجوف قال ما أدري لعلّ أقلّ الأشياء أعظمها جثّة وأبعدها صوتًا,فلمّا وجده مجوّفًا قال ما أدري لعلّ أفسل الأشياء أعظمها جثّة وأشدّها صوتًا,فلمّا رأى جوفه قال ما أدري لعلّ أفشل الأشياء أعظمها جثّة وأنفذها صوتًا,فلمّا راه مجوّفًا لا شيء فيه قال الثعلب ما أدري لعلّ أفشل الأشياء أعظمها جثّة وأبعدها صوتًا,فلمّا رآه أجوف قال ما أدري لعلّ أفشل الأشياء أعظمها جثّة وأشدّها صوتًا,فلمّا رآه أجوف لا شيء فيه قال لا أدري لعلّ أفشل الأشياء أجوفها وأعظمها صوتًا,فلمّا رآه جوفًا قال لا أدري لعلّ أفشل الأشياء أعظمها جثّة وأشدّها صوتًا,فلمّا رآه أجوفًا قال ما أدري لعلّ أفشل الأشياء أعظمها جسدًا وأ شدّها صوتًا,فلمّا رآه أجوف قال ما أدري لعلّ أفشل الأشياء أعظمها جثّة وأشدّها صوتًا,,فلمّا رآه أجوف قال لا أدري أضعف الأشياء أعظمها جثّة وأبعدها صوتًا فانصرف عنه وقال هذه المقالة,فلمّا رآه مجوّفًا لا شيء فيه قال لا أدري لعلّ أفسل الأشياء أعظمها جثّة وأشدّها صوتًا
201,70f47668-02e2-44b9-8653-2f27410c8237,Dimna's Application of the Parable to the Lion's Situation,وإنّما ضربت لك هذا المثل لتعلم أن لو انتهى إليك صاحب الصوت كان أيسر ممّا في نفسك,وإنّما ضربت لك هذا المثل رجاء أن يكون هذا الصوت الذي تزعزعت منه لو قد انتهينا إليه لوجدناه أيسر ممّا في نفوسنا,وإنّما ضربت لك هذا المثل رجاء أن يكون هذا الصوت الذي ذكرت منه ذلك ولو قد انتهيت إليه كان أيسر ممّا تظنّ به في نفسك,وإنّما ضربت لك هذ المثل رجاء أن يكون هذا الصوت الذي يروعنا لو قد انتهينا إليه وجدناه أيسر ممّا في أنفسنا,وإنّما ضربت لك هذا المثل رجاء أن يكون هذا الصوت أيسر ممّا في نفوسنا,وإنّما ضربت لك هذا المثل لتعلم أنّ هذا الصوت الذي راعنا لو قد وصلنا إليه لوجدناه أيسر ممّا في أنفسنا,وإنّما ضربت لك هذا المثل رجاء أن يكون هذا الصوت وإن راعنا لو قد انتهينا إليه {وجدنا} أيسر ممّا في نفوسنا,وإنّما ضربت لك المثل رجاء أن يكون هذا الصوت الذي يروعنا لو قد أتيناه وانتهينا إليه أيسر أمرًا ممّا في أنفسنا,وإنّما ضربت لك المثل رجاء أن يكون هذا الصوت الذي يروّعنا لو قد انتهينا إليه أيسر أمرًا ممّا في أنفسنا,,وإنّما ضربت لك هذا المثل رجاء أن يكون هذا الذي يروعك صوته لو قد انتهيت إليه لوجدته أيسر ممّا في نفسك,وإنّما ضربت هذا المثل لرجاء أن يكون هذا الصوت الذي يروعنا لو قد انتهينا إليه أيسر وأهون في نفوسنا وأعيننا
202,369e6f0b-7c82-4012-bb09-8c09e24c8e3f,Dimna's Offer to Investigate on the Lion's Behalf,فإن شاء الملك فليبعثْني نحوه ويقيم بمكانه حتّى أرجع إليه ببيان,فإن شاء الملك فليبعثْني نحو هذا الصوت وليقم مكانه حتّى أرجع إليه ببيان ما يريد أن يعلم من أمره,فإن شاء الملك فليبعثْني نحوه وليقم مكانه حتّى أرجع إليه ببيان ذلك,وإن شاء الملك بعثني إلى صاحب هذا الصوت وأقام بمكانه حتّى أرجع إليه ببيان خبره,فإن شاء الملك يبعثني نحوه وأقام مكانه حتّى أرجع إليه ببيان ذلك,فإن شاء الملك بعثني وأقام بمكانه حتّى آتيه ببيان هذا الصوت,فإن شاء الملك بعثني نحوه وأقام بمكانه حتّى أرجع إليه ببيان ذلك من علم هذا الصوت,فإن شاء الملك فليبعثْني نحو هذا الصوت وليقم بمكانه حتّى أرجع إليه ببيان ما يريد أن يعلمه,فإن شاء الملك فليبعثني نحو هذا الصوت ويقم بمكانه حتّى أرجع إليه ببيان ما يريد أن يعلم,,فإن يشاء الملك فليبعثْني نحوه حتّى أرجع إليه ببيانه في أمره وما يجب أن يعلم منه,فإن شاء الملك فلينفذْني نحوه وليقم مكانه حتّى أعود إليه ببيان ما يريده
203,42e1e026-160d-4752-87e8-2c6cd190d876,Lion's Agreement to Dimna's Proposal,فوافق الأسد دمنة,فوافق ذلك الأسد,قال فوافق الأسد كلام دمنة وأعجبه قوله فقال له سِرْ على بركة الله وعونه,فوافق الأسد ذلك من قوله وقال لدمنة افعلْ ما بدا لك,فوافق الأسد قوله ثمّ أذن له في الذهاب نحوه,فوافق الأسد قوله فأذن له بالذهاب نحو الصوت,فوافق الأسد قول دمنة وأذن له في الذهاب نحوه إلى المكان الذي فيه شبربة,فوافق ذلك الأسد,,,فوافق الأسد ذلك من قول دمنة وقال له دونك,فوافق ذلك الأسد وأنفذه
204,fa90f8cb-7d40-4db6-8718-252c580503bc,Dimna's Departure to Investigate the Sound,فانطلق إلى المكان الذي فيه شتربة,وانطلق دمنة قِبل المكان الذي فيه شتربة,قال فانطلق دمنة إلى المكان الذي فيه شتربة مسرعًا,فسار من ساعته إلى شتربة ولامه كثير على الذي ما سار إلى خدمة الأسد ولأسلم عليه مثلما في الوحوش,فانطلق دمنة إلى المكان الذي فيه شتربة,فانطلق دمنة نحو المكان الذي فيه شتربة,,وانطلق دمنة نحو المكان الذي فيه شتربة,فانطلق دمنة نحو المكان الذي فيه شتربة,,فانطلق دمنة إلى المكان الذي فيه الثور,وانطلق دمنة حتّى أتى شيزبة
205,82d14b5f-d396-48f1-a699-17d0fce1390b,Scene 4. The Lion's Monologue,,,,,,,,,,,,
206,79c4ef8a-2e66-42c6-a78c-1869d7aa90c4,Lion's Regret After Dimna's Departure,فلمّا ولّى دمنة فكّر الأسد وندم على إرسال دمنة,فلمّا فصل دمنة من عند الأسد فكّر الأسد في أمره فندم على إرسال دمنة حين أرسله,فلمّا انفصل دمنة وسار فكّر الأسد في أمره وندم على إنفاذه,,ثمّ إنّ الأسد فكّر في إرسال دمنة وندم على إنفاده,فلمّا فصل دمنة من عند الأسد فكّر الأسد في أمره وندم على إرسال دمنة حيث أرسله,فلمّا فصل دمنة من عند الأسد فكّر الأسد فكّر الأسد في أمره وندم على إرسال دمنة حيث أرسله,فلمّا فصل دمنة من عند الأسد فكّر الأسد في نفسه فندم على إرساله دمنة,وقال في نفسه ما أصبت في ائتماني دمنة على ما ائتمنته عليه,,فلمّا انفصل دمنة من عند الأسد فكّر الأسد في أمره,
207,08f98c12-df6f-4a13-af9d-d8ac43139fa3,Lion's Self-Doubt about Trusting Dimna,وقال ما أصبت بائتمانه على ما وجّهته إليه,وقال في نفسه ما أصبت في ائتماني دمنة على ما ائتمنته عليه,وقال في نفسه ما أصبت في إئتماني إلى دمنة وعلى ما وجّهته إليه,,وقال في نفسه ما أصبت في ائتماني دمنة على ما أرسلته فيه,وقال في نفسه ما أصبت في ائتماني دمنة وقد كان ببابي مطروحًا,وقال في نفسه ما أصبت بائتماني دمنة على ما ائتمنته عليه,وقال في نفسه ما أصبت في ائتماني دمنة ما ائتمنه عليه,,,وقال ما أصبت بائتماني إيّاه على ما وجّهته له,
208,12befd27-2939-471e-a688-6b9671dae385,"Lion's Concerns about Suffering, Greedy and Malevolent Courtiers  ",فإنّ الرجل الذي يحضر باب السلطان إذا كانت قد أُطيلت جفوته غير محترم وكان قد أصابه ضيق وضرر وربّما كان يخاف العقوبة ولا يرجو الخير فبقي الغضب في باطنه,فإنّ الرجل الذي يحضر باب السلطان إذا كان قد أُطيلت جفوته من غير جرم أو كان مبغيًّا عليه أو كان معروفًا بالحرص والشره أو كان قد أصابه ضرّ وضيق فلم ينعشْ أو كان قد اجترم جرمًا فهو يخاف العقوبة أو كان شرّيرًا لا يحبً الخير,فإنّ الرجل الذي يحضر السلطان إذا كان قد أطيلت جفوته غير محترم لذلك أو معروفًا بالحرص والشره وقد أصابه بضيق وضرر وقد احترم فهو يخاف العقوبة أو قد أوقف على حربة,,وإنّ الرجل الذي يحضر باب السلطان إذا كان قد أُبطلت حقوقه عن غير جرم وكان سعيًا عليه عند سلطانه أو كان معروفًا بالشدّة والحرص أو كان قد أصابه ضرًّا أو ضيقًا فلم ينتعشْ وكان قد أجرم جرمًا وهو يخاف عقوبته أو كان شرّيرًا لا يحبّ الخير وكان قد وقف على خيانة,فإنّ الرجل إذا كان يحضر باب الملك وقد أُبطلت حقوقه من غير جرم كان منه متعيّنًا عند سلطانه أو كان عنده معروفًا بالشره والحرص أو كان قد أصابه ضرّ وضيق فلم ينعشْه أو كان قد اجترم جرمًا فهو خاف العقوبة منه,فإنّ الرجل الذي يحضر باب السلطان إذا كان قد أُطيلت جفوته على جرم أو كان سُعي عليه عند سلطانه أو كان معروفًا بالشره والحرص أو كان قد أصابه ضرّ وضيق فلم ينتعشْ أو كان قد اجترم جرمًا فهو يخاف العقوبة أو كان شرّيرًا لا يحبّ الخير أو كان قد وُقف منه على خيانة,فإنّ الرجل الذي بحضرة عليّة أو كان معروفًا بالحرص والشره أو كان قد أصابه ضرًّا أو ضيقًا فلم ينعشْ أو كان قد أجرم جرمًا فهو يخاف العقوبة أو كان شرّيرًا لا يحبّ الخير أو كان قد أوقف على جريه,فإنّ الرجل الذي يحضر السلطان إذا كان قد أُطيلت جفوته غير مجترم لذلك أو كان مبغيًّا عليه أو كان معروفًا بالحرص والشره أو كان قد أصابه ضرّ وضيق فلم ينتعش أو كان شرّيرًا لا يحبّ الخير,,فإنّ الرجل الذي بحضرة السلطان إذا كان قد أُبطلت حقوقه غير مستوجب لذلك أو مبغيًّا عليه أو كان معروفًا بالشره والحرص أو قد أصابه ضيق وضرّ فلم ينعشْ أو قد أجرم جرمًا فهو يخاف العقوبة أو كان حسودًا شرّيرًا لا يحبّ للناس الخير,
209,4ba12dba-2317-4a02-8b00-37a3f7aa9554,Lion's Concerns about Requistioned and Deposed Courtiers,,أو كان قد حيل بينه وبين ما كان في يده من سلطان أو مال أو كان ولي عملًا ففُرّق عليه أو نُقص منه أو شُورك بينه وبين أحد,أو حيل بينه وبين ما في يديه من السلطان أو يلي عملًا فتعرّق عليه أو تُنقِّص أو أُشرك معه,,أو كان قد حيل بينه وبين ذات يده من سلطان أو مال أو كان يلي عملًا فعُزل عنه أو انتُقص منه أو شورك بينه وبين غيره فيه,,أو كان قد أُحيل بينه وبين ذات يده من السلطان أو مال أو كان يلي عملًا فعُزل عنه أو انتُقص منه أو شُورك بينه وبين غيره فيه,أو كان قد أُحيل بينه وبين ما كان في يريد من سلطان أو مال أو كان يلي عملًا لم يُقرّ عليه أو انتُقص منه أو شُورك بينه وبين أحد فيه,أو كان قد حيل بينه وبين ما في يديه من سلطان أو مال أو كان يلي عملًا ففُرّق عليه أو انتُقص منه أو شُورك بينه وبين آخر فيه,,أو حيل بينه وبين ما في يديه من السلطان أو ولّي عملًا ففُرّق عليه وانتُقص له أو اشترك معه,
210,43fead2c-2b00-412d-8270-4ebf8b40133e,Lion's Concerns about Harshly Punished Courtiers,,أو قد كان اجترم جرمًا مع نظرائه فعُفي عنهم فعُوقب أو عُوقبوا جميعًا فبلغ منه في العقوبة ما لم يبلغْ منهم,أو فعل ذلك بهم جميعًا فبلغ منه ما لم يؤت إليه مثله,,أو كان قد أجرم فيه جرمًا مع نظير له فعُفي عنه وعوقب عنه,,أو كان قد اجترم جرمًا مع نظرائه فعُفي عنهم وعُوقب دونهم أو عُوقبوا جميعًا فبلغ منه في العقوبة ما لم يبلغْ من أحد منهم,أو كان أجرم جرمًا مع نظرائه فعُفي عنه وعنهم أو عُوقبوا جميعًا فبلغ منهم *دونه,أو كان قد أجرم جرمًا في نظرائه فعُفي عنهم وعُوقب أو عُوقبوا جميعًا فبلغ منه ما لم يبلغ منهم,,أو أذنب ذنبًا في نظرائه فعُفي عنهم وعوقب أو فعل ذلك بهم جميعًا فبلغ منه ما لم يُؤت إليهم بمثله,
211,f96244eb-2cb5-4a23-9bd2-c89f66ce481d,Lion's Concerns about Courtiers Others Were Preferred Over,,أو كان قد أبلى بلاء في نظرائه ففُضّلوا عليه في الجزاء أو كان له عدوّ مشاجر أو نظير ففُضّل عليه في المنزلة والجاه,,,,,,,أو كان قد أبلى بلاء في نظرائه ففُضّلوا عنه في الجزاء أو كان له معاد أو حاسد ففُضّل عليه في المنزلة والجاه,,أو أبلي هو ونظراؤه بلاء حسنًا ففُضّلوا عليه في المنزلة والجاه,
212,e5cf30a2-ac7a-4d67-8c4f-9fb839a0a6d5,Lion's Concerns about Impious and Inimical Courtiers ,,أو قد كان غير موثوق به في الدين أو قد كان يرجو في شيء ممّا يضرّ السلطان نفعًا أو يخاف في شيء ممّا ينفعه ضرًّا أو قد كان لعدوّ السلطان مؤاخيًا,,,,أو كان يرجو في شيء يضرّ الملك وله منه نفع أو يخاف في شيء ممّا ينفعه ضرًّا أو كان لعدوّ الملك سلمًا ولسلمه حربًا,أو كان لعدوّ السلطان موادعًا ولمسالميه عدوًّا,أو كان غير موثوق الهوى والدين أو كان يرجو في شيء ممّا يضرّ بالسلطان نفعًا أو يخاف في شيء ممّا ينفع السلطان ضرًّا أو كان بعدوّ السلطان موادعًا,أو كان غير موثوق به في الدين أو كان يرجو في شيء ممّا يضرّ السلطان نفعًا أو كان يخاف في شيء ممّا ينفعه ضرًّا أو كان لعدوّ السلطان موادعًا,,أو كان غير موثوق الهوى في الدين أو كان الولاة نفعًا أو يخاف فيما ينبّههم ضرًّا أو كان لعدوّهم مؤازرًا ولوزرائهم محاربًا,
213,d7c1369a-126f-4d64-88f9-ec13d60ed4b9,Advice against Trusting Certain Types of People,,فليس السلطان بحقيق أن يعجل بالاسترسال إليه والثقة به والائتمان له,فليس الملك حقيق بالاسترسال إليه *والطمأنينة إلى ما قبله والائتمان له,,كلّ هؤلاء فليس للسلطان أن ينبسط بالاسترسال إليهم والثقة بهم والائتمان إليهم,,كلّ هؤلاء ليس السلطان حقيقًا بالاسترسال إليهم والثقة بهم والائتمان إليهم,كلّ هؤلاء ليس للسلطان حقيقًا بالاسترسال إليهم والثقة بهم والائتمان لهم,كلّ هؤلاء ليس السلطان حقيقًا أن يعجّل إليهم بالاسترسال أو الثقة بهم والائتمان لهم,,كلّ هؤلاء ليس الملك حقيقًا بالاسترسال إليهم والطمأنينة إلى ما ?ينلهم والائتمان لهم,
214,a3058f43-e976-45ed-9743-e8f1080f229a,Lion's Reflection on Dimna's Character and Past Treatment,وإنّ دمنة ذو أدب وكمال وكان ببابي محقورًا مغفولًا عنه,فإن دمنة داهي أريب وكان ببابي مطروحًا مجفوًّا,وإنّ دمنة عاقل لبيب وقد كان ببابي مجفوًّا مغفولًا عنه,,فإنّ دمنة داهية أريب قد كان ببالي محقودًا مطروحًا,وإنّ دمنة داهية أديب وقد كان ببابي مطروحًا مجفوًّا,وإنّ دمنة داهية وقد كان ببابي مطروحًا مجفوًّا,وإنّ دمنة دهيّ أديب وقد كان ببابي مطروحًا محقورًا مجفوًّا,وإنّ دمنة داهي أريب وكان ببابي مطّرحًا مجفوًّا,,وإنّ دمنة دهيّ أريب وكان مخفوًّا ببابي مغفولًا عنه فأراه قد احتمل عليّ ضغنًا وأضمر عليّ غشًّا فدعاه ذلك إلى أن يخونني ويوليني شرًّا,
215,e1069b7f-a49a-4d0e-abcc-9ee466b8d53f,Lion's Fear of Dimna's Potential Betrayal,وربّما حمل عليّ ضغنًا وصادف عند صاحب الصوت عزًّا وراحة ووجده أعظم منّي شأنًا وأقوى ملكة فيرغب إلى ما عنده ويميل عليّ معه,فلعلّه احتمل بذلك ضغنًا ولعلً ذلك سيحمله على أن يخونني ويبغي بي سواي ولعلّه يصادف صاحب الصوت أقوى منّي وأفضل سلطانًا فيرغب فيما عنده فيميل معه عليّ فيدلّه على عورتي,فأراه قد يحتمل عليّ ضنأً وغشاءً يدعوه ذلك إلى خيانتي ولعلّه يصادف صاحب هذا الصوت أقوى منّي وأعظم سلطانًا وأعلى مكانًا فيرغب فيما عنده ويميل معه عليّ,,فلعلّه قد احتمل عليّ بذلك صنيعًا ولعلّ ذلك يحمله على خيانتي وإعانة عدوّي عليّ بنقصي يتّعظني عنده ولعلّه يصادف صاحب هذا الصوت أقوى من سلطاني فيرغب فيما عنده ويميل معه ويدلّه على عوراتي,ولعلّه قد احتمل عليّ بذلك طعنًا ولعلّ ذلك يحمله على خيانتي وإعانة عدوّي ونقيصتي عنده ولعلّه صادق وصاحب الصوت أقوى سلطانًا منّي فرغب إليه عنّي ويميل معه عليّ,فلعلّه قد كان احتمل عليّ بذلك ضغنًا ولعلّ ذلك يحمله على خيانتي وإعانة عدوّي عليّ وتنقيصي عنده فيميل عليّ معه ويدلّه على عوراتي,فلعلّه قد احتمل بذلك صنعنا ولعلّ ذلك سيحمله على أن يوليني شرًّا أو يليني بسوء ولعلّه يصادف صاحب الصوت أقوى سلطانًا فرغب فيما عنده ويميل عليّ معه فيدلّه على عورتي,فلعلّه قد احتمل بذلك ضغنًا ولعلّ ذلك سيحمله على أن يخونني ويبغيني سوءًا ولعلّه يصادف صاحب الصوت أقوى منّي وأفضل سلطانًا فيرغب فيما عنده ويميل عليّ معه ويدلّه على عورتي,,ولعلّه أن يصادف صاحب الصوت أقوى منّي *وأعظم سلطانًا فيرغب فيما عنده ويميل عليّ معه ويدلّه على عورتي,
216,4353bd07-a023-4437-b78f-e34af217054f,Lion's Restless Contemplation,ثمّ لم يزلْ الأسد يحدّث نفسه بذلك ويراجعها حتّى قام من مجلسه فجعل يمشي وينظر إلى الطريق,فلم يزلْ الأسد يتفكّر في ذلك حتّى استخفّه من مكانه وجعل يمشي ويتقدّم وينظر إلى الطريق حتّى رجع إليه دمنة مقبلًا,ثمّ لم يزلْ الأسد يحدّث نفسه بذلك حتّى استخفّ من مكانه فجعل يمشي وينظر إلى الطريق,,فلم يزلْ الأسد مفكّرًا في ذلك وشبهه حتّى أدركه الجزع فقام من مجلسه وجعل يمشي ويتقدّم وينظر إلى الطريق حتّى لاح له دمنة,ثمّ قام من مكانه فمشى غير بعيد,فلم يزلْ الأسد يفكّر في ذلك وشبهه حتّى أدركه الجزع فقام من مجلسه وجعل يمشي ويتقدّم وينظر إلى الطريق حتّى لاح له دمنة مقبلًا,فلم يزلْ الأسد يفكّر في هذا وينظر إلى الطريق حتّى رفع له دمنة مقبلًا,ولم يزل الأسد يفكّر في أمره وجعل يمشي ويقعد وينظر إلى الطريق حتّى رفع له دمنة مقبلًا,,فلم يزلْ الأسد تحدّثه نفسه بذلك ويراجعها فيه حتّى قام من مجلسه ذلك واستفزّه الشيطان فقام من مكانه وجعل يمشي إلى الطريق حتّى رأى دمنة مقبلًا,
217,56662729-ac12-4c0c-a946-9e9863efa596,Lion's Relief Upon Seeing Dimna Alone,فرأى دمنة مقبلًا وحده فاطمأنّ ورجع إلى مكانه,فلمّا رأى أنّه قد أقبل وحده وليس معه <أحد> اطمأنّت نفسه ورجع إلى مكانه إرادة أن لا يظنّ دمنة أنّ شيئًا استخفّه عن مكانه,حتّى نظر إلى دمنة مقبلًا فعاد إلى مكانه,,فلمّا رآه مقبلًا وحده ليس معه أحد اطمأنّت نفسه ورجع إلى مكانه أراد أن لا يظنّ به دمنة خوفًا أدركه,فبصر بدمنة مقبلًا نحوه فطمأنّت نفسه بذلك ورجع إلى مكانه,فلمّا رآه وحده ليس معه أحد اطمأنّت نفسه ورجع إلى مكانه إرادة ألّا يظنّ دمنة أنّ شيئًا استخفّه,فلمّا رآه وحده وليس معه أحد اطمأنّت نفسه ورجع إلى مكانه إرادة أن لا يظنّ دمنة أنّ شيئًا استخفّه,فلمّا رآه قد أقبل ليس معه غيره اطمأنّت نفسه ورجع إلى مكانه إرادة أن لا يظنّ دمنة أنّ شيئًا استخفّه,,فاطمأنّ ورجع إلى مكانه كراهيّة أن يفطن له دمنة أنّ شيئًا أقلقه منه,
218,d125f09a-f1b6-4782-92be-2fbc50aa76f7,Dimna's Return and Lion's Inquiry,فلمّا دخل دمنة على الأسد قال له ما صنعت,فلمّا انتهى دمنة إلى الأسد قال له ما صنعت وما رأيت,فلمّا دخل دمنة على الأسد قال له ما صنعت في الذي مضيت فيه,,فلمّا دخل عليه دمنة قال له ما صنعت وما رأيت,ودخل دمنة على الأسد فقال له ماذا صنعت وماذا رأيت,فلمّا دخل دمنة على الأسد قال له ما صنعت وما رأيت,فلمّا دخل دمنة على الأسد قال له ما صنعت وما رأيت,فلمّا دخل دمنة على الأسد قال له ما صنعت وما رأيت,,فلمّا دخل دمنة على الأسد قال له ما رأيت وما صنعت,
219,a58712fb-f5d7-4b1c-b2c3-c7a62436bdd5,Scene 5. Dimna Calms the Lion ,,,,,,,,,,,,
220,73f207ac-ad23-4b17-8288-bb55637bde02,Dimna Reports Seeing a Ox,قال رأيت ثورًا وهو صاحب الصوت الذي سمعت,قال دمنة رأيت ثورًا وهو صاحب هذا الصوت الذي سمعت,فقال دمنة إنّي رأيت ثورًا وهو صاحب الصوت الذي سمعته,,قال رأيت ثورًا هو صاحب الصوت الذي سمعت,قال رأيت ثورًا هو صاحب الخوار والصوت الذي سمعته,قال له رأيت ثورًا هو صاحب الصوت الذي سمعت,قال دمنة رأيت ثورًا هو صاحب الصوت الذي سمعت,قال رأيت ثورًا هو صاحب الصوت الذي سمعت,,قال دمنة رأيت ثورًا وهو صاحب الصوت الذي سمعته,
221,75e9c38d-551d-40cb-b4e7-64df4dfeb78e,Lion Inquires about Ox's Strength,قال الأسد ما حاله وكيف قوّته,قال الأسد فما قوّته وشدّته,قال له الأسد ما حاله وما قوّته,,قال فما فوقه,قال فما قوّته,قال فما قوّته وشدّته,قال فما شدّته وما قوّته,قال فما قوّته وشدّته,,قال له الأسد فما حاله وما قوّته,
222,4fb83168-1a7f-45a0-a18b-b19141f8f56b,Dimna Downplays Ox's Power,قال دمنة ليس له قوّة فإنّي حاورته محاورة الأكفّاء,قال دمنة لا شوكة له ولم أر له عزًّا أستدلّ به على قوتّه فدنوت منه وحاورته محاورة الأكفّاء فلم يستطلعْ لي منه شيئًا من القوّة والشدّة,قال دمنة لا شدّة عنده ولا بطش لأنّي دنوت منه وحاورت {ه} محاورة الأكفاء فلم يقدرْ لي على شيء,,قال لا شكوة قد دنوت منه وجاورته مجاورة الأكفاء فلم يصنعْ بي شيئًا,قال لا شوكة له وقد دنوت منه وحاورته محاورة الأكفاء فلم يستطعْ إليّ شيئًا,قال لا شوكة له قد دنوت منه وحاورته محاورة الأكفاء فلم يستطعْ لي شيئًا,قال دمنة لا شوكة له فدنوت منه وجاورته مجاورة الأكفاء فلم يستطعْ لي شيئًا,قال لا شوكة له قد دنوت منه وحاورته محاورة الأكفاء لم يستطعْ لي شيئًا,,قال لا شدّة عنده ولا قوّة قد دنوت منه وحاورته محاورة الأكفاء فلم يستطعْ لي على شيء,
223,db6d1f67-f351-4755-a909-b8337fc12b26,Lion Warns against Underestimation,فقال الأسد لا يغرّك منه ذلك ولا تدعْه على ضعف منه,قال الأسد لا يغرنّك ذلك منه ولا تضعنّ ذلك منه على الضعف,فقال له الأسد لا يغرّك ذلك,,قال الأسد لا يغرّنك ذلك منه ولا يصغرنّ عندك,قال الأسد لا يغرّنك ذلك منه ولا يصغرنّ عندك أمره,قال الأسد لا يغرّنك ذلك منه ولا *يصغرنّ عندك,قال الأسد لا يغرّنك ذلك منه ولا تصف ذلك منه على الضعف,قال الأسد لا يغرّك ذلك منه ولا تضعه على الضعف,,قال الأسد لا يغرّنّك ذلك منه ولا تحمله على الضعف,
224,059eab1c-0e7a-4a7d-95ec-c32aab29a734,Analogy of Wind and Trees,فإنّ الريح الشديدة لا تحطم الحشيش وقد تقصف الشجر وكذلك الصيّاد إنّما يصيد بعضها ببعض,فإنّ الريح الشديدة لا تحطم الحشيش ولكنّها تحطّم غليظ الخشب والشجر وكذلك الصناديد إنّما يصمد بعضهم بعضًا,فإنّ الريح الشديدة لا تحطم العشب وتقصف الشجر,,فإنّ الريح الشديدة لا تضرّ بضعيف الحشيش ولكنّها تحطم عظماء الشجر وطوال النخل وكذلك الصناديد,فإنّ الريح الشديدة لا تعبأ بضعيف الحشيش لكنّها تحطم طوال النخل وعظيم الشجر,فإنّ الريح الشديدة لا تضرّ بضعيف الحشيش ولكنّها تحطم عظام الدوح وطوال النخل وكذلك الصناديد إنّما يعضد بعضها بعضًا,فإنّ الريح الشديدة لا تضرّ بصغير العشب وقد تمرّ بالشجرة فتكسرها وكذلك الصناديد إنّما بعضهم لبعض,فإنّ الريح الشديدة لا تحطم الحشيش وهي تحطم الخشب والشجر وكذلك الصناديد يصيد بعضهم بعضًا,,فإنّ الريح الشديدة لا تخطر الحشيش وهي تقصف الشجر العظام وكذلك الصناديد إنّما تصيد بعضها بعضًا,
225,cbb56208-b77c-4557-9160-b41b6ce7a4c7,Dimna Offers to Bring Ox as Servant,قال دمنة لا يهابنّ الملك أمره ولا يقعْ في نفسه منه شيء وإن شاء الملك أتيت به سامعًا مطيعًا,قال دمنة لا يهابنّ الملك منه شيئًا ولا يكبرْ أمره في نفسه فأنا آتيه به إن شاء الملك حتّى يكون له عبدًا سامعًا مطيعًا,فقال دمنة لا يهابنّ الملك من أمره شيء فعليّ أن آتيك به فيكون لك عبدًا مطيعًا,,قال دمنة لا يهابنّ الملك منه شيئًا فلا تكترث في نفسك أمره فأنا آتيك به حتّى يكون لك عبدًا سامعًا مطيعًا,قال دمنة لا تهابنّ أيّها الملك منه شيئًا ولا يكثرنّ عليك أمره فأنا آتيك به فأجعله لك عبدًا سامعًا مطيعًا,قال دمنة لا تهابنّ أيّها الملك منه شيئًا ولا يكثرنّ في نفسك أمره فأنا آتيك به حتّى يكون لك عبدًا سامعًا مطيعًا,قال دمنة لا تهابنّ أيّها الملك منه شيئًا ولا يكبرنّ في نفسك أمره فأنا آتيك به حتّى يكون لك عبدًا سامعًا مطيعًا,قال الملك لا يهول الملك منه شيء ولا يكبرنّ عليه أمر فأنا آتيك به حتّى يكون لك عبدًا مطيعًا,,قال له دمنة لا يهابنّ الملك أمره ولا يكوننّ في نفسه شيء منه وإن أحبّ أن آتيه به حتّى تكون له عبدًا سامعًا,
226,da76e139-d98a-4cf7-b824-4a14a54f256c,Lion's Approval of Dimna's Proposal,فلمّا سمع الملك ذلك فرح به وقال نعم فانطلق دمنة إلى الثور,ففرح الأسد بقوله وقال فدونك إذًا قال ثمّ إنّ دمنة انطلق إلى الثور,قال فلمّا سمع الأسد كلامه فرح به وقال دونك وإيّاه ثمّ أنّ دمنة انطلق إلى شتربة,,ففرح الأسد بذلك وقال دونك وإيّاه فانطلق إليه فتوجّه دمنة إليه,قال الأسد دونك وما بدا لك فانطلق إلى الثور,ففرح الأسد بقوله وقال دونك إذن فانطلق دمنة إلى الثور,ففرح الأسد بقوله وقال دونك وإيّاه وانطلق إلى الثور,ففرح الأسد بذلك وقال دونك ائتيني به فانطلق دمنة إلى الثور,,ففرح الأسد لذلك وقال له دونك فانطلق دمنة إلى شتربة,
227,349f7f0c-5430-42c2-9123-b7ad0293d8ef,Scene 6. Dimna Approaches the Ox,,,,,,,,,,,,
228,b130a23c-634e-446d-be6b-835c47d2e49d,Dimna's Confident Approach to Ox,فقال له غير هائب إنّ الأسد أرسلني إليك لآتيه بك,فقال له غير هائب ولا متعتع إنّ الأسد أرسلني إليك لآتيه بك,فقال له وهو غير هائب منه إنّ الأسد أرسلني إليك لآتي بك إليه وأمرني,,فدخل على الثور غير هائب له ولا متعتع وقال إنّ الأسد أرسلني إليك لآتيه بك,فقال له غير هائب ولا مكترث إنّ الأسد أرسلني إليك لآتيه بك,فقال له غير هائب ولا متعتع إنّ الأسد أرسلني إليك لآتيه بك,وقال له غير هائب ولا ممتنع إنّ الأسد أرسلني إليك لآتيه بك,فقال له غير هائب ولا متعتع إنّ الأسد أرسلني إليك,,فقال له غير هائب ولا متتعتع إنّ الأسد أرسلني إليك لآتيه بك,فقال له غير هائب له ولا ممتنع عنه إنّ الأسد أرسلني إليك لتأتيه
229,173fcd63-87ad-4749-8dd1-a0a731537af7,Dimna's Offer of Safety to Ox,فإن أنت عجّلت الإقبال عليه ضمنت لك أن يؤمّنك ويعفو عمّا تقدّم من ذنبك في التأخّر عنه والترك للقائه مع ما انضمّ إلى ذلك,وأمرني إن أنت عجّلت الإقبال إليه طائعًا أن آمّنك على ما سلف من ذنبك في التأخّر عن الأسد وتركك لقاءه,إن أنت عجّلت الإقبال إليه أن يؤمنك على ما قد سلف من ذنبك في التأخير عنه في هذه المدّة,,وأمرني إن أنت عجّلت إليه طائعًا أؤمّنك على ما سلف من ذنب في التأخير عنه,وأمرني إن أنت عجّلت إليه طائعًا أن يؤمّنك على ما سلف من ذنبك في التأخّر عنه وتركك لقاءه,وأمرني إن أنت عجّلت الإقبال إليه أن أؤمنك على ما سلف من ذنبك في التأخرّ عنه وترك لقائه,وأمرني إن أنت عجّلت عليه سامعًا مطيعًا أن أؤمّنك على ما سلف من ذنبك في التأخير عن الأسد وتركك لقاءه,وأمرني إن أنت عجّلت الإقبال طائعًا أن أؤمّنك على ما سلف من ذنبك في التأخّر عنه وتركك لقاءه,,وإن أنت أسرعت غفر لك ذنب تأخّرك عنه,فإن عجّلت الإجابة إليه طائعًا أمّنك على نفسك وما سلف من ذنبك في التأخّر عنه
230,cc33f8e5-96af-4714-985a-ce9fdcf04bc9,Ox's Request for Assurance,وإن أنت أبطأت أسرعت الرجعة إليه وأعلمته بذلك,وإن أنت تلكّأت أن أسرع الرجوع إليه فأخبره بذلك,وإن أنت أتيت وأبطأت أسرعت الرجعة إليه وأخبرته بذلك,,وإن أنت أبيت أعجّل الرجعة إليه ليرى فيك رأيه,وإن أنت تأخّرت عنه وأحجمت أن أعجّل إليه فأخبره,وإن أنت تلكّأت أن أعجّل الرجعة إليه فأخبره بذلك,وإن أنت تكأكأت أنا أعجّل الرجعة إليه فأخبره بذلك,وقال له إن أنت تلكّأت أن أسرع الرجعة إليه فأخبره بذلك,,وإن تلكّأت يعاقبك,وإن أنت تلكّأت عجلت العودة إليه وأخبرته بذلك فيجيء إليك فينتقم منك
231,45c63ea4-0d32-4a71-b03d-c55acd6c7775,Ox Inquires about Lion's Identity,فقال ومن هو الذي بعثك,قال شتربة ومن هذا الأسد الذي أرسلك إليّ وأين مكانه,قال له الثّور ومن هذا الذي بعثك إليّ,,قال شتربة ومن هذا الأسد وأين هو,قال له شتربة ومن هو هذا الأسد الذي أرسلك إليّ وأين هو وما حاله,قال شتربة ومن هو هذا الأسد الذي أرسلك إليّ وأين هو,فقال شتربة ومن هو هذا الأسد الذي تذكره وتزعم أنّه أرسلك إليّ وأين هو,فقال شتربة ومن هذا الأسد الذي أرسلك إليّ وأين هو,,فلمّا سمع الثور ذكر الأسد قال له ومن الأسد,قال شيربة ومن هذا الأسد وأين هو
232,03dd9fbd-bb72-4e18-9c48-c81f86811f4a,Dimna Describes Lion as King of Beasts,فقال ملك السباع,قال دمنة هو ملك السباع وهو بموضع كذا ومعه سباع كثير,قال هو ملك السباع كلّها ومعه جند من السباع,,قال هو ملك السباع ومعه منهم جند كثير منهم,قال دمنة هو ملك السباع ومعه جند كثير من جنسه,قال دمنة هو ملك السباع والمالك لها ومعه منهم جند كثير,قال دمنة هو ملك السباع ومعه جند من السباع,قال دمنة هو ملك السباع,,قال هو ملك سباع هذه الناحية,قال دمنة هو ملك السباع ومعه جند كثير
233,a2173ef1-3de3-433b-afa3-70a0deecb497,Ox's Fear Upon Hearing of Lion,فرعب من ذلك,فرعب شتربة من ذكر الأسد والسباع,قال فرعب الثور من ذلك رعبًا شديدًا,,فرغب شتربة,فرعب شتربة من ذكر الأسد والسباع,فرعب شتربة من ذكر الأسد والسباع وقال لدمنة إن أنت جعلت لي الأمان أقبلت معك إليه طائعًا,فرعب شتربه من ذكر السباع وذكر الأسد,فرعب شتربة من ذكر السباع والأسد,,,فرعب شيربه وفزع لمّا ذكر له الأسد والسباع
234,766988d8-1805-4b64-a068-2b46ff20e6a6,Dimna's Reassurance to Ox,,,فقال له دمنة عند ذلك إن أنت خفت على نفسك ذهبت معك وضمنت لك من الأسد الكرامة والحياة,,,,,,,,,
235,a392de7e-2dc1-4443-9a55-36e602e371bb,Ox's Acceptance of Dimna's Offer,وقال إن أعطيتني عهدًا أن لا أُضارّ ذهبت معك,وقال لدمنة إن أنت جعلت لي الأمان أقبلت معك,قال الثور إنّي أريد ذلك,فقال شتربة لدمنة إن أنت جعلت الأمان انطلقت معك إليه,ثمّ قال إن أنت جعلت لي الأمان أقبلت معك إليه,وقال إن أنت جعلت لي الأمان على نفسي أقبلت معك إليه,,وقال لدمنة إن أنت جعلت لي الأمان أقبلت معك,وقال لدمنة إن أنت جعلت لي الأمان أقبلت معك إليه,,فقال شتربة إن أنت أعطيتني من نفسك أن لا أُضارّ مشيت معك,فقال لدمنة إن أنت أخذت لي الأمان سرت معك إليه
236,1ac0fd58-abb2-4d8e-a409-47b01af89201,Dimna Provides Assurance to Ox,فأعطاه دمنة العهد,فأعطاه دمنة ما وثق به,فأعطاه دمنة ما سأله من ذلك حتّى وثق به,فأعطاه الأمان وما وثق به,فأعطاه دمنة ذمامه,فأعطاه دمنة من الأمان ما وثق به,فأعطاه دمنة من الأمان ما وثق به,فأعطاه دمنة الأمان وتوثّق منه,فأعطاه دمنة ما وثق به,,فأعطاه دمنة ما سأل من العهد,فأعطاه دمنة من الأمان ما وثق به
237,1dd261b0-c920-4821-8ddc-5033984af154,Dimna and Ox Approach Lion Together,ثمّ سار دمنة وشتربة يتبعه حتّى دخل على الأسد,ثمّ أقبلا جميعًا حتّى دخلا على الأسد,ثمّ إنّ دمنة وشتربه توجّها جميعًا إلى الأسد حتّى أتياه,ثمّ أقبلا حتّى دخلا على الأسد,وأخذه وسارا جميعًا ثمّ أقبلا على الأسد ودخلا عليه,وأقبل والثور معه حتّى دخلا على الأسد,ثمّ أقبلا جميعًا حتّى دخلا على الأسد,وأقبلا جميعًا حتّى دخلا على الأسد,ثمّ انطلقا جميعًا حتّى دخلا على الأسد,,ثمّ توجّها إلى الأسد فدخلا عليه,ثمّ أقبلا جميعًا حتّى دخلا على الأسد
238,428ea9bf-8146-4eeb-902b-475bf210e5b0,Scene 7. Lion Welcomes the Ox ,,,,,,,,,,,,
239,e74f8d1f-2905-4cf7-9e74-32fb1cc4aae1,Ox's Greeting to Lion,,,فلمّا سلّما عليه تلقّاهمها الأسد بالترحيب والإكرام,,وسلّم شتربة,,,,,,,
240,ed4ae5dd-1970-4d7f-88aa-174c9ddb37e3,Lion's Welcoming Inquiry to Ox,فأحسن الأسد مسائلة شتربة متلطّفًا به فقال له متى قدمت هذه البلاد وما نزع بك إليها,فأحسن الأسد مساءلة شتربة وقال *له متى قدمت هذه البلاد وما أقدمكها,وأحسن إلى شتربة غاية الإحسان وأكرمه وقال له متى قدمت هذه البلاد وما ترع بها الآن,فأحسن الأسد مسألة الثور وقال له متى قدمت هذه البلاد وما أقدمك لها,فأحسن وسُرّ به الأسد وأكرمه وأدناه وقال متى قدمت هذه البلدة,فأحسن الأسد إلى الثور وقرّبه وقال له متى قدمت هذه البلاد وما أقدمكها,فأحسن الأسد مسألة شتربة وقال له متى قدمت هذه البلاد وما أقدمكها,فأحسن الأسد مساءلة شتربة وقال له متى قدمت هذه البلاد وما أقدمكها,فأحسن الأسد مساءلته وقال له متى قدمت هذه البلاد وما أقدمكها,,فأحسن الأسد مسألة شتربة وألطف له في القول وقال له متى قدمت هذه البلاد وما نزع بك إليها,فقال له الأسد متى قدمت إلى هذه الناحية
241,d5a9fbcb-e2f1-42cd-b80c-0b98233c683f,Ox Recounts His Story to Lion,فقصّ عليه أمره,فقصّ شتربة على الأسد قصّته,فقصّ عليه أمره وما كان من خبره,فقصّ عليه الثور وأثنى عليه وأقام معه,فقصّ شتربة عليه القصّة,فقصّ عليه شتربة قصّته,فقصّ عليه شتربة قصّته,فقصّ عليه شتربة قصّته,فاقتصّ شتربة على الأسد قصّته,,فقصّ الثور عليه خبره من أوّله إلى آخره,فقصّ عليه قصّته
242,c0a20b27-a1c1-4a9d-8d3d-b285a74d194f,Lion Invites Ox to Stay,فقال الزمْني فإنّي مكرمك ومحسن إليك,فقال له الأسد الزمْني فإنّي مكرمك ومحسن إليك فدعا له شتربة وأثنى عليه وأقام معه,فقال له الأسد لمّا كلّمه وحدّثه الزمني فإنّي مكرمك ومحسن إليك فدعا له الثور وأثنى عليه,,فقال الأسد الزمني فإنّي مكرمك ومحسن إليك فدعا له وأثنى عليه,فقال له الأسد اصحبني والزمني فإنّي مكرمك فدعا له الثور وأثنى عليه,فقال له الأسد الزمني فإنّي مكرمك ومحسن إليك فدعا له شتربة وأثنى عليه,فقال له الأسد الزمني فإنّي مكرمك ومحسن إليك فدعا شتربة للأسد وأثنى عليه,فقال له الأسد الزمني فإنّي مكرمك ومحسن إليك فدعا له شتربة وأثنى عليه,,فقال له الأسد الزمني فإنّي مكرمك ومحسن إليك فدعا له الثور وأثنى عليه خيرًا,فقال له فإنّي مكرمك ومحسن إليك فلزمه
243,a579a699-5b08-4f07-ac9b-a233c9f77d48,Lion's Growing Trust in Ox,فقرّبه الأسد وأدناه فاقتبس منه رأيًا وعقلًا,ثمّ إنّ الأسد قرّب شتربة وألطفه وأكرمه وآنس منه رأيًا وعقلًا,قال فاقتبس الأسد منه رأيًا وعقلًا,فقرّبه الأسد وأكرمه وفتّشه وعلم منه رأيًا وعقلًا,وإنّ الأسد قرّب شتربة ولاطفه وأدناه وأحسن به رأيًا وعقلًا,,وإنّ الأسد قدّر شتربة وألطفه وأكرمه وأنس منه رأيًا وعقلًا,وإنّ الأسد †افتر شتربة وألطفه وأكرمه وأنس به ورأى منه رأيًا وعقلًا,وإنّ الأسد قرّب شتربة وأكرمه وألطفه ففتّش منه رأيًا وعقلًا,,ثمّ إنّ الأسد أدناه وقرّبه واقتبس منه رأيًا وعقلًا,
244,aacf91fd-9f83-4a20-ade7-90374427343f,Lion's Increasing Favor Towards Ox,فائتمنه على أسراره وشاروه في أموره وكانت الأيّام لا تزيده فيه إلّا رغبة وإعجابًا به حتّى صار أخصّ أصحابه وأدناهم منه مكانًا,وائتمنه على أسراره وشاوره في أموره وكان لا تزيده الأيّام إلّا عجبًا به ورغبة فيه وتقريبًا له حتًى حسده أصحابه منزلته عنده,وآمنه على أسراره وصار يشاوره في أموره وأعجب به الأسد إعجابًا عظيمًا حتّى صار أحظى أصحابه عنده وأدناهم منه مكانًا وأرفعهم مجلسًا,فائتمنه على أسراره وجميع أموره ولم يزده طول المقام عنده إلّا عجبًا به ورغبة فيه وتقاربًا منه حتّى صار أخصّ أصحابه عنده منزلة,فائتمنه على أسراره وشاوره في أموره حتّى صار أخصّ أصحابه عنه,ثمّ إنّ الأسد قرّب شتربة وأكرمه وأنس به وائتمنه على أسراره ولم تزده الأيّام إلّا قربًا له,فائتمنه على أسراره وشاوره في أموره حتّى صار أخصّ أصحابه عنده,فائتمنه على جميع أسراره وشاوره في أمره لا تزده الأيّام به إلّا إعجابًا ورغبة فيه وتقريبًا له حتّى صار أحظى أصحابه عنده منزلة,وائتمنه على أسراره وشاوره في أموره لا يزيده الأيّام به إلّا إعجابًا ورغبة فيه وتقريبًا له حتّى صار أخصّ أصحابه به,,وائتمنه على أسراره ومشاورته في أموره فلبث الأسد لا يزداد في الثور إلّا رغبة وله حبًّا وبه إعجابًا حتّى صار أخصّ أصحابه به وآثرهم منزلة وأدناهم مكانًا,فلم يزدد الملك به مع ممّر الأيّام إلّا تعجّبًا
245,2beca44d-345d-4cc4-93f4-9852cf470ca4,Scene 8. Dimna Tells Kalila of His Frustration,,,,,,,,,,,,
246,90b6c3f7-3ebd-45a5-bf9e-200e163988b8,Dimna's Jealousy of Ox's Favor,فلمّا رأى دمنة أنّ الأسد قد اختصّ الثور دونه وجعله صاحب رأيه ومؤاكلته اشتدّ عليه ذلك,فلمّا رأى دمنة أنّ الأسد قد اختصً الثور وفضّله عليه وعلى غيره من خاصّة أصحابه وجعله صاحب خلوته وسمره وحديثه ولهوه وأنيسه في مشورته حسد الثور حسدًا شديدًا وبلغ منه أمره كلّ مبلغ,فلمّا رأى دمنة ذلك وأنّ الأسد قد مال إلى شتربة دونه و أنه صاحب سره و خلوته و مشاورته اشتد عليه ذلك و أغاظه و بلغ منه و حسد شتربة حسداً شديداً,فلمّا رأى دمنة أنّ الأسد استخصّ الثور لنفسه دون أصحابه حسده كلّ الحسد وبلغ منه كلّ مبلغ,فلمّا رأى ذلك دمنة وفضل إخصاصه بالأسد حسده حسدًا كثيرًا,فلمّا رأى دمنة أنّ الثور قد اختصّ بالأسد دونه ودون أصحابه وأنّه قد صار صاحب رأيه وخلواته ولهوه حسده حسدًا عظيمًا وبلغ منه غيظه كلّ مبلغ,فلمّا رأى دمنة أنّ الأسد قد اختصّ بشتربة دونه ودون أصحابه كلّهم وإنّه صاحب رأيه وخلوته حسده حسدًا شديدًا,فلمّا رأى دمنة أنّ الأسد قد استبدل شتربة دونه ودون أصحابه وأنّه صاحب رأيه وخلواته وأنسه ولهوه حسد شتربة حسدًا شديدًا وبلغ منه كلّ غيظ,فلمّا رأى دمنة أنّ الأسد قد خلا بشتربة دون أصحابه وأنّه صاحب رأيه وخلوته ولهوه ومؤاكلته حسد شتربة حسدًا بلغ منه كلّ غيظ,,فلمّا رأى دمنة أنّ الأسد قد أدخل شتربة دون أصحابه وأنّه صاحب رأيه ومشورته وخلوته ولهوه ومؤاكلته اشتدّ عليه ذلك وغاظه ذلك وحسده وبلغ منه,فلمّا رأى دمنة الأسد قد أخصّ بشيربه حسده دمنة واغتاظ عليه
247,dd0d9e0e-9430-48e1-8532-8cf6820fe3af,Dimna Complains to Kalila,فشكى ذلك إلى أخيه كليلة وما حلّ به,فشكا ذلك إلى أخيه كليلة,فشكى ذلك إلى أخيه كليلة,فشكا ذلك إلى أخيه كليلة,وأتى أخاه كليلة,فشكا ذلك إلى أخيه كليلة,فشكى إلى أخيه كليلة,فشكا ذلك إلى أخيه كليلة,فشكا ذلك إلى كليلة,,فشكا ذلك إلى أخيه كليلة,وشكى ذلك إلى أخيه كليلة
248,0b057317-23ad-416c-8f55-c51de2a28f46,Dimna's Lament,وقال له ألا تنظر إلى عجز رأيي كيف نظرت فيما ينفع الأسد وإهمالي أمر نفسي حين جلبت ثورًا غلبني على منزلتي,وقال ألا تعجب لعجز رأيي وصنيعي بنفسي ونظري في منفعة الأسد وإغفالي نفع نفسي وضرّها حيث جلبت إلى الأسد ثورًا غلبه على منزلتي منه,,فقال له ألا تعجب لضعف رأي وضيعي بنفسي ونظري فيما ينفع الأسد وإغفالي نفسي وضوءها حين جلبت إليه من غلبني على منزلتي,وقال له ألا تعجب يا أخي من عجز صنيعي في نفسي فيما نفع الأسد وإغفال أمر نفسي ونفعها حيث اجتلبت إلى الأسد ثورًا غلبني على منزلتي ومكاني منه,وقال له ألا تعجب يا أخي من عجز رأيي وصنعي بنفسي فيما ينفع الأسد وأغفلت نفع نفسي حتّى جلبت إلى الأسد ثورًا غلبني على منزلتي,فقال له يا أخي لا تعجب من عجز رأي وصنيعي بنفسي ونظري فيما ينفع الأسد وإغفالي عن نفع نفسي حين خلّيت ثورًا غلبني على منزلتي,وقال ألا تعجب من عجز رأيي وصنيعي بنفسي ونظري فيما ينفع الأسد وإغفالي نفع نفسي وضرّها حيث جلبت ثورًا غلبني على منزلتي ***,وقال له ألا تعجب من صنيعي وعجز رأيي ونظري فيما ينفع الأسد وإغفالي نفع نفسي وضرّها حيث جلبت ثورًا غلبني على منزلتي,,وقال له يا أخي ألا تعجب لعجز رأيي وسفهي وصنعي بنفسي جلبت ثورًا غلبني على منزلتي,فقال له يا أخي ألا تعجب في عجز رأي وتركي ما ينفعني لمّا تركت ثورًا غلب عليّ منزلتي
249,24ac4f47-c8eb-4f6f-adb6-89996b7917e8,Kalila Introduces the Ascetic's Parable,قال كليلة أصابك مثل ما أصاب الناسك,قال كليلة أصابك إذًا ما أصاب الناسك,فقال له كليلة أصابك في ذلك ما أصاب الناسك,قال كليلة أصابك إذًا ما أصاب الناسك,قال كليلة أصابك ما أصاب الناسك,قال كليلة قد أصابك ما أصاب الناسك,قال كليلة أصابك ما أصاب الناسك,,قال كليلة أصابك ما أصاب الناسك,,فقال له كليلة أصابك إذًا مثل ما أصاب الناسك,
250,98349027-fb6f-4488-b3da-8c9e3db17841,Dimna Asks About the Ascetic,مَثَل قال دمنة وكيف كان ذلك,قال دمنة وكيف كان ذلك,قال دمنة وكيف كان ذلك,قال دمنة وكيف كان ذلك,قال دمنة وكيف كان ذلك,قال دمنة وكيف كان ذلك,قال دمنة وكيف كان ذلك,,قال وكيف كان ذلك,,قال دمنة وكيف كان ذلك,
251,c86590c1-9e20-487d-bdbd-8d2c8896c252,Fourth Subtale of Ascetic and Thief,قال كليلة زعموا أنّ ناسكًا أصاب من بعض [[الملك]] الملوك كسوة مثمّنة فأبصرها لصّ فرغب فيها وضرب الحيل لاستراقها,قال كليلة زعموا أنّ ناسكًا أصاب من بعض الملوك كسوة فاخرة فبصر به لصّ فرغب في الثياب وطمع أن يذهب بها واحتال الحيل لسرقها,قال كليلة ذكروا أنّ ناسكًا أصاب من بعض الملوك كسوة فاخرة فأبصره سارق والثياب معه فرغب فيها وفكّر في الحيلة لاستراقها,قال زعموا أنّ ناسكًا أصاب من بعض الملوك كسوة فاخرة فبصر به لصّ فرغب في الكسوة,قال زعموا أنّ ناسكًا أصاب من بعض الملوك كسوة فاخرة فتبصّر به سارق فطمع فيها,قال كليلة زعموا أنّ ناسكًا أصاب من بعض الملوك كسوة فاخرة فبصر به سارق فطمع في الثياب,قال كليلة زعموا أنّ ناسكًا أصاب من بعض الملوك كسوة فاخرة فبصر به سارق فطمع فيها,فقال كليلة زعموا أنّ ناسكًا أصاب من بعض الملوك كسوة فاخرة فبصر به سارق من السرّاق وبالثياب فرغب فيها,قال كليلة زعموا أنّ ناسكًا أصاب من بعض الملوك كسوة فاخرة فبصر به سارق وهي معه,,قال كليلة زعموا أنّ ناسكًا أصاب من بعض الملوك كسوة فائقة لها حسن وثمن فأبصرها لصّ فرغب فيها واحتال الحيل لاستخراجها,قال كليلة زعموا أنه بعض النساك أصاب من بعض الملوك كسوة فاخرة فبصر به سارق ورأى الثياب معه فرغب فيها
252,51e87b27-673e-4888-94c7-dfc7d5fdbbfc,The Thief Deceives the Ascetic,فأتاه فقال له إنّي أريد أن أصحبك وأتعلّم منك وآخذ عنك,فانطلق إلى الناسك وقال أريد أن أصحبك فأتعلّم منك وآخذ عنك,فقال له أيّها الناسك أريد أن أصحبك وأتعلّم منك,فانطلق إلى الناسك فقال له إنّي أريد أن أصحبك وأتعلّم منك وآخذ من أدبك,فأتاه وقال إنّي أريد أن أصحبك وأتعلّم منك وآخذ عنك,فأتى إلى الناسك فقال له إنّي أريد أن أصحبك وأتعلّم منك وآخذ عند,فأتى إلى الناسك وقال له أريد أصحبك وأتعلّم منك وأخدمك,فأتى الناسك فقال له إنّي أريد أصحبك وأتعلّم منك وآخذ عنك,فأقبل إلى الناسك وقال إنّي أريد أن أصحبك أتعلّم منك,,فدخل على الناسك فقال إنّي أريد أن أصحبك وأتعلّم منك وآخذ عنك,فقال به أريد أن أصحبك وأتعلّم منك
253,3f5e0dd0-e33f-4a6a-adbd-1c70c67fb16c,The Thief Gains the Ascetic's Trust,فأجابه الناسك إلى ذلك ولطف به وأخلص في خدمته حتّى ائتمنه ووثق به وفوّض إليه أمره,فأذن له في صحبته متشبّهًا بالنسّاك رفقًا بالناسك وأحسن الخدمة,فأجابه الناسك إلى ذلك فصحبه ولزمه متشبّهًا به فأتمنه الناسك ووثق به وفوّض إليه أمره,فصحبه متشبّهًا بالنساك فكان يرفق بالناسك ويلطف به,فأذن له صحبته فصحبه متشبّهًا به,فأذن له في صحبته فصحبه متشبّهًا به ورفق له في خدمته,فأذن له في صحبته فصحبه متشبّهًا بالناسك رفيقًا به في خدمته,فصحبه متشبّهًا بالنسّاك,فتبعه وصحبه متشبّهًا به رفيقًا له حسن الخدمة حتّى ظفر,,فأجابه الناسك إلى ذلك فلزمه ولطف به وأحسن الخدمة له ووثق الناسك به وفوّض إليه أمره,فأنعم له الناسك بذلك فصحبه متشبّهًا بالنساك ونصح الناسك في الخدمة
254,5b48b768-38fc-43d3-be89-5ea4ee70505f,The Thief Steals the Garment,فأخذ اللصّ الثياب فذهب بها,حتّى إذا اطمأنّ إليه ووثق به ظفر من الناسك بغفلة فاحتمل تلك الثياب فذهب بها,حتّى ظفر بغفلة من الناسك في بعض الأوقات فأخذ الثياب ومضى,حتّى أصاب منه غفلة فاحتمل تلك الكسوة ومضى,فلمّا ظفر من الناسك بغفلة أخذ منه الثياب وذهب بها,حتّى وثق به أخذ الثياب فذهب بها,حتّى إذا ظفر من الناسك بغفلة احتمل الثياب فذهب بها,حتّى إذا ظفر من الناسك بغفلة احتمل تلك الثياب فذهب بها,ونظرإلى أنفها صحيحًا,,والتمس اللصّ منه غفلة وأخذ الثياب وذهب بها,حتّى ظفر بغيبته فاحتمل تلك !الغيبة السارق ومضى
255,40124cd1-be9a-4367-b74a-18111a2ab66c,The Ascetic Pursues the Thief,فلمّا فقد الناسك الثياب وفقد الرجل عرف أنّه صاحبها فتوجّه في طلبها فنزل بمدينة يُقال لها صورات,فلمّا فقد الناسك الثياب والرجل علم أنّه صاحبها فطلب مكانه حتّى توجّه في طلبه قِبل مدينة من المدائن,قال فلمّا فقد الناسك الرجل والثياب عرف أنّه صاحبه فطلبه فلم يجده فتوجّه في طلبه نحو مدينة,فلمّا فقد الناسك الثياب عرف أنّه صاحبها فطلبه في مكانه حتّى توجّه في طلبه نحو مدينة من المدائن,فلمّا فقد الناسك الثياب عرف أنّه صاحبه فتوجّه في طلبه نحو مدينة,فلمّا فقد الناسك ثيابه علم أنّ صاحبه قد فتوجّه في طلبه نحو مدينة من المدن,فلمّا فقد الناسك الثياب والرجل عرف أنّه صاحبها فتوجّه في طلبه نحو مدينة من المدائن,وفقد الناسك الثياب والرجل عرف أنّه صاحبها فطلبه مكانه,,,فلمّا فقد الناسك الثياب وفقد الرجل علم أنّه صاحبها فتوجّه في طلبه فنزل في مدينة يقال لها ناروت,فلمّا فقد الناسك الثياب والرجل عرف أنّه صاحبه فطلبه في كلّ موضع حتّى بلغ في طلب مدينة من المدن
256,b3ce9929-8e33-4a62-b4fd-4ffa2777582c,The Fighting Rams,فمرّ في طريقه على وعلين ينتطحان وقد سالت بينهما الدماء لشدّة نطاحهما,فمرّ في بعض طريقه على وعلين ينتطحان فطال انتطاحهما حتّى سالت منهما الدماء,فمرّ في طريقه بوعلين يتناطحان فطال انتطاحهما حتّى سالت دماؤهما,فمرّ في طريقه على وعلين ينتطحان فطال انتطاحهما حتّى سالت الدماء منهما,فمرّ في طريقه على وعلين يتناطحان وقد طال انتطاحهما حتّى سالت منهما الدماء,فمرّ في طريقه بوعلين يتناطحان وقد سالت دماؤهما,فمرّ في طريقه على وعلين يتناطحان وقد طال انتطاحهما حتّى سالت منهما الدماء,فمرّ حين طلبه على وعلين يتناطحان فطال انتطاحهما حتّى سالت الدماء بينهما,,,فمرّ في طريقه على وعلين يتناطحان قد سالت دماؤهما,ومرّ في طريقه على وعلين يتنطحّان فطال نطاحهما حتّى سالت الدماء
257,df1107e6-003c-4f67-a2bf-ab8a73ea4705,The Fox and the Rams,وجاء الثعلب فجعل يلغ في ذلك الدم الذي سال منهما وهو مكبّ على ذلك إذ التقيا عليه أعني الوعلين ينتطحان فقتلاه وصار ملقى تحت أرجلهما لا ناصر له ممّا أصابه,وجاء ثعلب يلغ الدم فبينما هو مكبّ يلغ في الدم إذ التفتا عليه الوعلان بانتطاحهما وهو غافل فقتلاه,فجاء ثعلب بليغ من ذلك الدمّ فبينما هو مكبّ على ذلك أقبل الوعلان فقتلاه والناسك يرى ذلك,فجاء ثعلب يلغ في تلك الدماء فبينما هو مكبّ عليها إذ التقيا عليه الوعلان وهو غافل فقتلاه,وجاء ثعلب يلغ دمهما فبينما هو على انكبابه لشرب الدم التقيا عليه بانتطاحهما وهو غافل فقتلاه,فجاء ثعلب فبلع من تلك [الدماء] ... الدماء إذ أقبل عليه الوعلان بنطاحهما فقتلاه,وجاء ثعلب يلغ دماءهما فبينما هو على إكبابه على ذلك الدم إذ التقى عليه الوعلان بانتطاحهما وهو غافل فقتلاه,وجاء ثعلب فجعل يلغ في ذلك الدم فبينما هو ينكبّ التقيا عليه الوغلان في انتطاحهما فقتلاه,,,وجاء ثعلب وجعل يلغ في تلك الدماء فبينا هو مكبّ على ذلك إذ التقتا عليه الوعلان بانتطاحهما فقتلاه والناسك ينظر إليه,فبينما هو كذلك إذا عطفا عليه الوغلان وهو غافل
258,8b2abeff-0eee-45b9-9a2a-7b7152517ab1,The Ascetic Lodges with a Procuress,فلمّا رآهما الناسك مضى متوجّهًا في طلب الرجل المذكور حتّى أتى المدينة مساء فنزل بامرأة فاجرة وكانت لها جارية توافقها {فتؤجّرها},ومضى الناسك حتّى انتهى إلى المدينة ممسيًا فلم يجد مأوى إلّا بيت امرأة صاحبة بغيّ فنزل عليها وكانت للمرأة جارية تؤاجرها,ثمّ إنّ الناسك مضى حتّى أتى المدينة فلم يجد بها مسكنًا إلّا في بيت امرأة بغيًا وكان للمرأة جارية تؤاجرها,ومضى الناسك حتّى انتهى إلى المدينة فأتاها ممسيًا فلم يجدْ مأوى ولا مبيتًا إلّا بيت امرأة بغي صاحبه بغايا فنزل بها وكان لتلك المرأة جارية تؤاجرها,ومضى الناسك حتّى دخل المدينة فلم يجدْ بها ما يأوي إلّا بيت امرأة خمّارة فنزل عليها,ومضى الناسك حتّى دخل تلك المدينة فلم يجدْ فيها قرى إلّا بيت امرأة فنزل بها واستضاف بها وكان للمرأة جارية,ومضى الناسك حتّى دخل المدينة فلم يجدْ بها مأوى إلّا بيت امرأة خمّار صاحبة بغايا فنزل عليها وكان للمرأة جارية تؤاجرها,ومضى الناسك حتّى أتى المدينة ممسيًا فلم يجدْ بها مأوى إلّا بيت امرأة بغايا فنزل عليها وللمرأة جارية تؤاجرها,,,ثمّ مضى متوجّهًا في طلب الرجل حتّى أتى المدينة ممسيًا فنزل بامرأة فاجرة صاحبة بغيّ وكان لها جارية تؤاجرها,ومضى الناسك ودخل المدينة ليلًا فلم يجدْ بها مأوى ولا منزلًا إلّا منزل امرأة كاملة البغي وكان لها جارية تقود عليها
259,6e2ab319-7e6d-4194-b507-053522006749,The Procuress's Problematic Slave Girl,وكانت الجارية قد عشقت رجلًا فهي لا تريد غيره فأضرّ ذلك بالمرأة فيما كانت تروم من كراء جاريتها,وكانت الجارية قد عشقت رجلًا فهي لا تريد غيره وأضرّ بتلك المرأة بما تأخذ من أجرة جاريتها فاضطغنت بذلك على الرجل صديق الجارية الذي عشقته جاريتها,وكانت الجارية قد عشقت رجلًا لا تريد غيره فاضطرّت <إلى> ذلك لأنّها في أجرة سيّدتها,وكانت الجارية قد عشقت رجلًا فهي *لا تودد غيره ففاض بالمرأة فيما كانت تصيب من أجرها فاضطغنت على الرجل الذي عشقته الجارية,وكانت للمرأة جارية تؤاجرها وكانت الجارية قد علقت رجلًا فهي تهواه لا تريد غيره فأضرّ مولاتها ذلك,وكانت قد علقت رجلًا وهي له مريدة وقد أضرّ ذلك بمولاتها,وكانت الجارية قد علقت رجلًا هي لا تريد غيره وأضرّ ذلك بها في كسب جاريتها,وكانت الجارية قد عشقت رجلًا وهي لا تريد غيره فأضرّ ذلك في المرأة في أجرة جاريتها *فاضطغنت ذلك على الرجل الذي عشقته *جاريتها,,,وكانت الجارية قد عشقت رجلًا فهي لا تريد غيره فأضرّ ذلك بالمرأة لما كانت تأخذ من كراء جاريتها,وكانت الجارية قد عشقت رجلًا فلا تريد غيره فأضرّ ذلك بصاحبتها فحقدت على العاشق
260,dc7f1956-00b0-42e3-9417-a0a7814b55dd,The Procuress's Plot,فالتمست هلاكه في تلك الليلة التي أضافت فيها الناسك,فاحتالت لقتله وأتاها صديق الجارية ليلة صادفها الناسك,فالتمست هلاك الرجل واحتالت لقتله في تلك الليلة التي أضاف بها الناسك,فاختالت لقتله ليلة صادفها الناسك,فاصطنعت حيلة لقتله في تلك الليلة التي أضافت الناسك فيها,فاحتالت لقتل الرجل في تلك الليلة التي استضاف بها الناسك ثمّ إنّ الرجل وافاها,فاصطنعت على الرجل صنعًا تريد قتله في تلك الليلة التي ضافت فيها الناسك,واحتالت بقتله في الليلة التي صادفها الناسك,,,فالتمست هلاك الرجل في تلك الليلة التي أضافها فيها الناسك,واحتالت لقتله في الليلة التي أضاف فيها الناسك
261,5a50e535-b881-4c63-94d1-f14d3addb1a0,Empty,,,,,,,,,,,,
262,45e639e0-cec0-4a4c-8aea-f8b7afe53136,The Lover is Drugged,فسقته الجارية من الخمر صرفًا حتّى ثمل ونامت الجارية معه,فسقته من الخمر صرفًا حتّى غلبت الرجل عيناه فنام ونامت الجارية معه,فسقت الرجل من الخمر صرفًا حتّى غلب عليه النوم فنام ونامت الجارية معه,وسقته من الخمر صرفًا حتّى غلب عليه السكر فنام ونامت الجارية معه,فسقت الرجل الخمر حتّى سكر ونام هو والجارية,فأسقته من الخمرة حتّى سكر ونام ونامت الجارية إلى جانبه,فسقت الرجل من الخمر صرفًا حتّى أسكرته ونام مع الجارية,فسقت الرجل من الخمر حتّى غلب عليه السكر فنام ونامت الجارية إلى جانبه,,,فسقته الجارية من الخمر صرفًا ثمّ ضاجعته وهو سكران,فسقت الرجل خمرًا
263,1ca1ba61-a993-4366-a718-0d73e068a18c,The Poisonous Reed Pipe,فجاءت له المرأة بقصبة فيها سمًّا فكانت تنفخه في دبره,فلمّا استثقلا نومًا عمدت المرأة إلى سمّ قد كانت هيّأته فجعلته في قصبة لتنفخه في دبر الرجل فوضعت القصبة في دبره وفاها على القصبة,فلمّا استثقل نومًا عمدت إلى سمّ قد كانت أعدّته وجعلته في قصبة وجاءت بالقصبة لتنفخ السمّ في دبر الرجل,فلمّا استقلّا نومًا عمدت المرأة إلى سمّ كانت هيّأته فجعلته في قصبة لتنفخه في دبر الرجل والطرف الآخر في فيها,فلمّا استلقى نومًا عمدت مولاتها إلى سمّ قد ادّخرته في قصبة لتنفخه في دبر الرجل فوضعت القصبة في دبره وفوها كان في طرف القصبة وهمّت بالنفخ,فلمّا استقلّا نومًا عمدت إلى سمّ كانت قد أعدّته في قصبة لتنفخه في دبر الرجل,فلمّا استثقلا نومًا عمدت مولاتها إلى سمّ كانت أعدّته في قصبة لتنفخه في دبر الرجل,فعمدت مولاتها إلى سمّ قد كانت هيّأته في قصبة لتنفخه في دبر الرجل وفاها على رأس القصبة,,,فجاءت المرأة بقصبة فيها سمّ قد كانت أعدّته للنفخة في دبر الرجل,فلمّا نام ونامت الجارية عمدت إلى سمّ كانت أعدّته في قصبة لتنفخه في دبره فوضعت القصبة في دبره وفمها على رأس القصبة
264,d9ae9380-3c4b-4159-9094-bc9d8f5b0f62,The Plot Backfires,فلمّا وضعت القصبة في دبره وأرادت تنفخ فيها بدرتها ريح خرجت من دبره قبل أن تنفخ فسرى ذلك السمّ في حلق المرأة فماتت مكانها كلّ ذلك بعين الناسك,فبدرتها ريح خرجت من الرجل فطار ذلك السم في حلق المرأة فوقعت ميّتة وذلك بعين الناسك,فبدت من الرجل ريح فطار السمّ إلى حلقها فوقعت ميّتة والناسك جالس ينظر ما جرى شيء بعد شيء ويتعجّب من ذلك ويحفظه,فبدرها من قبل أن تنفخ في القصبة بريح خرج من دبر الرجل وهي لا تعلم فطار السمّ في حلقها فوقعت ميّتة وذلك بعين الناسك,فخرج من الرجل ريح أطارت السمّ إلى حلق المرأة فوقعت ميّتة وكل ذلك والناسك ينظر,فلمّا أرادت ذلك بدرت من دبر الرجل ريح فعكست السمّ إلى حلق المرأة فوقعت ميّتة وكلّ ذلك بعين الناسك وسمعه,فوضعت القصبة على دبر الرجل وفاها على طرف القصبة لتنفخه في دبر الرجل فبذرها قبل أن تنفخ ريح خرجت من دبر الرجل فطار السمّ في حلق البغي فوقعت ميّتة وكلّ ذلك يسمع الناسك وبصره,فبدرتها ريح خرجت من دبر الرجل قبل أن تنفخ فطار ذلك في فم البغاية فوقعت ميتة وكل ذلك ببصر الناسك,,,فلمّا وضعتها عليه وفاها على القصبة بادرتها ريح خرجت من دبر الرجل قبل أن تنفخ فصار ذلك السمّ في حلقها فوقعت ميّتة وكلّ ذلك بعين الناسك,لتنفخه في دبره فبدرتها ريح من الرجل فرجع السم من القصبة إلى حلقها فماتت وكلّ ذلك بعين الناسك
265,675e6c3f-ec52-4045-a0f0-cebbcee2eef5,The Ascetic Seeks New Lodging,ثمّ انطلق الناسك غاديًا في التماس مكان غير مكانه ذلك,ثمّ أصبح الناسك غاديًا في طلب منزل غير ذلك,ثمّ إنّ الناسك أصبح لالتماس مكان غير ذلك المنزل,ثمّ أصبح ذا دئبًا في طلب ذلك اللصّ,فلمّا أصبح الناسك مضى متوجّهًا نحو منزل غير ذلك فأضافه رجل إسكاف,فلمّا رأى ذلك خرج يبتغي منزلًا غيره,فلمّا أصبح الناسك مضى متوجّهًا نحو منزل غير ذلك,ثمّ أصبح غاديًا في طلبه فمرّ بمدينة,,,ثمّ مضى غاديًا حين أصبح ملتمسًا مكانًا غير مكانه,
266,e9694cfd-475e-45b3-80eb-00b7388c781a,The Ascetic and the Shoemaker,فأضافه رجل إسكاف وقال لامرأته أكرمي هذا الرجل وأحسني العناية إليه فإنّه دعاني بعض أصحابي إلى منادمته ولست أنصرف إلّا مساء,فأضافه رجل إسكاف وقال لامرأته انظري هذا الناسك فأكرميه وأحسني القيام عليه فإنه قد دعاني بعض أصحاب الشراب لمنادمته,فأجابه رجل إسكاف فقال الإسكاف لامرأته إنّ هذا الرجل ناسك فأحسني إليه فإنّي ماض إلى بعض الأمراء فقد دعاني وسائر أصحابي,فأضافه رجل اسكاف وقال لامرأته انظري هذا الناسك فأكرميه وأحسني القيام عليه ولا تقصّرين في أمره فإنّه دعاني بعض أصحابي إلى دعوة,وقال الإسكاف لامرأته انظري إلى هذا الناسك وأكرميه وأحسني إليه واخدميه فقد دعاني بعض إخواني لأشرب عنده,فاستضاف رجل اسكاف فأتى به امرأته فقال لها انظري إلى هذا الناسك وأكرمي مثواه وقومي بخدمته فقد دعاني بعض أصدقائي للشرب عنده,فأضافه رجل إسكاف فقال الإسكاف لامرأته انظري هذا الناسك فأكرميه وأحسني إليه واخدميه فقد دعاني بعض إخواني إلى,فأضافه رجل إسكاف وأحسن مثواه وفقال لامرأته أكرميه وقومي عليه فإنّه قد دعاني بعض إخواني للشرب في منزله وهو ضيفنا فأحسني إليه,,,فأضافه رجل إسكاف فقال لامرأته أكرمي مثوى هذا الرجل وأحسني القيام عليه فإنّه قد دعاني بعض أصحابي إلى منادمة ولست أنصرف إلّا ممسيًا سكرانًا,فلمّا أصبح توجّه في الطلب فأتى إلى منزل فأضافه رجل إسكاف وقال لامرأته أكرمي هذا الضيف وأحسني إليه فإنّي قد دعاني بعض أصحابي
267,708633f1-25f8-420d-856d-14a50af7d144,The Shoemaker Departs,,فانطلق الإسكاف,وانطلق الإسكاف إلى المشربة,فانطلق الإسكاف,ثمّ انطلق,ثمّ انطلق ذاهبًا,الشرب عنده وانطلق الإسكاف,وانطلق الإسكاف,,,,
268,079a4a65-cd16-4297-8960-89422375c8b3,The Shoemaker's Adulterous Wife,وكان لامرأته عشيقًا وكان الرسول الذي بينهما امرأة حجّام,وكانت امرأته قد علقت رجلًا وكان الرسول فيما بينهما امرأة حجّام,وكان لامرأته صديق وكان السفير بينهما امرأة رجل حجام وكانت جارة لها,وقد كانت امرأته عشقت رجلًا وكان الرسول فيما بينهم امرأة رجل حجّام,[ثمّ انطلق] وكانت امرأته قد علقت رجلًا وكان الرسول بينهما امرأة حجّام,,وكانت امرأته قد علقت رجلًا وكان الرسول بينهما امرأة حجّام,وكانت امرأته قد علقت رجلًا وكان السفير بينهما امرأة حجّام,,,وكان لامرأته صديق وكان الرسول بينهما امرأة حجّام جارة لها,وانطلق الإسكاف وكانت امرأته قد عشقت رجلًا وكان السفير بينهما امرأة رجل حجام
269,70fecbc9-be05-45f0-82c7-5cff57545fff,The Wife Summons Her Lover,فأمرتها أن تأتي صديقها فتعلمه أنّ زوجها لا يأتي إلّا سكرانًا فليأتنا مساء فيقعد بالباب حتّى يُؤذن له فيدخل,فأرسلت امرأة الإسكاف إلى امرأة الحجّام وأمرتها أن تأتي خليلها فتأمره يأتيها فإنّ زوجها عند أصحاب له في الشراب وإنّه لا يرجع إلّا سكران ممسيًا,فأرسلت إليها أن تتوجّه إلى خليلها فتعرّفه أنّ زوجها في دعوة وتأمره أن يأتي إليها عند المساء فيقعد على باب الدار حتّى تؤدّيه فيدخل إليها,فأرسلت امرأة الإسكاف إلى امرأة الحجام أن يأتي خليلها وتخبره أنّ زوجها عند أصحابه وأنّه لا يرجع إلّا سكرانًا ممسيًّا,فأرسلت امرأة الإسكاف إلى امرأة الحجّام وأمرتها أن تصير إلى خليلها وتأمره بالحضور عندها وتعلمه أنّ الإسكاف قد غاب عنها لسهرة *له,وكان للمرأة خليل والسفير بينهما امرأة حجّام فأرسلت امرأة الاسكاف إلى امرأة الحجّام تأمرها بالمصير إليها وتعرّف خليلها خلوّ وجهها وقالت إنّ زوجي قد ذهب ليشرب عند بعض أصدقائه ولن يعود إلّا سكرانًا فقولي له يسرّع الكرّة,فأرسلت امرأة الإسكاف إلى امرأة الحجّام وأمرتها أن تصير إلى خليلها وتأمره بالمصير إليها وتعلمه أنّ الإسكاف قد غاب عنها في الشرب,فأرسلت امرأة الإسكاف إلى امرأة الحجّام فأمرتها أن تواعد الرجل وتخبره أنّ الإسكاف قد غاب في الشرب وأنّه لا يرجع إلّا ممسيًا سكرانًا,,,فأمرتها أن تأتي بصديقها فتخبره بذلك وتعلمه أنّ زوجها لا ينصرف إلّا سكرانًا وتأمره أن يأتيها مساء فيقعد بالباب حتّى تأذن له,فأرسلت امرأة الإسكاف إلى خليلها تقول له إنّ زوجي قد دعاه رجلًا وقد مضى إليه
270,94e50c39-00e7-4fd8-a324-275e03e66177,The Lover Waits,ففعلت امرأة الحجّام ذلك وأطاعها العشيق وأقبل حتّى قعد بالباب ينتظر الإذن,فأقبل خليلها عند العشاء حتّى قعد على الباب ينتظر امرأة الإسكاف,ففعل ذلك فأقبل صديقها عشاءً فجلس على باب ذلك الإسكاف,فأقبل الرجل عند العشاء حتّى وقف عند الباب,فأقبل خليلها عند العشاء فقعد ينتظر امرأة الإسكاف,ثمّ إنّ خليل المرأة جاء فقعد على الباب ينتظر الإذن,فأقبل خليلها عند العشاء حتّى قعد عند الباب ينتظر إذن المرأة,فأقبل صديقها عشيًّا حتّى قعد على الباب ينتظر إذن المرأة,,,ففعلت امرأة الحجّام ذلك وأطاعها الصديق وجلس بالباب ينتظر ...,وإنّه لا يرجع إليّ مساءً سكرانًا فأقبل خليلها عشاء ينتظر إذن الامرأة إليه
271,a5105c8f-45b6-4504-8e0c-f81ec177e212,The Shoemaker's Suspicion,وانصرف الإسكاف من شغله يريد نديمه فمرّ بباب داره لأخذ مصلحة له من الدار فرأى عشيق زوجته جالسًا بالباب وكان قد ارتاب منه قبل ذلك,وانصرف الإسكاف إلى بيته حين أمسى وهو نشوان فلمّا رأى خليل امرأته هنالك ارتاب,وانصرف الإسكاف من الموضع الذي كان فيه فرأى الرجل قاعدًا على باب داره ممسيًا,وانصرف الإسكاف إلى بيته وهو سكران حين أمسى فلمّا رأى الرجل قائمًا على باب منزله وكان قد ارتاب به قبل ذلك,ثمّ إنّ الإسكاف انصرف من دعوته إلى بيته وهو نشوان فلمّا رأى خليل امرأته على الباب ارتاب منه,وجاء الاسكاف سكرانًا فرأى الرجل فارتاب به,وانصرف الإسكاف إلى بيته حين أمسى وهو نشوان فلمّا رأى خليل امرأته على الباب ارتاب به,وانصرف الإسكاف إلى بيته حين أمسى وهو نشوان فلمّا رأى الرجل قاعدًا على بابه يعني باب داره,,,,وانصرف الإسكاف إلى بيته حين أمسى فلمّا أبصر الرجل على باب داره جالسًا
272,50cd72b4-2d54-45a7-b8ac-2087b98caac6,The Wife is Beaten and Tied Up,فغضب على امرأته ودخل إليها فضربها ضربًا موجعًا ثمّ أوثقها إلى سارية في البيت,فغضب ودخل البيت وأخذ امرأته وأوجعها ضربًا ثمً أوثقها إلى سارية في البيت,فارتاب لذلك واغتاظ منه ودخل إلى منزله وعمد إلى امرأته فأسمعها غليظ ما كرهت وسألها عن الرجل الذي بالباب فقالت لا أدري ولا أعلم من هو فشدّها إلى بعض الأساطين التي كانت في منزله وجعل يضربها ضربًا وجيعًا والناسك يرى ذلك كلّه,غضب ودخل البيت فأخذ امرأته فضربها ضربًا مبرحًا وأوثقها إلى سارية,ودخل البيت وأخذ امرأته فأوجعها ضربًا ثمّ شدّها إلى سارية في البيت,ودخل مغضبًا إلى امرأته فأوجعها ضربًا ثمّ أوثقها في اسطوانة في المنزل وذهب فنام لا يعقل,ودخل البيت فأخذ امرأته فأوجعها ضربًا ثمّ شدّها إلى سارية في البيت,وكان قد ارتاب به غضب ودخل إلى البيت وأخذ امرأته وضربها ضربًا شديدًا ثمّ أوثقها إلى سارية في في البيت,,,وقد كان ارتاب به قبل ذلك فغضب على امرأته ودخل إليها فأوجعها ضربًا ثمّ أوثقها إلى سارية كانت في الدار,وكان من أهل الريبة غضب ثمّ دخل إلى زوجته فأوثقها شدًّا فلمّا هدأت العيون جاءت امرأة الحجام بالرسالة
273,aae016b9-10b4-41b9-8a4d-82aa4b2b295b,The Go-Between's Inquiry,فلمّا نام الزوج وهدأت العيون جاءت امرأة الحجّام وقالت قد أطال الرجل القعود فما تأمرين,فلمّا هدأت العيون جاءتها امرأة الحجّام فقالت قد طال قعود الرجل فماذا ترين,فلمّا هدأت العيون ونام زوجها جاءت زوجة الحجام إلى زوجة الإسكاف فقالت لها قد طال جلوس الرجل,فلمّا هدأت العيون جاءتها امرأة الحجام فقالت قد أطال الرجل القعود على الباب فماذا ترين,فلمّا هدأت العيون ونام الإسكاف جاءت امرأة الحجّام إليها وقالت لها قد أطال الرجل الجلوس فماذا تأمرين,وجاءت امرأة الحجّام تعلمها أنّ الرجل قد أطال الجلوس فماذا تأمرين,فلمّا هدأت العيون ونام الإسكاف جاءت امرأة الحجّام إليها وقالت لها قد أطال الرجل الجلوس فماذا تأمرين,فلمّا هدأت العيون جاءت امرأة الحجّام التي كانت السفيرة فيما بينهما إلى امرأة الإسكاف تقول لها قد أطال الرجل القعود فماذا ترين,,,ثمّ نام فلمّا هدأت العيون جاءت امرأة الحجّام,فقالت لها امرأة الإسكاف لو شئت أن تحسني إليّ
274,78adc3bc-c38b-4ee5-af44-df5d75cbadc0,The Wives Swap Places,قالت امرأة الإسكاف إن شئت أن تحسني إليّ فحلّيني حتّى أربطك مكاني ساعة وآتيه ثمّ أرجع إليك,قالت أما ترين ما بي فإن شئت أحسنت فيما بيني وبينك فحلّيتني وأربطك مكاني ساعة ثمّ أنطلق إلى خليلي ثمّ أسرع الرجعة إليك,فقالت لها امرأة الإسكاف قد غضب عليّ زوجي وضربني ضربًا شديدًا ولكن أعظم ما عليّ أنّه قد شدّني إلى هذه الأسطوانة فإن أنت مننت وحللتني وشددت نفسك مكاني فانطلق إلى خليلي وأسرع إليك,قالت امرأة الإسكاف إن شئت أحسنت إليّ وحللتني وربطت نفسك مكاني حتّى أتي خليلي وأسرع الكرّة إليك,قالت امرأة الإسكاف إن شئت أحسنت حلّيني ثمّ ربّطيني نفسك مكاني ساعة حتّى أنطلق إلى خليلي ثمّ أسرع وأجيء إليك,فقالت لها إن شئت فأحسنت إليّ وحلّيتني وربطتك مكاني حتّى انطلق إلى خليلي وأعجّل العودة,قالت امرأة الإسكاف لامرأة الحجّام إن شئت أحسنت إليّ وحللتني وربطت نفسك مكاني حتّى أنطلق إلى خليلي ثمّ أسرع الرجعة إليك,قالت امرأة الإسكاف إن شئت أحسنت وأجملت فخلّيني واربطي نفسك ساعة حتّى أنطلق إلى خليلي وأسرع الكرّة إليك,,,فقالت لها امرأة الإسكاف إن شئت أحسنت إليّ وحللتني وربطت نفسك مكاني ساعة حتّى آتيه ثمّ أسرع الرجوع إليك,قالت تحلّيني وتربطي نفسك مكاني ساعة حتّى أمضي إلى خليلي فأقضي حاجته وأنصرف إليك
275,78e53449-3e5e-4520-99d5-8d3f64aeafaf,The Swap is Made,ففعلت امرأة الحجّام ذلك فحلّتها وربطت نفسها مكانها,قالت امرأة الحجّام فإنّي فاعلة ذلك فحلّتها وصارت مكانها,قالت لها إنّي فاعلة ذلك فأخذت في حلّها وزوجها نائم والناسك يرى ذلك,فحلّتها امرأة الحجام وربطت نفسها مكانها,قالت امرأة الحجّام إنّي فاعلة ذلك وحلّتها وصارت هي في الوثاق مكانها,فأجابتها امرأة الحجّام إلى ذلك وحلّتها وانطلقت إلى خليلها وأوثقت هي نفسها مكانها,قالت امرأة الحجّام إنّي فاعلة ذلك وحلّتها وصارت هي مكانها في الوثاق,فقالت امرأة الحجّام إنّي فاعلة ذلك فحلّتها وصارت مكانها,,,ففعلت امرأة الحجّام ذلك فحلّتها وربطت نفسها مكانها,فقالت امرأة الحجام افعلي فحلّتها وصارت مكانها
276,f08bd338-6531-4b77-9d9c-591e94476188,The Shoemaker Wakes,فاستيقظ الإسكاف قبل أن تأتي امرأته من عشيقها فناداها فلم تجبْه,فاستيقظ الإسكاف قبل أن ترجع امرأته فناداها ودعاها باسمها فلم تجبه امرأة الحجّام مخافة أن يعرف صوتها فدعاها وسبّها مرارًا فلم تجبه وازداد الإسكاف غيظًا,فاستيقظ الإسكاف من نومه فلم يسمع حسّ زوجته,فاستيقظ الإسكاف بعد مضيّها فناداها مرارًا باسمها فلم تجبه امرأة الحجام فزاده ذلك غيظًا وغضبًا,واستيقظ زوجها الإسكاف قبل أن ترجع زوجته فناداها باسمها فلم تجبه امرأة الحجّام خوفًا من أن يعرف صوتها فدعاها مرّات فلم تجبه فازداد غيظًا وحنقًا,فاستيقظ الاسكاف قبل أن تعود زوجته فناداها باسمها فلم تجبه امرأة الحجّام وخافت من الفضيحة أن ينكر صوتها ثمّ دعاها ثانية فلم تجبه فامتلأ غيظًا وحنقًا,واستيقظ الإسكاف قبل أن ترجع امرأته فناديها باسمها فلم تجبه امرأة الحجّام خوفًا أن ينكر صوتها فدعاها مرّات باسمها فلم تجبه فازداد غيظًا وحنقًا,فاستيقظ الأسكاف قبل أن ترجع المرأة فناداها ودعاها باسمها فلم تجبه امرأة الحجّام مخافة أن يعرف صوتها فدعاها مرارًا وسبّها كلّ ذلك لا تجبه امرأة الحجّام فازداد غيظًا وحنقًا,,,فانتبه الإسكاف قبل أن ترجع امرأته من عند صديقها فناداها فلم تجبه امرأة الحجّام مخافة أن يعرف صوتها ثمّ ناداها مرارًا فلم تجبه,واستيقظ الإسكاف قبل رجوع امرأته فناداها ثمه دعاها باسمها فلم تجبه امرأة الحجام مخافة أن يعرف صوتها
277,411465f1-4844-47b0-b1aa-1d0e06f7f268,The Barber's Wife is Mutilated,فغضب وقام إليها بشفرة كانت معه فجدع أنفها وقال خذي أنفك معك فأعطيه لخليلك,حتّى قام إليها بسكّين فجدع أنفها ثمّ قال خذي هذا والحقي خليلك,فناداها مرارًا فلم تجبه امرأة الحجام مخافة صوتها فسبّها وهي لا تجبه فازداد غيظًا عليها فقام مسرعًا فجدع أنفها وهو يظنّها امرأته ودفعها إليها وقال خذي جدع أنفك أتحفي به خليلك وامرأته وخليلها في البيت يسمعان,فقام إليها بالسكّين واجتزّ أنفها وقال خذي هذا فأتحفي به خليلك,وقام إليها بشفرة فقطع أنفها وقال خذي هذا وأتحفي به خليلك,وقام نحوها بالشفرة فجدع أنفها وقال خذي هذا فاتحفي به صديقك وهو لا يشكّ في أنّها امرأته,وقام إليها بشفرة فجذع أنفها وقال لها خذي هذا فاتحفي به خليلك,فقام إليها بسكّين فجدع أنفها ثمّ قال لها خذي هذا فأتحفي به خليلك,,,فقام إليها فجدع أنفها بشفرة وقال لها خذي أنفك وأتحفي به خليلك,فدعا ثانية فلم تجبه امرأة الحجام مخافة أن يعرف صوتها فازداد عليها حنقًا وغيظًا وقام إليها بسكّين فجذع أنفها
278,a4504e9f-7abc-4191-8d93-a0c832b766d2,The Wives Swap Back,ولمّا رجعت امراة الإسكاف ورأت ما بصاحبتها أطلقتها وربطت نفسها مكانها,فلمّا جاءت امرأة الإسكاف ورأت صاحبتها مجدوعة {الأنف} وزوجها نائم حلّتها وأوثقت نفسها مكانها,فلمّا رجعت امرأة الإسكاف ورأت امرأة الحجام قد جدع [[زوجها]] أنفها وزوجها نائم وثّقت نفسها مكانها,فلمّا انصرفت امرأة الاسكاف وجدت امرأة الحجام مجذوعة الأنف وزوجها نائم فحلّتها وأوثقت نفسها مكانها,فلمّا جاءت امرأة الإسكاف ورأت صاحبتها مجدوعة وزوجها نائم حلّتها من وثاقها وأوثقت نفسها مكانها,ثمّ جاءت امرأة الاسكاف فرأت صنع زوجها بامرأة الحجّام فساءها ذلك وأكبرته وحلّت وثاقه,,فلمّا رجعت صاحبة الإسكاف وأعلمتها قصّتها,,,فلمّا رجعت [[المرأة]] امرأة الإسكاف ورأت ما بصاحبتها أطلقتها وربطت نفسها مكانها,
279,6baecc7d-beb1-477b-8ff7-827a152cf854,The Mutilated Go-Between Flees,فأخذت امرأة الحجّام أنفها بيدها وانصرفت إلى بيتها والناسك إلى ذلك,وأخذت الأخرى امرأة الحجام أنفها {وانقلبت إلى} بيتها وكان كلّ ذلك بعين الناسك وسمعه,وأخذت امرأة الحجام أنفها ومضت إلى بيتها,وأخذت الأخرى أنفها بيدها وانطلقت إلى بيتها خائبة وكلّ ذلك بعين الناسك,وأخذت امرأة الحجّام أنفها في كفّها وانطلقت إلى بيتها وكلّ ذلك والناسك ينظر,ا فانطلقت إلى منزلها مجدوعة الأنف وكلّ ذلك بعين الناسك وسمعه,,,,,وأخذت امرأة الحجّام أنفها بيدها وانصرفت إلى بيتها والناسك ينظر إلى ذلك,
280,91e906c6-5d8e-4d7a-af6d-c99bdd813db4,The Wife's Next Ploy,ثمّ إنّ امرأة الإسكاف فكّرت وطلبت المخرج ممّا وقعت فيه واتُّهمت به,,ثمّ إنّ امرأة الإسكاف فكّرت كيف الخلاص ممّا هي فيه,,,ثمّ إنّ امرأة الاسكاف جعلت تبتهل وتدعو على زوجها الذي ظلمها,,,,,ثمّ إنّ امرأة الإسكاف فكّرت في نفسها وطلبت المخرج ممّا وقعت فيه,وقال لها خذي والحقي خليلك ومضى فنام وتركها
281,01d03bcd-d5ff-44b6-b15a-36d800cf866b,The Wife's Feigned Prayer,,ثمّ إنّ امرأة الإسكاف رفعت صوتها تدعو ربّها وتضرع إليه وتبكي وتبتهل وتدعو إلى زوجها,فرفعت صوتها تصيح وتدعو بالنحيب والبكاء,ثمّ إنّ امرأة الاسكاف رفعت صوتها تدعوا ربّها وتبتهلّ,ثمّ إنّ امرأة الإسكاف رفعت رأسها تدعو ربّها وهي تبكي بأعلى صوتها وتبتهل وتدعو على زوجها,,,فرفعت صوتها تدعو ربّها وتتضرع إليها وتبتهل وتدعو على زوجها,,,,
282,7a90f3c2-e930-4739-aedf-e644c2187304,A Prayer for a Miraculous Restoration,فنادت يا ربّ قد ترى ضعفي وقلّة حيلتي وما قد ركب منّي زوجي فإن كان اعتدى عليّ ظلمًا فأعدْ أنفي صحيحًا وأظهرْ براءتي,وتقول اللهمّ إن كان زوجي ظلمني فأعدْ إليّ أنفي صحيحًا,يا رب قد ترى ضعفي وقلّة حيلتي وظلم زوجي إيّاي فيما فعل فيّ من غير جرم أجرمته وأسألك يا رب أن تظهر براءتي ممّا اتّهمني فيه وأعد إليّ أنفي صحيحًا ليعلم أنّه ظالم لي متعدّ عليّ وزوجها يسمع,وتقول إلهي إن كان زوجي ظلمني فأعد أنفي صحيحًا,وتقول اللهمّ إن كان زوجي قد ظلمني وأنا بريئة ممّا يقول فاردد عليّ أنفي صحيحًا كما كان,,,وتقول اللهمّ إن كان زوجي ظالم فأعد عليّ أنفي صحيحًا,,,فقالت يا ربّ قد ترى صحّتي وبراءتي وضعفي وما رماني به زوجي اعتداء عليّ وظلمًا فأعد إليّ أنفي صحيحًا سويًّا كما كان,فلمّا عادت امرأة الإسكاف ونظرت إلى امرأة الحجام مجذوعة الأنف وزوجها نائم حلّتها ووثقت نفسها وأخذت امرأة الحجام أنفها بكفّها وانصرفت إلى منزلها وكلّ ذلك بعين الناسك ثمّ إنّ امرأة الإسكاف رفعت صوتها تدعوا
283,8924e02f-cdbf-40f0-90c4-088e7f3f5012,Only the Razor,ثمّ إنّها أمسكت ساعة وقالت لزوجها قمْ فانظرْ إلى فعل ربّك وقضائه كيف أعاد أنفي عليّ صحيحًا كما كان سويًّا,,,فقالت قم أيّها الظالم فانظر إلى عملك وتغيير الله عليك ورحمته إيّاي قد أعاد أنفي صحيحًا,ثمّ نادت زوجها وقالت أيّها الظالم إنّ الله نظر إلى عملك وفعلك وقد أعاد أنفي كما كان,ثمّ رفعت صوتها ونادت زوجها أيّها الفاجر الظالم قم فانظر كيف صنعك بي وصنع الله بي كيف رحمني وردّ أنفي صحيحًا كما كان,,ثمّ إنّها بادرت الإسكاف وقالت أيّها الظالم الفاجر قم فانظر إلى عملك وتعتبر بربّك ونعمه عليّ قد أعاد إليّ أنفي صحيحًا,,,,
284,cb78094a-9a05-48db-a3f9-111b54b4e82e,The Wife Claims a Miracle,فقال ما هذا الكلام يا ساحرة ثمّ قام فأوقد نارًا فلمّا رأى أنفها صحيحًا,ثمّ نادت الإسكاف أيّها الظالم الفاجر قمْ فانظر إلى عملك وتغيير ربّك عليك ورحمته إيّاي قد أعاد أنفي صحيحًا,ثمّ قالت له يا ظالم قم فانظر إلى عملك وإلى قدرة ربّك ونعمته,فقال زوجها ما هذا الكلام يا ساحرة,قال لها زوجها ما هذا يا ساحرة ثمّ قام فأوقد نارًا ونظر إلى المرأة فإذا أنفها صحيح,فقام وأوقد المصباح ونظر فإذا أنف زوجته صحيح,,فقال الإسكاف ما هذا الكلام يا ساحرة ثمّ قام وأورى نارًا ونظر إلى امرأته,,,فلمّا سمع كلامها قال ما هذا الكلام يا ساحرة ثمّ إنّه قام وأوقد نارًا فلمّا رأى أنفها صحيحًا,
285,af34836a-f3e4-40d6-bf48-b02ef0dd1055,The Husband is Deceived,ترضّاها واعتذر إليها,قال الإسكاف ما هذا الكلام يا ساحرة ثمّ قام وأوقد نارًا فلمّا نظر إلى أنفها صحيحًا,قال لها الإسكاف وما تقولين يا ساحرة وقام ينظر [[إلى]] [[أنفها]] إليها ورأى إلى أنفها وهي صحيحة,فاغتفر ذنبه إلى ربّه واعتذر إلى امرأته وسألها أن ترضى عنه,فاستغفر الله وتاب من الذنب إليها وإلى مولاه وخالقه وسأل امرأته أن ترضى عنه,فاستغفر إليها وتاب من ذنبه واستغفر إلى ربّه,,وسألها أن ترضى عنه,فلمّا رآه تاب ممّا صنع بها واعتذر إليها وسألها أن ترضى عنه ففعلت ذلك,,ترضّاها وتنّصل إليها وتاب واعتذر وقال إلى الله المغفرة,
286,906ae2d3-923f-4bee-bf33-b7c4fc784c5e,The Husband's Apology,ولمّا انتهت امرأة الحجّام إلى بيتها ضربت الحيل ظهرًا لبطن,تاب من الذنب إلى ربّه واعتذر إليها وسألها أن ترضى عليه,فتاب إلى ربّه من ظلمه إيّاها وظنّه فيها بالقبح وسأل ربّه أن يعفو عنه واعتذر إلى امرأته,ولمّا رجعت امرأة الحجام المجذوعة إلى بيتها قلبت الحيل ظهرًا لبطن وقالت ما عذري عند زوجي وعند الناس في جذع أنفي,ولمّا وصلت امرأة الحجّام إلى بيتها فكّرت في طلب العذر لنفسها عند زوجها والناس في جدع أنفها,وأمّا امرأة الحجّام فإنّها لمّا وصلت إلى منزلها توصّلت في طلب العذر عند زوجها وأهلها في جدع أنفها ورفع الالتباس,,فلمّا انتهت امرأة الحجّام إلى بيتها طلبت الحيل وقالت ما عذري عند زوجي وعند الناس في جدع أنفي,ولمّا انتهت امرأة الحجّام إلى بيتها وطلبت الحيل وقالت ما عذري عند زوجي وعند الناس في جدع أنفي,,ولمّا انتهت امرأة الحجّام إلى بيتها ضربت الحيل ظهرًا لبطن والتمست العذر ممّا وقعت فيه,
287,a9bf37ae-c3c1-4d03-aa5e-a82cbe7b6016,The Barber's Wife's Dilemma,فلمّا كان وقت السحَر وهي مفكّرة في جواب أهلها وزوجها عن جدع أنفها إذ ناداها زوجها فقال ادفعي إليّ متاعي فإنّي أريد السير إلى بعض الأشراف,فلمّا أتت امرأة الحجّام إلى بيتها قلّبت الحيل وقالت ما عذري عند زوجي وعند غيره من الناس في جدع أنفي,ثمّ إنّ امرأة الحجام بعد فواقها لامرأة الإسكاف لما حصلت في منزلها فكّرت في حيلة تتخلّص بها وقالت ما عذري عند زوجي وعند غيره في جدع أنفي,واستيقظ زوجها عند السحر,فلمّا كان وقت السحراستيقظ الحجّام,,,فلمّا كان السَحر استيقظ الحجّام,فلمّا كان السَحَر استيقظ الحجّام فنادى امرأته,,فلمّا كان وقت السحر وهي نائمة وتقول ما عذري عند أهلي وزوجي في جدع أنفي إذ ناداها زوجها,
288,66282c26-ddb8-4432-9afa-cf783e28e260,The Barber Wakes,,فلمّا كان السحَر استيقظ الحجّام,فلمّا كان السحر أيقظها زوجها,فناداها أن أتيتني بمتاعي فإنّي أريد أن أخدم بعض الأشراف,وقال لامرأته هاتي متاعي فإنّ فلان الكبير أمرني أن آتيه فأصلح شأنه,فلمّا كان عند السحر استيقظ الحجّام فقال لامرأته هات متاعي كلّه فإنّي أريد المضي إلى بعض الأشراف,,فنادى بها أين أنت ائتيني بأداتي فإنّي أريد أن أنطلق إلى بعض الأشراف,وقال لها ائتيني بمتاعي فإنّي أريد أن أدخل على بعض الأشراف,,هلمّي متاعي فإنّي أريد أن ألجّ إلى بعض الأشراف لأعمل له عملًا,
289,736c70b5-d291-4835-be0d-bc9eaea35ce8,The Barber Asks for His Tools,فأتته بالموسى وحده فأعاد عليها القول فأتته به,وقال لامرأته ائتيني بمتاعي فإنّي أريد أن أدلج إلى بعض الأشراف,وقال لها آتيني بمتاع الحجامة فإنّي أريد أن انطلق إلى بعض الأشراف,فلم تأته من متاعه بشيء إلّا الموس فأعاد عليها أن آتيني بمتاعي كلّه فلم تأته,فناولته موسًا واحدًا فقال لها ثانية هاتي العدّة جميعها فأعادت إليه الموس وقالت ما هنا غيره,فأتته بالموسي فقال لها هاتي الآلة جميعها فلم تأته إلا بالموسي,,فأتته بالموس دون كلّ شيء فقال هاتي متاعي كلّه فلم تزده على الموت,فلم تأته امرأته إلّا بالموسى,,فلم تأته إلّا بالموس وحده فقال لها هلمّي متاعي فأعادت عليه الموسى,
290,538aae90-3712-4a7c-abed-e2f667144e78,The Barber's Wife's Ruse,فغضب ورماها به في الظلمة فضربت بنفسها الأرض وصاحت ولولت وقالت أنفي أنفي,فلم تأته المرأة من متاعه شيئًاً إلّا بموسى فقال لها هلمّ متاعي كلّه فعادت المرأة بتلك الموسى *** فرمى {فرمت} المرأة بنفسها إلى الأرض وولّت وقالت أنفي أنفي,فأتته بالموسى مرّة بعد مرّة فاغتاظ من ذلك ورماها بالموسى فصاحت أنفي أنفي,فغضب الحجام فرماها بالموس في الظلمة فرمت بنفسها إلى الأرض وصرخت ولولت وقالت أنفي أنفي,فغضب منها ورماها به فصاحت المرأة ووقعت إلى الأرض وقالت أنفي أنفي,فغضب حين أطالت التكرار ورماها به فألقت نفسها إلى الأرض وولولت وصاحت أنفي أنفي,,فغضب الحجّام ورماها بالموس فرمت بنفسها إلى الأرض وصاحت وولولت وقالت أنفي أنفي,فغضب الحجّام ورماها بالموسى فسقطت وصاحت أنفي أنفي,,فغضب زوجها ورمى به في الظلمة فطرحت نفسها إلى الأرض وصرخت وقالت أنفي أنفي,
291,cc9aeca2-cbcf-408a-a7fc-16770d88663b,The Husband Believes Her,,,فظنّ زوجها أنّ ذلك حقّ,,,,,,,,,
292,4bfed585-f1d1-4d95-bf5f-b267d6acece2,The Barber is Taken to the Judge,فجاء أقاربها وأخذوا زوجها فذهبوا به إلى القاضي,فلم تزل تصيح وتنادي حتّى جاءها أقرباؤها فأخذوا زوجها فانطلقوا به إلى القاضي,فلم تزل تصيح وتنادي حتّى اجتمعوا أقاربها وأهلها وجيرانها فقالوا لزوجها بئس ما صنعت بزوجتك من غير ذنب ولا جريمة فأخذوه ومرّوا به إلى القاضي,,ولم تزل تستغيث حتّى دخل عليها جيرانها وانتهى الأمر إلى أقاربها فأخذوا الحجّام وانطلقوا به إلى القاضي,وجلّبت حتّى جاء أهلها وأقرباؤها فرأوها على تلك الحال فأخذوا الحجّام فانطلقوا به إلى القاضي,,ولم تزل تنادي وتصيح حتّى جاء أقاربها وأهلها فأخذوا الحجّام وانطلقوا به إلى القاضي,فلم تزل تصيح حتّى جاء أولياؤها فأخذوا زوجها فرفعوه إلى القاضي فساءله,,فجاء أهلها فأخذوا زوجها فذهبوا به إلى القاضي,
293,72bec461-1a86-4491-822f-748ed0304a43,The Barber's Trial,,فقال القاضي للحجّام ما حملك على جدع أنف امرأتك فلم يجد حجّة يحتجّ بها,فسأله القاضي عن ذلك فلم يدر ما يجيبه,,فقال له القاضي ما حملك على جدع أنف امرأتك فلم يكن له حجّة يحتجّ بها,فقال له ما حملك على جدع أنف امرأتك فلم تكن له حجّة يحتجّ بها,,فقال القاضي للحجّام ما حملك على جدع أنف امرأتك فلم تكُ له حجّة يحتجّ بها,وقال له ما حملك على أن جدعت أنف امرأتك فلم تكن له حجّة يحتجّ بها,,,
294,09b5a446-93c1-43ac-b69b-a12ad09feacd,The Judge's Verdict,فأمر القاضي بعقوبته,فأمر القاضي بالحجّام أن يُعاقب,فأمر القاضي بعقوبته,,فأمر القاضي بالحجّام أن يُعاقب,فأمر به القاضي أن يُقتصّ منه,,فأمر القاضي بالحجّام أن يُعاقب,فأمر القاضي بالحجّام أن يُعاقب,,فأمر القاضي بعقوبته,
295,9eb10f35-2cda-4eb6-9245-82e57dd067bf,The Ascetic Intervenes,فلمّا قُدّم ليُعاقب تقدّم الناسك والمعاقَب بين يديه وقال أصلح الله القاضي لا يشتبهنّ عليك الأمر فإنّ اللصّ ليس هو الذي سرق أسبابي وإنّ الثعلب لم يقتله الوعلان وإنّ المرأة ليس السمّ أماتها وإنّ امرأة الحجّام ليس زوجها جادع أنفها بل نحن فعلنا ذلك بأنفسنا,فلمّا قُدّم للعقوبة وافاه الناسك فتقدّم إلى القاضي {فقال} لا يشتبهنّ عليك إنّ اللصّ ليس هو سرقني وإنّ الثعلب ليس الوعلان قتلاه وإنّ المرأة ليس السمّ قتلها وإنّ امرأة الحجّام ليس زوجها جدع أنفها بل نحن جميعًا فعلنا ذلك بأنفسنا,قال فلمّا قُدّم للعقوبة قام الناسك وقال لا يبتهم عليك الأمر أيّها القاضي أيّدك الله تعالى وليس من ذلك كلّه شيء فإنّ اللصّ ليس سرقني وإنّ الثعلب ليس الوعلان قتلاه وإنّ المرأة التي قتلها السمّ ليس هو صحيح وإنّ امرأة الحجام ليس زوجها قطع أنفها بل نحن جميعًا فعلنا بأنفسنا ذلك,,فلمّا قُدّم للعقوبة وافاه الناسك وتقدّم للقاضي وقال أيّها القاضي لا يشبهنّ عليك هذا الأمر ليس اللصّ هو الذي سرق ثيابي وإنّ الثعلب ليس الوعلان قتلاه وإنّ المرأة ليس السمّ قتلها وإنّ امرأة الحجام ليس زوجها جدع أنفها إنّما نحن فعلنا ذلك بأنفسنا,فلمّا قُدّم للقصاص وافى الناسك فتقدّم إلى القاضي فقال له,,فلمّا قدم الحجّام للعقوبة وافاه الناسك وقد كان خرج من بيت الإسكاف فوافاها مع زوجها فرآهم وهم يجرّسون الحجّام فعلم أنّه مظلوم وقد أوقعت الحيلة به فتقدّم الناسك إلى القاضي وقال أعزّ الله بقاءك لا يشتبهنّ عليك لأنّ اللصّ ليس هو سرقني وإنّ البغيّة ليس السمّ قتلها وإنّ الثعلب ليس الوغلان قتلاه وإنّ امرأة الحجّام ليس زوجها جدع أنفها بل نحن جميعًا فعلنا ذلك بأنفسنا,فلمّا قُدّم للعقوبة قال الناسك,,فلمّا قُدّم ليُعاقب وافاه الناسك فقال أيّها القاضي ليس الرجل سرق الثياب وليس الوعلان قتلا الثعلب وليس السمّ قتل المرأة وليس الحجّام جدع أنف امرأته بل نحن فعلنا ذلك بأنفسنا,
296,6d206a47-8719-43ae-8a54-a39aa6829c02,The Ascetic's Testimony,فسأله القاضي عن خبر ذلك كلّه فأخبره بقصصهم كلّها,فسأل القاضي الناسك عن تفسير ذلك فأخبره الخبر,قال وأخبره فسأله القاضي عن تفسير ذلك فأخبره الناسك بجميع ما جرى,,قال القاضي للناسك عن بيان ذلك وتفسيره فحدّثه بالخبر,,,فسأله القاضي عن تفسير ما قال ففسّر له فقال,فسأله القاضي عن التفسير ففسّر له القصّة,,فسأله القاضي عن تفسير ذلك فحدّثه بالقصّة حتّى فرغ,
297,b51985aa-f22d-423d-a068-24e067242ce9,Applying the Moral to Dimna,,,قال دمنة لكليلة قد فهمت ما ذكرت لي وهو شبيه بأمري ما ضرّني سوى نصيحتي ومحبّتي ولله درّ القائل إذا المرء لم يرض ما أمكنه ولم يأت من أمره أحسنه فدعه فقد ساء تدبيره سيضحك يومًا ويبكي سنة,ثمّ قال كليلة لدمنة وأنت أيضًا فإنّما فعل بك ذلك نفسك,,,,,,,وإنّما ضربت لك هذه الأمثال من خوف العواقب,
298,76952ae3-e4cf-4c35-94ab-e7b1d7a79d16,Dimna Seeks a New Plan,قال دمنة قد فهمت ما ذكرته وهو شبيه بأمري ولعلّني ما ضرّني غير نفسي ولكن ما الحيلة الآن,قال دمنة قد سمعت هذا المثل وهو شبيه بأمري لعمري ما ضرّ بي سوى نفسي ولكن ما الحيلة,,قال دمنة قد سمعت هذا المثل وهو شبيه بأمري ولعمري ما ضرّني أحد سوى نفسي ولكن كيف الحيلة الآن,قال دمنة قد سمعت هذا المثل وهو شبيه بأمري ولعمري ما ضرّني غير نفسي فما الحيلة,,,فقال دمنة قد سمعت هذا المثل وهو شبيه بأمري لعمري وما ضرّني أحد سوى نفسي ولكن فما الحيلة,على ما عاينها وسمعها قال دمنة قد سمعت هذا المثل وهو شبيه بأمري ولعمري ما ضرّني أحد سوى نفسي ولكن ما الحيلة,,قال دمنة قد فهمت ما ذكرت وإنّما كيف العمل مع الثور,
299,29f4cc00-a0b9-40b6-8768-09fe9d11bf21,Kalila Asks for Dimna's Plan,قال كليلة أخبرْني أنت عن رأيك في ذلك,قال كليلة أخبرني أنت عن رأيك في ذلك,قال له كليلة أخبرني عن رأيك ذلك وما دبّرت فيه,قال كليلة أخبرني عن رأيك في ذلك,فقال كليلة أخبرني عن رأيك في ذلك ما هو,,,قال كليلة أخبرني عن ذلك,قال كليلة أخبرني أنت عن حالك ورأيك في ذلك,,,
300,51fde37b-28bc-45bf-883b-c9d26d088c3f,Dimna's Goal: Restoration,فقال دمنة أمّا أنا فلست ألتمس اليوم أن تزداد منزلتي فوق ما كانت ولكنّي أريد أن تعود إليّ,قال دمنة إنّي لست ألتمس اليوم أن تزداد منزلتي فوق ما كنت ولكن ألتمس أن أعود إلى منزلتي التي كنت عليها,قال له دمنة أمّا أنا فليس التمس اليوم أن تزداد منزلتي عند الأسد فوق ما كانت عليه بل التمس أن أعود إلى منزلتي التي كنت عليها,قال دمنة أمّا أنا فلست ألتمس اليوم إلّا أن أعود إلى منزلي,فقال دمنة أمّا أنا فلست ... أن أردّ منزلتي فوق ما كانت عليه ولكن تعود إلى حالها,,,قال دمنة أمّا أنا فليس ألتمس اليوم أن تزداد منزلتي فوق ما كنت عليها,قال دمنة أمّا أنا فلست ألتمس اليوم أن تزداد منزلتي فوق ما كانت عليه ولكن ألتمس أن أعود إلى منزلتي,,,
301,db83c91e-bafb-49e0-b06d-3802e42c8a69,The Three Considerations of the Wise,,فإنّ خلالًا ثلاث العاقل حقيق بالنظر فيها والاحتيال لها بجهده منها النظر فيما مضى من الضرّ والنفع وأن يحترس من الضرّ الذي أصابه فيما سلف لئلّا يعود إليه ويلتمس النفع الذي مضى ويحتال لمعاودته,فإنّ ثلاث خصال الغافل حقيق بالظنّ فيها والاحتيال لها منها النظر فيما مضى من الضرّ والنفع ويحترس من المكروه لئلّا يؤوب إليه ويرفق في طلب مراجعته وما هو مقيم فيه من ذلك فيستوثق بما يوافقه ويترك ما يخالفه ومنها فيما ينتظر من الضرّ والنفع ثمّ طلب الموت والنجاة من ذلك,فإنّ خلالًا ثلاثًا للعاقل حقيق بالنظر فيهن والاحتيال لهنّ منهنّ النظر فيما مضى من الضرر والنفع فيحترس من الضرر الذي أصابه أن يعود إليه ويعمل المثل النفع الذي وصل إليه ويختال لاستتمامه,فإنّ المرء حقيق أن يتفكّر فيما مضى من الضرّ عليه والنفع له فيحترس من المكروه أن يعود عليه فليستوثق ممّا يوافقه ويهرب ممّا لا يوافقه من المحذور,,,فإنّ خصالًا ثلاثة العاقل حقيق بالنظر فيها والاحتيال لها منها النظر فيما مضى من الضرّ والنفع وأن يحترس من الضرر الذي أصابه فيما سلف لئلّا يعود إليه ويلتمس النفع فيما مضى ويحتال لمعاونه,فإنّ خلالًا ثلاثة العاقل حقيق بالنظر فيها والاحتيال لها منها النظر فيما مضى من الضرّ والنفع أن يحترس من الضرر الذي أصابه فيما مضى أن لا يعود إليه ويلتمس النفع الذي سلف ويحتال لمعاودته,,,
302,e1a2cc54-39c0-4146-a270-a6d473132d46,Managing the Present,,ومنها النظر فيما هو مقيم فيه من المنافع والمضارّ والاستباق لما ينفع والهرب مما يضرّ,,ومنهنّ النظر فيما هو مقيم عليه من المنافع والمضار فيعمل في اعتقاد [ذ] تلك المنافع والاستيثاق منها ولا يزول عنه الخروج من تلك المضار بجهده,,,,ومنها النظر فيما هو مقيم فيه من المنافع والمضارّ والاستيثاق ممّا ينفع والهرب ممّا يضرّ,ومنها النظر فيما هو مقيم عليه من المنافع والضرر والحفظ لما ينفع والهرب من ما يضرّ,,,
303,750e3fb3-d459-4ca4-b38c-be348f0e97b2,Anticipating the Future,,ومنها النظر في مستقبل الضرّ ما يرجو من [[مقبل]] النفع وما يتخوّف من مقبل الضرّ فيستقيم ما يرجو ويتوقّى ما يخاف بجهده,,ومنهنّ النظر في في مستقبل ما يرجوا من مقبل النفع وما يتخوّف من الضرّ ثمّ التأنّي لما يرجو لذلك والتوقّي لما يخاف منه,,,,ومنها النظر فيما ينتظر من الضرر والنفع ثمّ طلب المرجوّ والنجاة من الخوف,ومنها ... في منتظر النفع والضرّ وطلب المرجوّ والهرب من المخوف,,,
304,6b6bcaeb-6728-48ac-8907-fa68b5a42c79,Dimna Concludes the Bull Must Die,ولقد نظرت في أمري وما أرجو يعود إليّ من المنزلة التي غُلبت عليها فلم أجدْ ذلك بطريق من الاحتيال إلّا أن يفارق شتربة الحياة,وإنّي نظرت في الأمر الذي به أرجو أن تعود [به] منزلتي التي غلبت عليها لم أجد لذلك دواء إلّا الاحتيال لآكل العشب حتّى يفارق الثور الحياة,وإنّي لمّا نظرت في أمري ودبّرته لم أجد شيئًا أمثل لي من الاحتيال لشتربه حتّى يفارق الحياة,وإنّما نظرت في هذ الأمر الذي أرجو أن تعود به منزلتي التي كنت عليها ولن أجد في ذلك إلّا الاحتيال للثور حتّى يفارق الحياة,وإنّي لمّا نظرت أمري لم أجد شيئًا أهنأ من الاحتيال لأكل شتربة العشب حتّى يفارق الحياة,,,وإنّي لمّا نظرت في الأمر الذي به أرجو أن أعود إلى ما كنت عليه وما كنت فيه فلم أجد شيئًا إلّا الاحتيال بشتربة حتّى يفارق الحياة,وإنّي لمّا نظرت في الأمر الذي أرجو به أن يعود لي ما كنت عليه ممّا كنت فيه لم أجد لذلك إلّا الاحتيال لآكل العشب حتّى يفارق الحياة,,,
305,3e5c864a-536d-48b3-b07b-418f657b979c,Justifying the Bull's Death,وإنّي إن قدرت على ذلك عدت إلى حالتي التي كنت عليها عند الأسد ولعلّ يكون ذلك {لي} خيرًا عنده فإنّ إفراطه في محبّته خليق أن يشينه ويهجّنه عنده,فإنّه إن فارق الأسد عادت إليّ منزلتي ولعلّ ذلك يكون خيرًا للأسد فإن إفراط الأسد للثور خليق أن يشينه ويطعن عليه عامّة قرابته,وإنّي إن قدرت على ذلك عدّت على حالي الأوّل عند الأسد ولعلّ ذلك يكون خيرًا له لأنّ الأسد إذا فارق الثور عادت منزلتي عنده أفضل ما كانت عليه,فإنّ ذلك صلاح لأمري وعسى مع ذلك أن يكون خيرًا للأسد فإنّه قد أفرط في أمر الثور إفراطًا قد هجن رأيه واضطغن عليه عامّة قرائبه,فإنّي لو قدرت على ذلك صرت إلى حالي الأوّل عند الأسد ولعلّ ذلك يكون خيرًا له فإنّ فراستي فيه ذلك وأنا أعلم أنّ قرب الأسد من الثور ممّا يشينه وينقصه,,,فإنّه إن فارق الأسد عادت منزلتي ولعلّ ذلك يكون خيرًا للأسد فإنّ إفراطه في الثور خليق أن يشينه,فإنّه إن فارق الأسد عدت إلى منزلتي ولعلّ ذلك يكون خيرًا للأسد فإنّ إفراطه في الثور خليق أن يشينه,,,
306,6fd0ce8d-6907-4705-ae22-eba1b28bfbe9,Kalila's Disagreement,قال كليلة ما أرى على الأسد في مكان شتربة مضرّة ولا منفعة,قال كليلة ما أرى على الأسد من رأيه في الثور ومكانه ومنزلته عنده شينا ولا ضرًّا,فقال كليلة إنّي ما أرى على الأسد في مفارقة الثور مضرّة ولا منقصة,قال كليلة ما أرى على الأسد في مكان الثور منه وحسن منزلته عنده شنًّا ولا ضررًا,فقال كليلة ما أرى على الأسد في شتربة منقصة ولا مضرّة,,,قال كليلة ما رأى الأسد من رأيه في الثور شينًا ولا ضررًا,قال كليلة ما أرى على الأسد من الثور في رأيه بأسًا وضرًّا,,,
307,b062e444-e659-45f2-8b36-088ebe1b13ee,Dimna Argues for Harm,,,,قال دمنة إنّ الأسد قد أُغرم بالثور إغرامًا شديدًا حتّى استخفّ بغيره من نصحائه وقطع عليهم منافعه,,,,,,,,
308,809d3e0e-be10-4d24-be48-d490b15c4b31,The Six Causes of a Ruler's Downfall,فقال دمنة إنّ السلطان إنّما يُؤتى من قِبل الحرمان والهوى والفظاظة والزمان والخلف,قال دمنة بلى إنّما يُؤتى السلطان من قبل ستّة أشياء الحرمان والفتنة والهوى والفظاظة والزمان والخرق,قال دمنة إنّما يؤتى السلطان من قبل الحرمان والفتنة والهوى والفظاظة والزمان والخرق,وإنّما يؤتى السلطان من قبل ستّة أشياء منها الخرق والحرمان والفتنة واللهو والفظاظة والزمان,فقال دمنة إنّ السلطان إنما يُؤتى من قبل الحرمان والفتنة واللهو والفظاظة والزمان *والخرق,,,قال دمنة بلى إنّما يُؤتى السلطان من قبل ستّ خصال الحرمان والفتنة والهوى والفظاظة والزمان والخرق,قال دمنة بلى إنّما يُؤتى السلطان من قبل ستّة أشياء الحرمان والفتنة والهوى والفظاظة والزمان والخرق,,,
309,efaa5995-b909-42e2-99b3-d217cab89e6a,Explaining the Six Causes,فأمّا الحرمان فهو أن يفقد الملك الأعوان النصحاء وأمّا الهوى فالغرام بالنساء والحديث والصيد وما أشبه ذلك وأمّا الفظاظة فالإفراط في الشتم والضرب وأمّا الزمان فالقحط وفساد الثمرات وأمّا الخلف فالمعاملة بالشدّة موضع اللين والمعاملة بالرفق موضع الشدّة,فأمّا الحرمان فإنّه يُحرم الأعوان والنصحاء والساسة من أهل الرأي والنجدة والأمانة ويفقد بعض من هو كذلك وأمّا الفتنة فهو تحارب الناس وتوقّع الحرب بينهم وأمّا الهوى فالإغرام بالنساء وبالحديث وبالشراب وبالصيد وما أشبه ذلك وأمّا الفظاظة فإفراط الشدّة حتى يجمع اللسان بالشتم واليد بالبطش في غير موضعهما وأمّا الزمان فهو ما يصيب الناس من السنين والموت والغرق ونقص الثمرات وأشباه ذلك وأمّا الخرق فإعمال الشدّة في موضع اللين واللين في موضع الشدّة,فأمّا الحرمان فهو أن يفقد الإخوان والأعوان النصحاء والسادة النجباء وأمّا الفتنة فهي تحارب الناس بعضهم بعضًا ووقوع الاختلاف بينهم وأمّا الهوى فهو الإغرام بالنساء والحديث والشرب والإفراط في الشتم وأمّا الزمان فهو القحط والموت والنقص في الثمرات وأمّا الخرق فهو إعمال الشدّة في موضع اللين والرفق في موضع الغلظة,فأمّا الحرمان فإن يحرم صالح الأعوان والنصحاء والسياسة من أهل الرأي والنجدة والأمانة وتفقّد من هو كذلك منهم وأمّا الفتنة أن تتخرب الناس ووقوع الفتنة والحرب بينهم وأمّا الهوى والإغرام بالنساء والحديث والشراب أو بالصيد وما يشبه ذلك وأمّا الفظاظة فإفراط الحدّة حتّى يجتمع اللسان بالشمّ واليد بالبطش في غير موضعها وأمّا الزمان فهو ما يصيب الناس من الخير والشرّ والمؤونات والعرق ونقص الثمرات وأشباه ذلك وأمّا الخرق فأعمال الشدّة في وقت اللين واللين في موضع الشدّة,فأمّا الحرمان فهو أن يفقد الأعوان والنصحاء والسياسة والإنجاد وأمّا الفتنة فمحاربة الناس ووقوع الاختلاف فيما بينهم وأمّا اللهو والغرام بالنساء والحديث معهنّ والشرب والصيد وما أشبه ذلك وأمّا الفظاظة فالإفراط فيها والضرب والشتم وأمّا الزمان فالقمط والموت ونقص الثمرات وأمّا الخرق فإعمال الشدّة في موضع الغلظة,,,فأمّا الحرمان فإنّه يُحرم الأعوان والنصحاء والساسة من أهل الرأي والنجدة والأمانة ونفعه بعض من هو كذلك وأمّا الفتنة فتحرّب الناس ووقع الحرب بينهم وأمّا الهوى فالإغرام بالنّساء والحديث والشراب والصّيد وما أشبه ذلك وأمّا الفظاظة فإفراط الشدّة حتّى يجمح اللسان بالشتم واليد بالبطش في غير موضعها وأمّا الزمان فما يصيب الناس من القحط والموت ونقص الثمرات والشهوات والمؤنات والعرق وأشباه ذلك وأمّا الخرق فإعمال الشدّة في موضع اللين واللين في موضع الشدّة,فأمّا الحرمان فأن يُحرم الأعوان والنصحاء والسياسة من أهل الرأي والنجدة والأمانة وفَقْدُ من هو كذلك منهم ما كان عليه وأمّا الفتنة فهو تحازب الناس ووقوع الحرب بينهم وأمّا الهوى فالإغرام بالنّساء أو بالحديث أو بالشراب أو بالصيد وما أشبه ذلك وأمّا الفظاظة فإفراط الشدّة وفحش اللسان بالشتم واليد بالبطش في غير موضعها وأمّا الزمان فهو ما يصيب الناس من السنين من المؤنات ونقص الثمرات وأشباه ذلك وأمّا الخرق فإعمال الشدّة في موضع اللين واللين في موضع الشدّة,,,
310,880fd685-7aeb-4a52-8dd5-e85b5a59daaa,The Lion's Dangerous Infatuation,وإنّ الأسد قد علق بشتربة علوقًا عظيمًا وهو خليق أن يزرأ به,وإنّ الأسد قد أغرم بالثور إغرامًا شديدًا فهو الذي ذكرت أنّه خليق أن يضرّه ويشينه,وإنّ الأسد قد أعجب بالثور إعجابًا شديدًا وشغله عن تدبير الأمور وعن النظر في أمور الرعيّة,,وإنّ الأسد قد أكرم شتربة إكرامًا هو خليق أن يزار به,,,وأمّا الأسد قد أغرم إغرامًا شديدًا وهو الذي ذكرت لك أنّه خليق أن يشينه,وإنّ الأسد قد أغرم بالثور غرامًا شديدًا,,,
311,0e7ae2ff-ac9c-4f31-8f08-c4b822e2c624,Kalila Questions Dimna's Plan,قال كليلة وكيف تطيق شتربة وهو أخصّ منك منزلة وأكثر أعوانًا وأصدقاء,قال كليلة وكيف تطيق الثور وهو أشدّ منك رأيًا وأكرم على الأسد وأكثر أصدقاء وأعوانًا,قال كليلة وكيف تطيق شتربه وهو اليوم أكرم منك عنده وأحسن منزلة وأكثر أعوانًا على ذلك لميل الأسد إليه,قال كليلة وكيف تطيق الثور وهو أشدّ منك بأسًا وأكثر صديقًا وأعوانًا,فقال كليلة كيف تطيق شتربة وهو أشدّ منك وأحسن منزلة,,,قال كليلة وكيف تطيق الثور وهو أشدّ منك وأكرم على الأسد وأكثر أصدقاء وأعوانًا,قال كليلة وكيف تطيق الثور وهو أشدّ منك وأكرم على الأسد وأكثر صديقًا وأعوانًا,,,
312,9fac4922-cddd-49d8-9808-80719f96eee1,Cunning Over Strength,فقال له دمنة لا تنظرْ إلى ذلك فإنّ الأمور ليست بالقوّة فرُبّ ضعيف قد بلغ بدهائه وحيلته وأدبه ما يعجز عنه كثير من الأشدّاء الأقوياء,قال دمنة لا تنظر إلى صغري فإنّ الأمور ليست تجري على القوّة والضعف فكم من صغير ضعيف قد بلغ بدهائه ورأيه وحيله ما يعجز عنه كثير من الأقوياء والأشدّاء,قال دمنة يا أخي لا تنظر إلى ذلك فإنّ الأمور ليست بالقوّة ولا بالشدّة وربّ صغير ضعيف قد عمل بدهائه ورأيه ما يعجز عنه كثير من الأشدّاء الأقوياء,قال دمنة لا تنظرنّ إلى صغري وضعفي فإنّ الأمور ليست تجري على القوّة والشدّة والضعف كم ضعيف صغير قد بلغ الأشياء الأشدّاء,قال دمنة لا تنظر إلى ذلك فإنّ الأمور ليست بالقوّة وربّ ضعيف قد فعل به هقنه ورأيه ما يعجز عنه كثير من الأشدّاء,,,قال دمنة لا تنظر إلى صغري وضعفي فإنّ الأمور ليست بالعظم والشدّة وربّ صغير ضعيف قد عمل بدهائه ورأيه وحيلته العمل الذي يعجز عنه كثير من الأقوياء الأشدّاء,قال دمنة لا تنظر إلى ضعفي وصغري فإنّ الأمور ليست بالعظم والشدّة وربّ صغير ضعيف قد عمل بذهنه وأربه وحيلته ما يعجز عنه كثير من الأقوياء الأشدّاء,,,
313,2d281805-fe52-4e7d-a350-33c052aae58a,The Crow and the Snake Parable,أولم يبلغْك أنّ غرابًا أهلك أسودًا,ألم يبلغك أنّ غرابًا احتال على الأسود حتّى قتله,أو لم يبلغك أنّ غرابًا كان له وكر في شجرة وأسود قربه وأنّه احتال للأسود حتّى قتله واستراح منه,أو لم يبلغك أنّ غرابًا احتال لأسود حتّى قتله برقعه ورأيه,أولم يبلغك أنّ غرابًا قتل الأسود بحيلة من دهائه,,,أو لم يبلغك أنّ غرابًا صغيرًاضعيفًا احتال للأسد حتّى قتله,أولم يبلغك أنّ غرابًا ضعيفًا احتال للأسود حتّى قتله,,,
314,be7a187f-5059-46b9-b425-a64ca7ca1ab1,Kalila Asks for the Story,قال له كليلة وكيف كان ذلك,قال كليلة وكيف كان ذلك,قال كليلة وكيف كان ذلك,قال كليلة وكيف كان ذلك,فقال كليلة وكيف ذلك,,,قال كليلة وكيف كان ذلك,قال كليلة وكيف كان ذلك,,,
315,ee5c4f01-e70f-423f-a7be-4cb198463e93,The Crow's Predicament,قال دمنة ذكروا أنّ غرابًا كان له وكر في جبل وكان بقربه أسود سالح في جحر فكلّما فرّخ ذلك الغراب أكل الأسود فراخه,قال دمنة زعموا أنّ غرابًا كان له وكر في شجرة في جبل وكان قربه جحر فيه أسود فكان إذا فرّخ الغراب ذهب الأسود إلى وكره فأخذ فراخه فأكلها,قال دمنة زعموا أنّه كان غراب وكان له وكرٌ في شجرة وكان جبلًا في قربها فيه حجر أسود وكان كلّما فرخ الغراب خرج إليه فأكل فراخه,قال دمنة زعموا أنّ غرابًا كان له وكر في شجرة في الجبل فكان إذا فرّخ الغراب كلّ سنة ذهب الأسود بفراخه إلى وكره فأكل فراخه,فقال زعموا أنّه كان غراب له وكر في شجرة في جبل قربها جحر أسود فكان كلما فرّخ الغراب أكل الأسود أفراخه فاشتدّ ذلك عليه,,,قال دمنة زعموا أنّه كان وكر غراب في شجرة في جبل وكان قربه جحرًا للأسود وكان إذا فرّخ الغراب عمد الأسود إلى فراخه,قال دمنة كان غراب في شجرة في الجبل وكان قربه جحر أسود وكان إذا فرّخ الغراب كلّ سنة ذهب الأسود إلى فراخه فأكلها في وكره,,قال كليلة زعموا أنّ كان غراب له وكر في شجرة في جبل وكان فوقه جحر أسود فكان كلّما أفرخ الغراب أكل الأسود فراخه,
316,5c140519-6219-4491-8efc-cf779e46ffd3,The Crow Seeks Counsel,فاشتدّ عليه ذلك فشكا إلى صديق له من بنات آوى وقال له إنّي أريد أن أمضي إلى الأسود فأنقر عينيه وهو نائم فلعلّي أن أفقأهما,فلمّا فعل ذلك مرّات وبلغ من الغراب كلّ مبلغ شكا ذلك إلى صديق له من بنات آوى فقال أردت أن أستأمرك في شيء هممت به إن أنت واطأتني عليه قال وما ذلك قال أريد أن آتي الأسود وهو نائم فأنقر عينيه لعلّي أفقأهما,فاشتدّ ذلك عليه وبلغ منه مبلغًا عظيمًا فشكى ذلك إلى صديق له من بنات آوى وقال له إنّي أريد أن أذهب إليه فأنقر عينيه إن أنت طاوعتني عليه,فلمّا فعل ذلك مرّات وبلغ من الغراب كلّ مبلغ شكّي ذلك إلى صديق له من بنات آوى وقال إنّي أستشيرك في شيء هممت به فإن رأيته فواطئني عليه فقال وما هو قال إنّي أريد أن آتي الأسود فأنقر عينه وهو نائم فأفقأها,فشكا أمره إلى صديقه من بنات آوى وقال إنّي أريد أذهب إلى الأسود فأنقر عينيه لعلّي أفقرهما إن أنت طاوعتني على ذلك,,,فلمّا فعل ذلك مرارًا شقّ على الغراب وبلغ منه مبلغًا فشكا ذلك إلى صديق له من بنات آوى وقال له أردت أن أستشيرك في شيء هممت به إن أنت أوطأتني عليه فعلت قال وما ذلك قال هممت أن أذهب إلى هذا الأسود وهو نائم فأنقر عينيه لعلّي أن أقتلعهما,فلمّا فعل ذلك مرّات شكا إلى صديق له من بنات آوى وقال أردت أن أستشيرك وأستأذنك في أمر هممت به إن رأيته لي ووافقتني عليه قال وما ذلك قال أذهب إلى هذا الأسود وهو نائم فأنقر عينيه حتّى أفقأهما,,فاشتدّ ذلك عليه فشكاه إلى صديق له من بنات آوى وقال له إنّي أريد أن أمضي إلى الأسود فأنقر عينيه وهو نائم فلعلّي أفقأها إن أنت أوطأتني على ذلك,
317,8f913000-1d35-4859-b77f-2dcac41a580e,The Jackal's Warning,فقال له صديقه بئست الحيلة التي هممت بها فالتمسْ أمرًا تصيب فيه نجاحك ولا يصلْ إليك منه مكروه,قال ابن آوى ليست الحيلة هذه والتمس حيلة تظفر بها من الأسود في غير الهلاك لنفسك بغير مخاطرة,فقال له صديقه بئس الحيلة التي هممت بها فإنّ هذا خطر لا فائدة فيه التمس أمرًا تصب منه حاجتك فلا يصل إليك منه مكروه,قال ابن آوى بئس الحيلة احتلت فالتمس حيلة تظفر بها من الأسود في غير إهلاك لنفسك ولا مخاطرة,فقال له بئس الرأي رأيت فدع هذا والتمس أمرًا تصيب به حاجتك ولا يصل إليك مكروه,,,قال ابن آوى بئس الحيلة احتلت التمس أمرًا تصيب فيه ما أصبت في غير إهلاك لنفسك ولا مخاطرة بها,قال ابن آوى بئست الحيلة احتلت فالتمس أمرًا تصيب فيه ما تصيب من الأسود من غير إهلاكك لنفسك ولا مخاطرة,,فقال له صديقه ليست الحيلة التي هممت بها فالتمس أمرًا تصب به حاجتك ولا يصل مكروه إليك,
318,324523bb-98f8-471a-911d-711bb0793c09,The Heron and the Crab Parable,وإيّاك أن يكون مثلك مثل العلجوم أي البجاع الذي أراد قتل السرطان ...,وإيّاك أن يكون مثلك مثل المكّاء الذي أراد قتل السرطان فقتل نفسه,وإيّاك أن يكون مثلك في ذلك مثل العلجوم الذي أراد قتل السرطان فأهلك نفسه ولم يظفر به,وإيّاك أن يكون مثلك مثل المكّاء الذي أراد قتل السرطان فقتل نفسه,وإياّك أن يكون مثلك مثل العجلوم الذي أراد قتل السرطان فقتل نفسه,,,وإيّاك أن يكون مثلك مثل العلجوم الذي أراد قتل السرطان فقتل نفسه,وإيّاك أن تكون مثل العلجوم الذي أراد قتل السرطان فقتل نفسه,,وإيّاك أن يكون مثلك مثل العلجوم الذي أراد قتل السرطان فأهلك نفسه,
319,5ec16e8f-9e6a-4598-acda-9c73ef87a6e3,The Crow Asks for the Story,,قال الغراب وكيف كان ذلك,قال له الغراب وكيف كان ذلك,قال الغراب فكيف كان ذلك,فقال وكيف كان ذلك,,,قال الغراب وكيف كان ذلك,قال الغراب وكيف كان ذلك,,قال الغراب وكيف كان ذلك,
320,e7e700a4-607e-4fd3-b5ce-1be177d66807,The Old Heron's Dilemma,,قال ابن آوى كان المكّاء معشعشًا في أجمة مخصبة كثيرة السمك فعاش هنالك ما عاش ثمّ هرم فلم يستطع صيدًا فأصابه جهد وجوع,قال زعموا أنّ علجومًا كان يعيش في [[شجرة]] أجمّةٍ كثيرة السمك واسعة كثيرة الخير فعاش فيها ما شاء الله تعالى ثمّ إنّه هرم وضعف عن صيدهم فأصابه الجوع والجهد الشديد,قال ابن آوى كان المكّاء الذي أراد قتل السرطان معشّشًا في أجمة مخصّبة كثيرة السمك فعاش هنالك ما عاش ثمّ هرم فلم يستطيع الصيد فأصابه جوع شديد وجهد,قال كان عجلوم في أجمة متعيّش وفيها سمك كثير فهرم وضعف ولم يقدر على صيد السمك,,,قال ابن آوى كان علجومًا معشّشًا في أجمة مخصبة كثيرة السمك فعاش هنالك ما عاش ثمّ هرم ولم يستطع الصيد وأصابه جوع وجهد,قال ابن آوى كان علجوم متعشّشًا في أجمة مخصبة كثيرة السمك فلمّا هرم لم يستطع الصيدالسمك,,قال ابن آوى زعموا أنّ علجومًا كان معشّشًا في أجمة مخصبة كثيرة السمك فهرم وكبر فلم يستطع الصيد وجاع,
321,4020978d-be20-4719-a5b1-187162a29c01,The Crab Approaches the Heron,,فالتمس الحيل فقعد {متحزّنًا} ذات يوم فرآه السرطان من بعيد فلمّا رأى حاله وعرف الحزن فيه دنا منه,فالتمس الحيلة لهنّ واهتمّ لذلك فصعد فوق الجبل فرآه سرطان فعرف ما به,فالتمس الجبل فرآه سرطانًا من بعيد فدنا منه,فالتمس الحيلة وتحازن واهتمّ فأتاه السرطان,,,فالتمس الحيل فقعد متحاديًا فرآه السرطان من بعيد فلمّا رأى حاله وضرّه دنا منه,فأصابته كآبة وحزن فقعد متحزّنًا فرآه سرطان فعرف الحزن في وجهه فدنا منه,,فالتمس الحيلة لهنّ فتحازن واغتمّ,
322,8eb0180f-0e7d-4312-b3e8-a8eb8ebea6b4,The Crab's Inquiry,,وقال إنّي أراك قد علتك كآبة,فأتى إليه وقال ما شأنك ومالي أراك كئيبًا حزينًا,فقال له مالي أراك قد علّتك كآبة,فقال ما لي أراك حزينًا مهمومًا,,,وقال ما لي أراك مكتئبًا حزينًا,وقال له أراك قد علتك كآبة,,فرآه سرطان من بعيد فعرف ما به فأتاه وقال له ما شأنك مهمومًا مكتئبًا,
323,43510d9a-7fe0-4ec3-99c6-507bc1e78cb0,The Heron Explains His Sadness,,قال المكّاء وكيف لا تعلوني كآبة وإنّما كانت معيشتي إلى اليوم أنّي كنت أصيد ممّا هاهنا في اليوم سمكة أو سمكتين فكنت أعيش بذلك وكان ذلك لا ينقص السمك شيئًا,قال له العلجوم [[ف]] وما يبعد ذاك عنّي فإنّي كانت معيشتي إنّي كنت أصيد ممّا هنا في كلّ يوم,قال المكّاء وكيف لا أكون كذلك وإنّما كانت معيشتي إلى اليوم ممّا كنت أصيد ممّا ها هنا من السمك كلّ يوم سمكة وسمكتين فكنت أعيش بذلك وكان ذلك لا ينقص السمك لأنّه كان كثيرًا,فقال أوما يغني ذلك عنّي وإنّما كانت معيشتي من السمك,,,فقال العلجوم وكيف لا أكتئب وإنّما كانت معيشتي إلى اليوم أنّني كنت أصيد ما ها هنا في اليوم السمكة والسمكتين وكان ينعشني ذلك ولا ينقصهنّ لكثرتهنّ,قال العلجوم وكيف لا تعلوني كآبة وإنّما كانت معيشتي إلى اليوم أنّي كنت أصيد من ها هنا سمكًا كثيرًا,,فقال ما بعد هذا حياة وإنّما كا [[ن]] نت معيشتي من السمك,
324,b369bc67-3f80-4dc8-877b-dbc7c23f985f,The Heron's Tale of Fishermen,,وإنّي رأيت اليوم صيّادان أتيا هذا المكان فقال أحدهما لصاحبه أرى هاهنا سمكًا كثيرًا أفلا نصيدهنّ فقال صاحبه إنّي قد عرفت فيما أمامنا مكانًا فيه سمك والرأي أن نبدأ بما ثمّ فإذا فرغنا منه انصرفنا إلى ما هاهنا,فلمّا كان اليوم رأيت صيّادين أتيا مكاننا هذا فقال أحدهما للآخر ألا نضرب على ما فيه من السمك قال له الآخر بل نمضي ثمّ نرجع إليهنّ ففعل ذلك بهنّ,وإني رأيت اليوم صيّادين أتيا هذا الموضع فقال أحدهما لصاحبه أرى ها هنا سمكًا كثيرًا أفلا نصيده بمرّه فقال صاحبه إنّي عرفت فيما أمامنا مكانًا فيه السمك أكثر فإن أحببت أن نبدأ به فإذا فزعنا انصرفنا إلى ما ها هنا فأقمنا عليه حتّى نفرغ منه,فلمّا كان اليوم رأيت صيّادين أتيا مكاننا هذا فقال أحدهما ألا تضرب على ما فيه من السمك مرّة واحدة فقال الآخر بل نمضي ونرجع إليهنّ ففعل ذلك,,,وإنّي رأيت اليوم صيّادين انتهيا إلى هذا المكان فقال أحدهما لصاحبه إنّ ها هنا سمكًا كثيرًا أفلا نصيده أوّلًا فأوّلًا فقال له إنّني قد رأيت أمامنا بمكان كذا وكذا سمكًا أكثر منه فلو قد فرغنا من هذا أقبلنا إلى ما ها هنا,وقد رأيت اليوم صيّادين أتيا هذا المكان فقال أحدهما لصاحبه أرى ها هنا سمكًا كثيرًا أفلا نصيده بمرّة واحدة فقال له صاحبه إنّي قد أعرف أمامنا مكانًا فيه سمك فإنّي أحبّ أن نبدأ به فإذا فرغنا منه أقبلنا إلى ها هنا,,فلمّا كان اليوم رأيت صيّادين مكاننا هذا فقال أحدهما لصاحبه ألا تضرب على ما ها هنا من السمك فقال له الآخر بل امض بنا إلى مكان قد عرفته وفيه سمك كثير فنبدأ به ثمّ نقبل إلى ها هنا فنفرغ منه,
325,dd6b9342-83cc-4fa8-9d65-0e2d35ab563d,The Feared Consequence,,وقد علمت أنّهما لو قد فرغا ممّا توجّها إليه انصرفا إلينا فلم يدعا في هذه الأجمة سمكة إلّا صاداها فإذا كان ذلك فهو يضرّني,فأنا أعرف وأتيقّن أنّهما لو قد فرغا من يومها له انصرفا إلى هذا المكان فلم يتركا منهنّ شيئًا فيكون في ذلك هلاكي وانقطاع مدّتي,وقد علمت أنّهما لو رجعا ممّا توجّها له انصرفا إلينا فلم يدعا في هذه الأجمة سمكة إلّا صاداها فإذا كان ذلك كذلك فهو موتي,وأنا أعلم أنّهما لو قد فرغا من الذي توجّها له انصرفا فلم يدعا سمكة واحدة وفي ذلك هلاكي وانقطاع مادّتي,,,وقد علمت أنّه لو قد فرغنا ممّا قد توجّها إليه انصرفا فلم يدعا في هذه الأجمّة سمكةً إلّا صادوها فإذا كان كذلك فهو موتي وذهاب معاشي,فقد علمت أنّهما إذا فرغا ممّا توجّها إليه قصدا هذه الأجمّة فلم يدعا فيها سمكة إلّا صاداها فإذا كان ذلك كذلك فهو موتي,,وأنا أعلم لو أنّهما قد فرغا ممّا توجّها إليه لم يبق منهنّ سمكة إلّا اصطاداها وذهبا بها وفي ذلك هلاكي وانقطاع مدّتي,
326,9ac6f9d1-0faa-4d66-8bff-831731da1ed6,The Crab Warns the Fish,,فانطلق السرطان إلى جماعة السمك فأخبرهنّ الخبر,قال فانطلق السرطان إلى جماعة السمك وأخبرهنّ بذلك,فانطلق السرطان إلى جماعة من السمك فأخبرهنّ,قال فانطلق السرطان إلى جماعة الحيتان فأخبرهنّ بقصّة العجلوم,,,فانطلق السرطان إلى جماعة السمك فأخبرهم بذلك,فانطلق السرطان إلى جماعة السمك فأخبرهنّ بذلك,,فانطلق السرطان إلى جميع السمك فأخبرهنّ بذلك,
327,77a4f1fd-b9d3-4478-86cb-275ed0c996fe,The Fish Seek Counsel,,فأقبلن إلى المكّاء فاستشرنه,فأتوا جميعًا إلى العلجوم,فأقبلن إلى المكاء يستشرنه,فأقبلن إليه وقلن له إنّا أتيناك لنشير عليك بما فيه صلاح ونجاة من الهلكة وإنّ صلاحك بنا أهون علينا من هلاكنا كلّنا فاحتل إلى خلاصنا من هذا الموضع إلى غيره فإنّ العاقل لا يدع مماكن عدوّه إذا كان ذا رأي في الأمور التي هو أخبر بها وليس لنا بالصيّاد من قوّة ولا طاقة فاحتل ببعض حيلك,,,فأقبلن إلى العلجوم مستبشرين له,فأقبلن إلى العلجوم,,فأقبل جماعة السمك إلى العلجوم,
328,8a152b84-839a-4812-9d54-547ce512e04d,A Plea for Advice,,وقلن إنّا أتيناك لتشير علينا فإنّ ذي العقل لا يدع استشارة عدوّه ذي الرأي في الأمر الذي يشركه في ضرّه ونفعه وأنت ذو الرأي ولك في بقائنا صلاح فأشر علينا,وقلن له إنّا قد أتيناك لتشير علينا برأيك فإنّ العاقل لا يدع مشاورة عدوّه إذا كان ذا رأي في الأمر الذي يلبس عليه,وقلن له إنّا جئناك نستشيرك فأشر علين فإنّ ذا العقل لا يدع مشاورة عدوّه إذا كان أراد في الأمر الذي يشتركان فيه نفعه وأنت ذو رأي ولك في بقائنا صلاحًا فأشر علينا,فقال قد عرفت مكانًا فيه ماء كثير وعشب غزير فقلن فانقلنا إليه,,,وقلن له إنّما أتيناك لتشير علينا فإنّ ذا العقل لا يدع استشارة عدوّه إذا كان ذا رأي في الأمور الذي يشركه في ضرّه ونفعه وأنت ذو رأي ولك في بقائنا صلاح فأشر علينا برأيك,يستشيرونه وقلن له أتيناك لتشير علينا فإنّ ذا العقل لا يدع استشارة عدوّه إذا كان ذا رأي في الأمر الذي تشركه فيه وأنت ذو رأي ولك في بقائنا صلاح فأشر علينا برأيك,,وقلن له أتيناك تشر علينا برأيك فإنّ العاقل لا يدع مشاورة عدوّه إذا كان ذا رأي في الأمر الذي يستعينه عليه ولك في بقائنا نفع وصلاح فأشر علينا برأيك,
329,89b07c0a-a788-45d0-b0a7-584e56d9e39b,The Heron's Deceptive Offer,,فقال أمّا مكايدة الصيّاد وقتاله فلا نطيقه ولا أعلم حيلة إلّا أنّي قد علمت بمكان غدير كثير الماء طيّب وفيه قصب وخصب فإن استطعتنّ التحوّل إلى ذلك المكان ففيه صلاحكنّ وخصبكنّ,فقال لهم العلجوم أمّا مكابرتهما فلسنا نقدر على شيء من ذلك لكنّي أعلم حيلة أعملها تكون فيها نجاتكم ونجاتي معكم قالوا وما ذاك قال لهم قد علمتم غدير كثير الماء واسع الفناء وبه خصب ونبات وخضرة فإن قدرتم على الانتقال إلى ذلك الغدير كان في ذلك صلاحكم,قال المكاء أمّا قتال الصيّاد ومكايدته فليس عندي ولا أعلم حيلة إلّا أنّي قد علمت,فقال وما عييت أن أقدر أن أحمل منكنّ أكثر من ثلاثة قلن فليس نبالي,,,قال العلجوم أمّا مكابرة الصيّاد وقتاله فليس عندنا ولا أعلم حيلة إلّا أنّني أعلم مكان †عيش كثير الماء طيّب فيه قصب وخير ورزق فلو شئتنّ الانتقال إلى ذلك الغدير كان فيه صلاحكنّ وخصبكنّ,قال العلجوم أمّا مكابرة الصيّاد وقتاله فلا أراه وليس ذلك عندنا ولا أعلم لكم حيلة إلّا أنّي قد علمت مكان غدير فيه قصب وماء كثير فلو استطعتنّ النقلة إلى ذلك الغدير كان فيه صلاحكنّ وخصبكنّ,,فقال لهنّ أمّا مكابرة الصيّادين فلسنا نطيقهما ولكن قد علمت مكانًا ذا عزلة وهو غدير كثير الماء والخير فإنّ شئتنّ فأنطلق بكنّ إليه,
330,c617afc9-cb27-4332-8856-8a1c3fb976de,The Fish Ask for Help,,قلن فمن يمنّ علينا بهذا غيرك,قالوا له فمنّ علينا بذلك وعجّل لنا به,,فكان يأخذ منهنّ كلّ يوم ثلاثة فيأكلهنّ على تلّ من التلال,,,فقلن ومن يمنّ علينا بهذا غيرك,قلن ومن يفخر يتفضّل بهذا علينا غيرك,,فقلن له ومن يمنّ علينا بذلك غيرك,
331,5f7f5479-004b-4bd1-bc34-e586f3e4732c,The Heron's Promise,,قال إنّي أفعل,قال لهم أنا فاعل لكم ذلك ولعلّ الصيّادين يحتبسون عنّا يسيرًا حتّى نفرغ من النقلة,,ثمّ إنّ السرطان قال له إنّي قد أشفقت ممّا كنت حذّرتنا منه فانقلني,,,قال العلجوم تجئنني كلّ يوم سمكتين أو ثلاثة أحملهنّ إلى ذلك الغدير,فجعل العلجوم,,فقال أفعل بكنّ,
332,4a51a4c4-1764-418c-92e7-d99bf30576bd,The Fish Agree,,,,,حتّى إذا دنا من التلّ نظر فإذا عظام الحيتان فعلم أنّه أكلها وخاف أن يفعل ذلك به,,,فأجبنه إلى ذلك,,,,
333,0be1ab9e-9ab1-497e-801d-5c60b01cca61,The Heron's Treachery,,ثمّ إنّ المكّاء كان يحمل في كلّ يوم سمكتين فينطلق بها إلى بعض التلال فيأكلهما ولا يشعر بذلك بقيّتهنّ,ثمّ إنّ العلجوم كان يحمل كلّ يوم سمكتان فينطلق بهما إلى بعض التلال الخالية فيأكلها ثمّ يعود فيحمل غيرها والسمك لم يشعر بذلك ويظنّوا أنّ المحمول منهم يُمضى بهم إلى الغدير الذي ذكره لهم,,فقال إذا لقي اللاقي عدوّه في المواضع التي يعلم أنّه قادر عليه فيها فهو حقيق قاتله ولم يقاتل أن يقاتل,,,فكان يحمل كلّ يوم سمكتين أو ثلاثة فينطلق بهم إلى بعض التلال فيأكلهنّ,يحمل في كلّ يوم سمكتين فينطلق بهما إلى بعض التلال فيأكلهنّ,,فجعل يحمل في كلّ يوم منهنّ سمكتين فينطلق بهما إلى بعض التلال فيأكلها,
334,e18ca77d-17ae-453a-9737-f93658881a9b,The Deception Continues,,,قال فأقام العلجوم على ذلك مدّة طويلة وبقيّة السمك لم يدرون ما يُفعل بأصحابهم,,ثمّ أهوى بكلّيّته إلى عنق العجلوم فغمز عليه غمزة شديدة قتله لوقته فيها ورجع إلى السمك أخبرهنّ بما صار وإنّما,,,,,,,
335,ee354393-d2a3-4779-b9ce-ce4babe85ac9,The Crab's Request,,حتّى إذا كان ذات يوم جاءه السرطان فقال إنّي قد أشفقت من مكاني هذا فاذهب بي إلى ذلك الماء,فلمّا كان ذات يوم جاءه السرطان وقال له إنّي ضاق ذرعي من هذا الموضع وأنا اشتهي أن تحملني عندك,,ضربت لك هذا المثل لتعلم أنّ الحيلة إذا لم تُحكم كانت ضررًا على صاحبها ولكن,,,حتّى أن كان ذات يوم جاءه السرطان وقال له وأنا أيضًا قد أشفقت من مكاني هذا فاذهب بي,حتّى إذا كان ذات يوم جاءه السرطان فقال وأنا أيضًا قد أشفقت من مكاني هذا فاذهب بي إلى ذلك المكان,,فلمّا كان ذات يوم أتاه السرطان فقال إنّي أشفقت من مكاني هذا فلو ذهبت بي في معمق,
336,17ff3863-260e-487b-9eee-59c5c581ab5c,The Crab Discovers the Truth,,فحمل السرطان وجاء مشرفًا جاعلًا له حصّة يومه حتّى إذا دنا من التلّ الذي كان يأكل عليه السمك نظر السرطان فرأى عظام السمك مجموعة هنالك فعرف أنّ المكّاء صاحبها وأنّه يريد به مثلها,قال فحمل العلجوم حتّى إذا دنا من التلّ نظر إلى عظام السمك قد صار كوم عظيم,,,,,فحمله العلجوم حتّى إذا دنا من التلّ نظر السرطان فرأى عظام السمك مجموعة على ذلك التلّ عرف أنّ العلجوم يريد يعمله مثلهم,فحمل السرطان مسرورًا على خصب يومه حتّى إذا دنا من التلّ نظر إلى عظام السمك مجموعة على ذلك التلّ فعرف أنّ العلجوم هو صاحبها وأنّه يريد به مثلها,,فقال نعم فاحتمله حتّى إذا دنا من المكان الذي كان يأكلهنّ فيه نظر السرطان إلى عظام السمك مجموعة فعلم أنّه صاحبها وأنّه يريد به مثل ذلك,
337,bfdec478-ac35-466d-8991-711777e2d07c,The Crab's Resolve,,فقال في نفسه إذا لقي الملاقي عدوّه في المواطن الذي يعلم أنّه هالك فيها إن قاتل أو لم يقاتل,فقال السرطان في نفسه إنّ العلجوم قد غدرهنّ فأكلهنّ كلهنّ وهو يرى أن يفعل بي مثل ذلك,,,,,,فقال إذا لقي اللاتي عدوّه في المواطن التي يعلم أنّه هالك فيها إن قاتل وإن لم يقاتل فهو حقيق أن يقاتل كرمًا وحفاظًا,,فقال في نفسه ينبغي إذا لقي المرء عدوّه في المواضع التي يناله فيها أن يقاتل كرمًا وحفظًا,
338,6335d8d1-4058-4316-830c-224404a04dd2,The Necessity of Fighting,,فهو حقيق أن يقاتل كرمًا وحفاظًا,ثمّ إنّه فكّر وقال إذا لقي المرء عدوّه في المواطن التي يعلم أنّه هالكًا فيها فهو حقيق أن لا يمكنّه من نفسه حتّى يقاتله القتال الشديد,,,,,,,,,
339,ba9bfce6-bfb3-416b-bc37-4c6e3faae3ad,The Heron is Killed,,فأهوى بكلبتيه إلى عنق المكّاء فعصره عصرة وقع منها إلى الأرض ووقع السرطان معه فمات المكّاء ورجع السرطان إلى السمك فأخبرهنّ,قال وترك السرطان يطلبه حتّى وصل إلى عنق العلجوم فعصره فوقع في الأرض ميّتًا من ساعته ورجع إلى السمك فأخبرهنّ بذلك,,,,,فأهوى بكليّته إلى عنق العلجوم ثمّ عصره عصرة مات منها العلجوم ووقع عنه السرطان فمضى إلى موضعه وأخبر السمك بذلك وإنّما ضربت لك هذا المثل لتعلم أنّ بعض الحيل مهلكة للمحتال,فأهوى بكلبتيه إلى عنق العلجوم فعصره عصرة مات منها ووقع عنه السرطان ومضى إلى السمك المتخلّف فأخبرهنّ قال,,ثمّ إنّه أهوى بكلاليبه إلى عنق العلجوم فعصره حتّى مات,
340,b9f64b62-0424-42d6-830b-efa6ad794cbd,The Moral: A Trickster's Downfall,,فقال ابن آوى وإنّما ضربت لك هذا المثل لتعلم أنّ بعض الحيل مهلكة للمحتال ولكنّي أدلّك على أمر إن قدرت عليه كان فيه هلاك الأسود,وإنّما ضربت لك هذا المثل لتعلم أنّ بعض الجهل مهلكة للمحتال,,,,,وإنّي أدلّك على أمر إن قدرت عليه كان فيه هلاك الأسود,ابن آوى إنّما ضربت لك هذا المثل لتعلم أنّ بعض الحيلة مهلكة للمحتال ولكنّي أدلّك على أمر إن فعلت ذلك وقدرت عليه كان فيه هلاك الأسود,,وإنّما ضربت لك هذا المثل لتعلم أنّ بعض الحيل مدمّرة على صاحبها,
341,d1a885db-b337-4d1a-8a4f-2159bcd229fc,The Crow Asks for the Plan,,قال وما ذلك,,,,,,قال وما ذلك,قال وما ذلك,,,
342,a607fab9-540f-424a-a971-86b0f1bc3c2e,The Jackal's Plan,,قال تنطلق محلّقًا فتنظر لعلّك تظفر بحليّ من حليّ النساء نفيس عندهنّ فتخطفها ثمّ تطير قريبًا فلا تبرح واقعًا وطائرًا حيث لا تفوت العيون ويطلبك الناس حتّى تنتهي بالحليّ إلى جحر الأسود فترمي بها عنده فإذا انتهى الناس إلى الحليّ أخذوا حليّهم وأراحوك من الأسود,ولكن التمـ انطلق فالتمس حليّا فإذا ظفرت به فاختطفه ثمّ طر به حيث لا تفوتهم فإنّهم يطلبونك ثمّ انحطّ إلى الأرض قليلًا وارتفع أخرى فإذا رأيت الناس يتبعونك فاطرحه في حجر الأسود وارمي به عليه فإنّهم يقتلونه ويريحوك منه,,انطلق فالتمس حليًا فإن ظفرت به فاختطفه وأصحابه ينظرون إليك ثمّ طر ولا تتوارى عنهم فيقفوا أثرك ولكن ترفّق رويدًا حتّى يتبعونك ثمّ تأتي به إلى جحر الأسود فتلقيه فإنّهم يحفرون عليه فيخرج عليهم فيقتلونه ويريحونك منه وأنت آمن ففعل,,,قال تنطلق محلّقًا تبتغي وتنظر لعلّك *تظفر بحليّ من حليّ النساء نفيسًا له محلّ عندهم فتخطفه ثمّ تطير به ولا تبرح واقعًا طائرًا حيث لا تفوت العيون وتطلبك الناس حيث تأتي بالحليّ إلى جحر الأسود فترمي به عنده فإذا انتهى الناس إليه أخذوا حليّهم وأراحوك من الأسود,قال أرى لك أن تنطلق محلّقًا تبتغي وتنظر لعلّك تظفر بحليّ من بعض النساء نفيس عندهم فتختطفه وتطير به قريبًا ولا تبرح واقعًا وطائرًا حيث لا تفوت من الأعين وتطلبك الناس حتّى تأتي جحر الأسود فترمي بالحليّ عليه فإذا انتهى الناس إليه أخذوا حليّهم وأراحوك من الأسود,,ولكن انطلق محلّقًا في السماء فالتمس حليًّا فإذا ظفرت به فاختطفه وأصحابه ينظرون إليك ثمّ طر به حيث لا تفوت العيون منك فإنّهم يتبعونك فإذا انتهيت إلى جحر الأسود فإنّهم يأخذون حليّهم ويريحونك من الأسود,
343,6ea1ea3a-7ea9-4919-91c1-c7e08b8ef127,The Crow Snatches the Necklace,,فانطلق الغراب محلّقًا يبتغي حليًا فوجد امرأة على ظهر بيت قد وضعت ثيابها وحليّها وهي تغتسل,ففعل ذلك فلمّا وصلوا إلى الأسود رأوه نائمًا في حجره فهوى إليه رجل منهم بحجر فقتله فاستراح الغراب منه,,الغراب ذلك وخطف,,,قال فانطلق الغراب محلّقًا في السماء يبتغي حليًّا فوجد امرأة وضعت حليّها وهي تريد تغتسل,فانطلق الغراب فوجد امرأة تغتسل على سطح والعقد على ثيابها فانقضّ,,ففعل الغراب ذلك وأخذ الحليّ وطرحه على باب الجحر,
344,4a194388-5b8f-45f3-a381-f93cf0d75089,The Lure,وطار به فلم يزلْ يرتفع وينخفض والحليّ في منقاره إلى أن أتى جحر الأسود فجعله فيه,فاختطف من حليّها عقدًا فلم يزل يطير به تارة ويقع أخرى حيث يُنظر إليه حتّى انتهى بالعقد إلى جحر الأسود والقوم ينظرون فرمى به عنده,,,حلي امرأة تغسل على سطح منزلها وقد وضعت حليها إلى جانبها على ثيابها فخطفه وطار واتّبعه الناس حتّى انتهى إلى جحر الأسود فوضعه على باب الجحر,,,قال فخطف من حليّها عقدًا ولم يزل يطير ويقع والناس ينظرون إليه حتّى انتهى بذلك العقد إلى جحر الأسود فألقاه عنده والقوم ينظرون إليه,عليه وأخذه وطار وتبادر الناس واتّبعوه حتّى انتهى به إلى جحر الأسود فألقاه عليه والقوم ينظرون,,,
345,766252d2-a50f-4f90-a69d-41618e906537,The Plan Succeeds,فلمّا أتوا الناس ليأخذوا الحليّ وجدوا الأسود نائمًا على باب جحره فقتلوه وأخذوا الحليّ,فلمّا أتوه وجدوا الأسود عنده فقتلوه وأخذوا عقدهم,,,فبادر الناس فخرج عليهم الأسود فقتلوه وأخذوا حليهم واستراح الغراب من الأسود بغير مشقّة وإنّما,,,فأقبلوا إليه فلمّا بلغوا إلى جحر الأسود حفروا على العقد فخرج عليهم الأسود فقتلوه وأخذوا عقدهم,فلمّا دنوا وجدوا الأسود وأخذوا عقدهم وقتلوه,,فأخذ أصحاب الحليّ حليّهم ورأوا الأسود نائمًا فأهوى إليه رجل منهم بحجر فقتله,
346,877643d0-228b-484e-92c9-8fa61963db29,The Moral: Cunning Triumphs,وإنّما ضربت لك هذا لتعلم أنّ الاحتيال يجري ما لا تجري القوّة,قال دمنة وإنّما ضربت لك هذا المثل لتعلم أنّ الحيلة تجزي ما لا تجزي القوّة,وإنمّا ضربت لك هذا المثل لتعلم أنّ الحيل تجري ما لا تجرى به ذو القوّة,,ضربت لك هذا المثل لتعلم أنّ الحيلة ربما أجزأت أجزاءًا لا يطيقه كثير من الناس فقال كليلة,,,,وإنّما ضربت لك هذا المثل لتعلم أنّ الحيل منها نافع وضار,,وإنّما ضربت لك هذا المثل لتعلم أنّ الاحتيال ربّما كان أجزى في بعض الأمور من الطاقة والقوّة,
347,60e26d5e-aa06-4c49-bc50-c2e17aa50c23,Kalila's Objection,فقال كليلة إنّ شتربة لو لم يجمعْ مع شدّته رأيًا كان ذلك ولكنّه أُعطي فضلًا ونبلًا جسيمًا,قال كليلة إنّ الثور لو لم يجمع مع شدّته رأيًا كان ذلك ولكنّه مع شدّته ذو رأي وعقل فماذا تستطيع له,قال كليلة إنّ شتربه لو لم يجتمع مع شدّته وقوّته رأيًا لكان ذلك لكنّه مع شدّته وقوّته ذو رأي وعقل فما الذي يصنع في أمره,,إنّ شتربة لو كان لا يجمع مع شدّته رأيًا كان ذلك ولكنّه ذو ا رأي وبطش فقال دمنةإنّ,,,,قال كليلة إنّ الثور لو لم يجمع مع شدّته رأيًا كان ذلك ولكنّه مع شدّته ذو رأي فما تستطيع له,,قال كليلة إنّ شتربة لو لم يجمع مع شرّته رأيًا كان كذلك ولكنّه قد أعطي مع ما ذكرت له فضلًا بيّنًا وفهمًا حسنًا ورأيًا حازمًا,
348,06a01ed9-38f4-4c12-9b62-13d4bd873a6a,The Rabbit and the Lion Parable,فقال دمنة إنّ شتربة على ما وصفت ولكن سأصرعه كما فعلت الأرنب بالأسد,قال دمنة إنّ الثور كما ذكرت في قوّته وشدّته ورأيه ولكنّه بي مغترًّا وإليّ آمن وأنا خليق أن أصرعه كما صرع مرّة أرنب أسدًا,قال له دمنة إنّه كما ذكرت لكنّه مغترًّا فإن أمنني فسوف أصرعه كما فعلت الأرنب بالأسد,,شتربة لعلى ما وصفت ولكنّه واثقٌ بي وسيرسل إليّ فأنا خليق أن أصرعه كما فعلت الأرنب بالأسد قال كليلة,,,,قال دمنة إنّ الثور كما ذكرت ولكنّه مغترّ بي فأنا خليق أن أصرعه كما صرعت الأرنب الأسد,,فقال له دمنة إنّ شتربة على ما وصفت ولكنّه بي مغترٌّ إليّ آمنٌ فأنا خليقٌ أن أصرعه كما فعلت الأرنب بالأسد,
349,27182657-bfbc-42c5-bf08-052699ddf65f,Kalila Asks for the Story,قال كليلة وكيف كان ذلك,قال كليلة وكيف كان ذلك,قال كليلة وكيف كان ذلك,,وكيف كان ذلك فقال زعموا,,,,قال كليلة وكيف كان ذلك,,قال كليلة وكيف كان ذلك,
350,29d98ca2-3811-49a7-82b9-2bc87b9f25cb,The Tyrannical Lion,قال دمنة زعموا أنّ أسدًا كان في أرض مخصبة كثيرة الوحوش والماء والمرعى وكانت تلك الوحوش لا تعيش في تلك الأرض إلّا متخوّفات,قال دمنة زعموا أنّ أسدًا كان في أرض كثيرة الماء والخصب والعشب وكان ما بتلك الأرض من الوحوش في سعة من الماء والمرعى إلّا أنّ ذلك لم يكن ينفعها من خوف الأسد,قال زعموا أنّ أسدًا كان بأرض مخصّبة كثيرة الوحش والماء والمرعى وكان لا ينفعهم ما هم فيه من الخصب من كثرة خوفهنّ من الأسد,,أنّ أسدًا كان في أرض كثيرة الماء والوحوش والمرعى وكان لا ينفعهم ما هم فيه من خوفهم من الأسد,,,,قال دمنة زعموا أنّ أسدًا كان في أرض كثيرة الماء والعشب فكان ما بتلك الأرض من الوحش في سعة من الماء والمرعى إلّا أنّ ذاك لم يكن ينفعها مع خوف الأسد,,قال دمنة زعموا أن كان أسدٌ في أرضٍ مخصبةٍ كثيرة الوحوش والمرعى والمياه فكان لا ينفعهنّ ما يبق فيه [[فا]] من خوفهنّ من الأسد,
351,aaed4c70-15f7-4556-b044-8335ee50e2ab,The Animals' Proposal,فائتمرن فيما بينهنّ وبينه وقلن [[له إنّك إنّي]] للأسد إنّك لن تصيب الدابّة منّا إلّا بعد نصب وقد أجمعنا على أمر لك ولنا فيه صلاح إن أنت آمنتنا,فائتمرت تلك الوحوش واجتمعت إلى الأسد وقالت إنّك لا تصيب منّا الدابّة في اليوم إلّا بعد نصب وتعب وقد رأينا رأيًا لنا ولك فيه راحة,فاتّفقن بأجمعهنّ وأتينه وقلن له ألا إنّك لا تصيب الدابّة منّا إلّا بعد جهد ونصب وتعب وقد اجتمعنا على أمر لنا ولك فيه راحة إن أنت أمهلتنا وأمنتنا على أنفسنا,,فيما بينهم وأتوا إلى الأسد فقلن له إنّك لن تصيب منّا,,,,فائتمرت تلك الوحوش واجتمعت إلى الأسد فقالت له إنّك لا تصيب منّا الدابّة إلّا بعد تعب شديد وإنّا قد رأينا رأيًا لك,,فائتمرن فيما بينهنّ فأتينه وقلن له إنّك لا تصيب,
352,face30d3-eb63-4064-a9a8-1930bbc287e6,The Lion's Inquiry,قال إنّي فاعل ذلك وما ذاك,,فقال أنا فاعل لكم ما أردتم,,قال الأسد وما ذاك,,,,,,,
353,630f7f15-9f34-4938-aff9-6c27ab3eec58,The Bargain,,فإن أنت أمّنتنا ولم تخفنا فلك علينا دابّة في كلّ يوم نرسل بها إليك عند غدائك,فقلن له نحن نرسل إليك في كلّ يوم بدابّة [[بك]] منّا عند غذائك وأخرى عند عشائك من غير تعب ولا نصب,,قالوا إن أنت لم تهجمنا وأمّنتنا فنحن نرسل إليك في كلّ يومٍ منّا دابّة تكون طعامك,,,,ولنا صلاح فإن أنت آمنتنا ولم تخفنا فلك علينا في كلّ يوم دابّةً نرسل بها إليك عند غدائك,,,
354,20878a9c-3564-4f45-bcd3-29f96d6703ea,The Lion Agrees,,فرضي الأسد بذلك وصالحهم عليه,قال [[فرضي]] الأسد على ذلك,,فرضي بذلك فقام الوحش له بذلك ووفّوا له,,,,فرضي الأسد بذلك,,,
355,dd8cb45b-c70b-409e-8216-eb9d2469cef4,The Agreement is Kept,,وأقمن على ذلك زمانًا,وصالحهم عليه فوفوا له بما قالوا ووفى لهم بما أعطاهم من نفسه,,,,,,وصالحهنّ عليه وأقمن ذلك له,,,
356,54ebe6db-5e1f-4fbb-a69c-963139e9ba3d,The Daily Lottery,,وإنّ السباع كنّ يقترعن في كلّ يوم فمن أصابته القرعة منهنّ أرسلن به إلى الأسد مع بعض السباع يبلّغه ذلك حتّى يأكله,,,,,,,,,,
357,c6c95253-428a-4386-9772-3164773bb769,The Cunning Rabbit's Turn,,ثمّ إنّ أرنبًا أصابه القرعة فقالت لهنّ إن أنتن رفقتنّ بي فلا يضرّكنّ لعليّ أريحكنّ من الأسد,ثمّ إنّ الأرنب أصابتها القرعة منهم فقالت لهم إن أنا أرحتكم من الأسد ماذا يكون لي عليكم,,ثمّ إنّ أرنبًا أصابتها القرعة وكانت ذات دهاء ومكر فقالت لهنّ إن أنتنّ رفقتنّ بي فيما لا يضرّك نّ أرحتكنّ من الأسد,,,,ثمّ إنّ أرنبًا أصابتها القرعة فقالت لهنّ إن أنتم رفقتم فيما لا يضرّكم لعلّي أن أريحكنّ من الأسد,,,
358,f443e0f3-2461-42c9-81a4-376a431b9a0a,The Animals' Question,,فقلن لها وما الذي تكلّفيننا من الرفق,فقالوا لها لك كلّما أحببت,,فقلن وما ذاك,,,,فقالوا وما تكلّفينا من ذلك,,,
359,30dc7524-dec5-4852-924b-7d10f9065d1e,The Rabbit's Request,,قالت هيّنًا من الأمر تأمرن الذي ينطلق بي إلى الأسد ثمّ لا يتبعني لعلّي أبطئ على الأسد بعض الإبطاء حتّى يتأخّر غداؤه ثمّ يتأخّر منّي وأتقدّم وحدي,فقالت لهم الأرنب أأمروا الذي ينطلق بي لا يعجّل عليّ برواحي إلى الأسد ولا يقرّبني إليه لعلّي أبطئ عليه ساعة حتّى يتأخر غذاؤه,,فقالت تأمرن من يذهب بحيث أن لا يتبعني ويتوارى إذا قرب منه حتّى أذهب إليه وحدي وقد أبطأت عليه فيجوع وأمكر به,,,,قالت تأمرون من ينطلق معي أن أبطئ على الأسد حتّى يتأخّر غذاؤه,,,
360,23860269-d968-4a6b-ab93-90fcf635d05e,The Animals Agree,,فقلن لك ذلك,فقلن لها لك ذلك,,فقلن لك ذلك فانطلقت,,,,ففعلن ذلك فانطلقت الأرنب متباطئة حتّى جاوزت الساعة التي كان الأسد يأكل فيها ثمّ تقدّمت وحدها تدبّ رويدًا وجاع السبع حين أبطأ عليه غداؤه فغضب وقام عن مجثمه ينظر,,,
361,13fa4f2d-18df-4569-ab67-67a90b943efd,The Rabbit's Delay,,فانطلقت الأرنب متباطئة حتّى جاوزت الساعة التي كان الأسد يأكل فيها ثمّ أقبلت تدبّ وحدها رويدًا وقد جاع الأسد حين أبطأ غداؤه فغضب وقام عن مربضه يتمشّى وينظر,قال فانطلقت الأرنب متأخرة حتّى جاوزت الساعة التي كان يتغذّى الأسد فيها وجاع الأسد جوعًا شديدًا فغضب من ذلك وحرد ثمّ قام عن موضعه يتمشّى وينظر يمينًا وشمالًا,,متآنيّةً حتّى تجاوزت وقت غذاء السبع فجاع وغضب وقام من مربضه وطيشه يمشي,,,,,,,
362,d07e3d4d-5ea2-4ee3-a1ca-ea1c688e484a,The Lion's Confrontation,,فلمّا رأى الأرنب قال من أين جئت وأين الوحوش,فلمّا رآها مقبلة قال ما أبطأك ومن أين جئت,,فلمّا رآها قال من أنت ومن أين جئت وأين غذائي,,,,حتّى إذا رأى الأرنب وحدها قال من أين جئت وأين الوحوش,,,
363,a2a20073-34c3-4ce4-b1ce-4555f55b066e,The Rabbit's Lie,,قالت أنا رسول الوحوش بعثنني إليك بأرنب معي فلمّا أن كنت ممّا هاهنا قريبًا لقيني أسد فانتزعها منّي,فقالت له من عند الوحوش وأنا رسولهم إليك وكانت ب صحبتي أرنب فلمّا كنّا قرّبنا منك تعرّض لنا أسد فانتزعها منّي,,قالت الأرنب من عند الوحش وبعثن معي أرنبًا مثلي فعرض لي في طريقي أسد فانتزعها منّي,,,,قالت أنا رسول الوحوش بعثنني إليك بأرنب فلمّا كنت هاهنا قريبًا لقيني أسد فأخذها منّي,,,
364,daff68f8-1643-40b6-a535-c80df705575f,The Lie Continues,,,فقلت له إنّها طعام الملك فسبّك وأخطأ عليك,,فقلت له إنّها طعام الملك فشتمك وقال,,,,,,,
365,9b2a9bdc-4004-4e2e-b7f0-71657319dcf3,The Usurper's Claim,,فقال أنا أولى بهذه الأرض ووحشها,وقال أنا أحقّ منه بهذه الأرض وما فيها,,لي أنا أحقّ بها فأتيتك,,,,وقال أنا أولى بهذه الأرض وشتمك وسبّك,,,
366,cf15c6a9-78cd-46c6-9cfa-7bc343af974b,Recounting the Lie,,قالت فقلت له إنّ هذا غداء الملك أرسلت به الوحوش إليه فلا تغضبنّه فسبّك وشتمك,,,,,,,,,,
367,9a91545a-7376-4b99-aab0-79aee24d06de,The Rabbit Reports,,وأقبلت مسرعة لأوذنك بذلك,فأتيتك لأخبرك بذلك,,لأخبرك,,,,,,,
368,678f3fef-6118-414c-a636-1f7129137170,The Lion's Rage,,فغضب الأسد فقال انطلقي معي فأريني هذا الأسد,قال فغضب الأسد عند ذلك غضبًا شديدًا وقال لها انطلقي فأرني إيّاه,,فقال انطلقي فأريني هو فانطلقت,,,,,,,
369,9a6157eb-3da7-4d79-a1cb-84e292437f4c,Leading the Lion to the Well,,فانطلقت الأرنب بالأسد إلى جبّ ذي ماء صاف غمر,فذهبت به الأرنب إلى جبّ صافي الماء,,به إلى بئرٍ فيه ماءٌ صافي فاطّلعت فيه,,,,فانطلقت به إلى جبّ كثير الماء صافي عميق,,,
370,15c77c61-6c4c-4030-a3a2-adbe2a842f3a,The Rival's Location,,فقالت هذا مكان الأسد,فقالت له هذا مكانه وهو فيه,,وقالت هاهنا نزل فاطّلع,,,,فقالت انظر هذا الأرنب فرأى ظلّ الأرنب وظلّ,,,
371,238bef66-45db-48cc-a61e-ecd8e4fca835,Feigned Fear,,وأنا أفرق منه إلّا أن تجعلني في حضنك حتّى أريكه,,,,,,,,,,
372,f6158eaa-714c-472d-8a51-9b3715fa56ab,empty,,,,,,,,,,,,
373,daa31a51-2d97-4aec-82ce-08b88fd89fea,Held by the Lion,,فاحتضنها الأسد,,,,,,,,,,
374,313debb8-49c0-4def-bb1c-e4f052c4a5a9,Pointing at the Reflection,,فقالت له الأرنب أشرف على الجبّ وانظر الأسد,,,,,,,,,,
375,479bb5ff-3422-43d4-97c4-523c693b4a76,Held by the Lion,,فأشرف فأبصر خياله وخيال الأرنب في حضنه في الماء,,,الأسد في البئر فرأى ظلّ نفسه في الماء فضلّه,,,,,,,
376,b96ca19e-d0c1-4d99-8f79-841f7568be64,Pointing at the Reflection,,,قال فنظر الأسد في الجبّ فإذا هو نظر إلى ظلّه فوثب من ساعته وهو لا يشكّ أنّ الأمر كذلك فغرق الأسد في الماء وولّت الأرنب هاربة,,فاقتحم في البئر وهو لا يشكّ أنّ ذلك حقّ فهور في البئر وهلك,,,,,,,
377,32e71e8c-6a85-45e9-8ca7-8cfb059cecdb,The Lion Sees His Reflection,,فلمّا نظر خياله وخيال الأرنب وثب في الجبّ ليقاتله فغرق في الجبّ وفلتت الأرنب,,,,,,,,,,
378,34777d59-3dcb-4711-b117-d1d184825f89,Kalila's Conditional Approval,,قال كليلة إن أنت قدرت على هلاك الثور في شيء ليس على الأسد منه مضرّة فشأنك فإنّ مكان الثور قد أضرّ بي وبك وبغيرنا من الجند,فقال كليلة لدمنة إن قدرت على هلاك الثور بشيء ليس فيه على الأسد مضرّة فشأنك وإيّاه فإنّه قد أضرّ بك وبنا,,فقال كليلة إن قدرت على هلاك شتربة من غير مشقّة,,,,قد أضرّ بنا وبسائر الجند,,,
379,7c63ecbe-fa14-4f57-9ac5-11d36a0fc834,Kalila's Warning,,وإن أنت لم تستطع ذلك إلّا بما ينقص الأسد فلا تشتر بذلك فإنّه غدر منّي ومنك ولؤم ثمّ إنّ دمنة ترك الدخول على الأسد أيّامًا,وإن أنت لم تقدر على ذلك إلّا بما يضرّ الأسد فلا تقدم على ذلك فإنّه غدر منك ولؤم وكفر,,,,,,وإن أنت لم تستطع ذلك إلاّ بضرر الأسد فلا تعرّض له فإنّه غدر منّا ومنك ولؤم,,,
380,51cd43c0-53b9-4a14-b1fb-f9b4fcba6772,Dimna Stays Away from the Lion,,,قال ثمّ إنّ دمنة ترك الدخول على الأسد أيّامًا لا يدخل عليه وانقطع منه مدّة طويلة,,,,,,ثمّ إنّ دمنة ترك الدخول على الأسد أيّامًا,,,
381,edafafa7-9975-40f2-adfd-ab0f2f30dc7e,The Lion Asks Dimna About His Absence,,فقال له الأسد ما حبسك منذ زمان لم أرك أخير {لي},ثمّ دخل عليه بعد ذلك,,,,,,ثمّ أتاه على خلوة متخزّنًا,,,
382,e180b641-be8c-4fae-9214-531142aa7606,Dimna Hints at Unwelcome News,,ثمّ أتاه على حال خلوة منه فأراه التحرّز,,,,,,,فقال له الأسد ما حبسك أَخَيرقال دمنة حدث ما لم يكن الملك يريده ولا أنا,,,
383,f5dfcb48-f9eb-432a-9a0b-ec8a566dbe26,Dimna's Vague and Ominous Reply,,قال دمنة ليكن خير,فقال دمنة لم يكن إلّا خيرًا إن شاء الله تعالى,,,,,,,,,
384,21e9223f-1d8d-4295-8352-5a62cf3d3e09,The Lion Asks for the News,,,,,,,,,,,,
385,383c7683-1c91-4a33-8a8b-3a3273604307,The Lion Asks if Something Happened,,قال الأسد هل حدث شيء,قال له الأسد هل حدث أمر,,,,,,قال دمنة كلام فظيع قال الأسد فأخبرني به قال دمنة كلام يكرهه سامعه ثمّ يشجّع عليه قائله فهو من قائله خرق إلّا أن يثق بعقل المقول له ذلك فأمّا إذا كان المقول له ذلك عاقلًا احتمله واستمعه لأنّه ما كان فيه من نفع فهو للسامع دون القائل وقلّما يسلم من ضرّه,,,
386,017ff6f3-e86f-4988-89ad-db4054ce7581,Dimna Confirms Unwanted Events,,قال دمنة نعم حدث ما لم يكن الملك يريده ولا أنا,قال دمنة نعم قد حدث ما لم يكن الملك يريده ولا يختاره,,,,,,,,,
387,ea723f5e-8b3c-4854-a084-1512afa5575c,The Lion Asks What Happened,,قال الأسد وما ذلك,قال له الأسد وما ذاك,,,,,,,,,
388,33c42fda-7236-4914-9826-9050fe385a63,Dimna Claims the News is Grave and Requires Privacy,,,قال دمنة هو كلام فظيع شنيع,,,,,,,,,
389,66055201-a0fe-439e-a1c2-92ca18ced2e7,The Lion Urges Dimna to Speak in Private,,,قال الأسد أخبرني به,,,,,,,,,
390,13c80f8d-ad9f-4f33-8e80-b856c9aba704,Dimna's Preamble on Delivering Unpleasant Advice,,قال دمنة إنّه ما كان من الكلام يكرهه سامعه ثم يتشجّع عليه قائله فهو خرق من قائله إلّا أن يثق بعقل المقول له ذلك فإنّه إذا كان المقول له عاقلا احتمل ذلك واستمعه لأنّه ربّما عطب فيما بين ذلك غير أنّ القائل يحتمل ما يتخوّف من عاقبته بما فيه من أذى ما لزمه من حقّ ذي الحقّ,قال دمنة إنّه ما كان من كلام يكرهه سامعه لم يشجّع عليه قائله وإن كان ناصحًا مشفقًا إلّا أن يتمّ بفعل المنصوح له فإنّه إذا كان كذلك احتمل القول وعرف ما فيه من الفضل لأنّه ما كان فيه من نفع فهو له,,,,,,قال الأسد وما ذلك,,,
391,a85bd9d9-b29d-4563-a2ed-71f86851983c,Dimna Praises the Lion's Wisdom to Justify His Frankness,,وأنت أيّها الملك ذو فضيلة في الرأي والأناة مستمع لثقتي بفضلك على أن أخبرك بما انتهى إليه علمي وإن ظننت أنّك له كاره واثق بأنّك تعرف نصحي لك وإيثاري إيّاك على نفسي,وأنت أيّها الملك وافي الحلم زاكي العلم فأنا مخبرك بما تكره وواثق بمعرفتك بنصحي لك,,,,,,,,,
392,bf779b9c-8fce-4187-afe2-3acccd849c5c,Dimna States His Duty to Speak,,وإنّه ليعرض لي بأنّك غير مصدّق بما أنا مخبرك به ولكنّي إذا تذكّرت أنّ أنفسنا معاشر السباع معلّقة بنفسك لم أجد بدًّا من قضاء الحقّ الذي يلزمني لك أن أبلّغه إليك وإن أنت لم تسألني أو خفت أن لا تقبل منّي,وقد تعرض في صدري أنّك غير مصدّق لقولي لكنّي إذا ذكرت أنفسنا معًا سترى الوحوش أنّها لا قوام لها إلّا بك لم أجد بدًّا من أداء الحقّ الذي يلزمني إليك والطاعة التي لا بدّ منها لك وإن أنت لم تسألني عنه أو خفت أنّك لا تقبله منّي,,,,,,وإنّه ليعرض لي أنّك غير مصدّق فيما أخبرك به ولكن إذا نظرت وذكرت أنّ أنفسنا معشر السباع معلّقة بنفسك لم أجد بدًّا من أداء الحقّ الذي يلزمني لك وإن أنت لم تسألني عنه,,,
393,7933842c-68ed-4c88-8d15-dd75be40e063,The Maxim of Not Hiding Advice from a Ruler,,فإنّه من كتم السلطان نصيحته والأطبّاء مرضه والإخوان رأيه فقد خان نفسه,فإنّه من كتم السلطان نصحه والأطبّاء مرضه والإخوان رأيه فقد غشّ نفسه,,,,,,,,,
394,651d7054-f895-42eb-97fe-b1f426b02119,The Lion Asks for the Advice,,قال الأسد وما ذاك,فقال الأسد وما ذاك,,,,,,,,,
395,025c4a7d-6f68-469c-a957-9a662b2d613b,Dimna Accuses Shatraba of Slandering the Lion's Strength,,قال دمنة حدّثني المصدّق المؤتمن عندي أنّ شتربة خلا برؤوس جندك وقال لهم قد عجمت الأسد وبلوت رأيه وقوّته ومكيدته واستبان لي {في} ذلك كلّه ضعف وعجز رأي وهو كائن لي وله شأن,قال دمنة حدّثني الصدوق الأمين أنّ شتربه خلا برؤوس جندك وقال لهم إنّي قد تلوت الأسد وخبرت رأيه وقوّته فإذا ذلك منه ضعف وعجز,,,,,,فإنّه من كتم الأطبّاء مرضه أو السلطان نصيحته أو كتم الإخوان رأيه خاف نفسه وقد حدّثني الصدوق الموثوق المؤتمن عندي أنّ شتربة خلا مع رؤوس جندك فقال إنّي قد عجمت الأسد وبلوته ورأيه ومكيدته واستبان لي أنّ ذلك كلّه ضعف وسيكون لي وله شأن فإنّه,,,
396,cc958ffd-3a84-40e8-ba41-1fb8d1227748,Dimna Claims Shatraba is a Traitor Seeking the Throne,,فإنّي لمّا بلغني هذا عرفت أنّ شتربة هذا خؤون غدّار وعرفت أنّك تكرم شتربة الكرامة كلّها وجعلته نظير نفسك حتّى دعاه إلى ما ظهر منه من الخيانة وسوء الرأي وأنّ نفسه تطلّعت إلى أنّك لو زلت عن مكانك صار له مُلكك وهو لا يدع جهدًا في الاحتيال لك وله عقل ورأي وإخوان وأعوان,فلمّا بلغني ذلك عنه عرفت أنّه خؤون كاذب إلّا أنّك أكرمته وقرّبته وجعلته نظير نفسك فهو يرى نفسه أنّه مثلك وأنّك إن زلت عن مكانك كأنّ له ملكك,,,,,,لمّا بلغني هذا عرفت أنّ الثور خؤون غادر وعرفت أنّك قد أكرمته الكرامة كلّها وجعلته عديل نفسك فهو اليوم يظنّ أنّه مثلك وأنّك إن زلت عن مكانك صار له مُلكك فهو لا يدع جهدًا وقد,,,
397,3ff48c98-6b25-4ab0-8116-9872d1c58cb6,The Maxim of Striking Down a Rival Before Being Struck,,وكان يُقال إذا عرف الرجل [الملك] من الرجل أنّه قد تساوى به في الرأي والمنزلة والهيبة والمال والتُبّع فليصرعه فإنّه إن لم يفعل ذلك كان هو المصروع,وقد قيل إذا عرف الملك أنّ بعض رعيّته قد ساواه في الرأي والمنزلة والملك فليصرعه فإن هو لم يفعل ذلك كان هو المصروع الضعيف المخذول,,,,,,كان يُقال إنّه إذا عرف الملك من الرجل أنّه قد كاد يساويه في الرأي والمنزلة والهيئة والمال والنفع فليصرعه فإن لم يفعل فهو,,,
398,64edbd94-25b7-46f3-884a-db494158b751,Dimna Again Praises the Lion's Judgment,,وأنت أيّها الملك أعلم بالأمور وأبلغ فيها رأيًا,وأنت أيّها الملك أبصر بالأمور وأبلغ رأيًا فيها لأنّك قد بلوتها وجرّبتها,,,,,,وأنا أرى لك أن تحتال للأمر قبل ولا تؤخّره فإنّك لا تأمن أن يفوتك ثمّ لا تستدركه,,,
399,7c375641-d99a-40a8-941a-8d67a293e3b9,Dimna Urges Preemptive Action,,وأنا أرى أن تحتال للأمر قبل تفاقمه ولا تنتظر به وقوعه فلا تأمن أن يفوتك {حتّى لا تستدركه,وأنا أرى أن تحتال في الأمر قبل وقوعه,,,,,,المودّع وأنت أيّها الملك أعلم بالأمور وأبلغ فيها,,,
400,796f2a25-448c-4368-a1c2-76cb1f3bb376,The Parable of the Three Types of Men,,فإنّه قد كان يُقال إنّ الرجال ثلاثة حازم وكيّس وعاجز,وقد قيل الرجال ثلاثة حازمين وعاجز,,,,,,فإنّه كان يُقال الرجال ثلاثة حازمان وعاجز,,,
401,a75284bc-1478-49e4-9491-6f8739b9877d,Defining the Resolute Man and the More Resolute Man,,فأحد الحازمين من إذا نزل به البلاء لم يُدهش ولم يذهب قلبه شعاعًا فلم يعي برأيه وحيلته ومكيدته التي بها يرجو لها المخرج وأحزم من هذا المتقدّم ذو العدّة الذي يعرف الأمر قبل وقوعه فيعظّمه إعظامه ويحتال له حيلته حتّى كأنّه قد لزمه فيحسم الداء قبل أن يبتلى به ويدفع الأمر قبل وقوعه,فأحد الحازمين إذا أنزل به بلاء لم يدهش ولم يذهب قلبه ولم يعبأ بالمكيدة وأعمل الحيلة التي يرجوها المخرج والنجاة وأفضل منه رأيًا المتقدّم في الرأي قبل وقوعه والأخذ فيه بما يجب عليه من حسن النظر فيه فيحسم الداء قبل أن يبتلي به ويقتلع من الخوف قبل أن يصيبه,,,,,,فأحد الحازمين من إذا نزل به البلاء لم يدهش ولم يذهب قلبه شعاعًا ولم يعيى برأيه وحيلته وكيده التي بها يرجو النجاة وأحزم من هذا المتقدّم المعدّ الذي يعرف الأمر قبل وقوعه,,,
402,a7d420c8-ea8c-455b-8b31-b10ba759a021,Defining the Helpless Man and Introducing the Tale of the Three Fish,,وأمّا العاجز فهو في تردّد وتمنّي أماني حتى يهلك ومثل ذلك مثل السمكات الثلاث,وأمّا العاجز فهو في ترداد وتأنّي وتمنّي حتّى يهلك نفسه ويكون مثله في ذلك مثل الثلاث السمكات,,,,,,وأمّا العاجز فهو في تردّد وأماني حتّى يهلك ومثل ذلك مثل السمكات الثلاث,,,
403,42a3c677-c3f7-4f45-b2fe-6b37f6c6480c,The Lion Asks for the Tale of the Fish,,قال الأسد وكيف كان مثلهنّ,قال الأسد وكيف كان ذلك,,,,,,قال الأسد وكيف كان ذلك,,,
404,ab6800a1-6639-4079-a81f-71e8af11d998,The Story Begins: Three Fish in a Pond,,قال دمنة زعموا أنّ غديرًا كان فيه ثلاث سمكات عظام كيّسة وحازمة وعاجزة فكان ذلك المكان بنجوة من الأرض لا يكاد يقربها الناس,قال دمنة زعموا أنّ غديرًا كان فيه ثلاث سمكات حازمة وكيّسة وعاجزة وكان الغدير في موضع لا يقربه أحد,,,,,,قال دمنة زعموا أنّ غديرًا كان فيه ثلاث سمكات عظام كيّسة وأكيس منها وعاجزة وكان ذلك الغدير بنجوة من الأرض لا يكاد يقربه الناس,,,
405,4c80fd4f-0b1e-412e-ae4f-0017bed8d337,Two Fishermen Discover the Pond,,فلمّا كان ذات يوم مرّ صيّادان على ذلك الغدير مجتازين فأبصرا السمكات الثلاث فتواعدا على أن يرجعا إليه بشبكتهما فيصيدا السمكات اللواتي رأيا فيه في الماء,فلمّا كان ذات يوم عبر به صيّادين فتواعدا أنّهما يرجعا إليه فيصطادا جميع ما فيه من السمك,,,,,,فلمّا كان ذات يوم مرّ صيادان على ذلك الغدير فتواعدا أن يرجعا بشبكتيهما فيصيدان السمكات الثلاث,,,
406,2a88db58-9189-445a-bc24-89b2063c0992,The Most Resolute Fish Escapes Immediately,,وأنّ السمكة التي كانت أحزم لمّا رأتهما ارتابت وتخوّفت فلم تعرج أن خرجت من المكان الذي كان الماء يدخل فيه إلى الغدير من النهر,فلمّا رأتهما الحازمة ارتابت منهما فلم تتمالك أنّها خرجت من مدخل الما [[ء]] من النهر إلى الغدير فنجت,,,,,,فأمّا السمكة الكيّسة فارتابت وتخوّفت وما وقعت أن خرجت ... *** الذي كان الماء يدخل فيه إلى الغدير من النهر,,,
407,de0cb2f7-048e-496e-b776-6a9bab9d819d,The Wise Fish Procrastinates and Finds the Exit Blocked,,وأمّا السمكة الكيّسة التي كانت دون الأولى في العقل ثبتت مكانها وأخرّت الحيلة حتّى كان بعد ذلك وجاء الصيّادان فرأتهما وعرفت ما يريدان ووجدتهما قد سدّا ذلك المخرج,,,,,,,*وأمّا الكيّسة فثبتت حتّى جاء الصيّادان فرأتهما وعرفت ما يريدان ووجدتهما قد سدّا ذلك المخرج,,,
408,79b0253e-a37a-4831-b498-2e55b42fcebb,The Wise Fish Laments Her Delay but Resolves to Use Her Wits,,فقالت قد فرّطت وهذه عاقبة التفريط فكيف الحيلة على هذه الحال فقلّ ما تنجح حيلة العجلة والإرهاق ولكنّ العاقل لا يقنط من منافع الرأي ولا يأسى على حال ولا يدع الرأي,,,,,,,فقالت فرّطت وهذه عاقبة التفريط فكيف الحيلة على هذه الحال وقلّما تنجح حيلة العجلة والإرهاق ولكنّ العاقل لا يفرّط على حال ولا يدع الرأي,,,
409,f83634c8-55ce-4c45-9216-48cb4f5c78a4,The Wise Fish Escapes by Playing Dead,,ثمّ إنّها تماوتت فجعلت تطفو على الماء منقلبة على ظهرها فأخذها الصيّاد بحسبان الميتة فوضعها على الأرض بين الغدير والنهر فوثبت في النهر فنجت من الصيّاد,وأمّا التي دون الحازمة فثبتت وتماوتت فأخذها الصيّاد ورماها فنجت منه,,,,,,ثمّ إنّها تماوتت فجعلت تطفو على رأس الماء منقلبة على ظهرها فأخذها الصيّاد بحساب أنّها ميّتة فوضعها على الأرض بين الغدير والنهر فوثبت في النهر ونجت من الصيّاد,,,
410,ab024f49-a64f-4713-9149-66614597a99a,The Helpless Fish is Caught,,وأمّا العاجزة فلم تزل في إقبال وإدبار حتّى صيدت,وأمّا العاجزة فلم تزل في إقبال وإدبار حتّى صيدت,,,,,,وأمّا العاجزة فلم تزل في إقبال وإدبار حتّى صيدت,,,
411,ef61aeda-ee2a-4c5b-82f7-231137094c99,Dimna Applies the Parable's Moral to the Lion,,,,,,,,,,,,
412,08c0db12-9ad9-4cde-b8c6-b5d8c35d9417,The Lion Doubts Shatraba's Betrayal Due to His Kindness,,قال الأسد قد فهمت ما قلت ولكن لا أظنّ الثور يغشّني ويبغي لي الغوائل مع حسن بلائي عنده وكيف يفعل ذلك ولم ير منّي سوءًا قطّ,فقال الأسد لدمنة مثلك مليح قد فهمته ونصحك ما أشكّ فيه ولكنّي ما أظنّ أنّ الثور يغشّني ولا يتكلّم فيّ ولا يريد بي شرًّا وكيف يفعل ذلك ولم ينله منّي سوء قطّ ولا مكروه,,,,,,قال الأسد قد فهمت قولك ولكن لا أظنّ الثور يغشّني ولا يبغيني الغوائل وكيف يفعل ذلك ولم ير منّي سوءًا قطّ,,,
413,bbcb2415-4c49-46dd-a3ed-dc0208d72df1,Dimna Argues Shatraba's Ambition Stems from His Promotion,,قال دمنة إنّه لا يحمله على ذلك إلّا أنّه لم ير منك سوءًا قطّ ولم تدع خيرًا إلّا صنعته به ولا مرتبة إلّا أبلغته إيّاها ولم تبق مرتبة يسمو إليها إلّا مرتبتك,قال دمنة أيّها الملك لا تحمله على ذلك فإنّك لم تدع خيرًا إلّا صنعته له ولا مرتبة إلّا بلّغته إيّاها ولم يبق له مرتبة يسمو إليها إلّا مرتبتك,,,,,,قال دمنة ألا إنّه لم يحمله على ذلك إلّا أنّه لم ير منك سوءًا,,,
414,5ba3e62d-65d7-4921-827e-1694f0a25c31,The Maxim of the Base Man's Ambition,,فإنّ اللئيم العاجز لا يزال ناصحًا نافعًا حتّى يرتفع إلى المنزلة التي ليس لها بأهل فإذا بلغها منّته نفسه ورغب عمّا هو عليه فعاد نصحه غشًّا ومنافعه خيانة وضرًّا والتمس ما فوقها بالغشّ والخيانة والفجور,فإنّ اللئيم العاجز لا يزال ناصحًا نافعًا حتّى يرجع إلى المنزلة التي ليس لها بأهل فإذا بلغها التمس ما فوقها لا سيّما أهل الخيانة والفجور,,,,,,فإنّ اللئيم الفاجر لا يزال ناصحًا حتّى يُرفع إلى المنزلة التي ليس هو لها بأهل فإذا بلغها التمس ما فوقها ولا سيّما أهل,,,
415,83664bea-5351-4c3e-8082-c94e02ad8c38,The Maxim of the Dog's Tail: A Base Man's True Nature,,لأنّ اللئيم الكفور لا يخدم السلطان ولا ينصح له إلّا عن فرق أو حاجة فإذا استغنى وذهبت الهيبة عاد إلى جوهره كذنب الكلب العقد الذي يُربط ليستقيم فلا يزال مستقيمًا ما دام مربوطًا فإذا أُطلق عاد إلى انحنائه واعوجاجه,فإنّ اللئيم العاجز لا يخدم السلطان ولا ينصحه إلّا من فقر أو حاجة يضطرّ إلى ذلك فإذا استغنى وذهبت الهيبة رجع إلى جوهره وعادته فمثله في ذلك مثل ذنب الكلب الذي يربط ليستقيم فلا يزال مستقيمًا ما دام مربوطًا فإذا حلّ عاد إلى أصله فانحنى,,,,,,الخيانة والغدر فإنّ اللئيم الكفور لا يخدم السلطان,,,
416,a902d4b0-a357-4695-8a2e-0fa95a503d89,The Parable of the Patient and the Doctor,,واعلم أيّها الملك أنّه من لم يقبل من نصحائه ما يُنقل إليه ممّا ينصحون له فيه لم يُحمد عن رأيه كالمريض الذي يدع ما ينعت له الطبيب فيعمد إلى ما تشتهيه نفسه,واعلم أيّها الملك أنّه من لم يقبل من أصحابه ونصحائه ما يقال له لم يحمد غبّ رأيه كالمريض الذي يدع ما يصفه له الطبيب ويأكل ما تشتهي نفسه,,,,,,,,,
417,421ce96e-ac9d-4a74-81e9-900925a74f16,The Duty of a Vizier,,وحقّ على مؤازر السلطان أن يبلّغ الحقيقات له على ما ينفعه ويزيّنه والكفّ له عمّا يضرّه ويشينه,ويجب على من كان وزير السلطان أن يبلغ في النصح بما ينفعه ويزيّنه والكفّ له عمّا يضرّه ويشينه,,,,,,,,,
418,233e7f53-f873-4ce0-835a-b6510ca4f1a3,Aphorisms on the 'Best of' Things,,وخير الإخوان أقلّهم مصانعة في النصيحة وخير الأعمال أحلاها عاقبة وخير الثناء ما كان على أفواه الأخيار وخير السلطان ما لم يخالطه بطر وخير النساء الموافقة للبعل وأغنى الأغنياء من لم يكن للحرص أسيرًا وخير الأصدقاء من لم يخاصم وخير الأخلاق أعونها على الورع,وخير الأعوان والإخوان أقلّهم مضرّة وأكثرهم نصيحة وخير الأعمال أحمدها عاقبة وخير النّساء الموافقة لزوجها وخير الثناء ما كان على أفواه الأحرار وأفضل الملوك الذي لم يخالطه بطر ولا تكبّر وأغنى الأغنياء من لم يكن الحرص من شأنه وخير الأصدقاء من لم يخاصم صديقه وخير الأخلاق أعونها على الورع,,,,,,,,,
419,2559704f-9a7a-4ce1-9b02-068ba5b0bf9b,The Danger of a Treacherous Companion,,ثمّ قد قيل لو أنّ امرءا قد توسّد النار وافترش الحيّات كان أحقّ أن يهنئه النوم عليها إذا أحسّ من صاحبه بعداوة يريد بها نفسه ويغدو عليه بها ويروح,وقد قيل لو أنّ امرئ توسّد النار وافترش الحيّات ما كان ينبغي أن يهنأه النوم إذا اجترّ من صاحبه عداوة يريد بها إيذاؤه,,,,,,,,,
420,8b1e94ee-325a-46ee-98a9-40a2fc01ec65,The Helpless King and the Rampaging Elephant,,وأعجز الملوك آخذهم بالهوينى وأقلّهم نظرًا في مستقبل الأمور وأشبههم بالفيل المغتلم الذي لا يلتفت على شيء فإن أحزنه أمر تهاون به وإن أضيع الأمور غضب الملك بقرابته,وأعجز الملوك أخذهم بالهويناء وأشبههم بالفيل المغتلم الذي لا يلتفت إلى شيء فإن أصابه أمر تهاون به فإذا أضاع الأمور فقد مكّن عدوّه منه,,,,,,,,,
421,29d10355-77e7-4365-a751-0aa443afd34c,Advice to Distrust a Hostile Companion,,,,,,,,,,,,
422,0accda33-6629-47c5-9efa-469091b9d694,The Lion Accepts the Harsh Advice,,قال الأسد غلّظت في القول وغلظ قول الناصح محتمل,قال له الأسد أغلظت في القول وغليظ قول الناصح مجهول,,,,,,,,,
423,1bd0984d-dc6a-469e-a8d5-ec941a3c5365,The Lion Dismisses the Threat: The Herbivore vs. the Carnivore,,ولكنّ شتربة لو كان لي عدوًّا كما تقول لم يستطع لي ضرًّا وكيف يستطيع ذلك منّي وهو آكل عشب وأنا آكل لحم وإنّما هو لي طعام,لكنّ الثور وإن كان لي عدوّ كما تقول فإنّه لا يقدر لي على ضرّ وكيف يقدر على ذلك وهو يأكل النبات والخضرة وأنا آكل اللحم والشحم وهو لي طعامًا فليس لي منه خوف ولا ضرر وليس لي إلى عداوته سبيل بعد الأمان الذي جعلت له وبعد إكرامي إيّاه وثنائي عليه عند جندي,,,,,,,,,
424,d5c76dc3-20a8-4b95-8895-86c5cb6e7883,The Lion Believes His Trust and Honor Prevent Betrayal,,وليس عليّ منه خوف وليس لي إلى الغدر به سبيلًا بعد الأمان الذي جعلت له وبعد إكرامي إيّاه وثنائي عليه عند الجند,,,,,,,,,,
425,2d6f26cc-1060-4a60-a5f0-98ab092dd964,The Lion Fears Breaking His Oath to Shatraba,,فإنّي إن غيّرت ذلك وبدّلته جهلت على نفسي وغدرت,فإن غدرت به جهّلت نفسي وغدرت بذمّتي,,,,,,,,,
426,68d1720c-50a2-4e1f-899b-189a6e42f3eb,Dimna Warns Shatraba May Use Others to Plot,,قال دمنة لا تغترّ بقولك هذا هو لي طعام وليس عليّ منه خوف فإن شتربة إن هو لم يستطعك بنفسه احتال لك من قبل غيره,قال له دمنة لا يغرّنك قولك أنّه طعامك وليس إلى غدره سبيل وإنّ الثور وإن لم يقدر لك على مكيدة من نفسه احتال لك فيها من قبل غيره,,,,,,,,,
427,4d4c1783-8572-4401-ab14-82f2354673fd,The Maxim of the Unknown Guest,,وكان يُقال إن أضافك ضيف ساعة وأنت لا تعرف أخلاقه فلا تأمنه أن يصل إليك منه سبب شرّ,وقد قيل إذا أضافك إنسانًا ساعة واحدة وأنت لا تعرفه ولا تعرف أخلاقه فلا تأمنه على نفسك أن يصل إليك منه أو بسببه ضرر كما أصاب القملة من ضيافة البرغوث,,,,,,,,,
428,9442da14-639f-4cb3-a973-b66237e49472,Introducing the Tale of the Louse and the Flea,,كما أصاب القملة,,,,,,,,,,
429,bc3bba5a-d864-4641-8b97-f58862b67d29,The Lion Asks for the Tale of the Louse,,قال الأسد وما أصاب القملة,قال له الأسد وكيف كان ذلك,,,,,,,,,
430,7c411544-8313-4bfe-b59a-5630bd19dc63,The Story Begins: The Louse on the Rich Man's Bed,,قال دمنة زعموا أن قملة لزمت فراش رجل من الأشراف زمانًا فكانت تصيب من دمه وهو نائم وتدبّ عليه دبيبًا رفيقًا فسلمت بذلك,قال له دمنة زعموا أنّ قملة لزمت فراش رجل زمانًا فكانت تصيب منه كلّ يوم قوتها لأنّها كانت تدبّ عليه دبيبًا رفيقًا فأقامت على ذلك زمانًا,,,,,,,,,
431,89c21ba0-9510-4d78-bd2d-19a590dd1069,The Louse Invites a Flea to Stay,,حتًى استضافها برغوث ذات ليلة فقالت القملة للبرغوث بت عندنا هذه الليلة في دم طيّب وعلى فراش ليّن,فاستضافها برغوث ذات ليلة فقالت له القملة بتّ الليلة عندي في مكان طيّب وفراش ليّن,,,,,,,,,
432,3eab8604-a603-45c6-8160-6969dd89ebce,The Flea Bites the Man Sharply,,فأقام البرغوث عندها حتى إذا أوى الرجل إلى فراشه وثب عليه البرغوث فلدغه لدغة شديدة استيقظ الرجل من نومه,فأقام البرغوث عندها حتّى نام الرجل على فراشه فلمّا نام وثب عليه البرغوث فلدغه لدغة شديدة فآلمت الرجل واستيقظ من منامه فزعًا مرعوبًا,,,,,,,,,
433,50a11143-fc67-4ee6-9e0f-28ef5c9b8ef8,The Flea Escapes and the Louse is Killed,,فأمر بفراشه أن يُنظر فيه فنظروا فيه وقد فُقد البرغوث وذهب فلم يجدوا إلا قملة فقتلوها,وأمر زوجته أن تفتّش الإزار الذي كان نائمًا فيه فهرب البرغوث ونجا بنفسه وبقيت القملة فأخذوها وقتلوها,,,,,,,,,
434,a6f8ad42-bd0a-453a-ad05-6480426912af,Dimna Applies the Parable's Moral: The Danger of Bad Company,,وإنّما ضربت لك هذا المثل ليعلم الملك أنّ صاحب الشرّ لا يسلم من شرّه وإن هو ضعف عن ذلك جاء بسببه,وإنّما ضربت لك هذا المثل لتعلم أنّ صاحب الشرّ لا يسلم أحد من شرّه وإن كنت لا تخف من الثور فخف من غيره من جندك الذين قد حملهم على عدواتك وجرّأهم عليك فلا تأمنه ولا تكل أمرك إلى غيرك,,,,,,,,,
435,dd85502a-754d-4088-a0d1-681219d54dfd,Dimna Specifies the Threat from Incited Soldiers,,فإن كنت لا تخاف شتربة خفت غيره من جندك الذين قد حملهم شتربة على عداوتك وجرّأهم عليك,,,,,,,,,,
436,dbefdb42-4f3a-4da4-8095-b929dc1166c0,Dimna Asserts Shatraba Will Not Act Directly,,مع أنّي لو قد عرفت لا يريد مناظرتك ولا تكل أمرك إلى غيرك,,,,,,,,,,
437,f39ff255-6a3b-4964-869e-f6868e8c3efb,The Lion is Convinced by Dimna,,فوقع في نفس الأسد قول دمنة,قال فوقع في قلب الأسد كلام دمنة وعظم ذلك,,,,,,,,,
438,84148699-ad8e-44e1-be4e-62edef119300,The Lion Asks for Dimna's Counsel,,فقال ماذا ترى,فقال له الأسد ماذا ترى وماذا تشير عليّ به,,,,,,,,,
439,9f3e4af1-b9de-4fbe-bb49-3debcd660325,Dimna's Advice: Remove the Threat Like a Bad Tooth,,قال دمنة إنّ صاحب الضرس المأكول لا يزال صاحبه منه في أذى وألم حتّى يفارقه والطعام الذي غثيت منه النفس فالراحة في قذفه والعدوّ المخوف دواؤه فقده,قال له دمنة إنّ صاحب الضرس المأكول المألوم لا يزال صاحبه في أذىً منه حتّى يقلعه وكذلك الطعام الذي تغثا منه النفس فإنّ راحتها في قذفه وكذلك العدوّ المخوف دواؤه,,,,,,,,,
440,09f13f43-5f9f-45e2-be44-383dd787e72b,The Lion Decides to Confront Shatraba,,قال الأسد قد تركتني بشكّ فأنا أكره محاورة شنزبة إيّاي فإني مرسل إليه وذاكر ما وقع في نفسي من أمره ثمّ آمره باللحاق حيث أحبّ,قال الأسد لقد تركتني يا دمنة كارهًا في صحبة الثور لكنّي أرسل له وأذكر له بعض ما وقع في نفسي وآمره باللحوق حيث أراد,,,,,,,,,
441,65748ab5-30c1-46be-9f52-9bdcde58186c,Dimna Fears His Plot Will Be Exposed If They Talk,,فكره ذلك دمنة وعرف إن كلّم شتربة وسمع منه جوابه وعذره عرف باطل ما أتاه به واطّلع على كذبه ولم يخفَ عليه أمره,قال فكره دمنة ذلك منه وعلم أنّ الأسد إن هو كلّم الثور بذلك ربمّا فسد عمله وذهبت حيلته,,,,,,,,,
442,0975ca1b-2c76-44a6-a971-569ae3cf9593,Dimna Advises Against Confronting Shatraba,,فقال دمنة للأسد أمّا إرسالك إلى شتربة ومذاكرتك ما كان من ذنبه فلا أراه حزمًا فلينظر الملك في ذلك فإنّه لا يزال لك الخيار ما دام شتربة لا يشعر أنّ أمره قد وصل,فقال له دمنة ما أرى لك أيّها الملك في ذلك حزمًا ولا رأيًا فإنّه لا يزال من رأيك الخيار ما دام أنّه لا يعلم أنّ أمره قد وصل إليك,,,,,,,,,
443,004cd5e6-98e3-4d11-a7c6-59c72a9116ba,Dimna Warns Confrontation Will Give Shatraba an Advantage,,إليك فإن هو شعر بذلك خفت أن يعاجلك بالمكابرة وإن قاتلك قاتلك مستعدًّا وإن فارقك فارقك فراقًا له عليك فضل وعليك منه عار,فإنّه إن علم بذلك خفيت عليك أنّه يكاسرك بمكيدة أو حيلة فإن قاتلك قاتلك وهو مستعدّ وإن فارقك فارقك وهو مقتدر على ذلك,,,,,,,,,
444,932f25ca-fa72-4815-80b1-bfb79d34b46f,The Maxim of Secret vs. Public Punishment,,مع أنّ ذوي الرأي من الملوك لا يعلنون عقوبة من لم يعلن ذنبه ولكن لكلّ ذنب عندهم عقوبة لذنب السرّ عقوبة <السرّ> ولذنب العلانية عقوبة العلانية,مع أنّ ذوي الرأي من الملوك لا يعملون العقوبة إلّا لمن ظهر ذنبه ولكلّ ذنب عقوبة لذنب السرّ عقوبة ولذنب العلانيّة عقوبة,,,,,,,,,
445,e7b73c89-69ec-4718-92ed-a9b0377b5654,The Lion's Concern About Punishing on Suspicion,,قال الأسد إنّ الملك إذا عاقب أحدًا وأهانه عن ظنّ يظنّه من غير استيقان بجرمه فنفسه عاقب وإيّاها أهان,قال له الأسد إنّ الملك إذا عاقب أحدًا أو أهانه من غير يقين فإنّما عاقب نفسه وأهانها,,,,,,,,,
446,4bd4e757-c694-4c3d-8053-2831b2dd4a9a,Dimna's Advice: Be Prepared for Shatraba's Visit,,قال دمنة أمّا الآن فلا يدخلنّ عليك شتربة إلّا وأنت مستعد لئلّا يصيبنّ منك غرّة,قال دمنة أمّا أنا أشير عليك أن لا تدع الثور يدخل عليك بعد اليوم إلّا وأنت مستعدّ له ولا تريه أنّك قد ارتبت منه,,,,,,,,,
447,2ec59326-8ed1-45ea-8bfd-e02fd8cd47aa,Dimna Describes the Signs of Shatraba's Treachery,,فإنّي لا أحسبك لو قد نظرت إليه حين يدخل عليك إلّا ستعرف أنّه قد همّ بعظيمة ومن علامة ذلك أن ترى لونه متغيّرًا وترى أوصاله ترتعد وتراه يلتفت يمينًا وشمالًا وتراه يهزّ قرنيه كفعل الذي يهمّ بالنطح,فإنّي لا أحسبك إلّا وقد نظرته حين يدخل عليك تعرف أنّه قد همّ بعظيمة ومن علامات ذلك إنّك ترى لونه متغيرًا وأوصاله ترعد وهو يلتفت يمينًا وشمالًا ويهيّء قرنه كأنّه [[يهمّ]],,,,,,,,,
448,b4f164b7-2a46-4d44-98a6-dafe4f011864,The Lion Agrees to Look for the Signs of Betrayal,,قال الأسد سأكون منه على حذر ولئن أنا رأيت منه حين يدخل هذه العلامات التي ذكرت فما في أمره شكّ,قال له سأكون منه على حذر إذا رأيت منه هذه العلامات ولكي أفعل فيه برأيك,,,,,,,,,