unit_order,unit_id,unit_title,R2536,Met-1981.373,A4095,L4044,P3466,R2407,P5881
1,98cc0341-3d81-4a5f-bf79-19731e64dea0,Chapter Title,باب البحث عن أمور دمنة,باب الفحص عن أمر دمنة,باب الفحص عن أمر دمنة,باب الانبحاث عن أمر دمنة,باب الفحص عن أمر دمنة,الباب الثاني وهو باب البحث عن أمر دمنة,باب الفحص عن أمر دمنة
2,59711c22-7b14-41b7-ad76-a1d135c18cda,On Seeking One's Benefit by Others' Harm,,,,,,وهو مثل من يطلب المنفعة لنفسه بضرر غيره ويُهلك البريء بالقذف والكذب,
3,b3602c66-ec2c-4263-9745-f0d0d4c67677,Frame Dialogue,,,,,,,
4,04aed540-9d09-45e8-bfa2-dc8380ee79ce,The Philosopher Shows a Minor Animal to Sow Discord,,,,,,,قال الفيلسوف فكان من صنيع دمنة على صغره وضعفه وهو من أرذل السباع وأخبثها وأدبرها وكان ممّن شأنه ما قد سمعته وما صنع وما طرح بين الأسد والثور وما شعث بينهما حتّى وثب كلّ واحد منهما على صاحبه حتّى قطع ودّهما
5,9c13a18e-cc49-482e-bc05-d06605c3b8c6,Dimna's Deed Makes the Intelligent Reflect,,,,,,,وصنع العجائب بينهما ما تذهل عنه العقول [وذوي] *والألباب وفيه عبرة لذوي العقول في *الاتقاء لأهل النميمة والنظر فيما يوردون من تعبهم ومكرهم وسعايتهم
6,e39b3279-de87-41be-91ad-0f51daad806a,The Intelligent Must Verify Statements,,,,,,,فذووا الألباب حقيقون أن يتحفّظوا عن الأشياء المذمومة ثمّ لا يقدموا على شيء من أقاويلهم إلّا بعد التثبّت والنظر ويرفضوا من عرفهم على مثل ذلك من أهل السعاية والنميمة فإنّه من أحزم الرأي وأسعد السعادة وأحمد في عواقب الأمور
7,e3323699-ba55-4cfd-8a70-32784de2101a,The King Asks about Dimna's Fate,قال الملك للفيلسوف قد فهمت هذا المثل عن الواشي المحتال [[هذا المثل عن]] حيث أفسد اليقين بالشبهة حتّى أزال المودّة وجعل مكانها العداوة والبغضاء حتّى ما كان من أمر دمنة بالاعتذار حين أمر الأسد بقتله,قال الملك للفيلسوف قد فهمت كلامك فأخبرني ما كان من اعتذار دمنة [[حتّى]] {حين} أمر الأسد بقتله,قال ديشلم ملك الهند *لبيدبا الفيلسوف قد سمعت خبر الواشي المحتال الماهر بالخلابة كيف يفسد بتشبّهه وتلبيسه الودّ الثابت بين المتحابّين فأخبرني إلى ما آل إليه أمره وما كانت عاقبته,قال الملك للعالم قد سمعت حديثك عن الواشي المختال الماهر بالخلابة كيف أفسد النفس بالشبهة حتّى أزال المودّة وأدخل مكانها العداوة فحدّثني ما كان من معذرة دمنة للأسد وجنوده حتّى راجع الأسد رأيه في أمر الثور وأدخل التهمة على دمنة وأمر به أن يُقتل شرّ قتلة وكيف اطّلع على عدوّه وما كان حجّته التي أدلى بها,قال ديشلم الملك لبيدنا الفيلسوف رأس الفلاسفة قد حدّثتني عن الواشي الماهر بالخلابة وكيف يفسد الودّ بين المتحابّين فحدّثني إن رأيت ما قال دمنة بعد قتل شتربة وما كان عذره إلى ما صار إليه دمنة,قال ديسلم الملك لتنديا الفيلسوف قد حدّثتني عن الفاجر الماكر الغادر كيف يفسد بالنميمة والمكر الودّ الثابت بين المتحابّين فحدّثني ما يؤول إليه أمر الواشي بينهما إذا اتضّح سعيه بالباطل,قال ديشلم لبيدبا رأس الفلاسفة أخبرني عن الواشي المحتال الماهر في الخيانة كيف يفسد الودّ الثابت بين المتحابّين وحدّثني كيف كان غدر دمنة للأسد حتّى قتل الثور وما كانت حجّته عنده إلى ما صار إليه أمره وكيف اطّلع على فعله وسوء تدبيره وحيله ومكره
8,a3a8e80d-f7ff-4d90-8295-174ceff072d0,The Philosopher Mentions Dimna's Trial Parable,,,,,,قال الفيلسوف إنّ الفاجر الغادر الساعي بالنميمة والكذب تكون عاقبة أمره إلى ما يكره ومن أمثال ذلك ما كان من دمنة بعد قتل شتربه وندامة الأسد عليه وحين راجع رأيه ونظر في أمره واطّلاعه على غدره وما كان حجّته ومناظرته,
9,d71b9861-5fbe-42af-916f-ad8e72329ede,The King Requests the Parable,,,,,,قال الملك وكيف كان ذلك,
10,da6355bd-d16b-4829-bb87-0e8d4bf621bc,The Philosopher's Answer About the King's Killing,قال الفيلسوف أيّها الملك بلغنا أنّ الأسد لمّا قتل شتربة ومرّ لذلك أيّام ندم على معالجته إيّاه بالقتل وكان يطيل مسامرة أصحابه عليه ليستسلي عن غمّه,قال الفيلسوف بلغنا أنّ الأسد لمّا قتل شتربة ومرّ عليه أيّام ندم على معاجلته إيّاه بالقتل وكان يطيل مسامرة أصحابه,قال بيدبا إنّا وجدنا في الكتب أنّ الأسد لمّا قتل شتربه ومرّ لذلك أيّامٍ,قال الفيلسوف وجدنا في الأحاديث أنّ الأسد لمّا قتل الثور ندم على معاجلته إيّاه وذكر حرمته وصحبته وكان يطيل مسامرة أصحابه ليقطع عن نفسه بحديثهم بعض ما دخله من الحزن والكآبة,قال بيدنا إنّا وجدنا في كُتُب دمنة واعتذاره أنّه لمّا قتل شتربة كان الأسد يطلب منادمة أصحابه ليقطع بذلك عنه بعض همّه,قال الفيلسوف إنّ الأسد لمّا قتل شتربه ندم على قتله وذكر صحبته وعقله وحسن رأيه وخدمته لكونه كان من جملة أصحابه وقريبًا منه,قال إنّه لمّا قتل الأسد الثور ندم على قتله وعلى عجلته في أمره وتذكّر خدمته له ونصيحته إيّاه وما كان يطيل حديثه مع أصحابه ليقطع عنه ما يداخله من الحزن والكآبة على قتل الثور
11,689b67bf-5bc3-4708-ab4b-d05d317e532e,Narrative Transition from Lo,,,,,,,
12,14bd21cf-184a-4153-b4d0-2473fc07a9c3,A Leopard Was the Lion's Confidant,وكان من جنود الأسد وقرابته نمر كان من أكرم أصحابه عليه وأخصّهم به,فلمّا كان ذات ليلة خرج النمر وكان معلّم الأسد وأمينه,خرج النمر ذات يومٍ وكان يُدعى المعجب الوشي وكان معلّم الأسد وأمينه وموضع سرّه,فكان من قرابة الأسد نمر كان من أكرم أصحابه عليه وأخصّهم عندهم منزلة وأطولهم به خلوة في الليل والنهار [النمر] وأنّه أمسى ذات ليلة عند الأسد بعد قتل الثور,وأنّه خرج ذات ليلة من عند الأسد نمر يُدعى معجب الوشي وكان معلّم الأسد وخاصّته وموضع سرّه متوجّهًا إلى منزله,وكان أيضًا من جُملة أصحاب الأسد وخاصٌّ عنده نمرٌ وكان أمّنه على جميع أسراره وكافّة أحواله ومقبول الكلمة عنده,قال وكان من جنود الأسد ووزرائه نمر وكان من أكرم أصحابه عنده وأطولهم به خلوة وكان لا يفارقه ليلًا ولا نهارًا وكان معلّم الأسد
13,bc29461d-2802-4e07-9d77-02a4da544851,The Leopard Overhears Kalila Chastising Dimna,فخرج النمر ذات ليلة يطلب قبسًا من بيت كليلة ودمنة يعاذله على غدره ونميمته ويفتّح له سوء رأيه وصنيعه فيما ارتكب من شتربة في غير ذنب أتاه إليه,يطلب قبسًا من بيت كليلة فلمّا انتهى إلى الباب إذا هو بكليلة يعاتب دمنة ويعذله على سوء رأيه وصنعه في أمر شتربة من غير ذنب *أسداه إليه,يطلب قبسًا فاضطرّته السماء منزل كليلة ودمنة فلمّا انتهى إلى الباب سمع كليلة يعاتب دمنة ويلومه على سوء رأيه وصنيعته وما ارتكب من شتربه في غير ذنبٍ أتاه إليه,وانصرف ممسيًا إلى منزله فمرّ على مسكن كليلة ودمنة وكانا مترافقين في بيت واحد فسمع كليلة موبّخًا لدمنة فيما كان منه من الغدر والمكر مذكّرًا له نهيه إيّاه وعصيان دمنة له فسمع النمر كلامهما كلّه,فاضطرّ به المساء فتوجّه إلى بيت كليلة ودمنة الذي كانا فيه وكان على طريقه فلمّا انتهى <إلى> الباب سمع كليلة يعاتب دمنة ويلومه فيما أفسد بين الأسد والثور,فلمّا كان بعض الأيّام مشى النمر لعند الأسد بعد قتله الثور وندامته عليه وعاد النمر إلى منزله آخر وقتٍ فاجتاز على منزل كليله ودمنة عنده فلمّا انتهى إلى الباب سمع كليله يعاتب دمنة ويلومه على إقدامه بالنميمة والكذب,فخرج [[الأسد]] النمر ذات ليلة متوجّهًا إلى منزله فاضطرّه المشي إلى بيت كليلة ودمنة وكان البيت على طريقه فلمّا انتهى النمر إلى الباب سمع كليلة يعاتب دمنة ويعذله في فساده بين الأسد والثور
14,129d2084-7401-498c-b30f-d83271f8f7c1,Kalila Predicts Dimna's Doom,ويعلمه أنّه غير ناجٍ من الأسد,ويعلمه أنّه غير ناج من الأسد وأنّه لا بدّ أن يطّلع على ما كان من نميمته وكذبه وأنّه معاقبه ومهلكه,وكان في بعض قوله إنّ الذي أتيت من النميمة والخلابة سيظهر للأسد ويطّلع طلعه بعد اليوم ولست بناجٍ منه إلّا بأكثر ممّا يُعاقب به أهل الذنوب,,وقال في بعض قوله يا دمنة إنّ الذي أتيت من النميمة والخلابة سيظهر للأسد ويطّلع عليه ولست بناج منه يا دمنة إلّا بأشدّ ما يعاونوه أهل الذنوب,,وقول كليلة في بعض كلامه إنّ الذي أتيت من هذه النميمة والسعاية لا بدّ أن يظهر إلى الأسد ويطّلع عليها فإذا اطّلع عليها فلست بناج بل تعاقب بأكثر ممّا تعاقبه أهل الذنوب
15,4d212005-0002-4b72-92c5-c7449655b7c9,Kalila's Accusation of Dimna,وأنّه لا بدّ أن يطّلع على ما كان منه فلا يبقى له عاذل ولا ناصر وأنّه معاقبه ومهلكه,,,وكان ممّا قال كليلة لدمنة قد ركبت أمرًا عظيمًا قبيحًا ودخلت من الغدر مدخلًا ضيّقًا وخنت الأسد خيانة عظيمة توشك عواقبها أن تصرعك وينكشف أمرك فلا يبقى لك من السباع عاذر ولا ناصر بل تجتمع عليك كلمتهم بالهلاك والقتل,,وكان فيما قال له إنّك قد ارتكبت ذنبًا عظيمًا ودخلت مدخلًا ضيّقًا وجنيت على نفسك جنايةً عظيمةً وعاقبتها وخيمةً إذا اطّلع الأسد على أمرك وانكشف له غدرك فلا يبقى لك في السباع عاذر ولا ناصرٌ وجميعهم عليك بالتلاف والقتل مخافةً من شرّك وحذرًا من غوائلك,
16,3fa1fa75-9b2d-49f3-a4b9-baccc203cb90,Betrayals Lead to Perdition,,,,,,,
17,8ec6a2f5-7c92-42b9-8b08-01c8a70583ed,Kalila Rejects Dimna as Friend,,,ولست إنّما أيضًا فيما بعد اليوم متّخذك خليلًا ولا مفشٍ إليك سرًّا ولا مقاربك في شيءٍ,ولا أرى مقاربتك ولا مشاركتك رأيًا,ولست أنا أيضًا بمتّخذك بعد اليوم خلًّا ولا مفش إليك سرًّا ولا مساكنك في منزل,وأمّا أنا !فليس اليوم متّخذك خليلٌ ولا مفضي إليك سرًّا,ولست أدري بعد هذا اليوم هل هو متّخذك خليلًا ولا مفشي إليك سرًّا ولا مساكنك في [في] بيت
18,cd746141-8824-4bff-bdb2-29e060a27738,One Must Avoid Bad People,,,كان العلماء قد قالوا تباعد ممّن لا رغبة له في الصلاح وإنّما عمله النميمة *والخِلابة,,,فإنّ العلماء قد قالوا تباعد عمّا لا رغبةً له في الخير,فإنّ العلماء قد قالوا باعدْ من لا رغبة له في السرّ والصلاح
19,9dee46b2-7728-4ad5-8ded-b7c24c255e49,Dimna is Evil and to Be Shunned,,,,,,وأنا جديرٌ بمباعدتك فألتمس الخلاص لي ولك ممّا قد أثّر في نفس الأسد من هذا الأمر,وأنت يا دمنة إنّما عملك النميمة والفساد والسعاية والغيبة وأنا جدير بمباعدتك فإنّ سعيك ليس في شيء ممّا يعرف بالخير والصلاح ولكنّه من النميمة والفساد
20,2bd0f311-09ae-42fc-ba82-2a09d39d9970,Kalila Accuses Dimna of Causing the Ox's Killing,,,وكذلك حملت الملك على خليله البريء الرفيق العالم شتربه ولم تزل به حتّى اتّهمه فقتله,,لِما حملت سيّدنا على خليله البريء العالم الرفيق شتربة ولم تزل به حتّى اتّهمه فقتله,,وبذلك حملت سيّدنا الملك على قتل خليله الناصح الشفيق العالم الزكيّ الحكيم الوفيّ فلم تزل تدور حوله حتّى اتّهمه وقتله
21,8e1a4eb1-eaf2-4e67-b3c7-fa2c439e4fe4,Dimna Admits His Guilt,فقال دمنة لكليلة قد وقع من الأمر ما وقع فدعْ تضييق الأمور عليّ وعلى نفسك واعمل في التغيير عن موقع الأثم في نفس الأسد وأمّا أنا فقد كرهت ما كان منّي ولكن الحسد والخوض والشره حمّلوني عليه,,,قال دمنة قد وقع من الأمر ما لا مردّ له فدع أيّها الأخ تضييق الأمور عليّ وعلى نفسك واعمل في تغييب ما قرّ في نفس الأسد منه ولعمري ما أنا الرأيَ فيما سلف منّي بحامد ولكنّ الحرص والحسد حملاني على ما صنعت,,قال دمنة فلعمري ما أنا *برادٍّ ما سلف منّي لكنّ الحرص والحسد حملاني على ما فرط منّي,
22,85da4a21-adb7-43e9-9fe6-24c1a6568442,The Leopard Confides in the Lion's Mother,فلمّا سمع النمر من كلامهما انصرف إلى أمّ الأسد فدخل عليها في بيتها فحدّثها بعد أن أخذ عليها العهود والمواثيق ألّا تفشيه عنه إلى أحدٍ,فلمّا سمع ذلك انصرف فدخل على أمّ الأسد فحدّثها به,فلمّا سمع النمر قول كليلة رجع فدخل على أمّ الأسد فحدّثها الحديث الذي سمع كلّه,فلمّا سمع النمر ذلك من كلامهما انصرف فدخل على أمّ الأسد وأخذ عليها العهود والمواثيق أن لا تفشي بشيء من ذلك فجعلت له ذلك فأخبرها بما سمع من كليلة وإقرار دمنة,فلمّا سمع النمر قول كليلة رجع فدخل على أمّ الأسد فحدّثها الحديث كلّه بما سمع,فلمّا سمع النمر من كلامهما انصرف ودخل على أمّ الأسد وأخد منها عهدًا أنّها لا تفشي ما يُسرّ إليها فعاهدته على ذلك فأخبرها بما سمع من كليله وإقرار دمنة,قال فلمّا سمع النمر ذلك منهما رجع من ساعته فدخل على أمّ الأسد وأخبرها بالحديث الذي سمعه على جهته
23,ba62e8af-4004-4133-8db4-7c582f7351a1,Scene 1: The Lion and His Mother,,,,,,,
24,1c9b3d00-5821-4630-be40-9209b21b4f5d,The Mother Goes to the Lion and Finds Him Sad,فانطلقت أمّ الأسد حتّى أصبحت حتّى دخلت على ابنها فرأته كئيبًا حزينًا فلمّا *عاينـت ذلك منه عرفت أنّ ذلك ليس إلّا لقتل شتربة,فانطلقت حتّى أتت ابنها فرأته حزينًا كئيبًا فلمّا عاينت ذلك منه عرفت أنّ ذلك ليس إلّا على شتربة,فلما أصبحت انطلقت إلى ابنها فرأته حزينًا كئيبًا فلما عاينت ذلك منه عرفت أنّه ليس إلّا على شترية,فلمّا أصبحت دخلت على الأسد فوجدته مكتئبًا حزينًا لما قد فرط منه في أمر الثور,فلمّا أصبحت أمّ الأسد دخلت على الأسد فلمّا رأت شدّة حزنه على شتربة,فلمّا أصبحت أمّ الأسد دخلت عليه فوجدته كئيبًا حزينًا,فلمّا أصبحت أمّ الأسد دخلت على ولدها فلمّا رأت شدّة حزنه على الثور
25,c972a4f3-117f-47ab-80e7-af92d9632d74,The Mother Praises the Lion's Wisdom and Knowledge,,,,,,,قالت له قد جعل الله الملك كثير الحلم قليل الغضب عظيم العلم يبصر من الأمور ما لا يبصره سائر الناس
26,a22f4bae-4c27-4627-8d12-2e630c2bca85,The Mother Asks About the Cause of Grief,,,,فقالت ما يحزنك فقال,قالت يا سيّد السباع ما هذا الحزن الذي قد أخذ منك وغلب عليك,فقالت له ما هذا الغمّ الذي غلب عليك وأحزنك,فما لي أراك حزينًا مهمومًا
27,d79e7f66-8438-46e0-b07d-2c0159ad4758,The Mother Says Grief is Weakening,فقالت له إنّ الهمّ والحزن لا يردّان عليك شيئًا وهما يُنحلان الجسم ويفسدانه ويذهبان العقل ويضعفان القوّة,فقالت إنّ الأسف والهمّ لا يردّان شيئًا وهما يُنحلان الجسم ويذهبان القوّة ويضعفانهما,فقالت إنّ الأسف والهمّ لا يزيدان شيئًا وهما يُنحلان الجسم ويذهبان العقل ويضعفان القوّة,,,,
28,329141b6-4b9d-4bfa-acd0-26ef881801f9,The Mother Criticizes Lion's Grieving,فأعلمنى ما شأنك فإن كان ممّا ينبغي أن تحزن عليه فليس لأحدٍ أن يخلو من ذلك وإن كان إنّما هو لقتلك شتربة فقد تبيّن لنا ولك أنّك ركبت ذلك منه ظلمًا عن غير جرمٍ ولا ذنبٍ ولا مخالفةٍ ولو كنت حين ما بلغك عنه ملكت غيظك وفكّرت في أمره وفتّشت وقست بما له فى نفسك دليلًا ومعتبرًا,فأعلمني ما شأنك فإن كان ممّا ينبغي لك أن تحزن له فلست ولا أحدًا من جندك يخلو من ذلك وإن كان إنّما هو لقتلك شتربة فقد استبان لك ولنا أنّك ركبت ذلك منه ظلمًا على غير ذنب ولا جرم ولا غشّ ولا مخالفة ولو كنت فكّرت في أمره وقست ما له في نفسك كان في ذلك معتبرًا,فأعلمني شأنك فإن كان ممّا ينبغي لك أن تحزن له وتحيل عنه فلست ولا أحدًا من جندك يخلو من ذلك وإن كان إنّما هو لقتل شتربه فقد استبان لنا ولك أنّك ركبت ذلك منه ظلمًا على غير جرمٍ ولا غشٍّ ولا حدثٍ فلو كنت فكّرت في أمره وقست ما لك في نفسه لما تجد في نفسك له لكان في ذلك معتبرٌ,,,,
29,363de435-dce7-4efd-a704-e8ab982a615f,The Mother Asks About the Lion's Feelings and Heart,,,,,,,إن كنتَ لك من ذلك فرحًا لم ينبغي لك أن تحزن وإن لم يكن ذلك فاعلم أنّ قلبك يشهد لك أنّ عملك الذي عملته لم يكن صوابًا ولا عدلًا
30,7934c36b-c006-4559-960a-f4039d9a0120,Love and Hate Are Reciprocal,فإنّه يقال إنّ امرءًا لن يودّه أحد ولن يبغضه إلّا وجد له في نفسه مثل ذلك,فإنّه يُقال إنّ الرجل لا يودّ أحدًا ولا يبغض أحدًا أو يبغضه إلّا وجد له قبل قلبه مثل ما عنده بعينه والله أعلم,فإنّه يُقال امرءًا لا يودّ أحدًا ولا يبغضه إلّا وجد له في نفسه مثل ذلك,,,,فإنّ العلماء قالوا إذا أردت أن تعلم عدوّك من صديقك ففكّر في نفسك وانظر في منزلته منك وموضع حاله في نفسك فإن لم يكن قلبك له سليمًا فاعلم أيضًا أنّه له مثل ذلك ولو هلك على يديك
31,2c9b1bf2-5c34-4803-b332-a7a0103ef70a,Dead Foes Need Not Be Mourned,,,,,,,ومن كان بهذه المنزلة من أعدائك ما كان ينبغي لك أن تحزن عليه ولم تندم على هلاكه
32,d433c505-90b9-435b-9500-0fa0678a7607,The Mother Asks About the Lion's Feelings Toward the Ox,فاعلمني كيف كانت نفسك له قبل قتله وبعده,,فأعلمني هل ترى ضميرك يشهد أنّ الذي فعلت شترية كان على حقدًا أو عداوةً,,,,فانظر الآن بعقلك وابحث عن ذات نفسك هل ترى ضميرك يشهد لك بذلك إنّ الذي فعلته بالثور كان من محبّته لك فعلت ذلك به أو من عداوته
33,44471f0b-cb9b-491b-b330-9dee74047cf7,Killed Enemies Need Not Be Mourned,,,فإن كان كذلك فهو لك عدوّ وقد أظفرك الله به وأراحك منه فدع الحزن عليه والتأسّف لفراقه فإنّ العداوة لا تُستقال,,,,فإنّ الضمير بذلك على ذلك منه فإن كان لك عدوًّا في حياته ثمّ أمكنك الله منه فأهلكته فليس ينبغي لك أن تحزن عليه بل ينبغي لك أن تفرح بهلاكه فإنّ العدوّ أهل أن نفرح بموته
34,15aea02a-d0ab-4aca-8b27-25ed2eff6b12,Grieve Is Justified if the Lion Remembers the Ox Fondly,,,وإن كان قلبك لا يشهد بعداوته ولا يذكر منه حقدًا ولا مخالفةً لك فأنت حريٌّ بالحزن عليه,,,,فإذا رأيت ضميرك لا يشهد لك بعداوة الثور ولا تزال تذكر منه <لا> غدرًا ولا عدواة ولا مكرًا فقد أخطأت فيما صنعت من أمره
35,96446b23-2849-4ac6-bde4-a68ecc425e6b,The Ox Was Loyal,,,,,,,لأنّك تعلم أنّ الثور كان لك ناصحًا وفيك محبًّا وعليك مشفقًا ولسرّك كاتمًا ولم أقل لك ذلك إلّا لأنّك تنظر إلى الأمور بعلمك وعقلك وحسّ بصيرتك
36,e1295b4c-254c-475b-a9b3-5b6bade98c58,The Lion Misses the Ox and Regrets Killing Him,,,,يحزنني قتل الثور وتذكّرت صحبته ومواظبته كانت معي وما كنت أستمتع به من رأيه وأسكن إليه من مشورته ونصيحته,قال لها حزنت على عقل شتربة وكلّما تذكّرت صحبته ومواظبته عليّ وما كنت أسمع من مؤامرته وأسكن إليه في مشاورته وأقبل من مناصحته ندمت على قتله,فقال لها كلّ ذلك أسفًا على ما فرّطت في أمر شتربه وقتله وكلّما تذكّرت حُسن صحبته وحديثه وخدمته ومناصحته وما كنت أسمع منه من رأيه وعشرته,
37,aaf998ca-a765-4b9b-8f81-6385add59b60,The Lion Reflects about the Ox,فقال الأسد لأمّه لقد أكثرت التفكّر في أمر الثور وحرصت أن أقف على ذنبٍ أو جرمٍ أقوّى به همّتي فلم أجده,,,قال الأسد لقد أكثرت التفكّر في ذلك وحرصت على التجنّي عن الثور بعد قتلي إيّاه وعلى أن أغضب به ذنبًا واحدًا فيما بيني وبينه أقوّي به تهمتي إيّاه فما تزداد تهمتي إيّاه ولا يزداد ظنّي به في تردادي إلّا حسنًا,,قال الأسد لقد أكثرت في أمر الثور فكري وحرصت على قتلي له تجنّي أن أصيب له ذنبًا واحدًا فيما بيني وبينه أتقوّى به على سلوته وأُعزّي نفسي عنه فلم أجدْ,فقال الأسد لأمّه قد فتّشت ذات نفسي فوجدتني منذ عرفت الثور لم أزلْ إلى اليوم محبًّا له
38,fe86258c-1b19-423b-952a-15d65a6d51ba,The Lion Finds no Fault with the Ox,وما زلت لشتربة سليم الصدر واثقًا به معجبًا برأيه آخذًا عنه مسترسلًا إليه وما أنكرت من نفسي له قبل قتله ولا بعده,قال الأسد ما زلت لشتربة سليم الصدر معجبًا برأيه آخذًا منه {آمنًا} إليه وما أنكرت في نفسي له شيئًا قبل قتله ولا بعده,فقال الأسد ما زلت لشتريه سليم الصدر واثقًا به معجبًا برأيه محبًّا له مسترسلًا إليه وقد دخل عليّ لقتله همّ شديد وما أنكرت من نفسي شيئًا قبل قتله ولا بعده,ولست أتذكّر منه شراسة خلق أقول حملته على أنّه حسدني ولا بغضًا أتّهمه في طلب مغالبتي ولا أتذكّر منه إليّ سببًا أرى أنّه دعاه إلى مغالبتي,,ولست أتذكّر منه سوء أدبٍ ولا شراسة خُلقٍ ولا أمرًا شيْنًا أقول ذلك دعاه إلى عداوتي,
39,93d7c29d-bba0-4556-9b6b-91b2f47500dc,The Lion's Remorse for Killing the Ox,وإنّي لندمت على ما كان منّي *متلهّف عليه ومتوّجع له,{وإنّي} لنادم على ما كان منّي ومتلهّف له ومتوجّع,وإنّي لنادمٌ على ما كان منّي متلهّفٌ له موجعٌ,,,,وقد دخل عليّ من قتلي له همًّا وغمًّا عظيمًا وحزنًا شديدًا
40,08543d58-9920-4725-805c-a6e29cdf3af9,Self-Accusation is the Most Damning,,,,قالت له إنّ أقنع ما شهد على امرئ نفسه,قالت أمّ الأسد إنّ أشدّ شيئًا شهادة المرء على نفسه وأصدق عدلًا شهادة القلب,قالت أمّ الأسد ما مرّ على نفسي أمره هذا,
41,232a3bc7-0488-4200-8629-e4338dac63de,Killing the Ox Was Wrong,,,,وهذا من قولك دليل على أنّ قلبك شاهد بأنّك قد أقدمت على الثور بغير علم ولا وضح يقين بذلك,وكيف أقدمت على قتل الثور بغير علم ولا يقين إنّ هذا من أشدّ الخطأ,وعجبت من وهن رأيك إذ قدمت على الثور بغير علمٍ ولا وُضح يقين فاعلم أنّ ذلك كان خطأ كلّه,
42,85c28d6b-61d2-46b3-967c-d6d0f504f933,Haste is the Worst Mistake,,,,واعلم أنّ رأس الخطأ العجلة,,,
43,e2dc2090-65d0-4663-a43f-8008dbf0c24c,The Mother Alludes to Her Secret Knowledge,,,,قالت أمّ الأسد بلغني أمر استُكتمته ولولا ما قالت العلماء ممّا في إذاعة السرّ من العيب لذكرته لك,ولولا ما قالت العلماء في إذاعة الأشرار وكراهة ما فيه من الإثم والشنار لذكرت لك وأخبرتك بما علمت من أمر شتربة,قالت أمّ الأسد قد بلغني خبرًا استُمسكته ولولا ما قالت العلماء إنّ إذاعة السرّ من الإثم والشرّ لذكرته لك وأخبرتك به,قالت له أمّه افعلْ ما أمرتك به وثقْ بقولي واطمئنّ إليّ فإنّي مخبرك بالذي أخبرني ذلك وأطلعني على السرّ حتّى عرفته
44,d1d93706-c9dd-4f35-a1ea-c07e59e393cd,The Lion Should Have Controlled Himself,,,,فلو كنت حين بلغك عن الثور ما بلغك كففت نفسك وملكت سورة غضبك ثمّ عرضت ما بلغك عنه على قلبك بحفظ نظر لاكتفيت بقلبك دليلًا على صدق ما أتاك عنه وكذبه *لأن القلوب تتكافأ فيما بينهما,,ولو كنت حين بلغك عنه ما بلغك تثبّتت قلبك بحسن رأيٍ ونظرٍ وكففت *سورة *غيظك لاكتفيت مواقع أمره,
45,298b7c4d-3b25-48f1-a086-f28807c8f0c7,The Lion Should Evaluate His Feelings after the Ox's Death,,,,فقسْ أمرك وأمر الثور بموقع أمره كأنّ نفسك في حياته وموقعه,,,
46,b314e976-1410-4f38-a7f9-a203faa26fda,The Lion Wants to Conduct an Investigation,,,,وإنّي لأحبّ أن أفحص عن أمره وأبالغ في الفحص عن شأنه,,وإنّي أحبّ أن أفحص عن أمره فحصًا شافيًا,فالآن علمت أنّ كثرة البحث والفحص تظهران الحقّ وتبطلان الباطل
47,8ab60da8-60c4-43d1-bc82-9839cb9b3d6e,The Lion Seeks an Evaluation of His Action,,,,وإن كنت أعرف أنّ ذلك غير مصلح ما فرط منّي في أمره ولكنّي أحبّ أن أعرف موقفي الذي أنا عليه فيما صنعت من الخطأ والصواب,,,
48,685cf021-8ae7-4ebd-aa4e-1cd1d5ea2206,The Lion Finds the Ox's Innocence Hard to Bear,وما يشكل عليّ الرأي أنّه كان <بريـئـًّا> ممّا لطّخ به صحيح الأديم غير متّهم,وما أشكل عليّ الرأي أنّه كان بريئًا ممّا لُطّخ به صحيح المودّة غير متّهم,وما أشكل عليّ الرأي أنّه بريء ممّا لُطّخ له غير مُتّهمٍ,,,,
49,70a02d1b-a46f-4697-a458-0c969085484e,The Lion Feels Misguided by a Schemer,ولكنّه حملني على ما صنعتُ به الفاجر الرجس دمنة بنميمته ومكره وذكره للكلام الكاذب الذي لم يكن الثور خليقًا به ولا جديرًا,ولكن حملني على ما صنعت الخبيث الفاجر دمنة بنميمته وذكر فيه الكلام الكاذب الذي لم يكن شتربة خليقًا به ولا حريًّا,ولكن لتحميل الأشرار وبغيهم وزخرفتهم الكلام الكاذب,,,,وقد بان لي بقولك أنّي لم أقتل الثور بذنب أذنبه إليّ ولكن قتلته بتحمّل الأشرار وبغيهم ولم أسمع من أحدهم مثل مقالتك هذه
50,377b447e-7f2c-4612-9939-96387c48e771,The Lion Asks Whether His Mother Has Any News,ولكنّه أعلميني هل بلغك شئ أو سمعتيه أو حدّثك به أحد,ولكن أعلميني يا أمّاه هل سمعت شيئًا أو حدّثك أحد بشيء,ولكن أعلميني هل سمعت شيئًا أو حدّثك به أحدًا فإنّه,فأخبريني هل سمعت شيئًا,,,فأخبريني الآن من ذكر لك ذلك وممّن سمعته
51,e427d1f7-d860-4880-a6f1-f2f80b741911,Keeping Secrets is Praiseworthy,,,,,,,اعلمْ أبقاك الله أنّ العلماء قد قالوا إنّ أحمد الناس عاقبة في الدنيا والآخرة أكتمهم للأسرار
52,dc518a9e-3562-415f-a5ff-e50fb5140580,Scholars Say Various Things,,,,قال الأسد إنّ لأقوال العلماء وجوهًا كثيرة ومعاني مختلفة وأحوالًا ينصرف فيها لذوي العقول العمل ببعضها في حال والترك للعمل بها في حال,قال الأسد إنّ أقوال العلماء لها وجوه كثيرة ومعان مختلفة وإنّي لأعلم صواب ما تقولين,قال الأسد إنّ أقوال الحكماء كثيرة ومعانيها مختلفة,قال لها الأسد قول العلماء على أمور كثيرة وليس قولهم في كلّ خبر وفي كلّ أمر نصيحة يُعمل بها
53,356bc15c-7483-4ac1-b9be-afcd84b65395,Leaving Crimes Unreported Leads to Harm,,,,,,,فإنّهم قالوا من اطّلع على ذنب المذنبين فكتمه السلطان ولم يعاقبوا بذنوبهم ولم يُدانوا بها عوقب بها يوم القيامة الذي كتمها مع الذي عمل بها
54,401d0899-9f9d-48ca-a828-2003e9811584,It is Immoral not to Report Crimes,,,,وقد قالت العلماء الكتمان على أهل الريبة والتغييب عنهم شعبة من الريبة وسبيل من الإساءة,,وقد قالت العلماء إنّ الكتمان على أهل الرتبة والبحث عنهم سعةٌ من الريبة وسبيلٌ من الإساءة,
55,cf928fd4-c4ab-46ed-933c-c40bfee19919,The Lion Asks for His Mother's Secret,,,,,فإذا كان عندك سرّ فلا تطويه عنّي وإن كان أسرّ إليك أحد سرًّا فأخبريني به وأطلعيني على جملة الأمر فإن كان صالحًا حمدتك وإن كان مذمومًا عذرتك,,
56,34e1fcfc-76ce-4a26-b927-2e13912ce51c,The Lion Does Not Insist on Knowing His Mother's Source,,,,فإذا رأيت أن لا تخبريني باسم المسرّ إليك وتفسير ما أسرّ فأخبريني بجملة الأمر,وإن أنت لم تؤثري أن تخبريني باسم المسرّ إليك فأخبريني بجملة القول,,
57,17077dc8-cf81-4e9f-ad18-3aa8c5df66a7,Accounts Must Be Confirmed by a Trusted Source,فإنّه إذا كان الرأي موافقًا لأخبار الموثوق به وكان أشدّ للبصيرة وأبلج للصدر وأحرى أن يقدم المرء على غير !يقين,فإنّه إذا وافق الرأي الأخبار كان أشدّ للبصر وأثلج للفؤاد وأحرى أن يقدّم على غيره,إذا كان الرأي موافقًا لإخبار الموثوق به كان أسدّ البصيرة أبلج الصدر وأحرى أن يقدّم المرء يده على *غير الشبهة والشكّ,,,,
58,127b7427-54c0-4754-acf7-b84c68bc0969,The Mother's Source Attributes Dimna's Act to Envy of the Ox,قالت أمّ الأسد حدّثني الصديق الأمين غير المتّهم أنّ دمنة لم يركب من شتربة الذي ركب من تحصيله إيّاك عليه إلّا بحسده إيّاه على منزلته منك ومكانه عندك,فقالت أمّ الأسد حدّثني الصادق الأمين أنّ دمنة لم يرتكب من شتربة ما ارتكب من تحميله إيّاك عليه إلّا لحسده إيّاه ولكونه قريبًا ذا مكانة منك,فقالت أمّ الأسد حدّثني الأمين الصدوق عندك أنّ دمنة لم يركب من شتربه الذي ركب من تحميله إيّاك عليه إلّا لحسده إيّاه على منزلته منك ومكانه عندك,,,,
59,e3f48d25-5bb6-4e6d-82b4-17d9c7665880,Lion Asks for Source but Mother Wants to Keep It Secret,قال الأسد من أخبرك بذلك قالت أمّ الأسد إنّ الذي أخبرني استكتمني والمستكتم مؤتمن,فقال الأسد من خبّرك بذلك فقالت أمّ الأسد إنّه قد استكتمني والمستكتم مؤتمن,فقال الأسد ومن خبّرك بهذا فقالت أمّ الأسد قد استحفظنيه والمستكتمُ مُؤتمنٌ,,,,
60,58f2421b-ee64-4614-8f84-53f2811e598e,Sharing Entrusted Secrets Betrays Trust,ومن أفشى سرًّا أُستودعه فقد خان أمانته ومن فعل ذلك فهو بشرّ المنازل ولا يعود أحد يفشي إليه سرًّا,ومن أفشى سرًّا اُستودعه فقد خان أمانته ومن فعل ذلك فهو بأشرّ المنازل في المعاد,ومن أفشى سرًّا استودعه فقد خان أمانته ومن فعل ذلك كان بشرِّ المنازل في المعاد,,,,
61,3db17698-e166-4927-b464-2e9f80a588b0,Divulging Secrets Is a Punishable Sin,,,,,قالت أمّ الأسد إنّي لم أجهل قول العلماء في تعظيمهم العقوبة وتشديدها وما يدخل على الرجل في إذاعة الأسرار وما في ذلك من الإثم والشنار,وقالت إنّي لم أجهل قول العلماء في تعظيم العقوبة وما يدخل من العار في إذاعة الأسرار وما في ذلك من الإثم,
62,92d708fe-3b26-40a7-88bf-d4e6408053a2,The Mother Places the Lion's Benefit Over That of the Subjects,,,,,ولكنّي أحبّ أن أخبرك به بما فيه من المصلحة لك وإن وصل خطأه وضرره إلى العامّة فأضرارهم على خيانة الملك ممّا لا يدفع الشرّ عنهم,,
63,a542f193-98c2-4666-91a4-b7c558816b12,The Foolish Spread Doubt to Cover Their Crimes,,,ويحتجّ بها السفهاء عند ما يكون من أعمالهم السيّئة واستغشاء الملك بالأمر الذي يفعل خطأً إن كان فيه إلى العامّة,ويحتجّ به السفهاء عند ما يكون من أعمالهم السيّئة وإنّ من فساد العامّة ترك عقوبة مستوجبي العقوبة,وبه يحتجّ السفهاء ويدخلون الشبهة على ما يكون من أعمالهم القبيحة وأشدّ معارّهم إقدامهم على ذي الحزم الشريف,,
64,37b1339b-40c7-42e7-9e56-f225a04665ef,The Mother Quotes the Leopard Anonymously,,,,فأخبرته أمّه بجميع ذلك الحديث ثمّ,ثمّ أخبرت الأسد بجميع ما ألقاه إليها النمر من غير أن تخبره باسمه,فأخبرته أمّه بجميع الحديث وما كان عرّفها النمر به,قال فامتثلت أمّ الأسد ما قال لها ولدها فأخبرته بكلّ كلام كليلة ودمنة ومعاتبة كليلة لدمنة أخيه في قتل الثور وسعيه بالنميمة وعرّفته بجميع ما ذكر لها النمر من غير أن تبوح باسم صاحب السرّ فإنّها كتمته
65,c6b2e722-9116-43bc-94a5-0886751580ad,Serious Crimes Do Not Allow Secrecy,قال الملك لعمري لقد صدقت وإنّ ذلك لعلى ما وصفت وليس هذا ممّا ينبغي أن يُكتم بل يحقّ على صاحبه أن يُظهره ويفشيه ويستكمل الأجر فيه ولا يبطل عمله ولا سيّما في حقّ المظلوم فإنّ الدم عظيم شأنه,فقال الأسد لعمري لقد صدقت وإنّ ذلك لعلى ما وصفت وليس هذا ممّا ينبغي أن يُكتم بل يحقّ على صاحبه أن يعلمه ويظهر شهادته عليه ويستكمل الأجر فيه لا سيّما في دم المظلوم,فقال الأسد لعمري لقد صدقت ولكن ليس هذا ممّا ينبغي أن يُكتم بل يحقُّ على صاحبه أن يُعلنه ويُظهر شهادته عليه ويستكمل الأجر فيه ولا يبطلَ حقًّا عليه ولا سيَّما في دم المظلوم,,,,
66,d6305197-583a-44bc-af60-b8f4c1a7a80a,The Source Wants to Extricate Himself,,,,ولا أدري لعلّ الذي طرح إليك ذلك إنّما أراد بذكره لك إخراج نفسه من الحجّة عليه فيه *فانظري على ما يلزمك من ذلك فقد برئ إليك وخلع بإعلامه إيّاك الأمر من عنقه وقلّده في عنقك,واعلمي أنّ المسرّ إليك ذلك قد بَرِئ من عهدته وعلّق الأمر في عنقك,ولعلّ الذي طرح إليكي ذلك إنّما أراد به إخراج نفسه من الشناعة والحجّة عليه,فإنّ الذي أطلعك على هذا السرّ لم يطلعك عليه إلّا ليخبرني به
67,e028ed78-f591-4490-a84a-6e74ab5bb615,The Lion Urges His Mother to Disburden Herself,,,,فاخلعيه أنت أيضًا من عنقك وبيّنيه لي لنعمل فيه الذي ينبغي لنا أن نعمل في مثله,,فانصرفي عن هذا الرأي فتلتوي عن الحقّ,فحدّثيني بالحديث وبيّني لي الأمر واخلعيه أيضًا من عنقك واتركيني أعمل فيه بالذي ينبغي
68,87fca616-26ee-4a6b-88df-a29c4fc6d622,The Mother Feels Criticized by the Lion,,,,,,,
69,751949f0-239a-4c95-8330-f2cbb00a4a61,The Mother Wants the Lion to Investigate,,,,,,,قالت له أمّه إنّي قد علمت أنّ الأمر كما ذكرت لكنّي إنّما كرّرت عليك القول لتزداد في الذي سعى في أمره بحثًا وطلبًا وحرصًا فإذا كنت على علم من هذا الأمر وأنت قادر فما يمنعك من الفحص عنه وتصحيح قولي فيه وتعمل في هذا الأمر ممّا ينبغي لك أن تعمله
70,a588550d-caad-4e7f-aeeb-ca29f3c06214,Hiding a Crime Is Complicity,وإنّ الكاتم لذنب المجرم في إثم معه مع شركته إيّاه فيه,فإنّ الكاتم لذنب المجرم في زيغ منه مع شركته إيّاه فيه,فإن الكاتم لجُرم المجرم في وَتَغ مُبتغ شركه إيّاه فيه,,,,
71,bbfe1cd7-c38c-4c27-8e0c-85aa200175cd,A Ruler Must Not Punish Based on Suspicion,فإنّ السلطان لا ينبغي له أن يعاقب على الظنّ والشبهة حتّى يضيء له الظنّ أو الأمر,وإنّ السلطان لا ينبغي له أن يعاقب على الظنّ والشبهة حتّى يستبصر قال الله تعالى يا أيّها الذين آمنوا إذا جاءكم فاسق بنبإٍ فتبيّنوا ألا وإنّ الدم عظيم شأنه,وإنَّ السلطان لا ينبغي له أن يُعاقب على الظنِّ والشبهة فإنَّ الدم عظيمٌ شأنه,,,,
72,ad2453bb-7075-4776-b211-3ac971ce0785,The Lion Wants to Avoid Killing Another Innocent,وأنا وإن كنت أوطئت عشوة في شتربة فأنا أكره أن أركب مثلها من دمنة وقد برئ إليك من أخبرك بما ذكرت وقذفه في عنقك,وأنا وإن كنت قد أوطيت عشرة شتربة بما فعلت معه فإنّي أكره أن أرتكب من دمنة مثلها بغير !فتنة وقد برئ إليك من أخبرك بما ذكرت وقذف به في عنقك,وأنا وإن كنت أوطئت عشو في شتربة أكره أن أركب من دمنة مثلها بغير بيِّنةٍ ولا يقينٍ وقد رمى إليك من أخبرك بما ذكرت وقذفه في عنقك,,,,
73,e4672aff-8df2-4851-96e2-9678bf66249d,The Mother Expects Her Word to Suffice,فقالت أمّ الأسد صدقت ولكن قد كنت أظنّ أنّك مستكفي بما حدّثتك وتصدّقني فيه ولا تتّهمني عليه,فقالت أمّ الأسد صدقت ولكنّي كنت أظنّ أنّك تكتفي بما حدّثتك به وتصدّقني ولا تتّهمني عليه,قالت أمُّ الأسد صدقت ولكنّي كنت أظنّ أنك تستكفي بي فيما حدَّثتك أوَ تصدّقني به فلا تتّهمني عليه,,,,
74,208f4c39-d5df-4fb2-99c9-8d9d4e773ea2,Without Blaming His Mother the Lion Is Curious,قال الأسد ما أنت عندي بمردودة القول ولكنّي أحبّ أن تعلميني فيكون أشفى لصدرى [فقالت إنّ الأسد] ما عليك أن تخبري من ذكره لك وما ذكره لك [وما ذكر] فإنّه لا مضرّة في ذلك عليك,فقال الأسد ما أنت عندي بمردودة القول ولكن أحبّ أن تعلميني من هو فيكون أشفى لصدري وما عليك أن تخبريني بذلك ولا ضرر فيه عليك,فقال الأسد ما أنت عندي بمردودة القول ولا أنتِ في نفسي بمتَّهمةٍ ولا أنا في نصحك بمرتابٍ ولكن أُحبُّ أن تُعلِميني من هو ليكون أشفى لصدري,,,,
75,fd03f056-0fcb-44a9-81e7-6f3482b61b2a,The Mother Asks the Lion to Punish Dimna,,فقالت أمّ الأسد فإن كنت عندك كذلك فعاقبْ هذا الفاجر عقوبة أمثاله,قالت أم الأسد فإن كنتُ عندك كذلك فعاقب هذا الفاجر عقوبةَ مِثلِه,,,,
76,6783387f-0cf0-4488-b60a-a6ed2474ba0f,The Lion Asks Again About the Source,,فقال الأسد ما عليك في إخباري منقصة,قال الأسد وما عليك أن تُخبريني من ذكر ذلك لك فإنه لا مضرّةً فيه عليك,,,,قال لها الأسد إمّا أن تخبريني بالحديث أو تخبريني باسمه وحقّقي لي جميع الخبر من أوّله إلى آخره على جهته
77,207371da-9683-470e-953f-bd2b010b8297,The Mother Has Three Reasons for Keeping the Secret,,,فقالت أمّ الأسد ضرر هذا عليَّ في خلالٍ ثلثةٍ *أمَّا الأولى فانقطاع ما بيني وبين صاحب هذا السرّ من المودّة لإباحتي بسرِّه والثانية خيانتي ما استُحفظت من الأمانة,,,,
78,ea395d4a-8ebb-4fe4-8d8d-07b94350de75,The Mother Has Two Reasons for Keeping the Secret,,,,قالت أمّ الأسد قد عرفت صواب ما قلت ولكنّي أعرف ما يدخل عليّ في كشف السرّ وحمله إليك وإنّه يجتمع عليّ في ذلك خطآن منهما مقت المسرّ إيّاي وإنزاله أمري على الخيانة والسخف,,قالت أمّ الأسد قد عرفت صواب قلبك وما قلت ولكن أعرف ما يدخل في أمر كشف السرّ وإذاعته وحمله إليك مع العتب وإنّه يجتمع عليّ في ذلك خصلتين أحدهما مقت المسرّ لي وإنزاله على أنّي خائن,
79,3b7f3288-7459-4085-86ac-7db5f030176a,The Mother Deems That Divulging Will Harm Her Credibility,قالت أمّ الأسد مضرّتي في سقوطي من عين من استودعني سرّه وائتمنني عليه وخبّأني إيّاه,فقالت لا يطمئنّ بعدها أحد إلى قولي ويكون سبب سقوطي عند من استودعني سرّه وائتمنني عليه,وأمّا الثالثة فوجل من كان يسترسل إليَّ قبل اليوم وقطعهم أسرارهم عنّي,,,,
80,5381ed53-551e-4d05-ae9b-26864e35521d,Mother Is Afraid to Lose People's Trust,ومتى أفعل ذلك لا يثق لي أحد ولا يطمئنّ فيّ أحدًا,,ومتى أفعل ذلك لا يثق بي أحدٌ ولا يطمأنّ إليَّ,ومنهما أنّ غيره لا يثق بي في سرّ بعدها,,والآخر أنّ غيره لا يثق إليّ في كتمان السرّ بعدها,
81,74205948-80b4-4263-ab41-4125b514908b,The Lion Wants to Extricate Himself from Error,,,,قال الأسد إنّي لأعرف ما تقولين وما أحبّ أن أطلب المخرج من الخطأ بإدخالك فيه غدرًا,,قال الأسد [ما] أعرف ما تقولين وإنّما أحبّ المخرج لنفسي من الخطايا,
82,ba8bbb97-3591-4909-a174-bb11969134ec,The Lion Realizes His Mother Will Keep the Source Secret,فلمّا سمع الأسد ذلك منها وعلم أنّها غير مخبرةٍ باسم من أخبرها,فلمّا سمع الأسد ذلك علم أنّ الذي أخبرها ثقة,فلمَّا سمع الأسد ذلك منها وعرف أنَّها غير مخبرته باسم من أخبرها وأخبرته بجملة الأمر,,,,
83,11d56556-6e9d-4637-a875-075d24b9e7d8,The Lion Dismisses His Mother,قال لها انصرفي فانصرفت,,,,,,
84,4d3536ca-cd56-489a-ade4-b2f626adb21b,Harming King and People Cannot Be Pardoned,,,وقالت لست أجهل قول العلماء في تعظيم فضل العفو عن أهل الجرائم ولكنَّ ذلك إنّما هو فيما دون النفوس أو خيانة العامّة التي يقع بها الشرّ,قالت لست أجهل قول العلماء في تعظيم من الفضل ولكنّ الفصل في ذلك ربّما هو في دون خيانة العامّة وخيانة الملوك فيما يقع بين الشيئن,,,
85,3da2f6f9-32b5-4a2b-ac00-e06bef1a5cff,A Ruler Must Not Spare Traitors,,,وكان فيما يُقال له لا ينبغي للولاة استبقاء الخونة الفُجَّار أهل الغدر والنميمة والتحيّل والإفساد بين الناس ومن يكره صلاحهم ولا يرحمونهم لما نزل بهم وأولى من نفى عن الرعيّة ما أفسدهم وساق إليهم ما أصلحهم القادة المتولّون لأمورهم,,,,
86,1e0b07fc-5786-4aa9-8597-f90c673392a3,The Lion Is Entitled to Kill Dimna,,,وأنت بقتل دمنة حقيق,فلا تدع هذا الخائن المفسد هذا يعيش فوق ما عاش,,,وكانت فيما قالت له والدته لا تدع هذا الخائن الكاذب المخادع أن يعيش فوق ما عاش
87,858f5b41-9293-4c44-9c07-5a83d3d2e7e3,Divulging Secrets and Shielding a Criminal Is Harmful,,,فإنّه كان يُقال إفساد جُلّ الأشياء من قِبَل خلّتين إذاعة السرّ وائتمان أهل الفجور,,,,فإنّ العلماء قالوا إنّ فساد الأشياء يكون في حالتين إحداهما إفشاء السرّ والآخر ترك عقوبة من استوجب عقوبته
88,4beed79f-ffb9-495e-8125-26ce78115f32,Dimna Caused the Ox's Killing,,,وإنّ الذي أنشب العداوة بينك وبين شتربة أنصح الوزراء وخير الأعوان حتّى قتلته غدرك دمنة بحيلته ?وخلابه ومكره وخيانته,,,,وما أدخل الفساد بينك وبين الثور وحملك على قتله غير دمنة بمكره وغدره وسعيه وحيلته فإذا اطّلعت على ذلك فلا تدعه حيًّا فيعود لمثل هذا من سوء عمله بعد اليوم
89,15987850-cc10-41ba-bf0c-ee12cee02c06,The Lion Discovered Dimna's Hidden Nature,,,?وقد اطّلعت على مكنونه وبدا لك ما كان يخفي عليك وعلمتَه في نحو ما تذكر من حديثه إيّاك قبل اليوم,,,,
90,2729efb1-9009-4854-8e3d-8be76bd46743,Punishing Dimna Brings Comfort,,,فالراحة لك ولجندك إذا ظهر لك منه ما تَكْتُم عقوبتُه لجريمته وإبقاءً على جندك من شرّه فإنّه ليس على مثلها بمأمون,,,,
91,e92e5180-b812-49a9-b210-3b294ca6ed4c,Dimna's Crime Cannot Be Forgiven,,,ولعلّك أيّها الملك أن تركن إلى ما آثرته من العفو عن أهل الجرائم فإن *روَّيت في ذلك فاعلم أنّه ليس منهم من يبلغ جُرمه جرم دمنة,,,,فإنّ العلماء قد قالوا في العفو عن الجاني والصفح عن المذنب لكنّهم قد نهوا عمّن اجترم الجرم العظيم وأذنب الذنب الكبير أنّه لا يترك ساعة واحدة ولا يعفى عنه لا سيّما دمنة بحيله ومكره وتحميله إيّاك على خليلك الثور حتّى قتلته من غير ذنب ولا خيانة
92,4dadcc8e-f70d-4cb5-b165-af7e431b0c19,Scene 2. Dimna's Hearing at the Lion's Court,,,,,,,
93,e2ef5a8d-845d-496e-9a8d-e4baa627542f,The Lion Assembles the Court and Summons Dimna,وبعث الأسد [الأسد] حين أصبح إلي وجوه جنده وأحضرهم وبعث إلى أمّه فحضرت ثمّ دعي دمنة فأوتي وحضر الجند,فأرسل الأسد إلى دمنة وأحضر الجند,فلمّا سمع الأسد ذلك نادى في جموعه فحضروا وأُتي بدمنة,فدعا الأسد بوجوه أصحابه فأُدخلوا عليه ثمّ دعا بدمنة,فأمر الأسد عند ذلك فأحضر جميع جنده وخواصّه وجلس مجلسًا عامًّا وأمر بدمنة فأُتي به,فلمّا فرغت أمّ الأسد من كلامها أمر بدمنة فأُدخل على الأسد,قال فلمّا سمع الأسد ذلك من والدته صحّ عنده ما فعل دمنة فأمر عند ذلك بجمع جنده إليه فلمّا اجتمعوا أمر أن يؤتى بدمنة
94,e48cbe0f-5ca0-4805-820c-99b03d4b4fad,The Lion Lowers His Head in Shame,ونكّس الأسد رأسه مستحيًا ممّا ركب من شتربة,ونكّس رأسه بينهم حياء من قتل شتربه,ونكَّس الأسد مستحيًا فيما ركب من قتل شتربة,,فلمّا مثل بين يديه نكّس الأسد رأسه حياء ممّا فعل بشتربة وحزنًا عليه,,فلمّا أتوا به وقام بين يديه نكّس الأسد رأسه إلى الأرض مليًّا
95,d077d763-7589-4373-ac75-2398eea44776,Dimna Inquires About the Lion's Dejection,فلمّا رأى دمنة ذلك أيقن بالهلكة وقال لبعض من يليه ما بال الأسد منكّسًا مهمومًا حزينًا هل حدث أمر فأجمعكم له,فلمّا رأى ذلك دمنة قال لبعض من يليه ما شأن الأسد كئيبًا مهمومًا هل حدث أمر حتّى جمعكم إليه,فلمّا رأى دمنة ذلك قال لبعض من يليه متجاهلًا فأخفى الكلام لبعض من يَقْرُب منه ما لي أرى الملك مكتئبًا مهمومًا هل حدث أمرًا جمعكم له,فلمّا قام بين يديه رأى من حاله وعرف من حال جلسائه ما أيقن له بالشرّ فالتفت إلى بعض من يليه فقال له قولًا خفيًّا هل حدث حدث يحزن الملك أو حدث أمر جمعكم له كما أرى,فالتفت عند ذلك دمنة إلى بعض جلساء الأسد فقال له على خفية هل حدث أمر أحزن الملك وجمعكم له كما أرى,فلمّا وقف بين يديه ورأى جلساءه أيقن بالهلاك والتفت إلى بعض أصحابه وقال سرًّا هل حدث حديثًا حزن له الملك وما سبب جمعهم,فلمّا رأى دمنة الأسد منكّسًا رأسه إلى الأرض قال ما لي أرى الملك منكّسًا رأسه إلى الأرض مفكّرًا هل حدث أمر اجتمعتم عليه
96,cd149282-3adc-4ae1-bd68-3d0f2470359d,The Mother Declares Dimna Responsible,فقالت أمّ الأسد إنّ ما ترى من حال الأسد وحزنه لتركه إيّاك حيًّا إلى يوم بعد صنيعك به وحملك إيّاه نميمتك وفجورك على شتربة,فقالت أمّ الأسد إنّما ترى ذلك من حال الأسد لتركه إيّاك إلى اليوم حيًّا بعد صنعك به وحملك إيّاه بنميمتك وفجورك على قتل شتربة,فلمّا سمعت ذلك أمّ الأسد قالت مجيبةً له الذي أكرب الملك بقاؤك حيًّا إلى اليوم مع عظيم حَدثك وجُرمك أيها الغادر الكذوب,فسمعته أمّ الأسد فقالت نعم حزن الملك تركه إيّاك حيًّا بعد الذي رأى من غشّك له وإغرائك إيّاه بأهل نصيحته وليس ينبغي له أن يستبقيك طرفة عين,فقالت أمّ الأسد لدمنة إنّما يحزن الأسد أيّها الخائن بقاؤك حيًّا ولو طرفة عين ولن يدعك بعد اليوم,*فأجابته أمّ الأسد نعم قد أحزن الملك *استبقاءك طرفة عينٍ وأن يدعك حيًّا,قالت له أمّ الأسد ما حدث أمر غير أمرك وإنّ الملك نادم لتركه إيّاك بالحياة أيّها المخادع المحتال
97,6fc0a344-091d-4af2-aaf4-1c48c9976d48,Dimna Wants to Know His Alleged Crime,,,قال دمنة وما الذي جنيت مما يُستحلّ به قتلي ويُكرب الملك بقائي,قال دمنة ماذا أحدث من أمري,قال دمنة وما الذي صنعت حتّى كره سيّدي بقائي,,قال لها دمنة وما حدث من أمري حتّى وجب قتلي
98,9fd15dbf-9d08-4d6c-ad69-8dd8e9de76d8,The Mother Is Outraged by Dimna's Feigned Ignorance,,,قالت أمّ الأسد أعظم الحدث حدثك وأشدّ الخيانة خيانتك واستجهالك الملك وقتلك البريء من وزرائه,,,,
99,17adfc79-6bbd-4e4d-8841-28f911bd4c38,The Mother Blames Dimna for Instigating the Lion,,,,قالت أمّ الملك استبان للملك صنعك به وتحميلك إيّاه بكذبك على شتربة,قالت أمّ الأسد تحميلك سيّدنا على خليله البريء ووشيُك إليه بالكذب والنميمة,,قالت له أمّ الأسد إنّه قد بان للملك أنّك حملته بخدعك ومكرك على قتل الثور من غير جرم اجترمه ولا ذنب كان منه فلست حقيقًا أن تترك بالحياة طرفة عين
100,7fee4ed7-64c3-49a4-aa2f-63005e687f86,Good People Suffer Misfortune Fastest,فقال دمنة لا أرى الذي يقال إلّا حقًّا إنّ الذي يجهد لنفسه في الخير *الشرّ البلاءُ أسرع إليه من غيره,فقال دمنة ما [[قلت]] أسمع الذي يُقال إلّا حقًّا إنّ الذي !يجهل نفسه في طلب الخير البلاء منه أسرع إلى غيره,قال دمنة إنّ تصديق ما كان يُذكر قد حضر فإنّه كان يُقال من اجتهد في طلب الخير أسرع إليه الشرّ,قال دمنة ما أرى الأوّل ترك للآخر مقالًا في شيء من معاريض الأمور فإنّه كان يُقال إنّ أشدّ الناس اجتهادًا في توقّي شرور الناس أجدر أن يصيبه الشرّ,قال دمنة ما أرى الأوّل ترك للأخير مقالًا فإنّه كان يُقال [[ما أرى الأوّل ترك للأ]] إنّ أشدّ الناس في توقّي الشرّ يصيبه الشرّ قبل المستسلم,أجاب دمنة وقال لها أمّا الرأي الأوّل ترك الآخر مقالًا في شيءٍ من معاريض الأمور فإنّه يُقال أشدّ الناس من يوقّي الشرور,قال لها دمنة صدق الذي قال كلّما ازداد الإنسان في الخير اجتهادًا كان الشرّ إليه سريعًا
101,b9e823cb-6b8f-440e-bfab-643ef2f7b500,Who Keeps Bad Company Does Not Escape Evil,ولا يكون للملك ولا لجنده المثل السوء وإنمّا قيل ذلك إنّه من صحب الأشرار وهو لا يعمل عملهم لم ينجُ من شرّهم,,ولا يكون الملك وجنوده المثل السوء وقد علمت أنّ ذلك إنّما كان قيل في صحبة الأشرار إنّه من صحبهم وهو يعمل عملهم لم ينجُ من شرّهم,ولا يكون للملك ولا لجنوده المثل السوء وقد علمت أنّ ذلك إنّما قيل في صحبة الأشرار وأنّه من صحبهم وهو يعلم علمهم ثمّ لم يُنَجِّهِ من شرّهم توقّيه إيّاه,فلا يكوننّ للمك ولا لجنوده المثل السوء ولا لخاصّته وقد قيل إنّه من صحب الأشرار وهو يعلم علمهم كان أذاه من قِبَل نفسه,,
102,df1a215f-5011-4e4c-a7e4-db40f123798a,Only God Rewards Justly,لأنّه لا يجزى بالخير خيرًا إلّا الله تعالى فأنا من دونه فقد يغلب على أمورهم الخطأ,,لأنّه ليس أحدًا يجزي بالخير خيرًا إلّا الله وأمّا من دونه فقد تجري أمورهم فُنونًا يغلب على أكثر ذلك الخطأ,لأنّه لا يجزي بالخير خيرًا إلّا الله فأمّا أكثر أهل الدنيا فإنّهم لا يعملون بالعدل ولا يجزون كلّ واحد بعملهم بل عامّة ما ينبغي أن يعاقبوا به الفجّار يصيبون به الأبرار,فإنّه ليس من يجزي بالخير خيرًا وبالإحسان إحسانًا إلّا الله ومن طلب الجزاء على الخير من الناس كان حقيقًا أن !يخطر بالحرمان إذ يخطئ الصواب في خلوص العمل لغير الله وطلب الجزاء من الناس,,لأنّهم علموا أنّ أهل الدنيا لا يعملون بالعدل ولا يجاوزون الحدّ بعمله ولكنّ عاقبة ما يعاقبون به الفجّار يُصابون به الأخيار وهذا الأمر شبيه بشأني
103,5dcd15a5-e32c-4050-9055-71f7808fd2e4,The King Is Most Deserving of the Truth/Good Attributes,وما أحد أحقّ بالصواب من الملك,,وما أحد أحقُّ بالصفات الجميلة من الملك الموفَّق الذي لا يُصانع أحدًا لحاجةٍ به إليه ولا لعاقبةٍ يتخوَّفُها منه,وما أحد أحقّ بإصابة الصواب من الملك الذي لا يُصانع أحد لحاجة ولا يعاقبه لتخوّفه منه,,,
104,ec4f94ab-5c59-496d-8c20-82b9375e6da7,Ascetics Shun People's Company,ولذلك يتوحّد عامّة النسّاك في الجبال ويدَعون مخالطة الناس ومحادثتهم ويؤثرون العمل لله سبحانه على العمل لخلقه,,ولذلك رفض أهل الدين والنسك الدنيا ولذّتها واختاروا الوحدة وتركوا مخالطة الناس ومحادثتهم لما يرون فيها من مؤاخذة الأبرار بأعمال الفجّار وإثابة الفجّار بأعمال الأبرار وآثروا العمل لله على العمل لخلقه,ولذلك انقطعت النسّاك بأنفسها فاختارت الوحدة على مخالطة الناس وآثرت العمل لله عزّ وجلّ على العمل لخلقه,ولذلك انقطعت النسّاك بأنفسها واختارت الوحدة على المخالطة وحبّ العمل لله على حبّ الدنيا وأهلها,,ولذلك ترك الرهّاب الدنيا وأمرها وحمّلوا أنفسهم الصبر على الوحدة ولزموا العبادة
105,16ce58ce-f257-4a02-8e4c-6593ae4504ce,A King's Advisors Deserve Recognition/A King's Subjects Desire Good Character and Deeds,,,فإنّ أحقّ ما عظمت فيه رغبة الملك من محاسن الصواب المكافأة لأهل البلاء الحسن عندهم ومن يُرقّى إليهم نصيحته,فإنّ أحقّ ما عظمت رغبة الملوك فيه في محاسن الصواب مكافأة أهل البلاء الحسن وما لا يكن حسنًا أحقّ من نصيحتي,وإنّ أحقّ ما رغبت فيه رعيّة الملك هو محاسن الأخلاق ومواقع الصواب وجميل السِيَر,,
106,ea76fc82-3a2a-4853-9e80-814aacf1e49d,Dimna Claims He Only Warned Lion of Ox's Treason,ولكن حملني النصح للملك والإيثار له على أن أطلعته على أمر من أراد الغدر به والوثوب عليه وأعلمته بالذي ارتبت به منه وتبيّن لي من علامات ذلك,وقد حملني النصح للملك والإيثار له على نفسي أن أطلعته على المغرّ به وأعلمته بالذي رأى من !السلامات !والشاه مات,وهذا أقرب من أمري وأشبه فيما حملني النصح للملك والإيثار له على غيره والنَّظرُ للعامّة في إعلان سرِّ الخائن الكفور وما كان ربض في نفسه وارتفعت إليه همّته من الغدر بالملك والوثوب عليه,,فأمّا أنا فإنّي نصحت لسيّدي فأطلعته على ما اطّلعت عليه من أمر العدوّ,,فإنّه حملني حبّي للملك وشفقتي عليه ونصحي عليه وشكري إيّاه لحسن معروفه وحسن عهده هو الذي حملني أن أطلعه على سرّ عدوّه المبغض الكفور الخائن لأنّه كان أضمر الغدر والهلكة للملك وأراد إفساد أمر الملك
107,b6267f56-b910-4efa-a0a4-b617ae6ee0c8,Dimna Says the King Saw the Same Signs,فاستبان له ذلك ولم يأتِ له شيئًا إلّا عن بصيرة وهو أيضًا [أن] تحرّى الأمر وسأل عنه ونظر فيه عرف تصديق ما كنت قلته,!فاستبان به ذلك وما فعل شيئًا إلّا عن بصيرة وإن هو أيضًا بحث عن الأمر وسأل عنه ونظر فيه عرف صدق ما كنت قلت له,وقد كان استبان للملك الذي كان منطوٍ عليه ومضمرًا له من العداوة والغلّ بالأمارات البيّنات الواضحات التي لا تحتاج معها إلى غيرها بالذي لقيه به حين لقيه واستبان له ولم يأتِ إليه شيئًا إلّا عن بصيرة وإن هو أيضًا تحرّى الأمر وسأل عنه ونظر فيه عرف مصداق ما كنتُ قلتُ له,,,,حتّى رأى الملك ذلك عيانًا وثبتت له العلامات التي ذكرتها له وقد كان اعتدّ لقتاله فأعانه الله عليه حتّى ظفر به وصرعه وأهلكه بذنبه فمات شرّ موتة
108,dd0fe4f5-9936-4249-a332-f89b0fa9b8af,Dimna Feels Ill-Rewarded for Warning the King,,,,وما كنت أرجو أن يكون جزائي على النصيحة وحسن البلاء حزن الملك على تركه إيّاي حيًّا,فما كان جزائي منه على النصيحة أن يكره بقائي,,فكان جزائي أكون مستحقًّا للقتل والهلاك على ما أدّيته من النصيحة
109,28cecc78-a001-4326-8417-30f75a990d03,The Mother Is Outraged by Dimna's Pretended Innocence,,,,,قالت أمّ الأسد انظروا إلى هذا المحتال مع عظيم جرمه كيف يجعل نفسه كمن لا ذنب له,,
110,bcbdcdc2-e98d-432b-8ef3-ab0fccc7335c,Dimna Claims Having Told the Truth,,,,,قال دمنة إنّما المحتال الذي يقول ما لا يفعل ويتكلّم بما لا يكون فأمّا أنا فتكلّمت بما كان وصدقت فيما قلت,,
111,8a5b3519-0f8f-4e66-b163-9e42c8239d52,Hidden Fire Is Extracted Only with List/Labor,فإنّ النار التي تكون في الحجر والعود إنمّا تستخرج بالحيل وليس يخفى مثل هذا,,فإنّ النار التي تكون في الحجر والعود إنما تُستخرج بالحيل وليس يخفى مثل <هذا>,وقد علمت أيّها الملك أنّ النار تكون مسكنها الشجر والحجر لا تُخرج ولا يوصَل إلى منافعها إلّا بالعمل والطلب,,,
112,3ac960d7-006a-4cd5-8645-2ff109178f5a,Hidden Crimes Are Exposed by Investigation,فإنّ حزم المرء إذا فحص عنه روى حقيقته واستبانته,فإنّ جرم المجرم وإذا فُحص عنه وتبيّن ازداد استنارة,فإنّ جُرم المرء إذا فُحص عنه وفُتّش ازداد استنارة واستبانة,,,,فإنّ الرجل ذو الجرم لا يحبّ أن يكثر الفحص عنه ولا عن أمره لأنّ الفحص عن جرم المجرم لا يزيد جرمه إلّا قبحًا
113,433f4acb-e0ac-43eb-89ae-51ce52f213d2,Stirred Up Mud Stinks,كما أنّ كلّ شئ مُنتِن من حمأة وغيرها إذا ثوّر ظهر ريحه وقذره,كما أنّ كلّ شقّتين من حمأة أو غيرها إذا حُرّكت ظهر ريحها وقذرها,كما أنّ كلّ نتنٍ من حمأة وغيرها إذا ثُوّرت ظهر ريحها وقذرها,وكذلك كلّ شيء طابت ريحه بالتثوير يزيده فوحًا وظهورًا,,,مثله في ذلك مثل السنّ المنتن كلّما عولج ازداد نتنًا
114,9fb6a417-05f2-4aac-a28c-e6e3c96bc176,Dimna Had Nothing to Do with the Ox,,,ولقد علم الملك ومن حضر أنَّه لم يكن بيني وبين الثور أمر أضطغنه عليه ولا أبغيه به غائلة وما كان يملك من ضرٍّ ولا نفعٍ لي,ولقد علم الملك وعلم جميع من حضر أنّه لم يكن بيني وبين شتربة أمرًا دخل *عليّ له حقدًا أو بعثته له غائلة وما كان لي بذلك ضرًّا ولا نفعًا,,,
115,b8157a09-e398-497e-a126-65c8901a34c6,Dimna Claims to Be a Victim of Scheme,,,ولقد كان الملك فيما أعلمته من أمره حتّى أبصر مصداقه أفضل رأيًا وأشدّ عزمًا وإنّي لأعرف أنّه يتخوّف مثلها منّي غيرُ واحد من أهل الغشّ والعدوان والعداوة للملك فنصبوا لمصيبتي واجتمعوا على هلاكي,ولكن نصحت الملك فيه وأعلمته على ما اطّلعت عليه من أمره وكان الشاهد عليه ما أبصر الملك من مصداق ما ذكرت له من أمره وكان أفصل فيه رأيًا وأشدّ عزمًا وقد عرفت أنّه قد تخوّف مثلها منّي غيرُ واحد من أهل الغشّ والعداوة للملك فنصبوا لي العداوة وأجمعوا على طلب هلاكي,,,
116,8730203c-9c99-439d-b2a8-97e63a3fb332,Scene 3: The Lion Orders an Investigation,,,,,,,
117,54ae9ec0-10cd-43b8-8049-07b77cd75a79,The Lion Orders an Investigation,,,فلمّا سمع الأسد قوله ارتاب به *فأخرجه وأمر بالفحص عنه ورفعه إلى القضاة لينظروا في أمره,فلمّا سمع الأسد قوله أمر به إلى القاضي وقال لقاضيه فتّش عن أمره فإنّي لا أحبّ أن أحكم على محسن ولا مسيء إلّا بظاهر من وجود الحقّ والعدل,,,قال فلمّا سمع الأسد ذلك منه أمر به أن يخرج من عنده حتّى يتثبّت في أمره ويبالغ في الفحص عن شأنه
118,bf392c24-9ad5-4f37-8485-82a5ba061579,Judge Deems Investigation Useful,,,,قال القاضي أيّها الملك إنّه لا شيء أكشف للعمى وأوضح للشبهة وأشدّ استخراجًا لغامضات الأشياء من الاجتهاد والمبالغة في الفحص والكشف,,,
119,8910fe2a-f1c6-4e4d-be4c-56c7b23796ea,Dimna States Investigation Will Clear Him,,,فسجد دمنة للملك وقال أيّها الملك لستَ بحقيق بمعاجلة أحدنا بالعقوبة عن قول الأشرار دون الفحص والتثبّت وإنّي لواثق عن فحصك ببراءتي وتصديق مقالتي,قال دمنة ولستَ حقيقًا أيّها الملك بالعجلة في قتلي بقول الأمّ بل يبحث الملك على هذا الأمر فإنّه كلّما ازداد في شأني نظرًا ازداد ببراءتي ونصيحتي يقينًا,,,فسجد له دمنة ودعا له وقال أيّها الملك لا تعجل في قتلي بكلام الأشرار وليبحث الملك في أمري حتّى يصحّ له صدقي فيما قلت فإنّه كلّما ازداد الملك في أمري نظرًا بان له براءتي ويصحّ له قولي وصدق مودّتي
120,3e143809-c6b5-4b52-ae29-a914dcc38f9d,Extracting Fire Is Like Unveiling the Truth,,,وقد قالت العلماء إنّ من استخرج النار من الحجر وهو كامنة فيه كالقادر أن يستخرج بالفحص وطول البحث ما خفي عليه من الأمور,,,,وقد قالت العلماء كما أُخفيت النار في الحجارة فلا يأخذها الناس إلّا بالحيلة والرفق لينتفعوا بها وكلّما خفي أمري وأكثرت البحث عنه ببيّنة فإنّه ينكشف ويظهر وقد علم الملك أيّده الله تعالى أنّ قولي هذا يدلّ على براءتي
121,90fe0a39-d8f4-4158-896e-f20ff01c8933,If Guilty Dimna Would Prefer No Investigation,,,ولو كنتُ مُجرمًا سرّني تركُك التفتيش عنّي ولما كنت مرابطًا بباب الملك,ولو كنت مجرمًا لتخوّفت التكشّف عن أمري لأنّي أصبحت ببراءتي عالمًا أرجو أن يستخرج الفحص صحّة أمري,,,
122,5d52e678-db60-46df-8cd8-7a21b7da5888,Dimna Cites His Staying as Proof of Innocence,ولو كنت مذنبًا هربت في الأرض وكان لي فيها سعة ورحب ولم أقمْ بباب الملك ولكنّي لثقتي ببرأتي ونصيحتي لم أبرحْ ولم أفارقه,ولو كنت مذنبًا لهربت في الأرض وكان لي فيها مستبطنًا ونجوت فلم أقم بباب الملك ولكنّي لثقتي وبرائتي ونصيحتي لم أبرح ولم أفارقه,ولو كنت مذنبًا هربت في الأرض وكان لي فيها مذهبًا ولكن لثقتي وبراءتي ونصيحتي لم أبرحه ولم أفارقه,ولو كنت عرفت لنفسي ذنبًا لوجدت في الأرض مذهبًا ولما لزمت باب الملك أنتظر ثواب عمل,,,فلو كنت أعلم لنفسي ذنبًا فيما بيني وبينك أيّها الملك لم أقم ببابك لكنّي واثق ببراءتي
123,b0e54b55-ded0-4541-86a6-b414e905547b,Dimna Asks for Unimpeachable Investigator,وأنا أرغب إليه إن كان في شكٍّ من أمري أن يأمر بالفحص عنه ويكون من يولّيه ذلك ذا أمانة لا تأخذه في الحقّ لومة لائم ويرفع إليه عذري وما يسمع من غيري و ينظر فيه لا يأخذ بأقاويل البغاة والحسدة,وأنا أرغب إليه إن كان في شكّ من ذلك أن لا يأخذه في الحقّ لومة لائم ولا يكون عنده محاباة لأحد ولا يُرفع إليه ما سمع من غيري ولا يأخذ بأقاويل البغاة والحسدة,وأنا أرغب إليه إن كان في شكّ من ذلك أن يأمر بالنظر فيه ويكون من يولّيه إيّاه ذا أمانةٍ وإسلامٍ لا يأخذه في الحقّ لومة لائم ولا يكون عنده محاباة لأحدٍ ولا غمزة ويرفع إليه عذري وما يسمع من غيري فينظرُ فيه ولا يأخذه فيه أقاويل البُغاة عليَّ الحسدة لي فيها,وأسأله الفحص إن كان في شكّ من أمري أن يأمر بالنظر فيه ويؤتي ذلك أمينًا مسلمًا لا تأخذه في الحقّ لومة لائم ليس بصاحب هوادة ولا حيف,,,وأنا أرغب إلى الملك إن كان في شكّ من أمري فيأمر بالنظر في أمري وتكون توليته إيّاه ذا أمانة لا يأخذه في الله لومة لائم ويرفع إليك عذري وما يسمع من أمري ويقيس بعض قولي ببعض
124,a24518bf-f2e1-4de6-a7f4-938cdb6d5115,Dimna Cites Ox's Treason as Proof for Being Falsely Suspected,فإنّ الذي قد عرف الملك من تشبيههم عليه ما قد كان تبيّن له من عداوة شتربة حتّى استحلّ بذلك قتله جديرًا من أن يمنعه ذلك من الإقدام على قتلي,,,,,,
125,b9e9ec31-3c34-47f0-bb69-85d9d5c1f61a,Dimna's Station Exposes Him to Jealousy ,فإنّه قد كانت لي من الملك منزلة أُنافَس فيها ومحلّ دانٍ إليه,فإنّه قد كانت لي منه منزلة أُنافَس فيها من يصل إليه,فإنّه قد كانت لي منه منزلة أُنافَسها وأُحسد عليها,فقد كانت لي منزلة أُنافَس عليها ويُؤمر إليه أن يُكشف ويُرفع إليه في كلّ يوم ما يصحّ له من أمري وما أدلي به من حجّتي فليرى الملك في ذلك رأيه ويقيس بعض أمري ببعض ولا يعجّل في أمري بتشبيه أهل البغي والعداوة,,,
126,dfdbac63-e740-49a5-bcd0-29b55dae633a,Dimna Appeals to Lion for Justice,,,,,,,
127,65b86f08-d2cc-41b8-b6c9-01f5d3297b43,Dimna Claims only Investigation Can Save Him ,فإن هو لم يفعل ذلك بي ويكون رأيه عليه من أمري فلا ملجأ ولا غياث إلّا إلى الله الذي يعلم سرائر العباد وخفيّ ضمائرهم ولعليّ لا أكون أضرّ بذلك منه,وإن هو لم يقبل ذلك فرأيه غلط ولا ملجأ إلّا إلى الله الذي يعلم السرائر وخفيّ الضمائر لعلّى أن لا أكون ناظرًا ذلك منه,فإن هو لم يفعل ذلك فيّ ويكن رأيه عليه فلا مؤمَّل لي ولا منجى إلَّا الله الذي يعلم سرائر العباد وخِفيّ ضميرهم ولعلّي أن لا أكون بذلك أضرّ منه,فإنّه إن لم يفعل ذلك واستحلّ منّي ما لا يحلّ فإنّه لا وزير لي ولا ملجأ إلّا الذي يعلم سرائر عباده وخفيّات ضمائرهم,,,وإن هو لم يفعل ذلك فلا ملجأ إلّا إلى الله الذي يعلم سرائر العباد وما يكنّ صدورهم وأعوذ بالله من أن يدع الملك المبالغة في البحث عن أمري ولا يعجّل عليّ بالعقوبة ولا *يقبل عليّ قول الأعداء والفجّار والسعاة والأشرار ويدع عدل القضاء فليس لي ناصر ألتجأ إليه ولا من أعوّل عليه إلّا الله تعالى
128,46f35ace-2c23-4833-8f61-40102bdd10e5,Doubt and Certainty Must Not Be Confused,وقد يقال إنّه من عمل بالتشبيه ولا يتثبّت,وقد كان يُقال إنّ الذي يعمل بالشبهة ولا يتأنّى عندها ولا يتثبّت فيها,وقد كان يقال إنّ الذي يعمل بالشبهة ولا يتّئد عندها ولا يتثبّت فيها يكون قد صدّق ما ينبغي أن يُشكّ فيه وكذّب ما ينبغي أن يصدّقه,وقد قالت العلماء إنّه من صدّق بما ينبغي أن يشكّ فيه وكذّب بما ينبغي أن يصدّق به,وقد قالت العلماء إنّ من صدّق ما ينبغي له أن يكذّب به ومن كذّب ما ينبغي له أن يصدّق به,وقد قالت العلماء إنّه من صدّق ما ينبغي أن يُكذَّب ويكذّب ما ينبغي أن يُصدّق,وقد قالت العلماء إنّ الذي يعمل بالشبهة ولا يتأنّى عندها
129,5f0a58b8-bad0-42d7-9edc-778572cd965e,Dimna's First Subtale of the Woman Who Mistook Her Servant for Her Lover,يكون أمره كالمرأة التي شبهّت عبدها بصديقها حتّى فضحها,يكون أمره كأمر المرأة التي شبّهت عبدها بصديقها ففضحها,فيكون أمره كأمر المرأة التي بذلت نفسها لعبدها حتّى فضحها,أصابه ما أصاب المرأة التي بذلت نفسها لعبدها حتّى فضحها للاشتباه عليها,أصابه ما أصاب المرأة التي بذلت نفسها لعبدها حتّى فضحها بالتلبيس عليها,لأصابه ما أصاب الإمرأة التي بذلت نفسها لرجلٍ حتّى فضحها بالاشتباه عليها,يكون أمره في ذلك كأمر المرأة التي شبّهت عبدها بصديقها ففضحها
130,83799432-dc07-409f-b8e2-227e3037017d,Lion's Question for Woman's Tale,قال الأسد وسائر الجند كيف كان ذلك المثل أخبرْنا به,فقال الأسد وكيف كان ذلك,قال الأسد وكيف كان ذلك,قال الأسد وكيف كان ذلك,قال الأسد وكيف كان ذلك,قال الأسد وكيف كان ذلك,قال الأسد وكيف كان ذلك
131,29a48bfd-72a9-48c7-91ad-2d8884832895,A Merchant's Wife Had a Lover,قال دمنة زعموا أنّ مدينة تدعى كشمير بأرض تسمّى بارود وكان بها تاجر مكثر يقال له خمر وكانت له امرأة ذات جمال فائق وكان لها جارًا مصوّر وكان صديقًا للمرأة,قال دمنة زعموا أنّه كان بأرض قشمير مدينة تُسمّى ماروات وكان فيها تاجر يقال له جمّ وكانت له امرأة حسناء وله جار مصوّر صديق له,قال دمنة كانت بأرض كشمير مدينة تُسمّى برود وكان فيها تاجرًا يقال له كَبِيرَغ وكانت له امرأةٌ ذات حسنٍ وجمالٍ وكان له جارٌ مصوّرٌ وهو صديقٌ لها,قال دمنة زعموا أنّه كان بمدينة كذا تاجر وكان له امرأة لها حظّ وجمال وكان إلى جنب بيتها مصوّر ماهر وكان لامرأة التاجر إلفًا,قال دمنة زعموا أنّه كان في بعض المدن تاجر وكانت له امرأة ذات حسن وجمال وكان إلى جنب التاجر رجل مصوّر ماهر بالتصاوير وكان هذا المصوّر يعشق امرأة التاجر,قال دمنة زعموا أنّه كان في بعض المدائن تاجرٌ وكان له امرأةٌ ذات خطٍّ من الجمال وكان إلى جانب بيت التاجر مصوّرًا ماهرًا في عمله وكان المصوّر لإمرأة التاجر أكفأ رجل,قال دمنة زعموا أنّه كان بأرض قشمير مدينة تسمّى مايروت وكان بها تاجر وكانت له امرأة جميلة وكان إلى جانب بيتها رجلًا مصوّرًا ماهرًا وكان المصوّر صديقها
132,5d00a195-3272-4d77-9bb9-ca9b7575b6bf,Magazine Keeper Wants to Steal Merchants' Wares,,,,,,,
133,922b7f9d-2278-4c17-af82-5b16aaf56bca,Magazine keeper has painter as friend,,,,,,,
134,262227c6-0f31-4a59-bb86-3aaa5cf57160,They plot to steal wares,,,,,,,
135,1b3b1a52-50e7-42cd-99e6-af3ad08fc3fd,Woman Asks Lover to Create a Sign,فقالت له يومًا هل تقدر على أن تصوّر شيئًا أعرفك به إذا أنت أتيتني بالليل فخرجت إليك من غير أن تصوّت بي فيرتاب بنا أحد ويسمع صوتك,فقالت هل تقدر على أن تصنع شيئًا إذا أتيتني من الليل عرفت مجيئك فخرجت إليك من غير أن تصوّت,فقالت له المرأة في بعض أحيانها التي كان يأتيها فيها إن استطعت أن تصنع شيئًا يكون علامةً بيني وبينك أطَّلع بها على مجيئك إذا جئتني بالليل من غير نداء ولا رميٍ ولا شيء يُرتاب به رفق ذلك بك وبي,فقالت له إن استطعت أن تحتال بصناعة أطّلع بها على مجيئك إذا جئتني بالليل من غير نداء ولا رمي ولا شيء يُرتاب به كان ذلك أرفق بي وبك,فقالت امرأة التاجر إن استطعت أن تحتال بحيلة أعلم بها مجيئك إليّ من غير نداء ولا إيماء ولا ارتيابنا,فقالت الإمرأة يومًا إن استطعت أن تحتال بصناعة أطّلع بها إلى مجيئك إليّ من غير بُدٍّ ولا ارتياب به من فعلك,فقالت له المرأة يومًا هل تقدر على أن تصنع شيئًا حتّى إذا جئت بالليل عرفتك به وخرجت إليك من غير أن تصوّت لي
136,7306ce5d-24a3-4544-96f5-e29782c24f85,Magazine keeper asks painter to create a sign,,,,,,,
137,3f4907eb-c90d-4214-8ec2-072360f87911,Painter Suggests Black-and-White Coat to Woman,فقال لها صديقها نعم أعمل ملاءة بسواد بياضها كضوء القمر وسوادها كالقار فإذا نظرت إليها فاخرجي فإنّها علامة بيني وبينك فأعجبها ذلك من صفته,فقال لها نعم أعمل ملاءة يكون ضوءها كضوء القمر وسوادها كالحدقة فإذا رأيتيها فاخرجي فهي علامة ما بيني وبينك فأعجبها ذلك,قال المصوّر نعم ملاءة بلقاء بياضها كضوء القمر وسوادها كسواد الحدقة فإذا رأيتِها فاخرجي فهي آية بيني وبينك فأعجبها ذلك وفرحت به وكان يأتيها في تلك الملاءة متى أراد,قال المصوّر عندي من الحيل في ذلك الذي يسرّك عندي ملاءة مصوّرة بتهاويل الصور وشبهًا بالبياض يقق وشبهًا بالسواد حالك تتألّق ائتلاقًا فبياضها يدعوك في الليلة الظلماء بضوءه وسوادها يبدو لك في الليلة المقمرة وأنا ألبسها إذا أردت إيتاءك فإذا رأيت ذلك فاعلمي أنّي صاحبك فأتيني من غير أن أدعوك فكان إذا أتى المرأة لبس تلك الملاءة فعلمت المرأة مكانه ففرحت بذلك وتعجّبت منه وكان يأتيها إذا أرادها,قال المصوّر عندي في ذلك ما يسرّك إنّ عندي ملاءة فيها من تهاويل الصور من أبيض وهو بلون القمر بياضًا ونورًا وأسود كالليل ظلمة وحلوكة فبياضها يدعوك في الليلة المظلمة وسوادها يدعوك في الليلة المقمرة فأنا لابسها حين مجيئي إليك ومتراء لك فيها ثمّ إنّ المصوّر لبس الملاءة وتراءى للمرأة فعلمت بمكانه فخرجت إليه وفرحت به وتهيّأت له,قال لها المصوّر إن عندي ممّا سألتي من الحيل ما يقرّ عينك وعمد إلى ملائة وصوّر فيها من كلّ الصور ولوّن بياضها *بالأصباغ والجانب الآخر تركه أبيضًا يتبيّن بياضه في الظلمة وسوادها يبدوا في الليل وكان إذا أتاها صديقها المصوّر يلبس تلك الملائة وإذا علمت بمجيئه تتهيّأ له,فقال لها نعم أنا صانع من ذلك ما تقرّ به عينك ثمّ إنّه عمد إلى ملاءة بيضاء كضوء القمر وسوادها كالحدقة وسوّاها بالتصاوير حتّى بقيت تتألّق ائتلاقًا من حسنها وملاحة صنعتها فلبسها ذات ليلة وقال لها إذا رأيتني بهذه الملاءة فاعلمي أنّي صاحبك وأتيني مسرعة من غير أن أدعوك ولا أصوّت لك ففرحت المرأة بذلك فرحًا شديدًا
138,4d82b488-35bb-4f71-a4e1-d811d1f3702c,Painter suggests black-and-white coat to magazine keeper,,,,,,,
139,382b53d3-d147-4ca5-99b0-c13258ddd0b5,The Woman's Servant Hears About Coat,وسمعه عبد لها فحفظه [لها] وأسرّ ذلك في نفسه,وسمعها عبد لها,وسمع عبد التاجر حديث الملاءة,ففطن عبد التاجر لذلك,فبصر بهما في تلك الحالة عبد للمرأة فعجب من ذلك,فنظرهما عبدًا كان خليلًا لأمّ المصوّر فتعجّب من ذلك,ودخل غلامًا لزوجها وهما يتحدّثان بذلك فسمع ما كان بينهما
140,5c4eba31-84bc-4acb-982f-ccc762709f87,Painter's servant hears about coat,,,,,,,
141,99fbe242-f217-4857-9735-93e8724848a2,Woman's Servant Borrows Coat In Painter's Absence,وكان صديقها يأتيها بتلك العلامة فتراه فتخرج إليه فمكثا على ذلك زمانًا فلمّا كان بعد أيامٍ انطلق صديقها إلى دار الملك ليعمل له بعض ما اشتهاه فذهب عبدها ذلك إلى جارية المصوّر وكان صديقها وكانت له محبّةً فاستعارها تلك الملاءة فأعطته إيّاها,فلمّا كان ذات يوم انطلق صديقها إلى دار الملك ليصوّر فيها فذهب العبد إلى وليدة له فاستعار منها الملاءة فأعطته إيّاها,وكان لأمة المصوّر صديقًا فطلب العبد إلى أَمَة المصوّر أن تُعيره الملاءة التي له ليُريها صديقًا له ويسرع ردّها وكان المصوّر غائبًا في دار الملك فأعطته إيّاها ولم ترتبْ بشيءٍ من شأنه,فلمّا كان بعد ذلك بأيّام وكان العبد لأمة المصوّر خليلًا طلب إلى أمة المصوّر أن تعطيه الملاءة المصوّرة ليريها صديقًا له ويسرع ردّها فأعطته الملاءة,وكان هذا العبد لأمة المصوّر خليلًا تبذل له نفسها فطلب الملاءة منها وسألها ذلك وقال أريد أن أريها صديقًا لي لأسرّه بها وأسرع الكرّة بردّها قبل أن يعلم سيّدك فأعطته أمة المصوّر الملاءة,وطلب من المصوّر تلك الملاءة يومًا ليريها بعض أصدقائه ويسرع ردّها فأعطاه الملائة,فلمّا كان بعد ذلك بأيّام يسيرة انطلق صديقها المصوّر إلى دار ليصوّر فيها فذهب العبد إلى زوجة المصوّر وأخذ الملاءة منها
142,860b8daa-8825-486f-820e-cefe3fe7c0a8,Painter's servant borrows coat,,,,,,,
143,f6565c7b-db66-4e61-ad89-93f3c84dc3d1,Servant Tricks Woman,فلبسها وجاء إلى سيّدته فلمّا رأت الملاءة من بعيد ظنّت أنّه صديقها فخرجت [[إليها]] إليه فواقعها وانصرف وردّ الملاءة على الجارية,ومضى إلى سيّدته ليلًا فلمّا رأتها عليه ظنّته صديقها فخرجت إليه ففعل بها ما أراد ثمّ ردّ الملاءة,فأخذها ومضى إلى سيّدته ليلًا فلم ترتبْ به لمّا رأتها عليه فظنّته صديقها المصوّر فبذلت له نفسها وقضى حاجته ورجع العبد بها إلى الأمة فوضعها في موضعها,فلبسها وأتى سيّدته على نحو ما كان يأتيها المصوّر فلمّا رأت لم ترتب بشيء من شأنه وحسبته خليلها فبذلت نفسها له وقضى منها حاجته ورجع العبد بالملاءة إلى *الأمة فوضعتها موضعها,فلبسها العبد وأتى سيّدته على نحو ما كان يأتيها المصوّر فلمّا رأته لم تشكّ في مجيئه ولم ترتبْ في أنّه خليلها فأتت إليه وبذلت له نفسها فقضى منها حاجته وبلغ غرضه ثمّ رجع بالملاءة إلى أمة المصوّر فدفعها إليها فوضعتها الأمة في مكانها,فلبسها وأتى سيّدته على ما كان يأتيها المصوّر فلمّا رأته لم ترتاب أنّه خليلها !فعدلت له نفسها فقضى غرضه منها ثمّ رجع,ولبسها بالليل وتشبّه بذلك المصوّر ثمّ دنا منها فلمّا رأت المرأة الملاءة بادرت إليه ولم تشكّ فيه أنّ ذلك صديقها المصوّر فمكّنته المرأة من نفسها ثمّ إنّ العبد لمّا قضى حاجته منها انصرف راجعًا وردّ الملاءة إلى زوجة المصوّر فأخذتها منه زوجة المصوّر وتركها في مكانها الذي أخذتها منه
144,0d052fb4-2b63-4cd2-8f78-fe467c284676,Servant tricks keeper,,,,,,,
145,c388378a-1f99-4d66-a06f-660a22564c4c,Lover Realizes She Was Tricked,وإنّ صديقها رجع من ليلته من عند الملك فلبس الملاءة ثمّ !أقامها فلمّا رأته جاءت إليه وقالت له ما شأنك لقد أسرعت الكرّة بعد قضاء حاجتك فعرف أنّه قد دُهي,وإنّ صديقها رجع من ليلته تلك إلى منزله وكان العبد قد فضحها فلبس الملاءة ثمّ جاءها فلمّا رأته أتته وقالت له ما حالك لقد أسرعت العودة فعرف أنّه قد دُهي,ولمّا مضت هدأة من الليل رجع المصوّر إلى بيته فلبسها ثمّ أتى المرأة فلمّا رأته دنت منه وقالت له ما شأنك لقد أسرعت العودة بعد قضاء حاجتك فلمّا سمع كلامها عرف أنّه قد دُهي,وكان المصوّر في بيته غائبًا فلمّا مضى من الليل هدأة رجع المصوّر إلى بيته فلبس الملاءة فأتى المرأة فلمّا رأت الملاءة دنت منه فقالت ما شأنك أسرعت الرجعة وقد قضيت حاجتك فلمّا سمع المصوّر ذلك خبت نفسه,وكان المصوّر عن بيته غائبًا فلمّا هدأ الليل رجع إلى بيته فلبس الملاءة على عادته وتراءى للمرأة فلمّا رأته دنت منه فقالت له لقد أسرعت الرجعة ألم تكنْ عندي وقضيت حاجتك فماذا العود فلمّا سمع المصوّر كلامها خبثت نفسه ولطم على رأسه ورجع إلى منزله,,فلمّا مضى من الليل نصفه عاد المصوّر إلى منزله ولبس الملاءة ثمّ أتى إلى المرأة فلمّا رأته مقبلًا أتت إليه مسرعة وقالت له لقد أسرعت في الرجعة أما قد قضيت حاجتك فما الذي أتى بك ثانية
146,911a533c-cb2f-45e2-aa22-c386228bd74c,Painter realizes keeper was tricked,,,,,,,
147,f4434f66-6cd3-4592-bd2f-70155765ed70,The Lover's Servant Confesses,فرجع إلى منزله فأخذ جاريته فأوجعها ضربًا فأخبرته الخبر فأخذ الملاءة وأحرقها بالنار وباع الجارية,فرجع إلى منزله فأخذ وليدته فأوجعها ضربًا فحدّثته بالخبر فأخذ الملاءة فأحرقها,ومضى من وقته إلى وليدته فأوجعها ضربًا فحدّثته الحديث فأخذ الملاءة فخرقها وأحرقها,ورجع نحو منزله ودعا والدته فتوعّدها بالضرب حتّى أخبرته بالأمر على وجهه فأحرق المصوّر الملاءة,فدعا جاريته فخوّفها وتواعدها بالضرب أو لتخبرنّه بالحقيقة فأخبرته فأحرق المصوّر الملاءة مكانها,وأوفى المصوّر المكان فسمع حديثها وأوعدها بالضرب حتّى أخبرته بحقيقة الخبر فعمد المصوّر إلى الملائة ومزّقها,فانصرف ولم يدنو منها وأخذ زوجته فأوجعها ضربًا فأخبرته الخبر كلّه فحرّق الملاءة وندم على تعريضه إلى ما شاركه فيه غيره
148,6929fa87-a732-4bbf-af62-7b09fcb15b7e,Dimna Opposes Acting Upon Doubt,وإنمّا ضربت لك هذا المثل لئلّا يعجل الملك في أمر شبهة له فيحتمل الوزر والإثم,وإنّما ضربت لك هذا المثل لئلّا تعجل لأنّه من سعى بالشرّ يتحمّل الإصر والوزر,وإنّما ضربت لك هذا المثل لئلّا تعجل لأمر فيه تشبيه وكذب فإنّ الكذب *مُعيب لصاحبه وأنت بالنظر في أمري جدير,وإنّما ضربت لك هذا المثل لتعلم أنّ التشبيه كذب,وإنّما ضربت لكم هذا المثل لتعلموا أنّ الشبهة مأثمة,وإنّما ضربت لك هذا المثل !لتعلمي أنّ الشُبهة كذبٌ فإنّ الكذب مأثمةٌ لصاحبه,وإنّما ضربت لك هذا المثل لئلّا تعجل في أمر قد اشتبه عليك فيتحوّل الضرر والوزر فإنّ من الشبهة أشياء كثيرة فيها عيب وضرر
149,ba7d8209-3d9b-4ff5-a823-92e4e6465090,Dimna Applies the Tale's Deception to Ox to Justify His Killing,,,,وأنت أيّها الملك والحمد لله الفاضل الرأي العظيم الحلم والعالم بالأمور وقد رأى الملك من تشبيههم ما قد استبان من عداوة الثور حتّى استحلّ بذلك قتله وإنّ ذلك جدير أن يمنعه من الإقدام على قتلي مع علمه لنصيحتي له وحفظي له من وزرائه,,,وقد علمت أيّها الملك بفضل ما أعطاك الله تعالى وفضّلك به فلا تعجل في أمري لئلّا يدخل عليك في آخرتك نقص وقد كان بانَ للملك حال الثور وعداوته ومعالجته للقتال فما ينبغي لك أن تشكّ في ذلك ولا تحزن على قتله ولا تتأسّف على موته ومن كان مثلك من الملوك في الحلم والعلم والكرم والرأي السديد أن <لا> يصحّ عليه كلام أهل الفجور
150,ff7b51f3-e958-4a59-b721-1848b95697c7,Lion Should not Kill Dimna Based on Slander,,,,,,,
151,868818b2-cb3b-4e4b-91a4-2ac6ddee51fd,Dimna Claims Status of Minor Servant,,,,إلى ما قد علم الملك من منزلتي في نفسي من خشانة الحال وصغر الحظّ وأنّي لا أقدر على رفع نفسي عن نسبة العبوديّة ولا أطمع فيما يسمو إليه من فوقي,,,
152,20ffc19f-08f1-4848-8cf1-7099f05cc948,Dimna Denies Fear of Death,ولست أقول ما تسمعون شفقًا من الموت فإنّه وإن كره فلا *منجى ولا محيص عنه وكلّ حيّ هالك,ولست أقول ما تسمع فرقًا من الموت فإنّه وإن كان كريهًا فلا منجى منه ولا محيص عنه وكلّ حيّ هالك ولو كانت له مائة نفس,ولست أقول ما تسمع شفقًا من الموت فإنّه وإن كان كريهًا لا منجى منه ولا محيصٌ عنه,وأنا وإن كنت عند الملك صغير الحظّ أجد من عدله نصيبًا أعرف أنّ الملك معطينيه من نفسه في حياتي وبعد موتي يهون عليّ الموت,,,مع أنّي يهون عليّ الموت إذا علمت أنّ الملك يصحّ منه ذلك بالموافقة إذا قتلني
153,a29eeeeb-e289-4367-9d6c-aa7e68aff195,The Sinner Who Accepts Death Is Saved in Hereafter,,,,فإنّ العلماء قالوا من أصاب خطيئة وإثمًا ثمّ أسلم نفسه للقتل فدفع بها عن الصالحين عُفي عنه يوم القيامة ونجا من الشرّ الدائم في الآخرة,قال دمنة قد عرفت صدق مقالتك وقد قالت العلماء لا تجزع من العذاب إذا وُقف منك على الخطيئة *ولأن تُعذّب في الدنيا بجرمك خير لك من أن تُعذّب به في الآخرة في جهنّم مع الأثمة,,فإنّ العلماء قد قالوا من أصاب خطيئة أو إثمًا ثمّ أسلم نفسه للقتل يُعدّ من الصالحين ويُعفى عنه يوم القيامة وينجّيه ذلك في الآخرة من عذاب النار
154,6e79bf0b-cc48-4c0d-b124-a94ed78124b2,Dimna Would Die for Lion,ولو كانت لي مائة نفسٍ وعلمت أنّ الملك رأيه فى تَلَفهنّ لجدت بهنّ,,ولو كنت أعلم لي مائة نفس أعلم هواه في تلفها جُدت بها له,وأحبّه إن قد علمت أنّ الملك يطمئنّ ويفرح ويسكن إذا قتلني,,,فينبغي لمثلي أن يسلّم نفسه فداء عن الصالحين ولو كانت له مائة نفس لكنت حقيقًا أن أسلّمها في رضاء الملك
155,aa787110-4966-4866-b55b-88ce69e4970f,Dimna Says His Merit Protects Him from Calumny,,,,,,,وقد علمت أنّ الله تعالى يعيذه أن يهلك مثلي وأنا من أهل ودّه ونصيحته فلا تأخذني بقول أهل الكذب والفجور من غير ذنب ولا جرم
156,c6816ca2-6aa1-41cb-b070-5e3c90d7dbec,Dimna Asks Lion Not to Hurry Without Investigation,,,,,,,
157,ed5390a3-49e1-412c-a3c0-f1261edad854,Man Strives for the Good as Best He Can,,,,,,,
158,0e81b974-5ad5-48ca-9f8d-b660a35359a5,Dimna Demands Self-Sacrifice from All Servants,,,,وينبغي للحقير مثلي من عبيد الملك الموسوم بالعبوديّة أن يسلم نفسه فيما يصلح للملك العظيم التقيّ مثلك ثمّ وجب عليه أن يختار عاجل عقوبة الدنيا على آجل عقوبة الآخرة,,,
159,1843eeee-cfe9-4ef0-992d-551672b8c3ff,First Speaker Accuses Dimna of Self-Interest,فقال بعضهم لم تنطق بهذا *لحبّك للملك ولا لكرامته عليك إلّا لخاصّة نفسك والتماس العذر ممّا وقعت فيه منه,فقال بعض الجند إنّك لم تنطق بهذا لحبّ الملك ولا لكرامته ولكن نطقت به لخاصّة نفسك والتماس العذر ممّا وقعت فيه,فقال بعض جلساء الملك لم تنطق بهذا لحبّ الملك ولا لكرامته عليك ولكن ذلك للدفع عن نفسك ولطلب الخلاص من الورطة التي قد لزمتك والتماس العذر ممّا وقعت فيه,فقال بعض من حضر الملك من جنوده أيّها الملك إنّ دمنة ليس يقول ما يقول تعظيمًا للملك ولا توقيرًا له ولكنّه يريد أن يدفع عن نفسه ما قد نزل به من عاقبة سوء عمله,,,قال فبينما هو في هذا القول إذ قال له بعض الجند يا دمنة لم تنطق بهذا الكلام حبًّا للملك ولا كرامة لكن لخلاص نفسك ممّا وقعت فيه
160,f29876a4-0363-4dbb-aa43-c7363201e525,Dimna Claims Right to Self-Defense,*** ويلك وهل على *امرئ في التماس ذلك لنفسه وطلبته ... وهل أحد أقرب إلى الانسان من نفسه فإنْ هو لم يلتمس الحذر لها فلمن يلتمس,قال دمنة ويلك وهل على امرئ عار إذا التمس العذر لنفسه وهل أحد أقرب إلى الإنسان من نفسه فإذا لم يلتمس لها العذر فلمن يلتمسه,فأقبل عليه دمنة فقال إنّي إن كنت كما ذكرت فلست أجدني مخصومًا ولا ملامًا على دفع البلاء عن نفسي ما استطعت والتماس البراءة لها وجرّ العافية إليها ولا أجد أقرب إلى الإنسان من نفسه ولا أولى بنصحها وإظهار عذرها منه,قال دمنة من يحفظ نفسي إن أضعتها ومن يرفعها إن وضعتها هل لي نفس غيرها فأدفع عنها الردى,,,فقال دمنة مجيبًا هل عليّ في ذلك عيب وهل !عيب أقرب إلى الإنسان من نفسه فإذا قام بعذره لم يمقت وإذا لم يقم عنها العذر فمن يعتذر
161,d606398d-7b99-4040-bf52-029b36b87557,Dimna Insults the First Speaker,,,فأمّا أنت فلك الويل بما أظهرت من ضعف عهدك وودّك لنفسك وسوء حالها عندك وإنّك عدوّها فمَن دونها أولى,,,,
162,47aa1ddf-b194-449f-a488-a71a9fb25ab8,Who Does Not Protect Himself Is Useless to Others,وقد قالت الحكماء من لم يحفظْ نفسه فهو لغيرها لا يصلح,,وقد قالت العلماء إنّ المستهجن لنفسه المبغض لها بغيرها أشنأ وأقطع ولمن سواها أغشّ وأرفض,ولن يصون رهطه من لم يصنْ نفسه أوَما علمتَ أنّه ليس على المرء في التماس العذر لنفسه من غيره عار,,,
163,8c4b3c4f-5aae-4603-a108-9684ac8ba994,Dimna Calls First Speaker Self-Hating,ولقد ظهر منك ما لم تملكْه من البغي والحسد والبغضاء والجهل ولقد عرف من سمع ذلك أنّك لا تودّ لأحد خيرًا وأنّك عدوّ لنفسك ومن دونها ومثلك لا يصلح أن يكون مع البهائم فكيف مع الملك وحضور بابه,وقد ظهر منك ما لم تكن تملكه من الحسد والبغضاء وعُرف حين سُمع قولك أنّك لا تودّ لأحد خيرًا وأنّك عدوّ نفسك فمن دونها ومثلك لا يصلح إلّا أن يكون مع البهائم ولا ينبغي أن يكون بباب الملك,وما أنزّه الملك عن صحبتك بل أجدني منزّهًا للبهائم عن أخلاقك مكرّمًا لها عن خلطتك,لقد ظفرت منك بما لم تملكْه من الحسد والشرّ والبغضاء والعداوة فمثلك لا يصلح أن يكون بباب الملك أو يعرفه بل ولا ينبغي أن يكون مع دوابّه أيضًا,,,ومثلك لا ينبغي أن يكون لسانًا للسلطان بل ينبغي له أن يكون مع دوابّه
164,0ad278e3-f5d5-4171-a4fd-2572557932f8,First Speaker Leaves Dejected/Is Silenced,فلمّا أجابه دمنة بذلك خرج مكتئبًا حزينًا مستحيًا ممّا كلّمه به دمنة,قال فلمّا أجابه دمنة بذلك خرج مكتئبًا حزينًا مستخفّيًا مستحيًا,فلمّا سمع ذلك من دمنة لم يُحِرْ جوابًا,,,فلمّا سمع ذلك النمر خرج *من عند الأسد مستحيًا مفكّرًا,
165,b075a41d-e49e-494f-a769-bd5acaddf7f3,The Mother Is Amazed by Dimna's Verbosity,فقالت أمّ الأسد إنّ من العجب انطلاق لسانك بالقول والأمثال مجيبًا لمن تكلّم وقد كان منك الذي كان من الفجور والمنكر والغشّ,قالت أمّ الأسد لدمنة إنّ أعجب العجاب [[إطلاق]] [لسانك] إطلاق لسانك بالجواب وقد كان الذي كان منك,فقالت أمّ الأسد إنّ من العجب انطلاق لسانك بالقول مُجيبًا لمن تكلّم وقد كان منك الذي كان,,فقالت أمّ الأسد لقد عجبت منك أيّها المحتال لقلّة حيائك وسرعة جوابك,فقالت أمّ الأسد لقد عجبت أيّها المحتال لقدر صولتك وقبحك بالكلام وجرأتك أيهّا المحتال,قالت له أمّ الأسد إنّ العجب من إطلاق لسانك بالقول مجيبًا لكلّ من تكلّم في أمرك بالحقّ أو قال ما يعلمه منك بالصدق وقد كان منك <ما كان>
166,3422e6e2-27ca-4846-879e-3dd5a45a48f6,Dimna Calls the Mother Biased,فقال دمنة لأيّ شئّ تنظري بعينٍ واحدةٍ وتسمعين بأذن واحدةٍ ولا تنظرين في الأمر وتستيقينه ولكن تركبين فيه هواك من غير علم ولكن أرى شقوة جدّي عندك قد غيّرت كلّ شئّ من شأني فليس أحد ينطق بحقٍّ ولا ينطق إلّا بالهوى,قال دمنة ما لي أراك تنظرين بعين واحدة وتسمعين بأذن واحدة وكذلك شقي جدّي مع أنّي أرى كلّ شيء تغيّر وتنكّر وما لي أحد ينطق بعذري ولا يقوم به ولا يتكلّم إلّا بهواه,فقال دمنة فعلامَ تنظرين بعينٍ واحدةٍ وتسمعين بأذنٍ واحدةٍ ولذلك شقي جدّي مع أنّي أرى كلّ شيءٍ تغيّر وتنكّر فليس أحدًا ينطق بحقٍّ ولا يتكلّم إلّا بالهوى,,قال دمنة لأمّ الأسد لأيّ حال تنظرين بعين واحدة وتسمعين بأذن واحدة مع أنّي لشقاوة جدّي قد رُوي عنّي كلّ شيء حتّى لقد سعوا إلى الملك بالنميمة عليّ,فقال دمنة لأمّ الأسد لأيّ شيء تنظرين بعنٍ وتسمعين بأذن واحدةٍ فمع ذلك إنّ شقاوة جدّي قد غيّر لي كلّ شيء فصاروا الناس لا ينظرون أحيانًا في أمري بالحقّ وصار كلّ شيءٍ يدنو من الاثنين يُنظر بالنميمة,فقال لها دمنة لأيّ شيء {تبصرين} [[فون]] بعين واحدة وتسمعين بأذن واحدة مع أنّي أرى كلّ شيء تغيّر *وتناكر فصار الناس لا ينطقون بالحقّ في أمري وصار كلّ واحد يتكلّم بالنميمة والسعي في شأني
167,f63e669c-d5d8-4677-8747-db59a2abf264,Dimna Finds Lion's Lenience Makes Courtiers Lie,ومن بباب الملك من يفتهم برأفته وطمأنينتهم إلى كرمه لا يتّقون ذلك أن يتكلّمون بأهوائهم فيما وافق الحقّ وخالفه لأنّه لا يغيّر عليهم ولا يرد رأيهم,وقد صار بباب الملك يتكلّمون بأهوائهم فيما وافق الحمق أو خالفه لا يردّ عليهم ولا ينتهون عنه لما بلوا من حلمه ولين عريكته وصفحه وتجاوزه,ومن بباب الملك لثقتهم بلينه وطمأنينتهم إلى كرمه لا يتقّون ذلك فيما وافق الحقّ أو خالفه لأنّه لا يغيّر عليهم ولا ?يتدههم ولا يزجرهم,,,,وصار كلّ من في باب الملك لا يقبل منّي كلامًا ولا عذرًا ممّا عليهم من الحقد والفساد ولا يدرون ما يقولون في أمري
168,ad0201da-c896-4cad-aec6-6ead738d85cd,Dimna Criticizes Courtiers for Speaking Indiscriminately,,,,,حتّى لقد صار مَن بباب الملك لاستخفافهم وطول كرامته إيّاهم وما هم فيه من العيش والنعمة لا يدرون في أيّ وقت ينبغي لهم الكلام ولا متى يجب السكوت,,
169,4d86f1d2-382b-4035-a26c-c050b243107f,Dimna Treats His Case as Exemplum,وهذا موضع العظة إن نفعت والأمثال إن قُبلت,,,قال دمنة هذا موضع العظة إن قُبلت وموضع الأمثال إن سُمعت,,,
170,5edf6971-b38d-4218-bed2-7e731207f1d7,The Mother Chastises Dimna's Duplicity,فقالت أمّ الأسد انظروا إلى الغادر الفاجر الذي قد ركب الأمر العظيم وهو يأخذ بأعين الناس ليبطله ويبرّئ نفسه منه,فقالت أمّ الأسد انظروا إلى هذا الغادر الفاجر الذي ركب من الأمر العظيم ما ركب وهو يريد أن يأخذ بأعين الناس ويبرّئ نفسه,فقالت أمّ الأسد انظروا إلى هذا الفاجر الذي يركب الأمر العظيم ثمّ هو يأخذ بأعين الناس ليُبطله ويُبرّئ نفسه منه,,قالت أمّ الأسد انظروا إلى هذا الغادر كيف يدع نفسه بريئًا كمن لا ذنب له,قالت أمّ الأسد انظروا هذا من عظمة ذنبه أن يجعل نفسه بريئًا كمن لا ذنب له,قالت أمّ الأسد انظروا إلى هذا الغادر الفاجر الذي يركب الأمر العظيم ثمّ يأخذنا بخداعه ومكره ليبطله ويبرّي نفسه
171,8f3ad352-9fe6-4d1b-9baa-1c9021f14e13,Dimna Enumerates 5 Duplicitous Types,فقال دمنة إنّ أصحاب ما ذكرت خمس رجال أحدهم الذي يذيع السرّ ولا يكتمه والآخر الذي يلبس لباس النساء والآخر المرأة التي تلبس لباس الرجال والآخر الضيف الذي يزعم أنّه صاحب البيت والآخر الذي ينطق في مجلس السلطان بما لا يُسئل عنه,قال لها دمنة إنّما صاحب ذاك من أذاع السرّ ولم يدفنه والرجل يلبس لباس المرأة والمرأة تلبس لباس الرجل والضيف يزعم أنّه ربّ البيت والناطق عند الملك بما لا يُسأل عنه مردود,قال دمنة إنّ صاحب ما ذكرت من يدفع الشرّ ولا يدفنه والرجل الذي يلبس لباس المرأة والمرأة التي تلبس لباس الرجل والضيف الذي يزعم أنّه ربُّ البيت ومن ينطق في المجمع عند الملك بما لا يُسأل عنه,,قال دمنة إنّ الذين يعملون غير أعمالهم خمسة الذي يضع الرماد موضع ينبغي أن يضع الرمل ويستعمل فيه السرجين والرجل الذي يلبس لباس المرأة والمرأة التي تلبس لباس الرجل والضيف الذي يقول أنا ربّ البيت والذي ينطق بين الجماعة بما لا يُسأل عنه,قال دمنة إنّ الذين يعملون غير أعمالهم خمسة الرجل الذي يلبس لباس المرأة والمرأة التي تلبس لباس الرجل *والضيف الذي يظنّ أنّه صاحب المنزل والذي ينطق بين الجماعة بغير سؤال والمتكلّم بما لا يعنيه,قال لها دمنة إنّ صاحب من ذكرتي باغيًا [[لك]] للشرّ ولا بدّ فيه كالرجل الذي يلبس لباس المرأة والمرأة تلبس لباس الرجل والضيف الذي يأمر وينهى في البيت الذي لا يملكه والذي يتكلّم بما لا يُسأل عنه
172,38d91794-c8fa-41e0-8183-83824ee96cfe,The Mother Demands Dimna's Silence and Confession,فقالت أمّ الأسد أيّها الغادر الفاجر أنّك تحسب أنّك خادع الملك بقولك هذا وأنّه يستبقيك,قالت أمّ الأسد لو تعرف سوء عملك فتقتصر عمّا أسمع من قولك كان أولى,فقالت أمّ الأسد ما تعرف سوء عملك فتحذره وتبصر غَرّة قولك فتتّقيها,,قالت أمّ الأسد أتظنّ أيّها الغادر المحتال أنّك خادعي والملك بقولك هذا وأنّه لا يسجنك,قالت أمّ الأسد أيّها الغادر المحتال أتحبّ أن تخدع الملك بهذا الكلام,قالت له أمّ الأسد يا شقيّ أما تعرف سوء عملك فتحذره
173,60c8642d-b721-40f2-aa31-8c974a03067c,Dimna Defines the Ill-Wishing Person,قال دمنة إنّ الذي يركب !الفكر لا يحبّ لأحدٍ خيرًا ولا يدفع عنه مكروهًا وهو يقدر عليه,فقال لها إنّما يعمل على الشرّ الذين لا يحبّون للناس الخير ولا يدفعون عنهم الشرّ,فقال دمنة إنّ الذي يركب المنكر لا يحبّ لأحدٍ خيرًا ولا يدفع عنه مكروهًا,,,قال دمنة إنّما الشقيّ من لا يعرف الأمور ولا الناس ولا دفع الضرر عنهم,قال لها دمنة الشقيّ الذي يركب المنكر ولا يحبّ لأحد خيرًا ولا يدفع عنه مكروهًا
174,1296a09e-af52-4beb-ba5f-e7f17b840b68,The Mother Condemns Dimna's Sweet-Talking and Hoping,قالت أمّ الأسد أما تعرف سوء عملك فتحذره وتبصر غَرّة قولك فتتّقيها وتعلم أنّك لست بناجٍ حتّى يُنتَقم منك أشدّ الانتقام,قالت له أمّ الأسد أيّها الغادر الفاجر ما أجرأك على ذلك والعجب لك كيف تُترك حيًّا,قالت أمّ الأسد أيّها الفاجر إنّك لتجترئ على مثل هذا القول عند الملك عجبًا له كيف تركك حيًّا,,قالت أمّ الأسد أتظنّ أنّك ناجٍ من عظيم جرمك وأنّ محالك هذا ينفعك,قالت أمّ الأسد يا شقيّ لا تُخفِ سوء عملك وتعلم أنّك لست بناجٍ منه,قالت له أمّ الأسد أيّها الغادر الفاجر عجبي كيف أبقاك الملك بالحياة أيّها الكاذب المحتال ما أظنّك ناجٍ من كذبك هذا أبدًا
175,0a9a70f7-136a-4da0-9375-cea7bbf998f7,Dimna Defines as Traitor Who Is Ungrateful for Advice and Kills a Defeated Enemy,قال دمنة الغادر الفاجر الذي [لا] يؤمّن عدوّه فإذا استمكن منه قتله على غير ذنب,قال لها دمنة الغادر الذي [لا] يؤتى بالنصيحة ويمكَّن من عدوّه من لا يشكر له ذلك ولا يعرفه ولا يكافئ عليه بل زعموا أنّه يريد قتله من غير ذنب,فقال دمنة إنّ صاحب ما وصفت الذي يؤتى بالنصيحة ويمكَّن من عدوّه فإذا استمكن منه قتله ثمّ لا يشكر ذلك ولا يعرفه لمن فعله ويريد قتله بغير ذنبٍ اجترمه,قال دمنة إنّما الغادر الذي [لا] يُؤتى بالنصيحة ويُمكَّن من عدوّه ثمّ لا يشكر ذلك ولا يسرّه والذي يؤمّن عدوّه فإذا استمكن منه قتله بغير ذنب والذي يعادي من كشف له عداوة أعدائه,قال دمنة إنّ الغادر الذي لا يأمن عدوّه مكره ومن إذا استمكن من عدوّه قتله على غير ذنب,قال دمنة الغدّار الذي [لا] يؤمّن عدوّه وإذا استمكن منه قتله على غير ذنبٍ,
176,b0e4cbee-a5bf-41da-bda3-7e5270147827,Mother Deems Dimna's Parables Worse Than His Crimes,,,,قال الملك لدمنة ما الذي سلف من خيانتك ومكرك ودحسك بأعجب منّي ممّا أسمع من موعظتك وضربك الأمثال لمن تكلّم فيك,,,
177,163a5064-3a94-4dce-b2ef-8778c197935b,Crimes Should Distract Dimna from Coining Fables,,,,قالت أمّ الأسد أيّها الغادر الفاجر إنّ فيما قدّمت يداك لشاغلًا لك لو عقلت عن ضرب الأمثال,,,
178,b2508cd4-9e75-40c0-ba41-2560b130fa88,Dimna Defines Traitor as Fearing and Opposing Discovery,,,,,,,
179,c0ccb31f-8209-4bcc-bf3f-e1ef5725fb81,The Mother Calls Dimna a Liar,قالت أمّ الأسد أيّها الكذوب الذي يقول ما لم يكن وما لم يفعل,فقالت له أمّ الأسد الكاذب الذي يقول ما لم يكنْ ولم يفعل,فقالت أمّ الأسد أيّها الكاذب أترجو أن تنجو من ذنبك العظيم,قالت أمّ الأسد شيطانك أيّها الفاجر الغادر ترجو أن ينفعك للمكابرة بالكذب,,قالت أمّ الأسد أيّها المكروب أتريد أن تكون ناجي من جرمك العظيم بهذه الأقاويل الكاذبة,
180,307c75df-7499-47d5-bd77-06c52e33af8d,Dimna Claims Truthfulness,قال دمنة أمّا أنا فقد قلت الذي كان وصدّقت قولي بفعلي,قال أنا فعلت الذي كان وصدّقت قولي بفعلي,فقال دمنة إنّ أهل ما ذكرت الذي يقول ما لم يكنْ وإنّي نطقت بالحقّ وجئت عليه بالتثبّت والحجّة,,قال دمنة إنّ المحتال من يتّهموه بما لا يكون فأمّا أنا فقد قلت ما كان,قال دمنة إنّ الكذّاب الذي يقول ما لم يفعل وأمّا أنا فقد قلت الذي كان وصدقت في قولي وفعلي,قال لها دمنة الكذّاب الذي يقول ما لم يفعل وما لم يكن وأمّا أنا فقد قلت له الذي كان وصدقت في قولي بفعلي
181,3aed0787-f6d4-4a41-a3d9-2e5bf2f6f54d,Dimna Claims He Convinced Lion of Ox's Treason,,,,,وقد كان استبان لسيّدي ما ظهر من عداوة شتربة ورأى من علامات ذلك صدق قولي عنده وقولي واضح مبين,,
182,3815104d-4bf0-4213-a273-636ca7387753,Dimna Defines White Liar and Claims Fulfillment of His Duty,,,,قال دمنة إنّ الكذوب من كافأ بالإحسان الإساءة وبالخير الشرّ وبالأمن الخوف فأمّا أنا فقد أنجزت الوعد ووفيت بالعهد,,,
183,9ae885cc-48b0-4aa2-8f2b-4936164797bf,The Mother Asks for Proof of Dimna's Truthfulness,قالت أمّ الأسد وما الذي كنت قلته فصدقت فيه بفعلك,قالت أمّ الأسد ما الذي كنت قلته وما الذي صدقته,فقالت أمّ الأسد ما الذي كنت قلت وما الذي صدقته به,,,,
184,56d04336-46d8-4622-aed1-e37e4a6d5790,The Mother Asks What Duty Dimna Fulfilled,,,,قالت أمّ الأسد ما وعدك الذي أنجزت وعهدك الذي به وفيت,,,
185,8c2a0b83-15c9-4c87-a4c5-067c70178116,Dimna Cites His Courage to Speak at Court as Proof,قال دمنة سيّدي يعلم أننّي لو كنت كاذبًا لم أقلْ هذا القول بين يديه وذلك دليل على أنّه ليس لي ذنب يخزيني به,فقال دمنة الملك يعلم أنّي لو كنت كاذبًا لم أقل هذه المقالة عنده وأنا أرجو أن يستبين له صدقي وصحّة كلامي,فقال دمنة الملك يعلم أنّي لو كنت كاذبًا لم أقل هذه المقالة عنده وإنّي أرجو أن يستبين له صدقي وبراءتي وصحّة ما قلت,قال دمنة الملك يعلم أنّي لو كنت كاذبًا لم أقل هذه المقالة عنده عن انتحال من انتحل عنده,,,والملك يعلم أنّي لو كنت كاذبًا لم أقلْ هذا القول بين يديه فهذا دليل أنّي ليس لي ذنب ولا خطيئة أستحقّ بها القتل
186,435decd1-35af-4018-9f4f-a6fffd01240f,The Lion's Silence Makes the Mother Doubt,فلمّا رأت أمّ الأسد إنّ الأسد مستمعًا لكلام دمنة غير رادّ عليه شيئًا ممّا يقول ارتابت وظنّت أنّ الأسد يعرف بعض ما يقول دمنة في براءته وغدره,فلمّا رأت أمّ الأسد ذلك ورأت أنّ الأسد لا ينطق في أمر دمنة بشيء سكتت وقالت لعلّه مكذوب عليه فيما رُمي به,فلمّا رأت أمّ الأسد أنّ الأسد لا ينطق بشيء في أمر دمنة شكّكت في أمره وقالت لعله مكذوب عليه ممّا رُمي به,فلمّا رأت أمّ الأسد أنّ الأسد لكلام دمنة غير رادّ عليه شيئًا ممّا يقول ارتابت وظنّت أنّ الأسد يغترّ ببعض ما يقول دمنة في براءته وعذره [ارتابت],فلمّا رأت أمّ الأسد أنّ الأسد لا ينطق بشيء ارتابت في نفسها,,فلمّا رأت أمّ الأسد أنّ الأسد ساكت لا يقول شيئًا قالت في نفسها لعلّ دمنة بريء ممّا رموه به ولعلّه مكذوب عليه
187,1267e109-66b4-4f0e-a8ea-4369be115b78,Who King and Court Listen to in Silence Appears Truthful,,فإنّ المعتذر عند الملك بمحضر الجند لا يرَدّ عليه شيء من منطقه يمكن أن يكون محقًّا فيما تكلّم,فإنّ المعتذر عند الملك بمحضر من الجند لا يرَدّ عليه شيء من منطقه لشبيه بأن يكون محقًّا فيما تكلّم به,,,,
188,43747ea3-68bc-4b00-8b21-e8162c504c28,Silence in an Argument Means Approval,فقالت أمّ الأسد أنّ الصمت عند الاحتجاج من الخصم دليل على تحقيق ما يقول فلذلك قالت العلماء من قضى لصاحبه في جماعة الناس بشيء يقوله في أمره فلم يجبْه للقول في سكوته فقد سكت في سكوته عن قول صاحبه ثمّ نهضت فخرجت من عند الأسد,,,[فقالت] إنّ الصمت عن احتجاج الخصم لشبيه بالإقرار بحقيقة ما يقول ولذلك قالت العلماء أقرّ صامت فخرجت,وقالت للأسد إنّ العلماء قد قالوا من قصد صاحبه بقول في جماعة من الناس فلم يجبه المقول فقد صدّق بسكوته قول صاحبه فيه ثمّ نهضت فخرجت,,
189,cc99a65d-e1b8-4a26-949b-76e865fa9122,Mother Asks Lion's Knowledge of Dimna's Veracity or Treason,,,,,,ثمّ قالت للأسد أتعرف بعض ما يقول دمنة في براءته وغدره,
190,f5bf7ce1-3568-45d4-977a-1877544cfc77,Lion Hands Dimna Over to Judge for Investigation,وأمر الأسد عند خروجها أن يُدفع إلى القاضي بالتوثيق منه حتّى يُفحص عن أمره فتُرك في حلقه سلسلة وانطُلق به إلى السجن,فأمر الأسد عند ذلك بدمنة أن تُقذف في عنقه جامعة ثمّ يُحبس لينظر في أمره,فأمر الأسد عند ذلك دمنة فقُذفت في عنقه جامعة ثمّ حُبس وأمر بالنظر في أمره,وأمر الأسد بدمنة أن يُرفع إلى القاضي بالاستيثاق منه والفحص عن شأنه,فدفع الأسد دمنة إلى القاضي فأمره بالفحص عن أمره وأن يلقى إليه ما يكون من قوله وعذره,فأمر أن يُحمل دمنة إلى القاضي والفحص عن شأنه,قال فعند ذلك أمر الملك بدمنة أن يُجعل في عنقه غلّ وأمر به أن يُطرح في السجن حتّى يُنظر في أمره فمضوا به إلى السجن
191,5d1626c8-f354-416d-9042-df07380017c3,Scene 4. Lion and His Mother,,,,,,,
192,f1fbea4b-b3cb-430f-987f-951df7d57963,The Mother Knows about Dimna's Infamy,,,فقالت أمّ الأسد لقد بلغني أنّ هذا الفاجر الكذّاب شرّ ما يقال من أحد,ثمّ إنّ أمّ الأسد عادت إلى الأسد فقالت إنّي لم أزلْ أسمع بمكر دمنة ودحسه منذ زمان فحقّق ذلك عندي ما سمعت من إفكه وافتعاله المعاذير وكثرة مخارجه من غير صدق قول ولا وضح عذر,,,فقالت له أمّ الأسد عند ذلك لقد بلغني عن هذا الفاجر المخادع الكاذب ما فعل وصنع وأمره ما خفي على أحد والذي ذكر لي ذلك عنه الصادق الأمين
193,e078dd6e-34f6-462b-b596-e5476a1ae61a,Dimna Has a Bad Reputation,ثمّ إنّ أمّ الأسد عادت من ردّ إلى الأسد وقالت لم أزلْ اسمع الكبير والصغير يذكر نميمة دمنة وسوء عمله ولا سيمّا في أمر الثور الذي كان خاصّتك ثمّ زادّ ذلك عندي تصديقًا لـقول الأمين الصدوق,فقالت أمّ الأسد !ومتى بغت الألسن بذلك عليه وهو محَقّ وليس يخفى على أحد حاله والذي ذكر ذلك الأمين المصدّق,وتتابعت الألسن عليه وهو له مُحيل وليس يخفى أمره عليّ والذي ذكره لي الأمين الصدوق,,,,
194,f002611e-3f7d-495a-900f-6a13cf1452c0,The Mother Tells the Lion not to Listen to Dimna,فلا تسمعنّ قول دمنة وما يجيء من خدعه وخلابته فإنّ سوء عمله قديم وقد اغتالك في الكذب والخديعة وقد صار له خلقًا فإن تريد الواجب فتجمع جندك,,,,,,
195,e1720784-b3d9-4de6-93c6-8f10ea1efc77,Dimna Will Lie to Defend Himself,,,,فإنّك إن أمكنته من الكلام دفعك عن نفسه بمشتبه الحجج الكاذبة,,,
196,80522ab3-827f-4fd6-8cd2-a9ff27ef1295,The Mother Tells the Lion Not to Debate Dimna,,فاسترحْ منه ولا تناظره,فليسترحْ منه ولا يناظره,,,,
197,7ab897a2-e9c1-430a-81c6-3cb332a6d348,The Mother Tells the Lion to Kill Dimna,ولا تنتظرنّ بقتل دمنة,,,وفي قتله لك ولجنودك راحة عظيمة فعاجلْ بقتله ولا تأخذْك فيه هوادة ولا !توقعْك في قتله شبهة,,,فاقتلْه يا ولدي ولا تبقيه
198,197d30a6-7b81-4cf5-9148-ad54fc2a759a,"If Unstopped, Dimna Will Continue His Crimes",,,,,,,
199,f45ddf36-122e-4296-9520-3e0db4c932a3,The Lion Tells the Mother to be Silent,قال الأسد لها اسكتي واعتبري فإنّي ناظر في هذا الأمر بالذي ينبغي,فقال الأسد اسكتي عنّي فإنّي ناظر في أمره وفاحص عنه,فقال الأسد اسكتي عنّي واهدئي فإنّي ناظر في أمره وفاحص عنه,,,,فقال لها الأسد أنا ناظر في أمره وفاحص عنه
200,fdca3f2a-586a-4172-bf60-80eaf12f7faa,Courtiers Envy Each Other,فإنّ الذين يلزمون أبواب الملوك طبعهم وخلقهم تحميل بعضهم على بعض بالنميمة والكذب حسدًا وبغيًّا يطلب به هلاكهم,,,قال الأسد لأمّه إنّ من شأن بطانة الملك وقرابتهم تنافس المنازل بينهم ودخول الحسد والبغي من بعضهم على بعض في ذلك ثمّ ذو الرأي والنبالة منهم خاصّة هم المبتلون بذلك,,,
201,89d1cef1-fca0-4c3b-b712-37c3b1257e2a,The Lion Praises Dimna,وخاصّة من أحسّوا عنده فضل غنًا وقولًا ومروةً وهذه كلّها موجودة في دمنة,فإنّه لبيب داهية عالم فطن,,,,,لأنّه لبيب ذو دهاء عالم فطن
202,a1f8f5a9-3dd4-45ce-88b1-a6598942d1dc,Dimna's Position is Subject to Envy,,,,وقد علمت أنّ مكان دمنة يثقل على غير واحد من أصحابي وأهلي فلست أدري لعلّ الذي أرى وأسمع من إجماعهم عليه لبعض ذلك,,,
203,eae6851e-d038-4dfd-8ed1-f59bf09c6aab,The Lion Wants to Avoid Haste,,وأنا متثبّت في أمره غير عاجل عليه ولا أشتري ضرّ نفسي باتّباع هوى غيري ممّن لا يُدرى صدقه من كذبه,وغير عاجلٍ عليه ولا أشتري ضرّ نفسي باتّباع هوى غيري ممّن لا أدري ما صدقه من كذبه من الذي وصفت,فأنا أكره العجلة في أمره فإنّ العلف الصالح لا ينبغي أن يُستهلك إلّا في حجّة وفيما العذر واضح فيه لمن استهلكه,,,وأنا أخاف إن عاجلته بالقتل بقولهم أخاف أن اكتسب لنفسي إثمًا وعارًا باقيًا لكنّي أبحث عن هذا الأمر
204,fc267fef-15f5-42eb-9ee7-0c0291043704,Lion Repeats Question for Mother's Source,فحدّثيني من عرّفك بهذا الأمر,فأعلميني مَن الذي وصفت وسمّيتيه لي,فسمّيه لي,,,,فأخبريني من أخبرك هذا الخبر ومن أسرّه إليك
205,45f57379-01b2-4ae8-ab33-5d4059762728,The Mother Names the Leopard,فقالت أمّ الأسد أنّ الأمين الصدوق المخبر هو خليلك وأمينك وصفيّك ومكتّم سرّك النمر,فقالت أمّ الأسد هو خليلك وأمينك النمر,فقالت أمّ الأسد هو خليلك ومؤدّبك وأمينك النمر,,,,قالت أمّ الأسد أخبرني به الأمين الصادق الناصح لك النمر وهو صفيّك وصاحب أمرك وهذا هو والأمر أمرك فاصنعْ ما شئت قال ورجعت أمّ الأسد من عند ابنها
206,f9e497f5-7cc7-48cf-b680-875cb9b9d7cc,Lion Promises to Act and Dismisses His Mother,فقال لها الأسد حسبك سترين ما أصنع به فانصرفي,فقال الأسد حسبك سترين ما أصنع فانصرفي فانصرفت,فقال الأسد بحسبك سترين ما أصنع به وآمر فيه فانصرفي,,,,
207,15c27590-fcf8-4ace-aedb-ed70489e3dac,The Judge Has Dimna Taken to Prison,,,,ثمّ إنّ القاضي أمر بدمنة إلى السجن فغُلّظ عليه الوثاق,فأخذه القاضي وأمر أن يُترك في عنقه جامعة ويُنطلق به إلى السجن,فألقى في عنق دمنة حبلًا ومضوا به إلى السجن,
208,06d1ad47-92e9-4470-bcba-af217229b730,Scene 5. Kalila and Dimna in Prison,,,,,,,
209,fb54e456-220e-4a0d-806b-558e152baa02,Kalila Seeks out Dimna in Prison,فلمّا ذهبت أمّ الأسد وانتصف الليل أُخبر كليلة أنّ دمنة قد أوثِق وحُبس فرقّ عليه لطول صحبته وإخائه فانطلق إليه إلى السجن مستخفيًا,ولمّا ذهب *جزء من الليل بلغ كليلة أنّ دمنة قد حُبس واُستوثق منه فانطلق إليه,فلمّا ذهبت هدأةٌ من الليل بلغ كليلة أنّ دمنة قد حُبس واُستوثق منه فانطلق إليه يهمس همسًا,فدخل كليلة له رقّة وأدركه منه ذمام لقديم الإخاء وطول الصحبة وصافي المودّة التي كانت بينهما فانطلق إليه مستخفيًا,فلمّا انتصف الليل أخبر كليلة أنّ دمنة قد انطُلق به إلى السجن فأتاه مستخفيًا,فلمّا انتصف الليل سمع كليله أنّ دمنة في السجن فانطلق مستخفيًا,وعلم كليلة أنّ أخوه دمنة في السجن فانطلق لينظر كيف حاله فوجده موثوقًا
210,25919348-38d3-402f-9de3-b86bf06bae7f,Kalila Weeps when Seeing Dimna,فلمّا رآه موثوقًا بكى,فلمّا رآه بكى بكاء شديدًا,فلمّا رآه موثقًا بكى بكاءً شديدًا,حتّى لقيه في السجن فبكى حين نظر إليه وإلى ما هو فيه من الضيق والغمّ,فلمّا رأى ما هو فيه من ضيق القيود وحرج المكان بكى,حتّى لقيه ونظر إليه ورأى ما هو فيه من الضيق والغمّ وسوء الحال,
211,35661841-c2be-4419-b603-7f13ea017673,Kalila Admits Having Been Harsh on Dimna,وقال له قد صار أمرك إلى ما لا أبالي أن أغلط لك معه في القول ولا أن !استغب لك بما تكره ولكنّك هل تذكر ما كنت أقول لك وأنصحك وأشير به عليك,وقال لا أغلظ لك في القول ولا أستقبلك بما تكره ولكن تذكّرْ الآن الذي كنت أقول لك وأشير به عليك,وقال قد بلغ الأمر بأخي إلى ما لا أبالي ألّا أغلظ لك معه في الكلام ولا أستقبلك بما تكره منه وإنّه ليخطر ببالي ما كنت أشير به عليك ولقد كنت رأيت ذلك وأبلغت في الموعظة,ثمّ قال له إنّما أنت فيه لكافيك من العظة ولكن لا بدّ من إذكارك قضائي حقّك في النصيحة لك والتقدمة إليك,وقال له ما وصلت إلى ما وصلت من سوء الحال إلّا باستعمالك الغلظة وإضرابك عن الاستماع للعظة ولكن لا بدّ لي من إنذارك والنصيحة لك والمسارعة إليك في خلوص الرغبة,فقال له أنت في هذا الضيق الذي جناه عليك سوء رأيك وسأذكّرك ما كنت أفضي إليك من النصيحة,فقال له قد صار أمرك إلى ما أرى ولا أبالي أن أغلظ لك معه في الكلام ما كنت تذكر الذي كنت أقول لك وأشير به عليك
212,fd96956e-6bdc-419c-9505-0a2886b93e6f,Withholding Advice Would Have Made Kalila Complicit,,,,فإنّ لكلّ مقالة موضعًا ولو كنتُ قصّرت في موعظتك حيث احتجتَ إلى ذلك منّي في حال العافية كنت اليوم شريك في الذنب,فإنّ لكلّ مقام مقال ولكلّ موضع مجال ولو كنت قصّرت في عظتك حين كنت في عافية لكنت اليوم شريكك في البلاء,فإنّ لكلّ مقامٍ مقال ولو كنت قفيت أثرك لكنت اليوم شريكك,
213,3778078d-3663-4334-9ccc-9dbef49eec75,Conceit Caused Dimna's Demise,فلم تلتفت إلى قولي ورأي ولم تأخذ بهما إلّا عجابًا برأيك ودهائك,فلم تلتفت إليه ولم تأخذْ به لإعجابك برأيك ودهائك وفطنتك كيف نُزعت منك وأشرفت على الهلكة,فلم تقبل منّي ولم تأخذ به لإعجابك برأيك فويلٌ لحلمك وفطنتك لقد ضلَّا عنك ونُزعا منك وذهبا مع حياتك ضياعًا,ولكنّ الإعجاب دخل منك مدخلًا فهو الذي رابك وغلبك,غير أنّ العُجب قهر رأيك وغلب على عقلك وقد كنت أضرب لك كثيرًا من الأمثال,غير أنّ العُجب دخل منك مدخلًا فهزأ بك وغلبت على عقلك وكنت أضرب لك من الأمثال كثيرٌ,فلم تلتفت عليه ولم تعمل به إعجابًا بنفسك وبمكرك ودهائك كيف تدع ذلك منك حتّى أشرفت على الهلكة والموت
214,e9997571-3025-4126-b4ce-ce1f9c0cfb7b,The Schemer Dies Before His Time,وقد قيل إنّ المحتال يموت قبل أجله,,,وقد كنت اخترت لك قول العلماء إنّ المحتال يموت قبل أجله مثلًا,وقد قالت العلماء إنّ المحتال يموت قبل احتياله,وأذكّرك قول العلماء إذ قالوا إنّ المحتال يموت قبل أجله,
215,4619b28e-1356-4506-bfd0-833fb6469647,Kalila Calls Dimna's Situation Worse Than Death,وليس ذلك لانقطاع الحيوة ولكن لما صرت إليه ممّا الموت أروح منه ويل لحلمك وفطنتك وعلمك كيف نزعتا منك,,,وليس قولهم يموت قبل أجله بانقطاع الحياة ولكن بدخول أشياء تفسد الحياة عليه كنحو ما أنت فيه ممّا الموت أروح منه,وليس قولهم يموت بمعنى انقطاع الحياة ولكن أشاروا إلى تقديم جميل الذكر والمنزلة وهما طلبي إليك ونصيحتي لك,وليس قولهم يموت بانقطاع *الحياة وانصرام العمر وإنّما يموت بانقطاعه عن الدنيا في السجن كحالك هذا,
216,05d14b08-e459-415c-9eda-2bf62ab25352,Dimna Cites His Greed as Cause for Not Listening,قال دمنة إنّك لم تزلْ تتكلّم بخيرٍ وتأمر به ولكن لم أكنْ أستمع منك ولا أقبل منك لما كان بي من الشره والحرص والرغبة في طلب المنزلة وما كُتب عليّ من البلاء والشقوة ولولا ذلك لكان فيما وعظتني به ما مثله انتهى اليه وحمدت عاقبته,فقال دمنة إنّك لم تزلْ تتكلّم بالحقّ وتأمر به ولكن لم أقبلْ منك وغلبتني الشهوة لما كنت عليه من البلاء والشقوة ولولا ذلك كان فيما وعظتني به كفاية وحمدت عاقبته,فقال دمنة إنّك لم تزلْ تتكلّم بالحقّ وتأمر به ولكن لم أسمعْ منك لما كان فيّ من الشره والشهوة ولما كُتب عليّ من البلاء ولولا ذلك كان فيما وعظتني به ما مثله أنتهي إليه وأنتفع برأيك فيه,قال دمنة لم تزلْ منذ عرفتك تقول بالحقّ جهدك وقد كنت بحقّ إخائي مؤدّيًا تعظني وتنصحني ولكنّ شره النفس والحرص على طلب المنزلة أرداني ومنعني الانتفاع بنصحك لي,,قال دمنة يا أخي الحرص على طلب المنزلة والذكر هما منعاني الانتفاع برأيك ونصيحتك لي,قال له دمنة إنّك لم تزلْ تتكلّم بالحقّ وتأمرني به لكنّي لا أسمع منك ولا أقبل ذلك لما كان من عادتي من الشهوة والشره وكلّ ذلك لما كُتب عليّ من الشقاوة ولولا رأيك كان فيما وعظتني به كفاية
217,59e397ae-769c-4fbb-9104-2cc116af4375,Who Ignores Friends’ Advice Comes to Regret,ومن كان مبتلًى بالشره والحرص ولم يسمع من أهل ودّه ونصحائه يصير أمره إلى الندامة,وقد قالت العلماء إنّ الذي لا يسمع من أصحابه يصير أمره إلى الندامة,قالت العلماء إنّ الذي لا يسمع من إخوانه ونصحائه يصير أمره إلى الندامة,,,,وقد قالت العلماء إنّ الذي لا يسمع من إخوانه ونصحائه وأهل ودّه ما يشيرون عليه تصير عاقبة أمره إلى الندامة
218,d625243e-78ed-488a-88b9-f1e703d457a4,Dimna's Ambition Dominated Him,وقد حلّ ذلك بي اليوم ودخل عليّ ولكن ما عشت بشره النفس وطموحها الذين يغلبان رأي الحكيم وعلم العالم,وقد حلّ ذلك بي ودخل عليّ ولكنّ الحرص وطموح النفس يغلبان رأي الحكيم ونظر العالم,وقد حلّ ذلك بي ولكن ما عشيت أن أصنع فإنّ الحرص وطموح اليقين يغلبان رأي الحليم ونظر العالم,,,,وقد حلّ ذلك بي ودخل عليّ ولكن ما عسى أن أصنع الآن قد جرى القضاء وغلبت الشقاوة عليّ فإنّ الحرص وطموح النفس تغلبان الحكيم على رأي الفساد ونظر العالم
219,d3a3e403-7924-4a07-8033-a28b58d0427c,Desire for Noxious Food Kills the Patient,كالمريض الذي قد عرف أنّ مضرّته في شهوته من الطعام وإنّ ذلك يزيد في وجعه فلا يدع تناوله والإضافة منه فيزداد مرضًا لعله يموت منها,كالمريض الذي لا يترك شهوته من الطعام وهو يعلم أن تناوله مؤذٍ له وأن بإصابته منه يزداد مرضًا ولعلّه يموت منه,كالمريض الذي قد عرف أنّ شهوته من الطعام مضرّة به مشدّدةٌ للوجع عليه فلا يدع تناولها والإصابة منها فيزداد مرضًا ولعلّه يموت منه,كالمريض !المؤلّم !بالعظام الذي يعرف مضرّته له فيدع معرفته انقيادًا لشهوته,,,كالمريض الذي علم أنّ شهوته من الطعام مضرّة به فلا يدع تناوله والإصابة منه فيزيده ذلك مرضًا إلى مرضه ولعلّه يموت منه
220,cc376c67-2d7e-4980-9c6f-52929589af34,Dimna's Late Recognition of His Greed Doesn't Help,,,,,,,
221,a67680dd-4c29-494b-9f19-297ca6633f88,Evil Sown Sprouts in Its Own Time,,,,وقد عرفت أنّي زرعت البلاء لنفسي ولا ينبت إلّا بإبّانه وزمانه وإن تُقدّم في زرعه فهذا أوان نبت ما زرعته لنفسي,,,
222,115af55d-f629-4da1-be00-496b0bac35e7,Dimna Fears for Kalila,ولست أحزن اليوم على نفسي ولكنّي أحزن عليك لأنّي أخاف أن تؤخذ بسبي للذي كان بيني وبينك من القرابة والإخاء والمودّة,ولست أحزن اليوم على نفسي ولكنّي أحزن عليك لأنّي أخاف أن تؤخذ بسببي للقرابة والإخاء,ولست أحزن اليوم على نفسي ولكن عليك لأنّي أخاف أن تؤخذ فيّ بسبب الذي بيني وبينك من القرابة,وممّا يزيد هذا البلاء عليّ شدّة تخوّفي إيّاك أن تُتّهم في أمري لما كان بيني وبينك,,,ولست أحزن اليوم على نفسي لكن أحزن عليك لأنّي أخاف أن تؤخد بسببي والذي بيني وبينك من القرابة والإخاء والمودّة باقيًا إلى يوم القيامة
223,3c1f007b-bf39-4c80-9c5e-13331a5556da,Kalila Will Be Forced to Betray Dimna,فتُعذّب !وتجهد من إطلاعهم على أمري بدًّا فأقتل لتصديقهم إيّاك ولا تنجو أنت من بعدي,فتعذّب ولا تجد بدًّا من إطلاعهم على أمري فـأُقتل لتصديقهم إيّاك ولا تنجو من بعدي,فتعذّب فلا تجد من إطلاعهم على أمري بدًّا فأُقتَل بإظهارك سرّي وتصديقهم إيّاك عليّ,فلعلّك أن تأتيك عقوبة وإن اعترفت ببعض ما كنت أطلعتك عليه من أمري,,,
224,c01d3cc6-628a-4909-94fa-da05ab590af2,Sincere Kalila Will Suffer by Association with Dimna,,,,فيدخل عليّ في ذلك موتتان أحدهما ما يصل إليك فلا تُتّهم على البعد أفكيف لمن كانت منزلته منك منزلتي,,,وأنا أعلم أنّك لا تنجو من بعدي
225,9abb32d5-f43e-4fa5-a3de-24ec395ff8cb,Kalila Sees Life as Greatest Desire,فقال كليلة قد فكّرت في ذلك وليس يعدل للرجل بالحياة شيئًا,قال كليلة قد فكّرت في ذلك كلّه وليس يعدل الحياة شيئًا,فقال كليلة قد فكّرت في ذلك وليس يعدل بالحياة شيء,,,,فليس تفيد لك الحياة شيء
226,8ab736cd-e328-4e64-a932-7312fe28d523,One Lies to Save One's Life,وقد يضطرّ الرجل إذا نزل به البلاء ويصير إلى أن يقذف نفسه بما فعل وبما لم يفعل رجاء الحياة والتخفيف عنه,وقد يضطرّ الرجل إلى أعظم من ذلك إذا نزل به البلاء أن يقذف نفسه بما لم يفعل رجاء الرخاء والتخفيف,وقد يضطرّ الرجل إذا نزل به البلاء إلى أن يقرّب نفسه بما لم يفعل ولم يعلم رجاء للحياة والتخفيف عنه,,,,وقد يضطرّ الرجل إذا نزل به [[القضاء]] البلاء أن يقذف نفسه بما لم يفعل ويعيّرها بما لم يعمل رجاء الحيوة والتخفيف
227,1b5050ec-558d-4049-aced-79ad0131a62e,One Lies out of Fear,,,وقد قالت العلماء إنّه من أُريدت مهجته لأمر يُسأل عنه غير مقتصر على ما كان ولكنّه قائل ما لم يكن إشفاقًا عليها فالذي وجلت منه نفسك عليّ هو ما حاذرت,,,,
228,01bb2f04-4589-4995-bec1-0770a5f91838,One Lies under Physical Pain,,,,قال كليلة قد عرفت ما قلت وقد قالت العلماء إنّ الأجساد لا تصبر على العذاب ولا !تسمع من القول عند ذلك بكلّ ما دُفع به عنها من حقّ أو باطل,,,
229,87086066-3616-4cae-8ca1-6982afcf57e7,Kalila Advises Dimna to Confess,وأنا منطلق عنك قبل أن يدخل من الجند أحد فيراني عندك وأنا آمرك وأشير عليك أن تعترف بذنبك لأنّك لا محالة ميّت وأنّك إن تعاقبْ في الدنيا خير لك من أن تصير في العذاب الدائم من الآخرة,وأنا منطلق قبل أن يدخل أحد فيرى أنّي عندك وأنا آمرك أن تعترف بذنبك وتقرّ بجرمك فإنّك ميّت لا محالة فإنّك إن تُقتلْ في الدنيا بما كان منك خير لك من العذاب الدائم في الآخرة,وقد طال مقامي عندك وأنا منطلقٌ خائفًا أن يدخل أحدًا فيراني عندك أو يسمع تحاورنا مستمع وأنا أشير عليك أن تعترف بجرمك وتبوح بذنبك فإنّك ميّتٌ لا محالةً وإنّك إن تُقتلْ في الدنيا بما كان منك خيرٌ لك من العذاب الدائم في الآخرة مع الأثمة الفُجّار,وإنّي لأرى لك إذ أُنزلت بهذا الحال أن تتوب من ذنبك وتعترف بما كان منك فتخرج نفسك من تبعة الآخرة بالتوبة ممّا صنعت فإنّك لا محالة هالك فلا تجمع على نفسك هلاك العاجل والآجل,,قال كليله قد عرفت صدق مقالتك لكنّ العلماء قالت إنّ الإثم لا يبعث على العذاب إذا وقف على الخطيئة التي تُراد بها نفسه وإن يُعاقبْ بجرم الدنيا خيرًا من عقوبته في الآخرة في جهنّم مع الآثمين,قال له كليلة إنّي منطلق عنك قبل أن يدخل عليك أحد فيراني قد أتيت إليك وأنا آمرك أن تعترف بجرمك وتُقرّ بذنبك فإنّك ميّت لا محالة لأنّك إن تعذّبت بالدنيا بما كان من جرمك خير لك من عذاب الآخرة
230,a7660a4a-33bf-4ce1-b757-c7cdd5e0ca82,Kalila Judges Dimna's Situation Grave and Punishment Imminent,,,,,قال كليلة قد قبلت قولك ولكنّ فعل ذلك شديد وعذاب الأسد ومؤاخذته عظيمة وعقابه أليم,,
231,27fdca58-1e77-4220-a4ae-a272a4d682b6,Dimna Wants to Await the Verdict,فقال له دمنة لقد صدقت ونصحت ولكنّي ناظر إلى الذي يصير إليه أمري وما يؤمر به فيّ,فقال دمنة صدقت ولكنّي ناظر فيما يصير إليه آخر أمري,قال دمنة قد صدقت فيما ذكرت ولكنّ العمل به شاقٌّ ولكنّي غير مخبرٍ كلامًا حتّى يُفرَق في أمري,فقال دمنة قد نصحت وأصبت وأنا ناظر فيما ذكرت ثمّ مجازيك في ذلك,,قال دمنة أنا سمعت قولك وفهمته ولكن أنا صابرٌ حتّى أنظر ما يكون من أمري,قال له دمنة قد قبلت قولك لأنّي أعلم أنّ الرأي في ذلك لكنّي أصبر حتّى أنظر ماذا يكون من أمري
232,a8c6603a-2f42-4ccb-b458-22028fd8441c,Kalila Goes Home,فرجع كليلة إلى منزله مهمومًا حزينًا,قال ثمّ إنّ كليلة انطلق إلى منزله فوقع في همّ وحزن وخاف أن يؤخذ بذنب دمنة,ثم إنّ كليلة انطلق إلى منزله فوقع في همٍّ وحزنٍ مخافة أن يؤخذ بذنب دمنة,وانصرف كليلة مغمومًا مكروبًا خائفًا فمضى على وجهه هائمًا,ثمّ إنّ كليلة انصرف إلى منزله,ثمّ إنّ كليله انصرف إلى بيته وقال أنا المأخوذ بسبب دمنة واشتدّ حزنه وجزعه,قال فذهب كليلة إلى منزله ووقع في {همّ وحزن مخافة أن يؤخذ بذنب دمنة فاشتدّ حزنه وسهر ليلته
233,da377217-5b2b-44bb-931b-c8982fffc74b,Kalila Dies,فاستطلق بطنه فمات من ليلته,فانطلق بطنه في الليل فمات,فاستُطلِقَ بطنه فمات في ليلته,,فاستطلق بطنه فمات,وانطلق بطنه ومات من ليلته تلك,فانطلق بطنه فمات من ليلته
234,f25ad49d-bb7f-45d9-9fa6-ee58c03c18eb,Prisoner Overhears Their Dialogue,وقد كان في ناحية السجن سبع محبوس قريب من دمنة فاستيقظ لكلام دمنة وكليلة وسمع جميع ما تراجعا فيه وحفظه,,وكان في السجن سبعًا وكان نائمًا قريبًا من كليلة ودمنة حيث اجتمعا في السجن فاستيقظ بكلامها فسمع جميع ما تحاورا فيه وتراجعاه بينهما فحفظ ذلك وكتمه,وكان في ناحية السجن سبع محبوس وكان ما تراجع كليلة ودمنة بينهما من القول يسمعه فحفظ ذلك وسكت عليه,وكان بقربهما في السجن فهد معتقل يسمع كلامهما ولا يريانه فعرف معاتبة دمنة وكليلة على ما كان من دمنة وإقرار دمنة بسوء عمله وعظيم ذنبه فحفظ المحاورة بينهما وكتمها ليشهد بها إن هو سُئل عنها,وكانت أمّ الأسد قريبًا منهم فسمعت كلامهم جميعه وكتمته لتشهد به على دمنة وقت الحاجة,{وكان بالقرب منهما فهد معتقل يسمع كلامهما ولا يريانه فعرف معاتبة كليلة لدمنة على ما كان منه وأنّ دمنة مقرّ بسوء عمله وعظيم ذنبه فحفظ المحاورة بينهما وكتمها ليشهد بها إن سئل عنها}
235,bfdec6ec-08f7-46fc-80c3-0ebec02584ac,The Mother Confronts Dimna in His Cell,,,,,,,
236,f2f77441-ad1f-4088-acbd-969b14a9ff1c,Dimna Misses Kalila,,,,وبلغ دمنة هروب كليلة فبكى طويلًا أسفًا عليه وحزن على فراقه وقال ما أصنع الآن بالحياة وقد فارقني الأخ الصالح والصديق الناصح كليلة ما أرى ما قيل إلّا حقًّا,,,
237,bc57cfad-e948-4374-ac86-16a4b9e61727,Misfortunes Never Come Singly,,,,إنّ الإنسان إذا ابتُلي فأدبر بخته وسفل بعد ارتفاع توجّه إليه الشرّ ويعاوده الهمّ واكتنفه الغمّ والحزن وتراكم عليه الأشياء من كلّ جهة تطلبه المقادير وإن تحرّز منها وليس يغايب منها حتّى تصيبه ويقع,,,
238,0e28363c-d8ec-41eb-b51c-cf3dbf9b885b,Dimna Laments Misfortune in His Prime of Life,,,,كما وقعت في مُخلسي هذا وقد فارقت أترابي وفارقني أحبّتي وفُجعت بأخي ونزل بي في عنفوان شبابي ونبغة حداثتي ورونق شبيبتي وغاب منّي أخي وصفيّي كليلة حزينًا كئيبًا,,,
239,fd2caa44-5faf-4e43-9845-7a6ffbf7c8c3,Scene 6. Lion and Mother,,,,,,,
240,388cdfed-55be-4c45-bd25-1975ed5e7b1f,The Mother Calls In Lion's Promise to Act,ثمّ إنّ أمّ الأسد دخلت على الأسد فقالت له أذكر ما وعدتني به البارحة في أمر هذا الفاجر,ثمّ إنّ أمّ الأسد دخلت على الأسد من الغد فقالت اذكرْ الذي وعدتني به البارحة في أمر هذا الفاجر الغادر,ثمّ إنّ أمّ الأسد دخلت عليه من الغد فقالت اذكرْ الذي وعدتني البارحة في أمر هذا الفاجر,ثمّ إنّ أمّ الأسد ذكرت دمنة وغدره بالأسد,ودخلت أمّ الأسد على الأسد فقالت له يا سيّد الوحوش والملوك حاشاك أن تنسى ما قلت البراحة فإنّك أمرت به لوقته وأرضيت بذلك ربّ العباد,وإنّ أمّ الأسد دخلت عليه,قال ثمّ إنّ أمّ الأسد دخلت عليه وقالت له أنجزْ ما وعدته من قتل دمنة وليكنْ أمرك فيه كأمر الملوك الحازمة
241,a3699119-87d9-462d-b2f5-e9c9d2fea859,Who Helps Sinners Becomes Their Accomplice,فإنّه يقال إنّ !المعيق لأهل الاثم شريك لهم في أعمالهم,فإنّه يُقال المعين في أمر يكون شريكًا فيه,فإنّه قد قالت العلماء إنّ المعين لذي الآثام على خيانته شريك له في أعماله,,,وإنّ معين صاحب الشرّ يقاسمه الوزر يوم القيامة,وقد قالت العلماء إنّ المعين على عامل السيّئات يوم القيامة يقاسمه في سيّئاته
242,77caae29-672d-4c1e-b323-3efe5ad03772,To Spare Criminals Is Like Killing the Innocent,,,,وقالت إنّ استبقاء الفجّار يعدل قتل الأبرار وإنّ من استبقى فاجرًا أشركه في فجوره أو برًّا أشركه في أعمال برّه,,,
243,d2cd5514-b0d9-4483-830d-fc0ce5a209bc,Pious Acts and Curbing Sin Cannot Wait,وقولك للجند إنّه ينبغي للملك أن يعمل بالتقوى ولا يتوانى في ذلك ولست أعرف من هو أعظم أجرًا من الاستراحة منه,وقولك لجندك إنّه لا ينبغي للمرء أن يعمل بالتخمين ولا تتوانى في ذلك فإنّي لا أعرف أمرًا أعظم أجرًا من الاستراحة منه,وقولك لجندك إنّه لينبغي للمرء أن يعمل بالتقوى ولا يتوانى في ذلك وإنّي لا أعرف أمرًا أعظم أجرًا من الاستراحة منه,,وقد قالت العلماء لا تتوانى في العمل بالتقوى ولا تُدافعْ بذنب الآثم,وقالت إنّ العلماء قد قالوا إنّه لا يجب للعاقل أن يتوانى في عمل التقوى وينبغي أن يدافع بالعمل بالإثم,فإنّي أحفظ من قولك إنّ العلماء قالوا لا تتوانى بعقوبة الفاجر ولا تدعْ من يستوجب القتل بحضرتك حيًّا
244,160c299d-1d02-4540-951c-3868bf3d59d2,Mother Finds Dimna's Sins and Speech Equally Harmful,,,,,وإنّي لا أعلم أَذَنْب دمنة أعظم أم كلامه بحضرتك أخطر,,
245,6fbc3892-584b-4fa8-9191-cc54885e69bc,Lion Orders Leopard and Judge to Try Dimna,فأمر الأسد النمر والقاضي أن يجلسا مجلس الحكم ويدعوا بدمنة على رؤوس الجند والعامّة ثمّ يسألان عنه ويفحص عن أمره ويرفعان إليه الذي يذكر لهما عنه وجوابه إيّاهم ولا يدعا من ذلك شيئًا إلّا أنهياه إليه والمسئلة لدمنة عن عذرٍ إن أدّعاه أن يحكم في ذلك بالعدل المعروف ولا يأخذ فيه الملك دون استحقاق حقيقة الحكم,فأمر الأسد النمر والقاضي أن يجلسا ويدعوا بدمنة على رؤوس الجند ثمّ يسألا عنه ويرفعا إليه الذي يُذكر لهما وجواب الجند له ولا يُدع من ذلك شيئًا إلّا يُرفع إليه,فأمر الأسد النمر والقاضي أن يجلسا ويدعوا بدمنة على رؤوس الجند ثم يسألا عنه ويرفعا إليه الذي يذكرون لهما منه وجوابه إيّاهم فيه ولا يدعا من ذلك شيئًا إلّا أنهياه إليه,فأمر الأسد القاضي بالنظر في أمر دمنة والمسألة عنه وأن لا يؤخّر ذلك وأن يرفع إليه ما يلحق دمنة من حجّة وما يدلي به من مخرج له,فلمّا سمع الأسد كلام أمّه أمر أن يُحضر النمر هو وصاحب القضاء فلمّا حضر قال له ولحواص العادل اجلسا في مجلس الحكم وناديا في الجند صغيرهم والكبير أن يحضروا وينظروا في حال دمنة ويبحثوا عن شأنه ويفحصوا عن أمره ويكتبوا قوله في كُتُب القضاء ويرفعا قوله يومًا فيومًا,فلمّا سمع الأسد قول أمّه أمر بالنمر فدخل عليه ثمّ أجلسه مجلس القضاء *وأحضر الجند جميعهم وأمر أن يُعمل على دمنة مجلسًا عامًّا ليسمعوا الناس ما يقول عن نفسه ويُرفع ذلك إلى الملك,قال ثمّ إنّ الأسد سمع كلام أمّه فأمر النمر والقاضي أن يجلسا *ويُدعى دمنة على رؤوس الجند ثمّ يسألا عنه ويرفعا إليه الذي يذكره لهما وجوابه إيّاهم ولا يُدع من ذلك شيئًا إلّا أنهياه إليه
246,3ab7f9db-f6b2-4046-a7f2-8329a58fa07b,"Scene 7. Dimna's Process, Day One",,,,,,,
247,12379cb1-36ca-457c-b884-b4525ecc3300,Leopard and Judge Convene Trial,فخرجا لدمنة لذلك,,فخرجا لذلك وجمعا الجند وبعثوا إلى دمنة,,,ففعلوا *وأحضروا دمنة بين يديّ النمر,قال فخرجا عند ذلك وجلسوا في مكان القضاء ونادوا جميع العساكر والجند أن يجتمعوا وينظروا في شأن دمنة ويبحثوا عن أمره وما كان من سعايته ومكره
248,7028e029-ed15-4f15-b645-5d5eb426d780,Leopard and Judge Prepare the Trial,,,,,فلمّا سمع النمر وجواس ذلك قالا سمعًا وطاعة لما أمر الملك وخرجا من عنده فعملا مقتضى ما أمر به حتّى إذا ما مضى من يوم جلسوا فيه ثلاث ساعات أمر القاضي أن يُؤتى بدمنة,,قال فلمّا سمع النمر والجند والقاضي ما أمرهم به الأسد قالوا السمع والطاعة لك أيّها الملك ثمّ خرجوا من عنده وفعلوا ما أمرهم به الملك
249,56e2268d-a876-413d-9ff8-f2855d4b21ef,Herald Convokes People to Trial ,,,,,,,قال فنادى المنادي في أجناس الوحوش كلّها إنّ الملك يأمركم بالاجتماع لتشهدوا بمناظرة دمنة الخائن وما يكون من أمره فلا يتأخّر أحد عن هذا المجلس
250,82d52c69-5726-4168-a498-98d12681478d,Dimna Is Brought before Court,,,,,فأُتي به فأُقيم بين يديه والجماعة حضور,,قال ثمّ إنّ القاضي أمر بإخراج دمنة من السجن وأتوا به وفي عنقه غلّ وفي رجليه قيد وأحضروه في وسط المجلس على حالته
251,1efdae08-c348-42e1-908a-e3b9e64dc620,Leopard Recalls the Lion’s Sorrow for Killing the Ox,ثمّ أنّ النمر جمع الجند فقال أيّها الجند إنّ الملك منذ قتل شتربة مهمومًا حزينًا لأنّه فعل ذلك به على غير ذنب إلّا لتحميل دمنة له وبغيه عليه,قال ثمّ إنّ النمر قال أيّها الجند إنّ الملك لم يزل منذ قتل شتربة مهمومًا كئيبًا لأنّه فعل ذلك بغير ذنب لحيلة دمنة وبغيه عليه,فلمّا أُتي به توسّط محفلهم فانتصب النمر قائمًا وجهر بصوته وقال قد علمتم معشر الجند ما دخل على الملك من التألّم بقتل شتربة والتوجّع له ولم يزل مهمومًا حزينًا ومُلامًا أن يكون دمنة شبّه عليه في أمره وأرهقه فيه مَينًا وباطلًا وأحبّ أن يستيقن ذلك وقد نصب للنظر في أمرهما,فنصبه للناس وأعلم العامّة ما أمر به الملك في أمر دمنة من تفحّص عنه والاستبراء لما عند الخاصّة والعامّة من علم ما كان منه والمسألة لدمنة مع ذلك عن عذر إن كان له,فلمّا استقرّ به المكان نادى سيّد الجمع بأعلى صوته أيّها الجمع إنّكم قد علمتم أنّ سيّد السباع لم يزل منذ قتل شتربة حائر النفس كثير الهمّ والحزن يرى أنّه قتل شتربة بغير جرم وأنّه أخذه بكذب دمنة ونميمته وقد أمرني وهذا القاضي أن نجلس مجلس القضاء ونبحث عن شأن دمنة,ثمّ قام النمر وقال بأعلى صوته أيّها الجمع اعلموا أن سيّد السباع وملكها يرى أنّ قتل شتربة على غير جرمٍ بقول دمنة ونميمته وقد أمرني أن أجلس مجلس الحكم العادل وأفحص عن أمره,فقال سيّد الجميع وهو النمر أيّها الجمع الحاضرون من سائر الوحوش إنّكم قد علمتم أنّ الملك من يوم قتل الثور مهمومًا مغمومًا حزينًا كئيبًا وقد صحّ عنده أنّه قتل الثور من غير ذنب ولا جرم كان منه وكلّ ذلك بتحمّل دمنة وكذبه وفجوره وحيلته ومكره وقد أمرني الملك بحضور القاضي ويجلسوا جميعًا في مجلس القضاء ويبحثون عن أمره وعن شأنه
252,2e6b7541-19aa-4d27-82d6-1ee544e393f9,No One Should Withhold Testimony,,,فأنتم أحقّ ألّا تكتموه سرًّا ولا تدّخروا عنه نصحًا ولا تُخفوا عليه حرفًا وليقلْ كل امرئٍ منكم ما يعلم,,,فاستمثلوا قول سيّدكم ولا تكتموا بما علمتم من أمره شيئًا,
253,d0894817-8e93-46f5-8a95-55758c14247f,Leopard Calls for Testimony,فمن كانت عنده شهادة أو علم فليعلمناه لنرفعه إلى الملك,فمن كان عنده علم من أمره فليعلمه ويرفعه إليه,,,فليقلْ كلّ واحد منكم بما يعلم من أمر دمنة من خير أو شرّ وليتكلّم بذلك على رؤوس الأشهاد,فليقلْ كبيركم وصغيركم ما علم من شأن دمنة على رؤس الأشهاد,فليقلْ صغيركم وكبيركم ما يعلم من دمنة بحضرة جميع من حضر
254,e6f1670a-0372-4dc5-a417-f84d3f0082bd,Due Process Will Be Followed,فإنّه لا يقتل أحدًا إلّا بعد الفحص عنه والتثبّت والتيقّن ولا يعمل بالهوى والمحافاة,فإنّه لا يقتل إلّا بعد الفحص والتثبّت في أمره لا باللهو والمجانة,فإنّه لا يُحبّ أن يفرط بعقوبة أحدٍ لهوًى منه أو لغيره في ذلك من غير استيجابٍ منه للعقوبة,ليحكم في ذلك بالعدل ولا يأخذ فيه بغرّة الملك ولا قهر سلطان دون امتحان حقيقة الحكم وبلوغ علّة الإعذار,ليكون القضاء في أمره بحسب ذلك فإن استوجب القتل بالتثبّت في أمره لا بالعجلة والهوى ومتابعة الأصحاب على الباطل,ليكون الحكم والقضاء في أمره بالعدل وصحّة يقين فإذا استوجب المقابلة بالقتل يكون بالتثبيت لا بالعجلة والهوى,ليكون القضاء في أمره بالتثبّت واليقين ولا يُعمل في أمره بالعجلة وقلّة النظر
255,7ca93cce-9e7e-491d-9cbe-23db8f940b65,Just Kings Do Not Act Hastily,,,,,,,فإنّ الملوك العادلة ليس من شأنهم في أمورهم العجلة والمسابقة في الهوى
256,3249c50f-1310-4a03-be45-9c8636b90025,Judge Calls for Testimony on Three Accounts,قال القاضي ألا تنظروا ما تكلّم به النمر الأمين فاتّبعوه ولا يكتم أحد منكم شيئًا علمه لخلال كثيرة,,فقال القاضي انظروا ما يتكلّم به الأمين فاتّبعوه وقد سمعتم الذي قيل لكم فلا يكتُمنّ أحدًا منكم شيئًا علمه لثلاث خلالٍ,قال القاضي من كان منكم يعلم من أمر دمنة علمًا فينطق به لثلاث خصال,فعندها قال القاضي أيّها الجمع اسمعوا قول سيّدكم ولا تكتموا ما عرفتم من أمر دمنة وأحضروا في الستر عليه ثلاث خصال,وثانيًا إذا عاقب الملك المذنب بذنبه كان أسلم للملك وجنده من الشرّ وثالثًا الراحة من أهل الريب والفجور وقطع أسباب التطرّق,قال القاضي تسمعوا لما يقول لكم الأمين فلا يكتم أحدكم شيئًا علمه {حرزًا للتستّر عليه لثلالث خصال}
257,c790bff4-0f9e-4946-8f7a-bf17638a0341,Importance of Due Process,فأمّا واحدة فأنّه لا ينبغي لكم أن تكرهوا وقوع القضاء عليها ممّا وافقكم أوخالفكم,,أمّا واحدة فالصدق فيما استُشهدتم به ولا تجعلوا العظيم في الأمر في الحقّ صغيرًا ولا ينبغي لكم أن تكرهوا وقوع القضاء على ما وافقكم أو خالفكم,منهنّ الإعانة على العدل والقيام بحجج الحقّ على أهلها واقعة حيث وقعت,,,أمّا واحدة فإنّه لا ينبغي لكم أن تكرهوا القضاء على ما يوافقكم أو يخالفكم
258,dd730b09-7dd8-46fe-b921-29e63d025e66,Consequences of Taking Evil Deeds Lightly,ولا تصغّروا منه شيئًا فإنّ يسير الحقّ عظيم عند الله تبارك وتعالى أن يُقتل برئ على غير ذنبٍ بنميمة فاجرٍ كاذب,,ولا تُصغّروا منه شيئًا وأيّ عظيم أعظم من ستر عورة من أفرط الأخيار واستزلّهم بوشيه وكيده فالكاتم عليه غير بريء من مضرّة حيلته ولا يعتد من أن يكون شريكًا له في عمله فإنّ يسير الحقّ عظيمٌ وأفظع منه عند الله أن يُقتل بريء على غير ذنبٍ لنميمة فاجرٍ كذّابٍ,,أمّا أحداهنّ وهي أفضلهنّ ألّا تزدروا فعله ولا تعدّوه يسيرًا ومن أعظم الرزايا قتل من لا ذنب له بالكذب ومن علم من أمر هذا الكذّاب الذي أسلم البريء الذي لا ذنب له إلى القتل بالكذب والنميمة شيئًا فستر عليه فهو شريكه في الإثم والعقوبة,** ومن علم بشيءٍ وأخفاه فقد شاركه في الإثم والعقوبة,
259,d6cdd1a8-c69a-4560-988b-3f1f10464492,Confession May Lead to Pardon,,,,,والثانية إذا اعترف المذنب بذنبه كان أسلم له وأحرى بالملك وجنده أن يعفو عنه ويصفحوا,,
260,2c6818b3-a883-4404-8143-07fd03278b1d,Punishment of Crime is a Deterrent,والثانية أنّ المجرم إذا نكّل به لم يجترئ أحد على مثل ما ارتكب تخوّفًا للعقوبة,,والثانية أنّ عقوبة المذنب بذنبه مقمعة لأهل الريبة ومصلحة الملك وللرعيّة,ومنها مواقع الأحكام من نكال أهل الأحداث وعظة أهل البراءة والتحصين للأمور من ذرّيّة أهل الفساد,,,والثانية أنّ المجرم إذا نكّل به لم يبق فيها أحد يجترئ على أشباه ذلك ما بقي تخوّفًا للعقوبة وكان في ذلك صلاح الجند
261,ab18a7fd-dca9-4134-8971-4798ac842825,Eliminating Criminals Benefits Society,والثالثة أنّه إذا قُتل ذو الفجور والنميمة والكذب كان ذلك راحةً للملك وجنده فإنّ كينونته بينهم بلاء عظيم وشرّ لازم لهم,,والثالثة أنّ الأشرار إذا قُتلوا ونُفوا من الأرض كان في ذلك راحة للملك والرعيّة وصلاح لهم,ومنها الراحة من أهل المغالّة والغشّ وقطع أسباب مؤذياتهم على الخاصّة والعامّة,والثالثة ترك مراعاة أهل الدم والفجور وقطع أسبابهم وموادّتهم عن الخاصّة والعامّة,,والثالثة إذا قتل أهل الفجور والكذب والسعاية والنميمة كان في ذلك راحة للملك وجنده لأن كون بقاءه بينهم بلاء عليهم ونبذه لهم لازمة
262,9e5e3b66-bb6a-4a50-a9e6-eb65531c7ad5,Judge Reiterates the Call for Testimony,فلينطقْ كلّ امرئ منكم بعلمه ولا يكتم حقًّا ولا يثبت باطلًا,,فليقُلْ كلّ امرئٍ منكم ما يعلم كيما يكون القضاء في ذلك على الحقّ لا على الهوى والبطر,,فمن علم من أمر هذا المحتال شيئًا فليتكلّمْ به على رؤوس الأشهاد ممّن حضر ليكون ذلك حجّة وذريعة وقد قيل إنّه من كتم شهادة ميّت أُلجم بلجام من نار يوم القيامة فليقل كلّ واحد منكم بما علم,,فلينطقْ كلّ واحد منكم بما يعلم منه ولا يكتم من أمره شيئًا
263,9a408cd6-733f-4172-8c54-01fee98b310c,All Attendees are Silent,فلمّا سمع الجند ذلك نظر بعضهم إلى بعض وأنصتوا,,فرمق بعضهم بعضًا وأطرقوا مليًّا لا يجيبون كلامًا لأنّهم لم يعلموا من أمره علمًا واضحًا يتكلّمون به وكرهوا القول بالظنون تخوّفًا أن يفصِل قولهم حُكمًا ويوجب قتلًا,فلمّا قضى قوله ذلك سكت جميع من حضر ولم ينطقْ أحد منهم بشيء لأنّهم لم يعلموا من أمره علمًا واضحًا يتكلّموا به وكرهوا القول بالظنون,فلمّا سمع ذلك الجمع كلامه أمسكوا عن القول,,قال فلمّا فرغ القاضي من كلامه نظر الجند بعضهم إلى بعض وبقوا جميعًا في سكوت
264,534ea357-2c1a-4383-8403-219a3ade9b87,Dimna Challenges All Only to Say What They Know,فقال دمنة ما لكم سكوتًا ليتكلّم كلّ امرئ منكم بعلمه ولا يكتم حقًا فإنّي لو كنت مجرمًا سررت بسكوتكم ولكنّي اعلم براءتي وأنّه لا ذنب لي ولا جرم فتكلّموا بما تعرفون,,فقال دمنة ما يُسكِتكم ليقلْ كلّ امرئ منكم ما يعلم واعلموا أنّ لكلّ قربة ثوابًا إمّا عاجلًا وإمّا آجلًا ولا بدّ أن تقولوا في أمري بعلمكم وليعلم كلّ متكلّمٍ منكم أنّ منطقه في قولي حُكم في إحياء نفسٍ أو موتها,فلمّا رأى دمنة سكوتهم تكلّم وقال إنّي لو كنت مجرمًا سُررت بسكوتهم عن القول في أمري ولكنّي بريء قد علمتم ذلك أو لم تعلموا لي جرمًا لأنّ كلّ من لا يُعلم له جرم فلا سبيل عليه فهو بريء إذ لا بدّ من أن تقولوا فيّ بعلمكم وليعلم مع ذلك من عسى أن يقول في أمري أنّ لكلّ قول عاقبة عاجلة وآجلة وأنّ قوله في أمري حكم في إحياء نفسي أو موتها,فقال دمنة ما يسكتكم تكلّموا بما علمتم واعلموا أنّ لكلّ كلمة قرينة جوابًا,قال دمنة من لم يتأيّد في الأمور ويعمل فيها بحسن النظر والرويّة والعلم الصائب والرأي الثاقب,فقال لهم دمنة ما هذا السكوت لينطق كلّ امرئ منكم بما يعلم به وما عرفه وشاهده واعلموا أنّ لكلّ كلام جوابًا ولكلّ جواب صوابًا
265,7ff0a25e-8f0d-42fd-85a5-c7ca718c6b07,Dimna's Second Subtale of Ignorant Physician,واعلموا أنّ لكلّ قول جواب وأنّه من زعم أنّه قد رأى ما لم يرى وعلم ما لم يعلم كان خليقًا أن يصيبه ما أصاب الطبيب الجاهل,,واعلموا أنّ من قال ما لم ير وادّعى علم ما لم يعلم أصابه ما أصاب الطبيب الجاهل المتكلّف,فمن عرّضني للعطب بغير علم أو قال في أمري بالظنّ أصاب من عاقبة قوله ما أصاب الطبيب الذي انتحل من علم ما لم يعلم,وقد قالت العلماء إنّ من يشهد بما لم *ير ويقول *ما لا يعلم يصيبه ما أصاب الطبيب الجاهل الذي قال لما لا يعلم أنا أعلمه,أصابه ما أصاب الطبيب الجاهل بالطبّ,فإنّ الذي يزعم أنّه يعلم ما لا يراه وما لا يعلم أنّه قد علمه يصيبه في ذلك مثلما أصاب الطبيب الجاهل لأنّه ادّعى أنّه يعلم ما لا يعلمه
266,6838d51a-f073-4fa2-bef1-f6cf6b37e6c9,Judge Request Tale,قال الفاضي والنمر وكيف كان ذلك,,فقال له القاضي وكيف كان ذلك,قال القاضي وكيف كان ذلك,قال الناس كيف كان ذلك,قال القاضي وكيف كان ذلك,قال له القاضي وكيف كان ذلك
267,27b12c0c-f883-46d9-9323-c963d485fd49,Famous Physician Dies or Goes Blind,قال دمنة زعموا أنّه كان في مدينةٍ من مدائن السند طبيب عالم وكان ذا حظوة لما يجري الله على يديه من أسباب العافية فمات فنظروا في كتبه فكانوا ينتفعون بها ويتعلّمون منها,,قال دمنة زعموا أنّه كان في مدينةٍ من مدائن السند طبيبٌ عالمٌ رفيقٌ فمات فنظروا في كتبه فكانوا ينتفعون بها ويتعلّمون منها,قال دمنة كان في بعض المدائن طبيب له رفق وعلم وكان مع ذلك ذو حظّ ممّا يجري على يديه من مقادير العافية فيما يعالج به الناس من طبّه وأدويته فكبر ذلك الطبيب وذهب بصره,قال دمنة كان في بعض المدن طبيب ماهر له رفق وعلم فكبر ذلك الطبيب وضعف بصره,قال دمنة زعموا أنّه كان في بعض المدائن طبيبٌ له رفقٌ وعلمٌ وكان ذا خطر عظيم لما يجري على يديه من مقادير العافية *في من يعالج بطبّه وأدويته فكَبُر ذلك الطبيب وهرم وضعف بصره,قال له دمنة زعموا أنّه كان في مدينة من مدائن الهند طبيبًا رفيقًا ما هرًا بالطبّ وكان قد برىء على يديه خلق كثير برفقه وعلمه فمات ذلك الطبيب فنظروا في كتبه وكانوا يتعلّمون منها
268,23e44ab7-f916-4ed1-9601-d53fb1261a3f,Quack Appears in Town,فأتاهم رجل فزعم أنّه طبيب وأنّ له رفق ولم يكن كذلك,,فأتاهم رجلٌ زعم أنّه طبيبٌ وأنّ له رفقًا ولم يكن كذلك,وإنّ رجلًا سفيهًا ادّعى علم الطبّ في تلك المدينة فاشتاع ذلك من أمره في الناس,,,فأتاهم رجل زعم أنّه طبيب وأنّ له رفق وعلم بالطبّ وكان جاهلًا بالطبّ فشاع عنه أنّه عالم ماهر بالطبّ
269,bc4ca479-4f45-42ba-a4dc-aba9d4b954fe,Pregnant Princess Falls Sick,وكانت لملكهم إبنة كريمة عليه وكانت حاملًا فاصابها بطن فجعلت تختلف الأضراس,,وكانت لملكهم ابنةٌ كريمةٌ عليه وكانت حاملًا فأصابها بطنٌ فجعلت تُمسُّ الأعراض,وكان لملك تلك الناحية بنت فزوّجها ابن أخ له فحملت فعرض لها بعض ما يعرض للحوامل من الأوجاع,وكان لملك تلك المدينة ابنة قد زوّجها ابن أخ له فعرض لما ما يعرض للحوامل من نزف الدم والأوجاع والأعراض,وكان لملك تلك المدينة ابنةٌ قد زوّجها لابن أخٍ له فعرض لها ما يعرض للحوامل من الأوجاع,وكان لملكهم ابنة كريمة تعزّ عليه وكان يحبّها حبًّا شديدًا وكانت حاملًا فأصابها بطن فرأت في حملها دم فمرضت مرضًا شديدًا ومرض الجنين لمرضها وسقط في أسفل بطنها فاشتدّ بها الوجع
270,71fe7a45-16c9-4642-bdde-989e7cab46f6,King Sends in Search of Physician,فبعث في طلب الأطبّاء,,فبعث الملك في طلب الأطبّاء,,,,فأنفذ الملك في طلب الأطبّاء من كلّ مكان ومن كلّ أرض
271,e6cef83b-0025-4375-95cf-f26f0db48212,Messengers Find Physician in India,,,,,,,فأنفذ الرسل يطوفون البلاد فأخبروهم أنّ طبيبًا مشهورًا بصناعة الطبّ ماهرًا به وهو في بلد من بلاد الهند على عشرة فراسخ منها فسمعت به الرسل فساروا وطلبوه
272,e835ff13-09b6-4ea5-9a7a-341aaf387b64,Blind Physician Prescribes Drug,فأتت رسله رجلًا منهم كان له علم على رأس فراسخ فوجدوه قد عمى فوصفوا له وجعها فأمرهم أن يركّبوا لها دواءً يُسمّى زادَمهران فرجعوا إلى الملك فأخبروه بذلك,,فأتت رسله رجلًا منهم كان له علمٌ على رأس فرسخ فوجدوه قد عمِيَ فوصفوا له وجع ابنة الملك فأمرهم أن يسقوها دواءً يُقال له زامهران فرجعوا إلى الملك فأخبروه بذلك,فبعث الملك إلى الطبيب الأعمى فلمّا جاءه سأل الجارية أهلها عن وجعها فأعلموه فوصف لهم دواء معروفًا وسمّاه لهم فأمر الملك أن يخلطه له في ذلك فقال لست أبصر فأجمع الأخلاط على معرفتي ولا أثق بجمع غيري منها,فجيء بهذا الطبيب فعرف دواءها وقال لو كنت أبصر خلطت الأدوية على معرفتي بها وبأجناسها,فأرسل الملك إلى ذلك الطبيب الأعمى *فحضر بين يديه وسأله وسأل الجارية عن مرضها فأعلموه سببه وما هو فعرف دواءها ووصف لها دواء فأمر الملك بجمع ذلك الدواء فقال المتطبّب لست أبصر لأحقّق إخلاطه وأجمعه بمعرفتي فولّوا غيري ذلك,فلمّا وصلت إليه الرسل وجدوه قد كبر وذهب بصره من الكبر فأخبروه بوجع الجارية فأمرهم أن يخلطوا لها شربة من دواء يسمّى ذامهرات يذاق بخمر وزيت وتُسقاه فإنّ شفاءها في ذلك قال فرجعت الرسل للملك فأخبروه بذلك
273,647b04d0-3a2c-4056-9a10-ac260b66e12d,Quack Hears about Sick Princess,,,,,وكان في مدينته رجل سفيه فبلغه الخبر,فسمع سفيهًا كان في المدينة,
274,34d204c5-9062-404d-95b5-b0835b9049bd,Quack Ordered to Mix Drug,فطلب طبيبًا ليهيّئ له ذلك الدواء فأتاه ذلك الرجل الذي زعم أنّه طبيب فأخبره أنّه طبيب عالم بالأدوية وأخلاطها فأمر بالأسفاط التي كانت فيها أدوية الطبيب ليأخذ منها ما يحتاج إليه من الأدوية,,فأمر أن يُطلب طبيبٌ ليهيّئ ذلك الدواء فأتاه الرجل الجاهل فأخبره أنّه عالمٌ عارفٌ بالأدوية وأخلاطها فدعا الملك بالأسفاط الذي فيها أدوية الطبيب,وإنّ السفيه المدّعي علم الطبّ أتاهم وأخبرهم أنّه بأخلاط ذلك الدواء وصنعته عالم فأمر الملك بإدخاله الخزانة ليأخذ من أخلاط ذلك الدواء ما يحتاج إليه,فجاء وادّعى علم الطبّ وأخبرهم أنّه بصير بمعرفة الأخلاط والعقاقير عالم بطبائع الأدوية المفردة والمركّبة فأمر الملك أن يُحمل إلى الخزائن ويأخذ من أخلاط الدواء حاجته,*فحضر وادّعى علم الطبّ وأخبرهم بأنّه عالمٌ بإخلاط ذلك الدواء,فأنفذ في طلب طبيب يعرف تلك الأدوية ويحسن خلطها فجاؤوا بطبيب جاهل فدخل على الملك وقال أنا طبيب حاذق ماهر عالم بخلط الأدوية قال فأمر الملك له [[بخلط]] {بإحضار} الأدوية والعقاقير والأسفاط التي كانت لذلك الطبيب العالم الماهر الذي قد كان أشار بذلك لأنّه كان محمود العاقبة في طبّه
275,60d6fdeb-b057-49af-92b9-ade5547eec5e,Quack Confuses Drug with Poison,فلمّا دخل الخزانة وعُرضت عليه الأدوية بلا معرفة بها أخذ فيما أخذ صرّة فيها سمّ قاتل فأخلطه مع الأدوية,,فوُضعت بين يديه فأخذ من أحدها صرّة فيها سمٌّ فجعل منها ومن غيرها زامهران,فلمّا دخل عُرضت عليه أخلاط الأدوية واعتسف السفيه بتكلّفه فأخذ منها شيئًا بغير علم ولا معرفة على الظنّ والشبهة فكان ممّا أخذ صرّة فيها سمّ قاتل,فلمّا دخل السفيه إلى الخزانة وعُرضت الأدوية عليه وليس يدري ما هي ولا له بها علم فأخذ في جملة ما أخذ منها صرّة فيها سمّ قاتل لوقته وخلطه في الدواء ولا علم له به ولا معرفة عنده بجنسه,فلمّا دخل الخزائن وأُعرضت عليه تلك الأدوية فأخذها بغير معرفة فوقع فيما أخد منها صرّة سمّ قاتل فاختلط مع الأدوية,قال فتركوا جميع ذلك بين يديه فقال في نفسه أنا أريد أخالطها من أدنى هذه العقاقير لعلّة علمه وجهله بالطبّ فأدخل يده في صرّة قد جمع فيها جميع السموم القاتلة من غير معرفة منه بذلك فخلط منها الدواء ولم يعلم ما هي
276,42f446fe-5ea3-4b25-b57b-328bc5e739e3,Quack Identifies Drug to King,,,,,,,فقال له الملك هذا ذامهرات الذي وصفوه الأطبّاء في طبّهم قال نعم
277,a9d35e6b-0b83-45d3-8738-a8c473fb602e,King Rewards Quack,,,فلمّا رأى الملك سرعة فراغه من ذلك ظنّ أنّه عالمٌ فأمر له بحلًى وكسوة حسنةً,,,,فلمّا رأى الملك سرعة إخلاطه الدواء أمر له بكسوة حسنة ودنانير وجواهر وغير ذلك فحمل ذلك إلى داره ثمّ عاد إلى الملك في اليوم الثاني فأخرج له الخمر فذوّب به [ملك] الأدوية
278,34384e24-1a34-4043-954b-d44abb8fea8a,Quack Poisons Princess,ثمّ سقى الجارية منها شربةً واحدةً فلم تلبثْ غير ساعة حتّى ماتت بنت الملك بتلك السقية,,وسقى الجارية منه فلم تلبثْ أن تقطّع أمعاؤها فماتت,فخلطه فيما خلط ثمّ سقى الجارية فلم تلبثْ ساعة حتّى ماتت,فلمّا تمّت أخلاط الدواء سقى الجارية منه شربة فلم تلبثْ أن ماتت في الحال,ثمّ سقى الجارية فوقعت *ميّتة,وسقاها الجارية فلمّا شربتها حصدت أمعاءها فماتت من ساعتها
279,0b3b6d9f-a958-4528-9d71-7dabc8f99798,King Has Quack Drink the Poison Too,فاسقاه من ذلك الدواء فمات لوقته,,وأمر أبوها فسُقي الجاهل من الذي صنع لها من الأدوية فهلك,فدعا الملك به فسقاه من الدواء الذي خلطه فمات من ساعته,فلمّا رأى الملك ذلك دعى بالسفيه فسقاه شربة من الدواء فمات,فأمر الملك أن يُسقى الطبيب من ذلك الدواء فسُقي منه شربةً فمات من ساعته,فحزن الملك عليها حزنًا شديدًا وأمر الملك عند ذلك أن يسقى الطبيب من ذلك الدواء فسُقي منه ومات مكانه لوقته
280,d6a2a7a7-a1bb-4418-a652-6094f9c025f6,Acting upon Suspicion is Wrong,وإنّما ذكرت لكم ذلك الحديث لتعلمون ما يدخل على القاتل بالشبهة من الزلّة والحرج وها أنا ذا البريء قائم بين أيديكم كما ترون,,,,وإنّما ضربت لكم هذا المثل لتعلموا ما يدخل على القائل من الزلّة والشبهة والحرج والخروج عن الحدّ,,
281,10092b8d-b825-4ab0-b328-79c71b9416d1,Speaking Ignorantly to Please Others Is Wrong,,أنّه لا ينبغي لأحد أن يتكلّم بما لا يعلم رضاء لغيره,وإنّما ضربت هذا المثل في جماعتكم كيلا تتكلّموا بما لم تعلموا تلتمسون به رضى غيركم,,,,قال دمنة وإنّما ذكرت لك هذا الحديث في جماعتكم لئلّا تقولوا قولًا فيه ابتغاء مرضاة أحدكم
282,6cb40ff1-dd83-43b5-9402-18237a244398,Dimna Interprets the Tale,,فإنّما يُجازى كلّ امرئ منكم بعمله وأنا بريء ممّا لُطّخت به وأنا بين أيديكم فاتّقوا الله ما استطعتم,فيصيبكم ما أصاب ذلك الطبيب الجاهل فإنّ العلماء قد قالوا إنّما جزاء كلّ أحدٍ بقوله وفعله وأنا بريءٌ ممّا لُطّخت به قائمٌ بين أيديكم,,فإن خرج أحد منكم عن حدّه أصابه ما أصاب ذلك الطبيب الجاهل ونفسه الملومة وقد قالت العلماء ربّما جُزي المتكلّم بقوله والكلام بين أيديكم فانظروا لأنفسكم,وإنّما ضربت لكم هذا المثل لتعلموا أنّ كلّ أحدٍ بالسيّئة خاطئٌ غير مصيبٍ وأنا البريء بين يديكم قائمًا,فيصيبكم في ذلك ما أصاب هذا الطبيب الجاهل فإنّ العلماء قد قالوا إنّما يجازَى كلّ إنسان بفعله وها أنا بين أيديكم كما ترون لا أستطيع نفعًا ولا ضرًّا
283,b6520f7e-bdd9-4ff1-b8a0-51d9f2f6317d,Dimna Praises the Prominent Courtier,,,,,,وفيكم سيّد الخنازير وعنده علمٌ بالأمور وتصاريف الأحوال ومنزلته من الأسد وأمّه كما تعلمون,
284,dac18e99-b087-4c87-9c7e-2449cbfcb6b0,Prominent Courtier/Head of Court Suggests Physiognomy,فتكلّم سيّد الخنازير لإدلاله ومنزلته من الأسد وأمّه فقال اسمعوا أيّها العلماء والأشراف مقالتي وفكّروا فيها بأخلاقكم,فقال [فقال] رئيس الخبّازين لثقته بمنزلته من الملك اسمعوا أيّها الجند وفكّروا فيما أقول لكم,فتكلّم سيّد الخنازير إدلالًا بمنزلته من الأسد وأمّه فقال اسمعوا معشر الجند وتفكّروا فيما أقول لكم,فتكلّم بعض من حضر وقال اسمعوا أيّها العلماء والأشراف مقالتي وفكّروا فيها بأحلامكم ومبلغ عقولكم وجهد رأيكم,فتكلّم سيّد الخنازير لإدلاله ومكانته عند الأسد فقال أيّها الأشراف والعلماء اسمعوا مقالتي وعوا بأحلامكم كلامي,فقام سيّد الخنازير وقال اسمعو أيّها العلماء والأشراف مقالتي وفكّروا في ذلك بأحكامكم,قال فتكلّم عند ذلك سيّد المجلس بدلالته ومنزلته عند الملك فقال لهم أيّها العلماء والأشراف استمعوا بمقالتي وفكّروا فيها بعقولكم
285,8addd248-818c-407e-80fd-ce79f2e92735,Bodily Marks Are Proof of Character,*لأنّ العلماء قد قالوا في سمات الصالحين أنّهم يعرفون بها وأنتم معاشر الأخيار بصنع الله إليكم وتمام نعمته عليكم تعرفون الصالحين من الطالحين بسيماهم وصورهم وتعرفون بالشئ اليسير الشئ الكثير وأشياء كثيرة سوى ذلك,فإنّ العالم لم يدع شيئًا من الآيات والعلامات إلّا وقد بيّنها,فإنّ العلماء لم يدعوا شيئًا من آيات الأسرار والأخبار إلّا قد ثبّتوه,فإنّ العلماء قد قالوا في باب الصالحين يُعرفون بذلك وقد نعتوه وكتبوه وكشفوه وأنتم معشر الأحبار بحسن صنع الله إليكم ونعمته عليكم فيما أكمل لكم من العقل تعرفون الصالحين بسيماهم وتكتفون بالشيء اليسير من ذلك,فإنّ العلماء قد قالوا في آيات الصالحين وآثارهم أنّهم يُعرفون بسيماهم وصورهم ويخبرون الشيء اليسير بالشيء الكثير,فإنّ العلماء قد قالوا إنّ الصالحين يُعرفون بسيماهم وأنتم بحسن صُنع الله بكم وبنعمته عليكم تعرفون الصالحين والمفسدين بسيماهم وصورهم,فأنتم تعلمون أنّ الصالحين يُعرفون من الظالمين بسماهم وصورهم ويُعرفون بالشيء اليسير من ذلك أشياء كثيرة
286,555a3487-3103-471e-ac58-81e21f97a2c4,Dimna’s Character is Visible in His Body,وقد ترون من علامات هذا الشقيّ دمنة فاطلبوا علم شأنه من تجربتكم فإنّه بيّن ظاهر في جسمه فصدّقوا وأيقينوا بما قيل فيه,وإنّ علامات الفجور في هذا الشقيّ ظاهرة وقد ظهر مع ذلك لنا سوءه,وإنّ علامات الفجور في هذا الشقيّ ظاهرةٌ وقد طار له مع ذلك ثنا سوءٍ,وإنّ أحقّ مَن لم يسأل عنه العامّة ولم يشكل على الخاصّة أمره لَهذا الخبيث الذي ظهرت فيه علامات الشرّ وشامات قد مضى رأي العلماء فيها,وها هنا علامات وأسباب تدلّ على هذا الشقيّ دمنة وتخبر عنه على ظاهر جسمه لتستيقنوا أو تسكنوا إلى ذلك,وها هنا أشياءٌ كثيرةٌ تدلّ على علامات هذا الشقيّ دمنة والدلائل على شرّه بائنةٌ فاطلبوا من يخبركم بشأنه فإنّه بيّنٌ ظاهرٌ في جسمه فتصدّقوا وتيقّنوا بما فيه من العلامات على نميمته وكذبه وعداوته للملوك وألزموه العقوبة الذي هو أهلها,وممّا تبيّن لي من ذلك وظهر لي من علامات هذا الشقيّ دمنة أنّ كثرة منطقه تدلّ على كذبه وحيله تدلّ على فجوره وسعايته فلا تطلبوا علم شأنه من غيركم وقولوا بما فيه من العداوة والنميمة للملك وألزموه العقوبة من أهلها
287,b6c0e31c-5df9-4052-841e-db709fe24ff6,Body Is the Truest Testimony a Person,,,,,,فقد قالت العلماء إنّ أوثق الشهادات على خُلق الرجل هو سمته والآيات التي تُرى في جسمه *مع ما يظهر عليه من سوء الثناء,
288,3ae8ef25-45eb-49db-bbfa-cfc4fbe64bdc,Dima's Evil Character Is Attested by His Behaviour and Reputation,,,,,,,فإنّ العلماء قالوا إنّ الأشياء تؤخذ بالدلائل في خسّته وفي كذبه وسوء الثناء عليه وقبح الأحدوثة والشرّ والسعاية وقد جُمعت هذه الخصال في هذا الشقيّ دمنة
289,da4d41fb-dd5e-4ecd-bba4-dd699616cfa4,Judge/Investigator/Audience Request Physiognomical Evaluation,قال القاضي لسيّد الخنازير قد عرفنا أنّك تعرف الصواب وعلامات السوء فأخبرْنا بما تعرف من صورة هذا الشقيّ دمنة,فقال عظيم الجند لرئيس الخبّازين قد سمعنا ذلك وقليل من يعرفه فـأعلمنا ما الذي رأيت في هذا البائس,فقال عظيم الجند لرأس الخنازير قد سمعنا ذلك وقليلٌ من يعرفه فأعلِمْنا ما الذي رأيت في هذا البائس,قال القاضي وما تلك العلامات والشامات فإنّا نعرف أمرها أكثر ممّا تعرف,قال لسيّد الخنازير إنّي قد علمت وعلم الحاضرون أنّك عارف بما في الصورة من علامات السوء ففسّر لنا من علامات السوء ما تقول وأطلعنا على ما ترى من صورة هذا الشقيّ,قال القاضي لسيّد الخنازير أنا أعلم أنّ من يعلم الصور وعلامات السوء في الناس قليل ففسّر وبيّن لنا ما ترى في صورة هذا الشقيّ الجسور من تلك الآيات التي كتب الأوائل بها,قال فقالوا أهل المجلس من الوحوش الكبار لسيّد الحبّارين قد علمت أنّ من يعرف الصور والآيات في الناس قليل فبيّنْ لنا ما تعرفه من صورة هذا الشقيّ وما في جسمه في تلك العلامات التي ذكرتها الأوّلون
290,ffc9811a-4be9-45f9-a91c-336552fa8d80,Prominent Courtier Diagnoses Dimna as Traitor,فقال إنّ العلماء قد كتبوا أن من كانت عينه اليسرى أصغر من عينه اليمنى وهي لا تختلج وكان أنفه مائلًا نحو شقّه الأيمن وهو بعيد ما بين الحاجين وعامّة نظره إلى الأرض وإذا مشى يكثر الالتفات فإنّ ذلك من أهل الغدر والفجور والنميمة وهذه كلّها في هذا الشقيّ دمنة,فقام رئيس الخبّازين فأخذ بيد دمنة فقال إنّا نجد في كتب العلماء أنّ من كانت عينه اليسرى صغيرة كثيرة الاختلاج وأنفه مائل إلى شقّه الأيمن وما بين حاجبيه من الشعر متباعد وإذا مشى نكّس رأسه ولا يزال ملتفتًا وراه فإنّه صاحب نميمة وغدر وهذه الآثار كلّها في هذا الشقيّ ظاهرة,فقام رأس الخنازير وأخذ بيد دمنة وقال إنّ في كتب العلماء أنّ من كانت عينه اليسرى صغيرةٌ كثيرة الاختلاج وأنفه مائلًا إلى شقّه الأيمن وما بين حاجبيه من الشعر متباعدًا ومنابت شعره ثلث شعرات ثلثًا وإذا مشى نكّس ولا يزال ملتفتًا إلى خلفه فإنّه صاحب نميمةٍ وفجورٍ وغدرٍ وهذه العلامات كلّها بيّنة في هذا الشقيّ,قال المتكلّم وجدنا في كتب العلماء أنّه من كان علاماته أن تكون عينه اليسرى أصغر من عينه اليمنى وكان مع ذلك كثير اختلاج العين مائل الأنف إلى شقّه الأيمن متباعد ما بين الحاجبين وكانت منابت شعر جسده ثلاثًا ثلاثًا وإذا مشى كان أكثر نظرًا إلى الأرض وإذا مشى أدار رأسه حتّى يصير وجهه خلفه فذلك مستجمع للغدر والبغي على الصالحين وهذه العلامات كلّها في دمنة,فأخذ سيّد الخنازير بيد دمنة وقال إنّ العلماء قد كتبوا وأخبروا أنّه من كانت عينه اليسرى أصغر من عينه اليمنى وهي لا تزال تختلج وكان أنفه مائلًا إلى شقّه الأيمن وكان منبت شعره ثلثًا ثلثًا وعامّة مشيه إذا مشى يُكثر الالتفات يمينًا وشمالًا فذلك يحدّث نفسه بالغدر والخبث وقد عرفت بما ثبت عندي من هذه العلامات أنّ ذلك كذلك وهذا رأيي وعليه عزمي,فأخذ سيّد الخنازير بيد دمنة ثمّ قال قالت العلماء إنّ من كانت عينه اليسرى أصغر من عينه اليمنى وهو لا يختلج وكان أنفه مائلًا نحو شدقه الأيمن وإذا مشى يضرب نظره إلى الأرض فذلك يحثّ نفسه بالغدر والمكر والخديعة والبغضة للصالحين وهذه العلامات كلّها في هذا الآثم,قال فأخذ عند ذلك يذمّ دمنة ثمّ قال قد ذكروا أنّ العلماء قد ذكروا أنّ من كانت عينه اليسرى أصغر من اليمنى وكان أنفه مائلًا إلى شِدقه الأيمن بعيد ما بين الحاجبين وكانت منبت شعره ثلاثًا ثلاثًا في جسمه وإذا مشى يكثر الالتفات إلى خلفه فإنّ ذلك من أهل النميمة والعداوة والمكر والخديعة والسعاية في الناس وهذه العلامات كلّها قد بانت لي في هذا الشقيّ دمنة وهي غير خافية على كلّ ذكيّ
291,741c7ecd-9b39-46c1-85e9-b93087cbce75,Bodily Marks Are Claimed to Predict Deeds,قال دمنة كلّنا تحت سماء الله وبعينه فاسمعوا ما أقول فأنا قائل بين يدي ربّي وهذا العالم أيّها المتكلّم إن كان الخير والشرّ الذي يعمل الناس به إنّما يُعرف بالشامات والعلامات التي تكون في الناس,فقال دمنة نحن كلّنا تحت السماء ولسنا فوقها وأنتم ذو الحلم والعلم بالكلام وقد فهمتم ما قال هذا فاسمعوا منّي كأنّه لا يضرّ أحدًا فإنّه إن كان ما ذكر من العلامات حقًّا,فقال دمنة نحن كلّنا تحت السماء ولسنا فوقها وأنتم ذوو الأحلام وتقيسون بالعلم الكلام وقد فهمتهم ما قال فاستمعوا منّي فإنّه يظنّ أنّه لا أحدًا أعرف بالأمور منه وأنّه لا عِلمَ إلَّا عِلمُه وإن كان ما ذكر من العلامات حقًّا,فلمّا أمضى في *قوله قال دمنة إنّ حكم الله على خلقه عدل لا جور فيه وصواب لا خطأ فيه ولو كانت هذه العلامات التي ذكرتها يُصاب بها وبأشباهها وجه العدل لَما احتاج ولاة أهل الحقّ وحكّامهم معها إلى البيّنات والحجج,فإن كان الأمر على ما تقول,,فقال له دمنة مِن ها هنا تصيبون الكلام وتتركون الحكم فاسمعوا منّي ما أقول لكم ودبّروه بعقولكم وقد سمعتم ما قال هذا فإنّه يظنّ أنّ لا أحدًا أعرف منه
292,c2ce80c8-13d3-4b81-a514-33972f40c631,Human Action Would Be Meaningless,فقد استبان لي أنّ المحسن لا يجزى بإحسانه ولا المسيء بإسأته ولكنّهم إنّما يكرمون ويهانون بالشامات والعلامات التي تُرى فيهم مع أنّ عامل الشرّ لا يستطيع إلّا بعلمه وكذلك عامل الخير ليس {يستطيع} أحد أن *يثبت في جسمه علامات خير ولا علامات شرّ,فلا يسع أحد يقدر أن يعمل خيرًا ولا شرًّا إلّا بها وإنّما تجازون بذلك وتثابون عليه أو تعاقبون وليس من أمري إلى رأيه شيئًا فليس بمجتهد وإن حرص على الخير فليس بنافعه ولا مسيء إن أذنب بضارّه,فلا أسمع أنّ أحدًا يقدر على أن يعمل خيرًا ولا شرًّا إلّا بها وإنّما تُجازون بذلك وتعاقبون عليه وليس لامرئ من رأيه شيءٌ فليس مُجتهدٌ وإن حرَص على الخير بنافعه ولا مسيء وإن أذنبه بضائره,ولما كان لأحد في الإحسان حمدٌ ولا كان عليه في الإساءة ذمٌّ *لأن ليس أحد يستطيع أن يغيّر شيئًا ممّا به من العلامات التي بها يعمل ولَما كان جزاء أهل الإحسان ولا جزاء أهل الفجور إلّا على العلامات,فحينئذ قد استبان للجماعة أنّه لا يستطيع أحد أن يعمل خيرًا ولا شرًّا إلّا بما وُسم به من العلامات فمن وُسم بعلامات شرّ لا يستطيع إلّا أن يعملها ومن وُسم بعلامات خير لا يستطيع أن يفعل غيرها فحينئذ لا ثواب ولا عقاب فإنّه لا يستطيع أحد أن يجعل في جسمه علامات شرّ ولا علامات خير,,
293,335b7671-77fc-480b-9e47-ebb735296fdb,Bodily Marks Are Widespread,,,,,,قال دمنة إن كان المخلوقون يؤخذون بالآثار والتشبّه فذلك كثيرٌ في عامّة المخلوقين,
294,fe932ec7-6d5e-49a1-a2bf-5dff24666afa,"If the Physique Makes People Traitors, Dimna Is Innocent and Excused",فإن كنت تزعم إنّما بجسمي من العلامات هي الدليل على صحّة ما قد قُذفت به من هذا الأمر ولو كنت قد فعلته كنت قد وسمت بآياتٍ وعلاماتٍ †جنجن في الإثم فعملت به ما عملت ففي ذلك براءة لي وعذر,وقد سمعت أنا أيضًا بالعلامات التي ذكرت وأعوذ بالله أن تكون فيّ ولو كان أمر الناس إليهم لجعلوا فيهم أفضل ما يقدرون عليه من الآيات والعلامات ولم يكن منّي غير العافية ولم أركب غير الحقّ,وقد شقيتُ أنا بالعلامات التي في جسدي وذلك أمرٌ ليس إليّ إن كانت وأعوذ بالله أن تكون ولو كان إلى الناس من ذلك شيءٌ جعلوا فيه أفضل ما يقدرون من الآيات والشامات ولم يكن منّي غير العادة ولم أركب غير الحقّ,ولو كنت علمت هذا الذي لُطّخت به بالعلامات التي أعوذ بالله منها لكان تلك العلامات التي ألزم منها الله [لا أستطيع] التى ألزمتنيها وقذفتني بها لا أستطيع امتناعًا,فإن كنت أنا قد فعلت الذي كذبت به عليّ وعملته فما ذنبي في ذلك إذ كان في جسمي علامات هي خجلتني إليه ودعتني إلى العمل به,,فإن كنت تعلم أنّ ما في جسمي من علامات فهو دليل على ما قذفت به من هذا الأمر كنت قد وسمت بعلامات وآيات اضطُررت إلى الإثم فعملت بها ما عملت ففي ذلك براءتي وعذري
295,44581a70-6da4-47f6-bd71-77f3f4174ebc,Courtier's Argument Shows His Foolishness,,وقد استبان لمن حضر قلّة عقلك وقلّة علمك بالأمور ونظرك لها,وقد استبان لمن حضرك قلّة عقلك وعلمك بالأمور وبصرك بها,وممّا يدلّ على قلّة علمك بالأحكام ومواقعها,أحسبت أنّ الكلام لك وحدك حين شهدت عليّ بما لا علم لك به,,وقد بان لكلّ من حضر قلّة عقلك
296,8cd8cb19-daef-4ae9-8fd2-ae050e9c32e9,Bodily Marks Would Have Effect at an Unforeseeable Time ,,,,أنّ الذي ذكرت لو كان كذلك لم يوجب عليّ شيئًا لأنّ العلامات تُخلق مع صاحبها حين يُخلق وتولّد معه حين يولد وليس لفعالها وقت في أيّ يوم تكون أو في أيّ عمر وما ينبغي الحكم أن يقع على أهلها وما حال من لم يبلغ العقل إذا كانت به العلامات التي ذكرت,,,
297,6b780cd0-f5c3-4ed4-9b0a-f8f75de627f5,Dimna Calls Courtier's Claim Foolish,,,,فهذا الدليل لأهل العقل على سفهك وجهلك ولكنّك سمعت شيئًا لم تعرف موضعه فتكلّمت به في غير حينه ولست بأعلم وأفقه ممّن حضر ولا بأولاهم بالمنطق ولكنّك تكلّمت فأخطأت,,,
298,73f637c8-9b1d-4254-ab22-94858736c943,Dimna Compares Courtier to Ignorant Physician,,,,,,,
299,f9ca40a8-d0bb-449a-a5ef-2432eaea6312,Moral Judgment Based on Bodily Marks Is Foolishness,,,,,,,
300,9586d1f2-2d0c-48ff-a3d7-30463f979c24,Dimna's Third Subtale of Plower Who Told His Wife to Cover Herself First,†ولكن مثلك مثل رجل قال لامرأته استري عورتك وبعد ذلك انظري إلى عورة غيرك,وقد قال رجل لامرأته احفظي نفسك واطّلعي على غيرك وأصلحي عيوبك التي أنت بها أعرف ولذلك مثل,وقد قال رجلٌ مرّة لامرأته احفظي نفسك ثمّ اطْعَني على غيرك ودعي الناس وأصلحي عيوبك التي أنت بها أعرف وذلك مَثَلُك,فمثلك مثل رجل قال لامرأته استري عورتك ثمّ التمسي بتستير عورة غيرك,فلمّا سمع دمنة ذلك قال لسيّد الخنازير مثلك مثل رجل قال لامرأته أبصري عورتك ثمّ اطّلعي في عورة غيرك,وأمّا مَثَلك فيما قد تورّده من هذا الأمر مَثَل رجلٍ قال لامرأته انظري إلى عورتكي واتركي عورة غيرك,ولكن مثلك في ذلك مثل رجل قال لزوجته استري عورتك وتطلّعي على عورة غيرك
301,c53188d8-8908-43be-bb6f-c99718abfbca,Prominent Courtier Requests Tale,قال سيّد الخنازير وكيف كان ذلك,قال رئيس الخبّازين وكيف كان هذا المثل,فقال سيّد الخنازير لدمنة وكيف كان ذلك,قال القاضي وكيف كان ذلك,قال سيّد الخنازير وكيف كان ذلك,قالوا كيف كان ذلك,قال سيّد الحبّارين لدمنة وكيف كان ذلك
302,ac58cac6-3cdc-435f-8ddc-63defaba6a01,A Man and His Two Wives Become War Captives,قال دمنة زعموا أنّه كان مدينة من بعض المدن غار عليها العدوّ فقتل وسبى فأصاب رجل منهم في نصيبه من السبي رجل حرّاث وامرأتين له,قال دمنة زعموا أنّ مدينة تدعى بأهر أغار عليها العدوّ فقتلوا الرجال وسبوا النساء والذرّيّة فأصاب رجل منهم في القسمة رجلًا حرّاثًا وامرأتين فكان يسيئ إليهم ويضربهم ويجيّعهم,قال دمنة زعموا أنّه كانت مدينةٌ تُدعى برزجر قد أغار عليها العدوّ فقتلوا الرجال وسَبَوُا النساء والذريّة فأصاب رجلٌ من أولئك في الغنيمة رجلًا حرّاثًا وامرأتين له فكان يُسيء إليهم في المطعم والمشرب ويُجيعهم ويُعرّيهم,قال دمنة كانت بمدينة تُدعى بردحرد فأغار عليها العدوّ فقتل فيها وسبى وانطلق بمن سبى إلى بلادهم فأصاب رجل منهم في قسمة السبي حرّاثًا وامرأتين له فكان صاحبهم ذلك يضيّق عليهم في الطعام والشراب والكسوة,قال دمنة زعموا أنّ مدينة أغار عليها العدوّ فقتل وسبا وغنم وانطلق إلى بلاده بمن سبا واتّفق أن حصل مع رجل من جنده في قسمه رجل حرّاث ومعه امرأتان له وكان هذا الجندي يسيء إليهما في الطعام والشراب واللباس,قال دمنة زعموا أنّ مدينةً غار عليها العدوّ ونهبها وأسر من كان بها وفي جملة من أخذوه رجلٌ حرّاثٌ وكان له امرأتان عريانتان وكان محسنٌ إليهما في الطعام والشراب والكسوة,قال له دمنة زعموا أنّ قرية تدعى كذا وكذا أغار عليها العدوّ فقتلوا الرجال وسبوا النساء فأصاب رجل منهم رجلًا حرّاثًا وله امرأتان وكان يسيء إليهما ويجيّعهما ويعرّيهما
303,9dde2924-c20a-43bd-b531-ed68025e8af3,One Wife Blames the Other for Being Naked,فانطلق ذات يومٍ الحرّاث يحتطب ومعه الامرأتان عاريتان فاصابت أحدهما خرقة بالية فأخذتها وغطت بها عورتها فقالت {الأخرى} لزوجها انظر إلى هذه الفاعلة التي تمشي عريانة,فانطلق الرجل ذات يوم وامرأتاه يحتطبون فوجدت إحداهما خرقة بالية فسترت بها عورتها فقالت الأخرى لزوجها ألا تنظر إلى هذه الزانية عرياء,فانطلق وامرأتاه ذات يوم يحتطبون فوجدت إحداهما خرقة بالية في الصحراء فغطّت بها عورتها فقالت الأخرى لزوجها ألا تنظر إلى هذه الزانية تمشي عريانة,فانطلق الحرّاث ذات يوم يحتطب ومعه امرأتاه عريانتان فأصابت إحداهما خرقة بالية في الصحراء فأخذتها فغطّت بها عورتها وقالت الأخرى لزوجها ألا تنظر إلى هذه الفاعلة التي تمشي عريانة,وانطلق الحرّاث ذات يوم هو وامرأته ليحتطب للجنديّ وهم عراة فأصابت إحديهما خرقة بالية في السباخ فوضعتها على سوأتها فقالت الأخرى لزوجها ألا تنظر إلى هذه الفاعلة التي تمشي عريانة,فذهب يومًا ليحطب فرأى الإمرأتين عريانتين وأصابت إحدتهما خرقة بالية في الفلاة فأخدتها وسترت بها عورتها فقالت الأخرة القاعدة ألا ترى هذه التي لا تستحي أن تمشي عريانةً,قال فانطلق الحرّاث ذات يوم يحتطب ومعه امرأتاه عريانتان فأصابت إحداهما خرقة بالية فسترت عورتها ثمّ قالت المرأة الثانية له ألا ترى إلى هذه الزانية تمشي عريانة
304,5f237ff6-5f3a-4cac-9cc1-afc1d63c67d7,The Man/One Wife Tells Other Wife to Cover Herself First/Mind Her Own Nakedness,قال {لها} ويلك جسمك كلّه عاري وأنت تعيّري غيرك فاستري عورتك ثمّ انظري في عورة غيرك,فقال لها تركت نفسك عريانة وعبت التي سترت فرجها فما أعماكي عن عيوب نفسك,فقال لها زوجها ويحك ألا تنظرين أنت إلى نفسك فإنّ جسمك كلّه عارٍي وتعيبين الذي قد غطّت عورتها,فقال لها زوجها ويلك ألا تنظرين أنت إلى نفسك فإنّ جسمك عارٍ كلّه وأنت تطعنين على التي قد غطت عورتها *وتعيبينها بهذا وإليك العجب,قال لها زوجها ويلك ألا تنظرين إلى نفسك فإنّ جسمك عار كلّه وأنت تطغين في التي غطّت عورتها,فقال زوجها ويلك لو بدأت بالنظر إلى نفسك فواريتي عورتك فإنّ جسمك كلّه عريانًا وتنظرين صاحبتك قد غطّت عورتها,قالت لها الأخرى انظري إلى نفسك جسمك كلّه عاري وتعيبيني أنا أفضل منك فإنّي [[سترت]] مستّرة العورة
305,f17765f9-643e-46b0-82ac-adb7fd8ccc88,Dimna Calls the Mother Ignorant,,,,,,,
306,f4441805-c486-4794-8c0c-6207b7e8b2c3,Dimna Reviles Courtier,وأنت أيضًا وشأنك أعجب العجب إذ علمت *يقذر جسدك وما فيه من القبح والشيّن واللّوم والنتن ثمّ تجترئ على أن تقوم بين يدي الملك الصحيح الجسم النقيّ من العيوب وعلى طعامه,وأنتَ أيّها الخبّاز أيضًا وشأنك من أعجب العجب وما في جسدك من القروح والنتن وأنت تقوم بين يديّ الملك وتلي طعامه,وأنت أيضًا أيّها المتكلّم أمرك عجبٌ حين تدنوا من طعام سيّدك وتقوم بين يديه مع ما بجسمك من القذر والفتوح والنتن واللؤم وما فيه ثمّ أنت تجترئ أن تقوم بين يديّ الملك وتلي طعامه,,وأنت أيضًا عجب لك أيّها القذر ذو العلامات الفاضحة حين تدنو من طعام الملك وتقوم بين يديه مع ما بجسمك من القذر واللؤم والقبح ومع ما تعرفه أنت وغيرك من عيوب نفسك وتتكلّم في النقيّ الجسم الذي لا عيب فيه,ثمّ إنّك أيّها المفسود القذر القبيح تعرف من عيوبك نفسك ما يعرفه كلّ أحد,ثمّ قال له دمنة وأمرك عندي من أقبح الأشياء ولو كان لك من العقل ما تدبّر به حالك ما كان هذا كلامك وفي جسدك من القيح والنتن وجميع العيوب التي لا تحصى ثمّ بعد ذلك تقوم بين يديّ الملك وتلبّي طعامه وشرابه
307,192188c2-82a3-4fdb-be6e-4153723d6832,Dimna Protected Courtier's Secrets,وقد علم عيوبك التي قد سترتها وكتمتها أيضًا من الجند وإنّما كتمت ذلك إلى اليوم ولم أُبدِه لأنّي كنت أقول في نفسي إنّه لا تضرّ في كرامة سيّدي إيّاه وليست في فضيحته منفعة فأنا حقيق أن أغطّى عليه وكان لك أخ كنت أحفظك له,وقد علم عيوبك غيري من الجند ولم يكن يمنعني إلّا كرامة إيّاك وكان لك أخ كنت أحفظك له,وقد علم عيوبك غيري من الجند ولم يكن ينبغي لي التكلّم بها إلّا أنّه لم يكن يضرّ أحدًا إكرامه إيّاك وكان لك أخًا وقد كنت أحفظك له,,ولست أنا وحدي اطّلعت على عيبك لكن جميع من حضر من أهل الرضا قد عرف ذلك وقد كان يحجزني عن إظهار ذلك الصداقة وكنت أقول ما يضرّني من تكرمة سيّدي إيّاه,ولست أنا وحدي أعرف عيوبك لكن وجميع من حضر يعرف ويعلم ذلك وقد كان يحجزني عن ذلك وإظهاره ما كان يظهر لي منك و من الصداقة التي كانت بيني وبينك ولم يكن لي في إظهاره ولا منفعة واحدة وكنت ساتره كرمًا,وما علم عيوبك وما منعني أن ?أتكلّم بها إلّا أنّه كان لك أخًا فكنت أحفظك له
308,55cf0653-96e9-4769-a1b1-ab3047b0a9d6,Dimna Now Repays Courtier's Hostility,فأمّا إذا ظهرت لي منك العداوّة ونطقت [[بالبرهان]] {بالبهتان} وتكلّمت بالزور والظلم على غير ذنب تقدّم منّي,فإذ بدأتني بالعداوة ونطقت بالبهتان على غير علم,فإمّا باديتني بالعداوة ونطقت بالبهتان عليّ من غير علمٍ,,فأمّا الآن فحين كذبت عليّ وبهتّني في وجهي وقمت في عداوتي بغير علم فلن أقصّر عن إظهار عيوبك وتعرّفه الجماعة,فأمّا الآن قد بدا منك في حقّي على *رؤوس الأشهاد بين هذه الجماعة من الشنائع والبهتان والكذب والعدوان,فأمّا إذا ناديتني بالعداوة ونطقت بالبهتان من غير علم على رؤوس من حضر
309,934154df-dde2-4567-84cf-66e7a506a5cf,Dimna Says Courtier Deserves Not Even the Lowest Profession,فإنّه لا ينبغي أن تكون للملك دبّاغًا ولاحجّامًا فكيف على طعام الملك,فأنت لا ينبغي أن تكون للملك إلّا دبّاغًا وحجّامًا وما ينبغي أن تكون بالمنزلة التي أنت بها الآن,فإنّه لا ينبغي أن يكون صاحب السلطان دبّاغًا ولا حجّامًا دع ما أن يكون بالمنزلة التي أنت بها منه,,وحقّ على من عرفك حقّ معرفتك أن يمنع الملك من استعماله إيّاك والأحرى بك ألّا تدنو من عمل ولا أن تكون حجّامًا ولا دبّاغًا لعامّيّ فضلًا عن خاصّ خدمة الملك,فإنّي لن اقتصر عن إظهار ما أعرف من عيوبك على ما يعرفه من !حظر وخفى على من عرفك حقّ المعرفة أن يمنعك أكل الطعام مع الملك وخدمته بالكليّة,بل فيك أسوأ ممّا ذكرت من *العيوب فليس بحقيق أن تدنو من الملك ولا تقربه
310,8ca36fe9-2cf4-4134-a74e-2d09430be8b2,Courtier Is Outraged,فقال رئيس الخنازير إلىّ يقول ما أسمع,فقال رئيس الخبّازين ما تقول,فقال رأس الخنازير ألي تقول ما أسمع,,فقال رأس الخنازير ولي تقول هذه المقالة وتلقي بهذا الملقى,فقال رأس الخنازير ولي تقول هذا القول وتعنيني بهذه الإشارة,قال له رأس الحبّارين إليّ تقول هذا الكلام
311,2b5cb1fa-62ed-4c8d-aec5-f529eb0ed1cc,Dimna Calls Courtier Filthy and Leprous and,فقال دمنة نعم حقًّا لك أقول فإنّك جمعت الخصال إنّك ريحتك النهار كلّه أقرع أبرص الفخذين فلا ينبغي لك أن تدنوا من باب الملك أبدًا,قال دمنة أقول ما تسمع بأنّك أدرّ مبروص أقرع متمايل الخلق جميعه,فقال نعم حقًّا لك أقول فإنّك قد جمعت أنك آدرٌ مبسورٌ تحكّ ذلك النهار كلّه أفدع متسائل الخلق خبيثه,,قال دمنة حقًّا لك أقول إنّك الأعرج المكسور الذي في إسته الباسور الأفدح الرجل الحمير الأذن المدلّى الخصيتين العظيم البطن الأفلج الأسنان والشفتين السيّئ المنظر والمخبر,قال دمنة بحقٍّ أقول فيك أيّها الأعرج الميسور الذي في أسته الباسور الأفقد الأرجل الأحمق الأدب المتدلّي الخصيتين العظيم البطن الأفلج اليدين,قال له دمنة حقًّا لك أقول فإنّك الذي في أستك الباسور والأقرع المرتفع الخصّاء
312,67fbe99e-7102-461d-add0-0f85b4220bb5,Courtier Is Reduced to Tears,فلمّا سمع رئيس الخنازير ما رماه به دمنة خنقته العبرة فبكي وتبادرت دموعه لجرأة دمنة عليه وإغلاظه له,فلمّا سمع رئيس الخبّازين ما رُمي به خنقته العبرة وبكا لإغلاظه له,فلمّا سمع ذلك رأس الخنازير وما رماه به خنقته العبرة فبكى لجرأته عليه وإغلاظه له,,فلمّا قال دمنة ذلك لسيّد الخنازير تغيّر وجهه واستحيا وتلجلج لسانه واستكان وفتر نشاطه واستعبر,فلمّا قال دمنة هذا المقال تغيّر لون رأس القرود ورأس الخنازير واستحى واعتقل لسانه واستكّت أسنانه,قال فلمّا قال له دمنة ذلك سبقته العبرة لما سمع من غليظ كلام دمنة
313,9f3c2f56-45f7-4e3b-9204-ccbb4411aad3,Courtier and Audience Are Silenced,,,,فلمّا سمع من حضر من حسن مراجعة دمنة لمن قال فيه شيئًا ورأوا قوّته على الحجج كفّوا عن القول في أمره,,,
314,750ae145-4bef-4851-814c-6e92b9cc1ef7,Dimna Calls Courtier Unfit for Court,فلمّا رأي دمنة ذلك قال إنّه ينبغي أن تبكي وتجتهد في البكاء فإنّ الملك لو قد اطّلع على أمرك وعلم كثرة عيوبك كان قد أقصاك وأبعدك,فقال دمنة أنّه ينبغي لك أن تبكي فإنّ الملك متى علم ما أنت عليه نفاك وأبعدك,قال له دمنة إنّه لينبغي أن تبكي وتُكثِر دموعك فإنّ الملك لو قد اطّلع على أمرك وعلم الذي أنت عليه أقصاك وأبعدك,,فقال دمنة حين رأى انكساره وبكاءه ابك ما شئت فإنّه ينبغي أن يطول بكاؤك إذا اطّلع الملك على عيوبك وقذرك فعزلك عن طعامه وحال بينك وبين خدمته وبعّدك عن حضرته,فقال دمنة حين رأى انكساره ينبغي لك أن تهتمّ لعملك وعلمك والملك لو رأى قدرك وعيبك عزلك عن طعامه وعن خدمته,فلمّا رأى دمنة بكاءه قال له ابكي ما شئت فبحقّ تبكي لأنّك تعلم أنّ سيّدك إذا اطّلع على شأنك وعرف عيوبك طردك وأبعدك عنه
315,2a5a7a93-9859-463b-ac64-d9a9339e7980,Lion Appoints a Court Secretary to Report to Him,,,,,,,
316,c2f3a7cb-28a2-40be-a576-60e8aa537014,Lion Appoints a Secretary to Inform Him about the Trial,,,,,ثمّ إنّ شعهرًا كان عند الأسد قد جرّبه فوجد فيه أمانة وصدقًا فأمره أن يحفظ جميع ما يجري بينهم ويطلعه عليه,وكان الأسد قد رتّب عندهم سعهر كان في خدمته وجرّب صدقه وأمانته وأمره أن يسمع ما يُقال في جمعهم وما يكون من بعضهم على بعضٍ,
317,b0404509-90f0-4de2-a836-ede8e0b7216a,Lion Is Informed by Court Secretary and Ousts Courtier,فلمّا سمع ذلك أمين الأسد الذي أمره بنسخ ما يقول دمنة وكان اسمه شهرج كتبه ورفعه إلى أسد فأمر برئيس الخنازير فعزل عن عمله وطرد وأقصى,فلمّا سمع ذلك أمين الأسد الذي كان أمره بحفظ ما يقولون وكان يُسمّى سهرج فرُفع إلى الملك فعزل الملك رئيس الخبّازين وأمر بأخراجه وأقصى عنه,فلمّا سمع ذلك أمين الأسد الذي أمره بحفظ ما يقولون وكان اسمه سبهرج رفعه إليه فعزل رأس الخنازير عن عمله وأمر بإخراجه وإقصائه عنه,,فقام الشعهر فدخل على الأسد فحدّثه بالحديث كلّه على وجهه فأوّل ما أمر به الأسد أن يُعزل سيّد الخنازير عن عمله وتقدّم أن لا يدخل إليه ولا يرى له وجهًا,فقام من عندهم إلى الأسد أخبره بكلّما جرى وحديث رأس الخنازير فأمر الملك عند ذلك أن لا يدخل عليه,قال فلمّا سمع ذلك أمين الأسد الذي كان أمره أن يحفظ ما يقولون وما يردّ بعضهم على بعض مضى إلى عند الأسد فحدّثه بحديثهم من أوّله إلى آخره ولم [[يكتمه]] يكتمه شيئًا فلمّا سمع الأسد ذلك همّه وأحزنه وعزله عن أمره وأمر أن يترك الدخول عنده ولا يرى له وجهًا
318,dc1dd7c5-d608-4725-9413-98944e48fbae,"Dimna's Testimony Is Recorded, He Is Returned to Prison; End of First Day of Trial",وكتب القاضي والأمين أيضًا ما قال دمنة وما قيل له وختما عليه وبعثا بدمنة إلى السجن وانصرفوا ذلك اليوم,وكتب النمر والقاضي ما قال دمنة وما قيل له وختما عليه وبعثا به إلى السجن,وكتب النمر والقاضي ما قال دمنة وما قيل له وختما عليه وبعثا به إلى السجن,فأمر القاضي بصرفه إلى السجن,وأمر بدمنة أن يُحبس فحُبس وقد مضى النهار وكَتَب جميع ما جرى وختمه بخاتم النمر ورجع كلّ واحد منهم إلى منزله وجاء الليل,وأمر بدمنة أن يُحبس فحُبس وكتب جميع ما جرى وختم بخاتم النمر ورجع كلٍّ منهم إلى مستقرّه,وأمر بدمنة أن يسجن
319,74a87ab0-b847-41fa-8ea3-27ab48aaf8f4,Scene 8. Ruzbeh Visits Dimna in Prison,,,,,,,
320,5f1af72b-a16e-489e-a421-f1293afbfbc8,Ruzbeh Is Kalīla's Friend,وإن صديقًا لكليلة يقال له روزبة,ثمّ إنّ صديقًا لكليلة يُقال له روزنة,ثمّ إنّ صديقًا لكليلة يُقال له فَيروز,,ثمّ إنّ شعهرًا كان يُقال له روزبة وكان بينه وبين كليلة إخاء ومودّة وكان عند الأسد متوجّهًا وعليه كريمًا,وكان سعهر يُسمّى دوبة وكان بين كليله وبينه إخاء ومودّة,ثمّ إنّ صديقًا لكليلة يسمّى رووبه
321,7139520b-fb57-4859-9276-23f2d382a532,Kalīla Had Feared Reprehensions for Being Responsible,,,,,وكان كليلة لمّا خرج عن دمنة فكّر في نفسه وقال أنا المأخوذ بسبب دمنة والمسؤول عن شأنه فإن أخبرت بأمره كنت عونًا على هلاكه وإن أنا سكتّ عوقبت بسببه فأخذه قلق وتحيّر,وإن كليله ممّا حمل على قلبه من أمر دمنة وما يبلغه عنه من الأقاويل مرض,
322,e06827df-0fa5-4b92-aa98-46caa5ce7e6e,Ruzbeh/Fayruz Tells Dimna of Kalila's Death,انطلق إلى دمنة إلى السجن فأخبره بموت كليلة,انطلق إلى دمنة فأخبره بموت كليلة,انطلق إلى دمنة فأخبره بموت كليلة,,فانطلق الشعهر إلى دمنة فأخبره بموت كليلة,فانطلق إلى دمنة وأخبره بموت كليله,انطلق إلى دمنة وهو في السجن فأخبره بموت أخيه كليلة
323,cdd887e1-8a1d-4716-9bb3-f0d29a3d19c9,Dimna Grieves for Kalila,فبكى عليه دمنة لما كان بينه وبينه من القرابة والصداقة وقال ما أصنع اليوم بالحياة وقد مات أخي وصديقي,فبكا دمنة لما كان بينه وبينه وقال ما أصنع اليوم بالحياة وقد هلك أخي وصفيّ,فبكى بكاءً شديدًا وقال ما أصنع اليوم بالحياة وقد هلك أخي وصفيّ,,فحزن وبكى وقال ما أصنع بالدنيا بعد مفارقة الأخ الصفيّ وبعد,فبكاء دمنة بكاء شديد حزنًا على كليله وقال ما أصنع وقد فارقت الأخ الصدوق,فبكى دمنة حين سمع بموت كليلة بكاء شديدًا وقال ما أصنع اليوم بالحياة وقد فارقني الأخ الشقيق
324,bea5a654-9c38-4bf1-8902-cffcea2f263b,Misfortunes Never Come Singly,لقد صدق الإنسان الذي قال إذا ابتلى المرء بشئ واحد أتاه الشرّ من كلّ مكان واكتنفه من الهمّ والحزن مثل ما قد أصابني,لقد صدق القائل في مثله إذ يقول إنّ الإنسان إذا ما امتلئ الشرّ من كلّ جانب واكتنفه الهمّ والحزن,لقد صدق القائل إنّ الإنسان إذا ابُتليَ أتاه الشرّ من كلّ جانبٍ واكتنفه من الهمّ والحزن مثل الذي بي,,,,لقد صدق القائل إذ يقول إذا ابتلي الإنسان ببليّة أتاه الشديد من كلّ جانب واكتنفه الهمّ والحزن من كلّ مكان
325,3232fff7-4cf0-4179-904f-d1199b36fd4e,Dimna Asks Ruzbeh to Be His Friend,وقد رزقت مع ما دخل عليّ من يودّني ويتعاهدني بما قد منّ الله عليّ من إخائك وأرجو أن تكون لي في المودّة والعطف عليّ من مؤاخاتك والنظ رلي مثل كون أخي كليلة وأكثر من ذلك إن شاء الله وإن تُعنى بأمري كما يُعنى به أخو الحِفاظ,وقد رأيت ما دخل عليّ من موت صاحب مودّتي وأخي وصفيّ وشاهدي بما فيه رشدي وقد أخلف الله لي أخًا ليس بدونه بل أرجو أن يكون أفضل عطفًا عليّ ونظرة إليّ منه وأن يهتمّ من أمري بما يُعتبر به أحقّ الحفظ,وقد رأيت مع ما دخل عليّ بمؤدّبي ومتعهّدي بما فيه رشدي وقد أبقى الله لي منك أخًا ليس بدونه بل أرجو أن تكون أفضل منه عطفًا عليّ ونظرًا لي وأن تهتمّ في أمري بما بعثني به أخو الحفاظ,,فَقَدْ وثقت بنعمة الله وإحسانه إليّ فيما رأيت من اهتمامك ومراعاتك لي وقد علمت أنّك رجائي وركني وتحبّ خلاصي ممّا أنا فيه,ولكن الحمدلله الذي فارقني كليله وأبقى لي من ذوي الأقارب أخًا مثلك وقد علمت رجاء ما أنا فيه وإنّك تحبّ منفعتي كحبّك لنفسك,وأنا قد فارقت أخي الذي كان لي أنسًا ويدفع عنّي ما ألقى وقد أحسن الذي قال إنّ الأخ لا بعد له شيء وقد علمت أنّ مثلك في إخائي ورغبتك في منفعتي ما رغّبني فيك وفي إخائك وأنا أرجو أن لا يكون لي أفضل منك عوض أخي كليلة إن تهتمّ بأمري وتفعل معي ما أنت له أهل
326,e5c79c78-1ece-408d-ba38-4e83a1a05b27,Dimna Has Ruzbeh Fetch Their Belongings,فإن رأيت أن تنطلق إلى منزل كليلة وتأتي بما كان لي وله فيه فافعلْ ومضى روزبه فأتاه بما سأل فأعطاه دمنة نصيب كليلة وقال له أنت أحقّ به وأولى به من غيرك,فإن رأيت أن تنطلق إلي منزل كليلة فتأتني بما كان له فافعلْ فانطلق روزنة فأتاه وأعطاه نصيب كليلة وقال له أنت أحقّ به من غيرك,فإن رأيت أن تنطلق إلى منزل كليلة فتأتيني بما كان لي وله فيه فأفعل فلمّا جاء به أعطاه نصيب كليلة كلّه وقال أنت أحقّ به من غيرك,,فأريدك تنطلق إلى مكان كذا وتنظر إلى ما جمعته أنا وأخي كليلة بحيلتنا وسعينا فتأتيني به ففعل الشعهر ما أمره دمنة,فانطلق إلى مكان كذا وكذا وانظر إلى ما جمعت أنا وكليله فأثنى به ففعل السعهر وانطلق لما أمره,فإذا رأيت أن تنطلق إلى منزل أخي كليلة وتأتني بما كان لي فيه فافعلْ ذلك ممنًّا عليّ به قال فمضى روزبه ففعل ما أمره دمنة وأتى بذلك إليه فأعطاه دمنة الذي كان لأخيه كليلة
327,b48e3b7e-b2fe-4d37-b151-052edbe9b0a3,"Dimna Gives Ruzbeh Half, Asks Him to Put in Good Word with Lion and Mother and Report Their Words to Him",وطلب اليه وسأله أن يحضر له عند الأسد بخير وأن يعلمه ما تذكر منه أمّ ما تذكر منه أمّ الأسد,فطلب منه أن يحضر عند الأسد فيسمع ما يُقال وما تذكر منه أمّ الأسد فوعده بذلك,وطلب إليه أن يحضره عند الأسد بخيرٍ وأن يُعلّمه ما تذكر أمّ الأسد منه عنده,,فلمّا وضع المال بين يديه أعطاه شطره وقال له إنّك على الدخول والخروج على الأسد إذا شئت أقدر من غيرك فتفرّغ لشأني واصرف اهتمامك إليّ واسمع ما أذكَر به عند الأسد إذا رُفع إليه ما يجري بيني وبين الخصوم وما يبدأ من أمّ الأسد في حقّي وما ترى من متابعة الأسد لها ومخالفته إيّاها واحفظ ذلك وأفهمنيه,فلمّا وضعه بين يديه أعطاه حصّة كليله منه ثمّ أوصاه إذا دخل على الأسد أن يتوصّل إلى حقّه بمعروفٍ,ثمّ قال له دمنة أنت أحقّ به من غيرك وطلب منه أن يحضره عند الأسد ويذكره عنده بخير وأن يعلمه ما يذكره الأسد عنده ويرفعه
328,06dc1008-cc09-4c75-92aa-ef34fe432afa,Dimna's Gift Is to Reward Ruzbeh's Friendship,,,,,,,
329,addbea89-1537-442a-ae85-7d175c627bbf,Ruzbeh Accepts Gift,,وقبل منه ما أعطاه,فوعده [فوعده] ذلك وقبل ما أعطاه,,فأخذ الشعهر ما أعطاه دمنة وانصرف عنه على هذا العهد فانطلق إلى حيّه فخبّأه فيه,فأخذ السعهر ذلك فدفنه,فقبل منه ما أعطاه
330,06b0f2f1-b2e8-4383-8893-868847bda448,Scene 9. Lion Receives Court Records,,,,,,,
331,290b204e-c616-4cdb-bc1a-e35e37fbb336,Leopard & Judge Bring Lion the Court Records Who Has Them Copied,فوافى النمر والقاضي قد أتياه بالكتب ووضعاها بين يديه ينظر فيها وأمر بكتّابه أن ينسخوها للنمر,ثمّ إنّ روزنة غدا إلى الأسد فوافق النمر والقاضي قد أتياه بالكتب فوضعوها بين يديه فنظر إليها وأمر كاتبه بنسخها ودفعها إلى النمر,[ثمّ] إنّ فيروز غدا إلى الأسد فوافق النمر عنده والقاضي قد أتياه بالكتب فوضعاها بين يديه فنظر فيها وأمر كاتبه بنسخها ودفعها إلى النمر,فلمّا كان من الغد من ذلك اليوم دخل القاضي على الأسد في طائفة من وجوه من كان حضر مجلسه بالأمس فرفع إليه كتابًا فيه ما قال دمنة في معاذيره فقبض الأسد ذلك الكتاب وأمرهم بالانصراف عنه,ثمّ إنّ الأسد بكّر من الغد فجلس حتّى إذا مضى من النهار ساعتان استأذن عليه أصحابه فأذن لهم فدخلوا عليه ووضعوا الكتاب بين يديه,ولمّا كان من الغد استأذنوا الجماعة للدخول على الأسد فأذن لهم فدخلوا ووضعوا الكتاب بين يديه,ثمّ إنّه غدا إلى الأسد فوافاه النمر والقاضي وقد أتياه بالكتب التي تقدّمت في ذلك الأمر فوضعاها بين يديه ثمّ نظر إليها مليًّا فأمر بكتابة نسخها ورفعها إلى النمر
332,4a0a7453-2163-4791-92b1-ebfbcb025825,Judge Orders Leopard and Judge to Return Dimna Before Court,وقال له وللقاضي انطلقا بدمنة قأوقِفاه إلى الجند وارفعا إليّ ما يكون من قولهم وعدوّه في ذلك,وقال للقاضي انطلقا بدمنة فأوقفاه للجند ثمّ ارفعوا ما يكون من قولهم وعذرهم في دمنة,وقال له وللقاضي انطلقا بدمنة فقِفاه للجند ثمّ ارفعا إليّ ما يكون منه وعذره في ذلك,,,ودُعي دمنة وخرجوا الجماعة *من عند الأسد,وقال له وللقاضي انطلقوا [[إليّ]] بدمنة فأوقفوه للجند ثمّ ارفعا ما يكون من قولهم فيه وعذره في ذلك إليّ
333,eb6e6691-7123-4f28-b8c4-99bd9106f317,Scene 10. Lion and Mother,,,,,,,
334,8458ce67-59aa-4391-b563-8e64cb26e510,Lion Reads Court Records to Mother,فلمّا خرجا [خرج دمنة] من عند الأسد أتته أمّ الأسد فقرأ عليها تلك الكتب والأخبار,فلمّا خرجوا بدمنة أتته أمّه فقرأ عليها ما كُتب,فلمّا أُخرجوا من عند الأسد أتته أمّه فقرأ عليها تلك الكتب,وأرسل إلى أمّه فقرأ عليها ذلك,فلمّا عرف قولهم وقول دمنة دعا بأمّه فقرأ عليها الكتاب,فلمّا خرجوا دعى الأسد أمّه وقرأ عليها الكتاب,قال فلمّا خرجوا من عند الأسد أتته أمّه فقرأ عليها تلك الكتب
335,42a7f840-4da5-4401-9337-d89c65f3ae5e,Mother Alerts Lion of His Own Benefit and Motivates Her Harsh Words,فقالت أمّ الأسد لا تحزن عليّ إن أنا اغلظت لك في القول فأنّي لا أراك تعرف ما يضرّك ممّا ينفعك لغرور هذا الفاجر المحتال فاسترحْ منه فإنّك أن استبقيته يفسد عليك جندك وانصرفت وهي غضبانة عليه,فقالت أمّ الأسد لا تلمْني إن أنا أغلظت لك في القول فإنّي أراك لا تعرف ما ينفعك ممّا يضرّك وإنّك لمغرور بقول هذا الفاجر المحتال فاسترحْ منه فإنّك إن أبقيته أفسد عليك جندك وفرّق جمعهم ثمّ انصرفت من عنده وهي غضباء,فقالت أمّ الأسد لا تَجِدَنّ عليّ إن أنا أغلظت لك في القول فإنّي لا أراك تعرف ما يضرّك ممّا ينفعك وليس هذا ممّا كنت أنهاك عنه من استماع قول هذا الفاجر المحتال فإنّك إن استبقيته أفسد عليك جندك وفرّق ملأهم وانصرفت من عنده وهي غضْبى عليه,فشقّ عليها ما رأت من الأسد وعطفه على دمنة وقالت إن أنا غلظت لك أيّها الملك فلا تغضب قال الأسد افعلي وأنعمي وقولي ما أحببت قالت ما أراك تعرف ما يضرّك ممّا ينفعك وإنّي لأحسب دمنة في طول تصريفك النظر في أمره سيهيّج عليك ما لا تقعد له ولا تقوم ثمّ جرجت عنه غضبانة,فلمّا سمعت ذلك نادت بأعلى صوتها إن أنا أغلظت في القول فلا تلمني فإنّك لست تعرف ضرّك من نفعك أليس هذا ممّا كنت أنهاك عن سمعه من كلام هذا المجرم المسيء إلينا قديمًا الغادر بذمّتنا ثمّ إنّها خرجت غضبى,فقالت إذا غلظت في القول فلا تلومني فإنّك لا تعلم ضررك من نفعك أما قلت لك لا تسمع قول هذا المجرم المأسي إلينا قديمًا,وقالت له لا تحزن على دمنة وإن أغلظ لك في القول لأنّك ما تعرف من يضرّك من الذي ينفعك لأنّك مغترّ بقول هذا الغادر الفاجر فاقتله واسترح منه فإنّك إن أبقيته أفسد عليك جندك بحيله ومكره
336,1b21b488-3b6f-4782-b36d-59e3f91eb771,Ruzbeh Reports Mother's Words to Dimna,ثمّ أن روزبة أتى دمنة في السجن فأخبرته بما قالت أمّ الأسد عند قراءة الكتب,فأتى روزنة دمنة فأخبره بذلك,ثمّ إنّ روزبه أتى دمنة فأخبره بذلك,,وذلك بعين الشعهر الذي آخاه دمنة وسمْعِه جميع ما قالت أمّ الأسد فخرج في إثرها مسرعًا فأتى دمنة فحدّثه بالحديث,وكان حاضر السعهر يسمع قول أمّ الأسد فخرج سريعًا وحدّث دمنة الحديث جميعه,قال ثمّ إنّ زوربه أتى إلى دمنة وأخبره بذلك كلّه
337,f42843bd-4a20-4109-8921-2a366d70c130,"Scene 11. Dimna's Process, Day Two (Dimna's Defense)",,,,,,,
338,ef67fd27-24ec-40e0-80ca-e326dd0b5cd4,Men Take Dimna Before Court,فبينا هو في حديثه أتته رسل القاضي فانطلقوا به فأقاموه للنّاس واجتمع الجند والرعيّة ودمنة واقف,فبينما هم في حديثهم إذ أتتهم رسل القاضي فانطلقوا به,فبينما هو في حديثه إذ أتاه رسول القاضي فانطلق به إليه,فلمّا كان من الغد بعث القاضي إلى دمنة فوقّفه للعامّة فلم يقولوا شيئًا,فبينما هو عنده إذ جاء رسول الأسد ففتح الباب وانطلق بدمنة إلى المجمع عند الأسد,فبينما هما كذلك إذ أتى لدمنة آتٍ استدعاه إلى القاضي,فبينما هو في حديثه معه إذ أتته رسل النمر والقاضي فانطلقوا به إليهما
339,7924cf1b-b13c-4afc-ab03-542c665990f0,Judge Consults Scholars on Kalila,,,,,,,
340,4c0fb838-6b1f-422b-8e41-354608decf3e,Head of Court Deems Extant Facts Sufficient,قال عظيم الجند قد عرفت أمرك يا دمنة وتيّقنته وأتاني من هو عندي أمين وليس ينبغي لي أن أسأل عن شئ منه ولا أنظر فيه مع ما قد فحصنا عنه,فقال عظيم الجند قد علمت أمرك وتيقّنته وأخبرني به من هو عندي أمين وليس ينبغي لي أن أسأل عن شيء من أمرك ولا أنظر فيه ولا أفحص عنه,فقال عظيم الجند قد علمت أمرك وتيقّنته وأتاني به من هو عندي أمينٌ وليس ينبغي لي أن أسأل عن شيئًا منه ولا أنظر فيه سوى ما قد فحصت,,فلمّا مثل بين يدي القاضي استفتح سيّد أهل المجلس الكلام فقال إنّه قد أتاني بخبرك الأمين الصادق وليس ينبغي لنا أن نفحص عن شأنك أكثر من هذا,فلمّا حضر بين يديه افتتح سيّد المجلس وقال قد أتاني خبرك يا دمنة بالأمس من الأمين الصادق وليس ينبغي أن يفحص عن شأنك أكثر من الذي فحصنا وإن كان خبّرنا من نثق بقوله,فلمّا وقف دمنة بين يديهما وجميع من حضر من الجند قال له عظيم الجند قد علمت أمرك يا دمنة وتيقّنته وأنبأني به من هو عندي أمين مصدّق وقد صحّ عندي ما أردت من ذلك
341,7de66e42-894e-49e9-9a72-4bdf44b0805d,God Placed Signs of Truth in the World and Prophets to Explain Them,,,فإنّ العلماء قالت إنّ الله جعل لكل شيءٍ من أمر الآخرة علمًا ومصداقًا فإمّا في الدنيا فقد دلّت عليه أنبياؤه ورسله,,لأنّ العلماء قد قالوا إنّ الله تعالى جعل الدنيا سببًا ومصداقًا للآخرة لأنّها دار الرسل والأنبياء الدالّين على الخير الهادين إلى الجنّة الدالّين إلى معرفة الله وقد ثبت شأنك عندنا,,
342,92996044-4868-4c80-81a5-1c570ad74239,Judge is Certain That Dimna Instigated the Lion against the Ox,,,,,,,لكثرة خداعك وحيلك ومكرك وسعيك في الثور من غير ذنب كان منه حتّى قتله الملك
343,28878aed-3c94-4ced-ac99-ebcdbff540ec,King's Mercy Permitted Investigation Despite Convincing Testimony,ولولا ما أمرنا به الملك لرأفته بالرعيّة وعطفه ورحمته لقد كان القضاء بيّنًا عليك,ولولا ما أمرنا به الملك لرأفته ورحمته بالرعيّة لكان القضاء عليك,ولولا ما أمرنا به الملك لرأفته ورحمته بالرعيّة لكان القضاء بيّنًا عليك,,إلّا أنّ سيّدنا أمرنا للعود في أمرك والفحص عن شأنك وإن كان بيّنًا عندنا,لكن سيّدنا أمرنا *بالعودة لإحضارك,ولولا ما أمر به الملك لرأفته بالرعيّة ورحمته إيّاها وشفقته بمناظرتك وسماع ما يقول الجند لكان القضاء بيّن عليك
344,7565de10-0670-441f-ae3c-fa1145630824,Judge Deems Court Members' Silent Thoughts to Be Sufficient Proof,,,,فقال له القاضي إنّه وإن سكت من حضر فلم يقولوا فيك شيئًا وإنّ ظنونهم قد اجتمعت على أنّك مجرم فلم أر لك خيرًا في الحياة بين ظهراني من يراك بعد استقرار تهمتك في قلوبهم,,,
345,0ee4c3ea-976f-45fb-8595-dee44d93ec85,Dimna Accuses Head of Court of Ignoring Facts,فقال دمنة إنّ منطقك ليس بذي رأفةٍ ولا رحمةٍ ولا نظرٍ في أمر مظلومٍ ولا طلب للحقّ والعدل,فقال دمنة إن منطقك ليس بمنطق ذي رأفة ورحمة ولا نظر في أمر مظلوم ولا طلبًا للحقّ والعدل,فقال دمنة إنّ منطقك ليس بذي وجهٍ ولا رأفةٍ ولا نظرٍ في أمر مظلومٍ ولا طلبٍ للحقّ والعدل,,قال دمنة أراك لم تتعوّد العدل في القضاء وليس في عدل الملوك الدفع عن المظلومين ومن لاذنب له بل المخاصمة عنهم والذبّ,قال دمنة *أراك لم تعد بالعدل في القضاء وليس في دفع المظلوم كمن لا ذنب له,قال دمنة إنّ منطقك هذا ليس فيه رأفة ولا رحمة ولا نظر في أمر مظلوم ولا طلبت الحقّ والعدل
346,86b4b857-60a9-4d35-9c3a-d71e2b50a9cf,After Three Days Dimna's Guilt Is Unproven,ولكنّي أراك راكبًا هواك تريد قتلي ولم يصحّ عندك شئ ممّا رُميت به ولم أبلغ بعد *ثلاثة أيّام,ولكنّي أراك راكبًا هواك تريد قتلي ولم يتبيّن لك شيء ممّا قُذفت به ولم أبلغ ثلاثة أيّام بعد,ولكنّي أراك راكبًا لهواك تريد قتلي ولم تستضئ لك شيءٌ من أمري وما قُذفتُ به ولم أبلغ ثلثة أيّامٍ بعد,,وكيف ترى أن أُقتل ولم أخاصم وتجعل ذاك موافقة لهواك ولم تمض بعد ثلاثة أيّام,فإن أرى أن أقتل وإن لم فأخصم وتجعل هذا لموافقة هواك فاجعل وهذا الأمر لم يمضي له ثلاثة أيّامٍ,ولكنّي أراك راكبًا لهواك تريد قتلي ولم يستضئ لك شيء ممّا قدمت عليه ولم أبلغ بعد ثلاثة أيّام
347,d60b7269-991f-4bab-99b7-5b48d18f430a,Vile People Dislike Good People,ولست بملوم عندي في ذلك لأنّ الفاجر لا يحبّ أهل الصلاح ولا من يعمل أعمال أهل التقى والبرّ,ولست بلائم في ذلك غيري لأنّ الفاجر لا يحبّ أهل الصلاح,ولست بملومٍ بذلك عندي لأنّ الفاجر لا يحبّ الصلاح وأهله ولا من يعمل أعمال التقى,,,ولكن صدق الذي قال إنّ الذي تعوّد بالعدل والبراهين عملُه عمل البرّ وهو مصرٌّ بمن عمله عمل الفاجر,ولست بملوم في ذلك عندي لأنّ الفاجر لا يحبّ أهل الصلاح ولا من يعمل بأعمال أهل التقوى ولا يضمر الخير ويبعد عن الشرّ
348,198c0994-c396-4f17-bd08-79f7bb3f7dc2,Who Acts Like Brahmins Acts Unjustly,,,,,ولكن صدق الذي قال إنّ الذي تعوّد عمل البرهميّين غلبه عمله وإن أضرّ به,,
349,6e9e67b8-748f-47a5-9514-44e9af426c14,A Judge Has the Authority to Punish and Reward,فقال القاضي إنّه يحقّ على الوالي أن يجازي المرء لصلاحه ويعرفه له ويكرمه عليه لأنّه أهل لكلّ خير أتى إليه وأن ينكّل بالمجرم على إساءته ويعاقبه عليه ليزداد أهل الخير الصلاح رغبةً وأهل الجرم عن الإساءة نزوعًا,فقال القاضي حقًّا على الوالي أن يُجازي المرء بصلاحه ويعرفه له ويكرمه لأنّه أهل لكلّ خير ومنكّل بكلّ مجرم وإذا نكّل بكلّ مجرم ازداد أهل الخير في الصلاح رغبة وأهل الجرائم عن الإساءة تورّعًا,فقال القاضي إنّ حقًّا على الوالي أن يُجازِيَ المرء بصلاحه ويعرفه له لأنّه أهلٌ لكلّ خيرٍ أُتي إليه وأن يُنكّل المجرم عن إساءته ويعذّبه عليها ويُعاقبه عليها ليزداد أهل الخير في الصلاح رغبةً وأهل الجرائم عن الإساءة نزوعًا,قال القاضي إنّ الحاكم العادل ينبغي له أن يعرف عمل المحسنين ليجزي المحسنين بإحسانهم والمسيئين بإساءتهم فإذا هو قد أحسن إلى الفريقين جميعًا فازداد المحسنون حرصًا على الإحسان والمسيئون اجتنابًا للذنوب,قال القاضي إنّا نجد في كُتُب الأوّلين أنّ القاضي العادل ينبغي له أن يعرف عمل المحسنين والمسيئين ليجزي المحسن بإحسانه والمسيء بإساءته فإذا هو قد أحسن إلى هذين لم يزداد المحسنون حرصًا على الإحسان والمسيئون اجتنابًا للإساءة,قال القاضي إنّا نجد في كتب الرشد أنّ القاضي العادل ينبغي له أن يعمل عمل المحسنين ليجازي المحسن بإحسانه والمسيء بإساءته,فقال القاضي عند ذلك حقًّا على الوالي أن يجاري كلّ أحد بصلاحه ويكافيه بعمله وإن ينكّل المجرم على إساءته ويعاقبه عليها ليزداد أهل الخير في الصلاح رغبة وأهل الجرائم عن الإساءة تروّعًا
350,024182de-1c11-4453-9f6b-5d09ddcb8dbc,Punishment In Here Is Better Than In Hereafter,ولعمري لأن يعاقب في الدنيا خير له من أنّ يعاقب في الآخرة غدًا,ولعمري لأن تعاقب في الدنيا خير لك من أن تعذّب في الآخرة,ولعمري لأن تُعاقب في الدنيا خيرٌ لك من أن تُعذّب في الآخرة غدًا,,,,ولعمري أن يعاقب أن المرء في الدنيا خيرًا له من أن يعذّب في الآخرة
351,0485e984-4756-40fa-a682-cce2fd58561a,Judge Enjoins Dimna to Confess,فأقِرّ بذنبك وأقِرّ بإساءتك واعترفْ بما كان من صنيعك,فبؤ بذنبك واعترفْ بإساءتك وما كان منك,فقرّ بذنبك وبوءه بإساءتك واعترف بصنيعك,والذي أرى لك ويحك يا دمنة أن تنظر في أمرك وفي الذي غشاك ووقعت فيه من الإثم فتتوب منه وتعترف بالحقّ,والرأي لك يا دمنة أن تنظر الذي وقعت فيه وتعترف بذنبك ثمّ تتوب,والرأي لك يا دمنة أن تنظر الذي وقعت فيه من الذنب فتعترف به وتتوب منه,فتُبْ يا دمنة من ذنبك واعترفْ بإساءتك فإنّه أفضل لك في عواقب الأمور
352,923ee584-6be8-4e1b-aa57-791bb20f23af,Confessing Crime Has Good Consequences,فإنّه أفضل لك في عواقب الأمور إن أنت هديت إلى ذلك ووفّقت له فتكون قد أخرجت نفسك من تبعة الآخرة وأثبت حسن القول في قوّتك على المخارج والمعاذير التي تدفع بها عن نفسك والأخرى إقرارك بالذنب اختيارًا بالسلامة في الآخرة,فإنّه أفضل لك في عواقب الأمور إن أنت هُديت لذلك ووُفّقت له,فإنّه أفضلٌ لك في عواقب الأمور إن أنت هُدِيت إلى ذلك ووُفّقت له,ولا أرى لك شيئًا خيرًا لك من أن تقرّ بذنبك فتخرج نفسك من تبعة الآخرة بالتوبة يعود لك أحسن القول من العامّة لخصلتين إحداهما قوّتك على المخارج,,,
353,c92e884c-890b-4442-bf96-6153529f1f6d,Death Deserved Is Better Than Life With Crime,فإنّ الموت فيما يحلّ خير من الحياة فيما يحرم,,,والأخرى فإنّ الموت فيما يزين خير من الحياة فيما يشين,,,
354,4315e1f1-68e5-4347-bdc9-0159643234e9,"Confession Is Better Than a Denial, and Finite Punishment on Earth Better Than Infinite Punishment in Hell",,,,فقد قيل إنّ الذي يُدان بالذنب بعد الضدّ منه والاعتراف به خير من المصرّ على ذنبه وأحسن حالًا من الجاحد له وأنت ميّت لا محالة وإن عُفي عنك فإنّ الذي يصيبك من بعد المضض جزاء لجرمك فتصبر عليه خير لك من أن تُعذّب في جهنّم التي لا رحمة فيها ولا راحة ولا انقطاع لعذابها,,,
355,d000452a-8ff3-4df7-8deb-ee2b429a878e,Dimna Agrees with Judge's Rationale,قال دمنة أيّها القاضي الصالح نطقت بالعدل وقلت مقالة الحكماء,وقلتَ بمقالة الحكماء حيث قالوا,فقال دمنة أيّها القاضي الصالح نطقت بالعدل وقلت مقالة الحكماء,قال دمنة قلتَ أيّها الحاكم قول الأتقياء البررة وصدقت في مقالك,,,فقال له دمنة صدقت أيّها القاضي الصالح المشفق الناصح ونطقت بالعدل وهُديت للصواب وقلت مقالة الحكماء ورأيت رأي العلماء
356,9f32d830-8071-4f77-adfa-942c2c5f9955,One Must Not Sacrifice Hereafter for Here,ولعمري إنّ من سعادة المرء أن لا يبيع آخرته بدنيا فانية منقطعة وأن لا يشتري روحًا يسيرًا بعذاب طويل,لعمري إن من خسران المرء أن يبيع آخرته بدنيا منقطعة ولا يشتري حياة نفسه بعذاب طويل,ولعمري إنّ من سعادة المرء أن لا يبيع آخرته بدنيا فانيةٌ منقطعةٌ ولا يشتري روحًا يسيرًا بعذابٍ طويل,,,,ولعمري إنّه من سعادة المرء أن لا يبيع آخرته بدنياه الفانية المضمحلّة فإنّ هذه الدار زائلة ومتقطّعة
357,4effc39d-a42e-4582-8386-4fc77b70181e,One Must Not Harm One's Soul for the Sake of One's Body,,,,ولكن في كتب الدين أيضًا أنّ السعيد من استطاع أن لا يعمل بجسمه عملًا يضرّ بروحه,,,
358,3187e55b-bd69-4a03-bd9c-5e013df2b5fb,One Must Harm One's Body for the Sake of One's Soul,,,,فقد قالت العلماء أيضًا إنّ العاقل من أضرّ بجسمه وتمسّك بروحه,,,
359,0486982e-157d-4c34-ae25-2a650b0d1245,One Must Not Hurt People with Undeserved Words,,,,وليس ينبغي أيضًا أن يُقال لأحد بشيء يكرهه إذا لم يكن له أهل,,,
360,60ebdb18-2cee-4021-81b1-9b804236063f,Dimna Despises His Body and Is No Sinner,,,,وإنّي لم أر لفرقي من الآخرة مهينًا لجسمي ممسكًا بروحي,,,
361,108bdbfb-e3e1-46fc-862a-43711a956182,Dimna Did Not Commit This Great Sin,,,,فكيف أكون تعاطيت هذا الذنب الذي هو أعظم الذنوب,,,
362,b3dad09a-413d-45cd-b2b1-227e377bb215,One Must Not Lie,,,,ووُجد بأقوال الرسل لا تكذب على أحد ولا تفتري عليه فكيف يفتري الإنسان على نفسه ويقول لما لم يفعل قد فعلته,,,
363,ddbdae24-44ce-4fdc-88da-b63fa92c2f66,Scholars Warn Against False Confession,,,,وقد قالت العلماء إنّ الذي تحمله مخافة شديدة أو جهالة على أن يلزم نفسه عملًا لم يعمله *فإنّه لم يسيء إلى نفسه ولا جاعله ذلك في الآخرة مع قتلة أنفسهم,,,لكنّي ممّا قُذفت به بريء وقد قالت العلماء إنّه من يحمل ?حوالىه على أن يلزم نفسه ذنبًا لم يعمله فإنّه لم يجزم ذلك إلّا على نفسه ومصيره مع ذلك أي قتل نفسه إلى جهنّم
364,bd12d35c-f8b1-4646-9aca-2a3a7272ab95,"Dimna, Being Innocent, Cannot Confess What He Did Not Do",ولكنّي ممّا قذفت به برئ فكيف آمر بقتل نفسي وأُعين عليها وأنا مظلوم ولم أنطق بكذبٍ ولم ?ابقوه به ولم يعرف منّي وشديد عليّ أن أقرّ بما لم أعلمه وأن أبوء بما لم اعرفه فأكون معينًا على قتل نفسي وشريكًا لمن أراد قتلى فإنّك تعرف عقاب من فعل ذلك في الآخرة,فقال دمنة أنا بريء ممّا لُطّخت به وأنا مظلوم ولم أنطق بكذب ولم أتلبّس به ولا يعرف ذلك منّي فمعاذ الله أن أبوء بما لم أجتني فأكون معينًا على نفسي وشريكًا لمن أراد قتلي فإنّك تعرف عقاب من فعل ذلك في الآخرة,ولكنّي ممّا قُرفتُ به بريءٌ فكيف آمر بقتل نفسي وأُعين عليها وأنا مظلومٌ بل أنطق بكذبٍ لم أتفوّه به ولم يُعرف منّي فشديدٌ عليّ أن أقرّ بما لم أعمل وأن أبوء بما لم أجن فأكون معينًا على نفسي وشريكًا لمن أراد قتلي فإنّك تعرف عقاب من فعل ذلك في الآخرة,ولم أقل كلمة كذب قطّ على أحد فيها مضرّة ولا أذى ولا يستطيع أحد أن يقدم بنظره عليّ فيها,,,
365,15cd471b-70c9-4335-8104-aa76304657c5,Killing Dimna Would Be Unjust,وأنا بريء الساحة بارز العذر فإن أردتم قتلى وأنا مظلوم فكفى بالله لي ناصرًا ولعلّ ذلك إن فعلتموه لا يكون شرّ أموري عاجلًا,وأنا بريء ممّا نُسب إليّ وإن أردّتم قتلي مظلوم فكفى بالله ناصرًا ولعلّ ذلك إن فعلتموه أن لا يكون ذلك شرًّا لي في الآخرة,وأنا بريء العرض بارز العذر فإن أردتم قتل مظلومًا فكفى بالله لي ناصرًا ولعلّ ذلك إن فعلتموه ألّا يكون شرّ أموري لي عاجلًا وآجلًا,وإنّي بريء ممّا لُطّخت به فإن قُتلت بهذا القذف فإنّ ذلك غير ضائري لما ألقاه في معادي من جزيل الثواب,,,وأنا أعلم أنّي بريء ممّا قُذفت به ولُطّخت به فإن أنت قبلت في أمري كلام الأعداء والفجّار والحسّاد فإنّ ذلك لا يضرّني يوم حكم العدل في الآخرة لأنّي أصير مع المظلومين الذين قُتلوا من غير ذنب وأُقتل أحبّ إليّ من أن ألزم نفسي ذنبًا لم أعمله وجرمًا لم أجترمه
366,ddf0a714-6e9c-48c5-90c2-b09b12be2ede,Dimna Want to Spare Court Sin and Regret in Hereafter,وأنا أقول اليوم مثل مقالتي أمس اتّقوا الله واذكروا حساب الآخرة وعقابها ولا تدخلوا في ما تأسفوا عليه وتندموا حين لا ينفعكم الندامة,وأنا أقول اليوم مقالتي بالأمس اذكروا حساب الآخرة وعقابها غدًا حيث لا تنفع الندامة أحدًا,فأنا أقول اليوم مثل مقالتي أمس اذكروا حساب الآخرة وعقابها ولا تأسفوا غدًا إذا دخلتم اليوم في أمر تندمون عليه حين لا تنفع الندامة,,,,وأنا أقول لكن أيّها الجمع اليوم كما قلت لكم بالأمس اذكروا حساب الآخرة والعرض على الملك الديّان
367,6bd28129-1c93-49e2-aabb-de3b09d56720,On Judgement Day Every One Will Account for His Actions,,,,,,,وإنّ هذا العالم خلقوا عراة ويخرجوا عن الدنيا عراة لا ينفعهم مال ولا بنون إلّا ما عملوا من برّ أو خير
368,c40e228e-ffa9-41ba-ad75-01d393bc8efa,A Judge Must Not Pass Verdict Based on Uncertain Thoughts,فإنّ القضاة لا تقضي بظنونها وإن الظنّ لا يغني من الحقّ شيئًا وأنا أعلم بنفسي منكم,,فإنّ القضاة لا تقضي بظنونها,قال دمنة مجيبًا له إنّ صالحي القضاة لا تقضي بظنّة ولا بظنون الخاصّة والعامّة لمعرفتهم بأنّ الظنّ لا يغني من الحقّ شيئًا,فأجابه دمنة بقوله إنّ صالحي القضاة لا يقطعون بالظنّ ولا يعملون به لا في الخاصّة ولا في العامّة لعلمهم أنّ الظنّ لا يغني من الحقّ شيئًا,فأجابه دمنة أن صالحي القضاة لا يقضون بالظنّ ولا يعملون به لمعرفتهم أن الظنّ لا يُغني من الحقّ شيئًا,
369,63d72683-7c24-41e0-a82d-a556226424af,Dimna's Knowledge of His Own Innocence Is Certainty,,,وأنا أعلم بنفسي منكم,فإن ظننتم جميعًا أنّي صاحب جرم فيما فعلت فإنّي أعلم بنفسي منكم وعلمي بنفسي يقين لا شكّ فيه,وأنتم إن ظننتم أنّي مجرم فيما فعلت فإنّي أعلم بنفسي منكم وعلمي بنفسي يقين لا شكّ فيه وعلمكم بي كلّ الشكّ,وأنتم جميعكم إن ظننتم أنّي مجرمٌ فيما فعلت بأمري فإنّي أنا أعلم منكم بنفسي,
370,caa37da5-ff1c-4d00-9a70-3d093c4fedf6,"Dimna's False Confession Would Take Away His Excuse, Be Unjust to His Soul, and Violate His Faith and Character",وإنّما ساء ظنّكم بي لأنّكم ظننتم إنّي سعيت بغيري فما عذري عندكم إذا سعيت,,,وإنّما قبّح أمري في أنفسكم ظنّكم بي أنّي سعيت بغيري فما عذري عندكم إن سعيت بنفسي كاذبًا عليها فأسلمتها للقتل على معرفة منّي ببراءتها فنفسي أعظم النفوس عليّ *حرمة وأوجبها عليّ حقًّا ولو فعلت ذلك بأدناكم وأقصاكم لم يسعني ذلك في ديني ولم يحسن في رأيي وخُلُقي,وإنما قبيح أمري عندكم ظنّكم بي أنّي سعيت بغيري فما عذري عندكم إذا سعيت بنفسي كاذبًا عليها فأسلمتها إلى القتل والعطب على معرفة منّي ببراءتي وسلامتي ممّا عُرفت به ونفسي أعظم الأنفس حرمة عليّ وأوجبها حقًّا فلو فعلت هذا بأقصاكم وأدناكم لما وسعني في ديني ولا حسن بي في مروءتي ولا حُقّ لي أن أفعله بنفسي,,
371,0a979f59-bcaa-4724-8cb3-1a2895563bfe,Judge's Demand of Confession Is False Counsel or Ruse Not Befitting Judges,,,,فكُفَّ عن هذه المقالة فإنّها إن كانت منك نصيحة فقد أخطأت موضعها وإن كانت خديعة فليس الخداع ولا المكر من أخلاق الصالحين,فاكفف أيّها القاضي عن هذه المقالة فإنّها وإن كانت نصيحة فقد أخطأت موقعها وإن كانت خديعة فإنّ أقبح الخدع ما نظرته وعرفته من أهله مع أنّ الخداع والمكر ليس من أعمال صالحي القضاة ولا تقيّة الولاة,فأكفف أيّها القاضي عن هذه المقالة فإنّها إن كانت منك نصيحةً فقد أخطأت بموضعها وإن كانت خديعةً فإنّ أقبح الخداع خداع القُضاة,
372,6e81f446-8068-4b39-961c-852a2fc6805b,Dimna’s False Confession Would Be Sin and Harm of Himself,,,,,,,
373,dc365e53-1511-4e26-b805-0b3297fcc039,A Judge's Speech Becomes a Ruling and Sunna,,,,واعلم أنّ قولك الصواب ويخطأها أهل الباطل والأدغال فأنا خائف عليك مقالتك هذه أعظم الوزر,واعلم أنّ قولك هذا ممّا يتّخذه الأشرار الجهّال سنّة يقتدون بها ويستنّون ويسيرون بها لأنّ أمور القضاء يأخذ بصوابها أهل الصواب وبخطئها أهل الخطأ والباطل القليل الورع وإنّي خائف عليك أيّها القاضي من مقالتك هذه أعظم الرزايا والبلايا,فانظر واعرف من أهل ذلك وإنّ الخداع والمكروه ليس من أخلاق صالحي القُضاة وخُذ بصواب أهل الصواب وانظر ما يحصل لأهل البطر وقلّة الورع وأنا خائفٌ عليك أيّها القاضي من هذه الحالة وهذا أعظم الوزر والبلاء والمحن وإنّك لم تزل في عين الملك والجند والخاصّة والعامّة فاضلًا في رأيك مرتفعًا في عدلك مرضيًّا في حُكمك وحُلمك وعفافك وفضلك,
374,09da34d3-30d2-4cb9-b0bc-6dddcbf6124f,Judge Departed from Former Virtue in Dimna's Case,,,,فإنّك لم تزل في أنفس الجند والملك فاضلًا في رأيك عادلًا في حكمك فتغيّر ذلك منك في أمري,وليس من البلاء والمصيبة أنّك لم تزل في نفس المَلك والجند والخاصّة والعامّة فاصلًا في رأيك مقتنعًا في عدلك مرضيًّا في حكمك وعلمك وعفافك وفضلك وإنّما البلاء كيف أنسيت ذلك في أمري,,
375,78d8b2f0-8341-4a80-b677-36f9b9e9a338,Judge Forsook Professional Knowledge and For Acting on Thoughts,,,,وأمرك أمر القضاة وما يحقّ عليهم من الكفّ عن سقيط الناس واستدراجهم وانصرفت إلى العمل بالظنون بي التي تختلف بها الحالات والأمور,,,
376,221d937b-3823-4b3d-92f3-82507d557ce4,Everyone Should Say Only What They Know,,,,أما بلغك ما قالت العلماء من أنّه من ادّعى علم ما لم يعلم وقال ما لم يره وشهد عليه,أولم يبلغك أنّ العلماء قد قالوا من ادّعى علم ما لا يعلم وقال لما لا يرى إنّي قد رأيت وشهد على الغيب,وأمّا أبلّغك مقالة العلماء أنّ من ادّعى علم ما لا لم يعلم وقال ما لم يرى وشهد على المغيب,ولا يتكلّم أحدكم إلّا بما علمه فإنّ الذي يتكلّم بما لا يعلم أنّه قد علمه ثمّ يشهد عليه بالزور والباطل يصيبه في ذلك ما أصاب البازدار الذي قال لمولاه عن مولاته إنّي رأيتها مع رجل يصنع معها الفاحشة
377,8ccf2a20-ad81-4d8e-a000-7f089ddb18bd,Dimna's Fourth Subtale of the Falconer Who Falsely Accuses the Marzuban's Wife,,وإيّاكم أن يصيبكم ما أصاب البازيار بما لا علم له فيه وعدم ذكره إيّاه بالخير,وإيّاكم أن يُصيبكم ما أصاب القائل بما لا يعلم وما لم يُحِط به خبرًا,أصابه ما أصاب البازيار القاذف لمولاته التي زعم أنّه رآها مع رجل تفجر وتعمل ما لا ينبغي,أصابه ما أصاب البازيار,أصابه ما أصاب البارناي القاذف لمولاته وزعم أنّه رآها مع رجلٍ يفجر بها,
378,52c607eb-6601-413d-b400-57a074ad8a7b,Head of Court Requests Tale,,فقال عظيم الجند وكيف كان ذلك,فقال عظيم الجنود والقاضي وكيف كان ذلك,قال القاضي وكيف كان ذلك,قال القاضي وكيف كان ذلك,قال القاضي وكيف كان ذلك,قال القاضي وكيف كان ذلك
379,55a17fec-85f6-42c4-bc08-1bac138969c1,Marzuban Had Wife and Servant,,فقال دمنة زعموا أنّه كان لمرزبان في مدينة ماروت امرأة حسناء لبيبة وكان له عبدًا بازيارًا,فقال دمنة زعموا أنّه كان مرزبان في مدينة فاروات وكانت له امرأةٌ حسناءٌ عاقلة وكان للمرزبان عبدٌ بازيار,قال دمنة زعموا أنّه كان بمدينة كذا رجل مذكور وكان له امرأة ذات عقل وحسب وحسن وعفاف وكان للرجل بازيار ماهر بسياسة البزاة ومعالجتها كريم على مولاه,قال دمنة زعموا أنّه كان في بعض المدن مرزبان مذكور وكانت له امرأة ذات عقل وكمال وعفاف وكانت له جوارح كثيرة وعندها بازيار ماهر خبير بسياسة البزاة وعلاجها فكان هذا البازيار عند المرزبان بمكان *مبجّل بحيث أدخله داره وأجلسه مع حرمه,قال دمنة زعموا أنّه كان في بعض المدن رجلٌ مذكورٌ وكان له امرأةٌ ذات عفافٍ وجمالٍ وكان له عبد بارناي ماهرًا !بالبرانه وعلاجها كريمًا على مولاه,قال دمنة زعموا أنّ مرزبانًا كان بمدينة من مدائن الهند يقال له مذكور وكانت له امرأة حسناء جميلة عاقلة لبيبة وكان لها عبدًا بازدار
380,fd86ceb0-9a00-4103-b0eb-fe20c27c8884,Falconer Accosted Wife and Is Rejected,,قد هويها وعرض لها مرارًا وكَلّ ذلك لا تلتفت إليه,وقد هَوِيَها وعرّض لها مرارًا كلّ ذلك لا تلتفت إليه,وكان قد راود امرأة سيّده فأبت عليه,واتّفق للبازيار يومًا راود امرأة سيّده عن نفسها فأبت عليه وتسخّطت لذلك وتمعّر وجهها وارْفَضّت عرقًا واحمرّت خجلًا وزاد امتناعها عليه,وكان العبد قد راود مولاته على نفسها فلم تشأ فلمّا,فهوى بها وعرض لها مرارًا وكَلّ ذلك وهي لا تلتفت إليه ولحّ عليها في ذلك فلم تسأل عنه
381,386bddbf-13b6-4cdc-82e6-3f199f3b5c78,Falconer Decides to Take Revenge,,فأضمر فضيحتها,فأضمر في نفسه فضيحتها,فحرص على سبّها وكان يكثر في ذلك الأقاويل فاستُخفّ بقوله فلمّا رأى أنّه لا يبلغ بشيء من ذلك ما أراد من فضيحتها اضطغن عليها وأجمع الحيلة في هتكها,وحرص هو كلّ الحرص وعمل الحيلة في بلوغ غرضه منها وضاقت عليه أبواب الحيل,رأى العبد أنّه لم يبلغ مُراده منها أضمر لها سوءًا,فلمّا رأى ذلك وعلم أنّها لا تطاوعه أجمع لها في الحيلة
382,cf85b378-57fd-40b5-9d96-429f3e933c73,Falconer Teaches Parrots False Accusation in Foreign Tongue,,فخرج ذات يوم إلى الصيد يقصد طائرين فصادهما وجعل يعلّم أحدهما بلسان البلخيّة أن يقول أنّي رأيت البوّاب مضاجع مولاتي وعلّم الآخر أن يقول أمّا أنا فلست قائلًا شيئًا وحفّظهما ذلك بلسان البلخيّة ولم يكن أهل بلاده يعرفون ذلك الكلام,فخرج ذات يومٍ إلى الصيد فصاد فرخي ببّغاءٍ فهيّأ لهما وكرًا وجعل يعلّم أحدهما أن يقول رأيت البوّاب مضاجعًا مولاتي وعلّم الآخر أمّا أنا فلست بقائلٍ شيئًا فحفظ الفرخان ذلك بلسان البلخيّة ولم يكن أهل تلك البلاد يعرفونها,واغتدى في طلب الصيد فأصاب فرخي ببّغاء فربّاهما وفرّق بينهما وعلّم أحدهما قذفًا لمولاته وهو إنّي رأيت البوّاب مضاجعًا مولاتي على فراش سيّدي ولقّن الآخر أن يقول أمّا أنا فلا أقول شيئًا فأدّب الفرخين بذلك وحذقا به في ستّة أشهر وبلغا ما أراد وكانت لغة الفرخين بلسان البلخيّ,فخرج يومًا إلى الصيد على عادته فأصاب فرخي ببّغاء فأخذهما وجاء بهما منزله وربّاهما فلمّا كبرا فرّق بينهما وجعلهما في قفصين وقد علّم أحدهما أن يقول رأيت البوّاب مضاجعًا مولاتي على فراش سيّدي وعلّم الآخر يقول أمّا أنا فلا أقول شيئًا ثمّ أدّبهما بذلك حتّى حذقاه وأتقناه في مدّة ستّة أشهر,وخرج قبض فرخيْ !بيغه فأخذهما وربّاهما وفرّق بينهما وعلّم أحدهما يقول رأيت البوّاب مضاجعًا مولاتي على فراش سيّدي وعلّم الآخر يقول أمّا أنا فلست بقائلةٍ أراد به التصديق وأدّب الفرخين بذلك حتّى حفظاه ومهرا فيه بلسان البلخيّ لأنّ العبد كان بلخيًّا وكمّلاه في سبعة أشهر,فخرج البازدار يومًا للصيد فأصاب فرخيْ ببغّاء وكان لهما وكرًا فأخذهما وجعل يعلّم أحدهما أن يقول رأيت البوّاب مضاجعًا سيّدتي على فراش سيّدي وعلّم الآخر أمّا أنا فلست بقائل شيء قال فلم يزل يعلّمهما ذلك حتّى حفظاه قال فلمّا حفظا ذلك بلسان البلخيّة ولم يكد أهل بلاده يعرفونها
383,cbb65c14-6adf-460a-8719-b932c9a082c5,Falconer Gives Parrots to Marzuban,,فلمّا كان ذات يوم وهو يشرب وعنده امرأته إذ أتى بهما فصاحا عنده فأعجبه حسنهما ولم يدر ماذا يقولان,فلمّا كان ذات يومٍ ومولاه يشرب إذ أتاه بهما فصاحا بتلك الكلمتين بين يديه فأعجب المرزبان ترجيعهما وجالوا بأصواتهما من غير أن يكون فقِه شيئًا ممّا قالاه,فذهب بهما إلى مولاه ووضعهما بين يديه فصاحا فأعجبه حلاوة أصواتهما عن غير معرفة بما يقولان لأنّهما عُلّما ذلك بلسان البلخيّة ولم يكن ذلك بلسان سيّد العبد ولا لسان أهل بلده فقبضهما من البازيار وألطفه وأتحفه لإعجابه بهما,فلمّا بلغ الذي أراد منهما حملهما إلى أستاده فلمّا *رآهما أعجباه ونطقا بين يديه فأطرباه إلّا أنّه لا يعلم ذلك لأنّ البازيار كان علّمهما ذلك بلسان البلخيّة وإنّ المرزبان أعجب بهما إعجابًا عظيمًا وحظي البازيار عنده لأجلهما حظوة كريمة,فلمّا بلغ ما أراد منهما أهداهما لسيّده فأُعجب مولاه منهما من غير معرفةٍ منه بما يقولان فأخذهما من البارناري وعلّقهما في بيته,فلمّا كان ذات يوم وسيّده يشرب وعنده زوجته إذ أتاه العبد بهما فصاحا فأعجب الرجل بكلامهما ولم يدري ما يقولان
384,6e6efcac-17ba-430b-8ed8-3fe602356101,Marzuban Gives Parrots to Wife,,فأمرها أن تعتني بالاحتفاظ بهما والإحسان إليهما ففعلت ومكثا عندها شهرًا,وأمر امرأته بالاحتفاظ بهما والإحسان إليهما وألطف الغلام وأحسن إليه ومكثا عنده زمانًا,وأمر امرأته بالاحتفاظ بهما والتعاهد لأمرهما ففعلت ذلك,فأمر امرأته بالاحتفاظ بهما والمراعاة لهما والاحتياط عليهما والتفقّد لشأنهما والتعاهد لمطعمهما ومشربهما وحسن القيام بمصالحهما ففعلت ذلك وأحسنت المراعاة لهما لأنّهما أعجباها,,فأمره بالاحتفاظ بهما والإحسان إليهما ففعل ذلك فأقاما على ذلك شهرًا
385,3aca7a7f-05d8-4fac-a476-92972e91558e,Marzuban Hosts Foreign Guests,,ثمّ أنّه قدم عليه أناس من بلخ فصنع لهم طعامًا وشرابًا فأصابوا من ذلك ثمّ دعى بالطيرين فصاحا بتلك الكلمتين,ثمّ إنّه قدم عليه أناسٌ من عظماء أهل بلخ فصنع لهم طعامًا وشرابًا فلمّا أصابوا من ذلك دعا بالفرخين ليُعجبهم منهما فصوّتا,فلمّا كان بعد ذلك قدم على الرجل نفر من عظماء {أهل} بلخ فأدخلهم منزله وقرّب إليهم طعامًا كان قد تنوّق فيه ثمّ أتاهم بما يُتحف به الأضياف من الشراب وغيره فلمّا أخذوا مجلسهم للشراب أمر المرزبان بأن يُؤتى بالببّغاءين فلمّا وُضعا بين يديه صاحا بما كانا عُلّما,واتّفق بعد مدّة أن قدم على المرزبان قوم من عظماء أهل بلخ †فتفوّق لهم في الطعام والشراب وجمع من أصناف التحف شيئًا كثيرًا وحضر القوم فلمّا فرغوا من الطعام وشرعوا في الحديث أشار إلى البازيار أن يأتي بالببّغائتين فأحضرهما,فلمّا كان بعد حين قدم على الرجل عظماء أهل بلخ فقدّم بين يديهم مفاخر الطعام فأكلو وشراب فشربوا فأراد الرجل الزينة !بالبيغ فأحضرهما بين يديّ ضيوفه,ثمّ إنّه قدم إليه أناس من عظماء أهل بلخ فصنع لهم طعامًا وشرابًا فدعا بالوافدين عليه ودعا بالطائرين وأراد أن يفتخر عليهما بالطائرين فصاحوا بالكلام الذي علّمهم العبد
386,6d235b5e-6b98-48b5-8592-ba64d933e575,Foreign Guests Understand Parrots,,فنكّس القوم رؤسهم,فلمّا سمعوا صياحهما نظر بعضهم إلى بعضٍ ونكّسوا رءوسهم حياءً منه,فعرف الضيفان ما قالا ونظر بعضهم إلى بعض ونكّسوا رؤوسهم استحياء,فلمّا صاحتا بين أيديهم وسمع القوم صياحهما عرفوا ما يقولان فنظر بعضهم إلى بعض ونكّسوا رؤوسهم حياء ممّا سمعوا,فصاحا بما كان علّمهما البازناري ففهم القوم ما قالتا ونظر بعضهم إلى بعضٍ ونكّسوا رؤسهم من ذلك القول واستحوا,فلمّا سمع القوم صياحهم نكّسوا رؤوسهم حياء منه وجعل بعضهم ينظر إلى بعض فقال لهم ما أعلم ما يقولون غير أنّي يعجبني كلامهم
387,103a9fe4-70e3-48ba-ad84-6e1d94b71cc5,Foreigners Ask Whether Marzuban Understands Parrots/He Asks Them,,وقالوا لصاحب المنزل لا تغضب إن نحن أخبرناك بما قال طائراك,ثمّ قالوا له هل تعلم ما يقولان فقال لا غير أنّ ذلك لي مُعجب فقال بعضهم له لا تجد علينا إن حدّثناك به,ثمّ إنّ بعضهم قال للمرزبان هل تعرف ما يقولان قال لا غير أنّ صوتهما معجب فقالا لذلك الرجل لكنّا نعرف ما يقولان فاستحيا القوم من ذلك فألحّ عليهم حتّى قال بعضهم,فسألهم المرزبان عمّا قالتا فأنكر بعضهم واعترف بعض وامتنعوا أن يقولون ما قالتا الببّغائتين فألحّ عليهم المرزبان وأكثر السؤال لهم عمّا قالتا,,فقال له رجل من القوم لا تأخذ عليّ فيما أخبرك به من قولهما قال وما ذاك فأخبرني به
388,c1e71eeb-fe6d-4d1f-924e-13451be64145,"Foreigners Translate Parrots' Words, Refuse Meal in House of Sin",,وذاك أنّ أحدهما يزعم بلسان البلخيّة أنّ البوّاب يفجر بامرأتك وأمّا الآخر فيقول أمّا أنا فلست بقائل شيئًا وإنّ من سنّتنا أن {لا} نصيب طعامًا بمنزل فاجرة,فإنّ أحدهما يزعم بلسان البلخيّة أنّ البوّاب يفجر بامرأتك وأمّا الآخر فيقول أمّا أنا فلست بقائل شيئًا وإن من شأننا أن لا نُصيب في بيت امرئٍ امرأته فاجرة طعامًا,إنّ أحدهم يقول إنّي رأيت البوّاب مضاجعًا مولاتي على فراش سيّدي والآخر يقول أمّا أنا فلست بقائل شيئًا ومن شأننا أيّها المرزبان أنّا لا نطعم في بيت تعمل فيه زنية فلمّا انقضت مقالتهم أُفظع المرزبان,فقال بعضهم إنّما يقولان كذا وكذا وليس من شأننا أن نأكل في بيت يُعمل فيه الفجور,فقال بعضهم إنّا لا نأكل طعام أحدٌ ونخونه فقالوا ذلك لصاحب البيت,قال إنّهما يتكلّمان بلسان البلخيّة فقال له أخبرني بذلك فقال أمّا أحدهما فإنّه يقول رأيت البوّاب مع سيّدتي على فراش سيّدي والآخر يقول أمّا أنا فلست أقول شيئًا ونحن من شأننا أنّا لا نأكل طعام من امرأته فاجرة
389,1f761be8-1295-4d41-a63f-71e5eb5f8aee,Falconer Confirms Parrots' Accusations,فنادى الغلام البازدار من دارٍ أخرى وأنا أشهد على مثل مقالة الفرخين وأنّه حقّ وإنّي قد رأيت ذلك غير مرّة,فنادا البازيار من خارج أنا أشهد أنّ مقالهما صدق ولقد رأيت ذلك غير مرّة,فنادى البازيار من خارج أنا أشهد على مقالتهما أنّها حقًّا وأنّي قد رأيت ذلك غير مرةٍ,فلمّا سمع البازيار مقالة القوم قال وأنا على مثل ما شهد به الببّغاءان شاهد,,,قال فلمّا سمع ما قال القوم من هذه المقالة قال البازدار من موضع قريب منهم وأنا أشهد أيضًا أنّي قد رأيتهما معه مرارًا كثيرة
390,bcd4dc77-a25c-44d0-aba5-0570db33b6c4,Marzuban Orders Wife to Be Killed,فأمر الرجل بقتل أمرأته,فأمر بقتل امرأته,فأمر المرزبان بقتل امرأته,فلمّا اتّفق ذلك من القول أمر المرزبان بقتل امرأته,فلمّا قالوا ذلك تقدّم المرزبان بالمرأة أن تُقتل مكانها,,قال فأمر الرجل بالمرأة أن تُقتل
391,ad408eac-2cd8-4ae3-b020-cd3db07d8de1,Wife Asks Him to Investigate,فأرسلت إليه أن اِفحصْ عمّا ذكر لك فإنّه سيظهر لك أمر الفرخين واسألْ *هؤلاء الفطناء أن يكلّموا الفرخين بغير تلك الكلمتين,فلمّا أُخذت للقتل قالت افحصْ عمّا ذُكر فسيدلّوك على الحقّ مُر أضيافك أن يكلّموا الطائرين باللغة البلخيّة,فأرسلت إليه أن افحص عمّا ذُكِر لك فسيبدو لك مَن الفاجر الكذّاب ومن هؤلاء العظماء فليسألوهما ولينظروا هل يعلمان أو يُحسنان من لسان البلخيّة غير هاتين الكلمتين,فقالت المرأة إنّ قتلك إيّاي على غير فحص عسى أن يورثك ما هو أشدّ من ذلك فافحص وسلْ الببّغاءين عمّا سوى ذلك من الكلام بهذا اللسان,فأرسلت المرأة إليه أن لا تعجل في أمري وسل القوم أن يسألوا الببّغائتين عن ما سوى ذلك,,فأُدخلت إليه وهي تقول لا تعجل في أمري وإنّي بريئة من ذلك وافحص عن هذا الأمر فإنّه يظهر لك باطنه خلاف ظاهره وأمر القوم أن يسألوا الطائرين عن غير هذا الكلام من أيّ كلام اخترته
392,69f39800-14c0-41ad-bcde-707d4b0d5142,The Parrots Will Turn Out to Be Trained,وإنّ هذا من فعل بازدارك فإنّه طلبني في نفسي فامتنعت منه,فإن عرفوا غير هاتين الكلمتين فحقّ ما قيل فيّ وإلّا فهذا من تعليم بازدارك لأنّه راودني عن نفسي فامتنعت عليه,فتعلموا أنّ ذلك من تعليم البازيار لأنّه أرادني على نفسي فامتنعت منه,فإن كانا يحسنان غير هاتين الكلمتين فأنت على رأس أمرك وإن لم يكونا يحسنان غير هاتين الكلمتين فاعلم أنت ومن حضر أنّ هذا الشيء على تلقين الختّال المساور لي على هذه السوأة,فإن كانا يحسنان ما سوى ذلك فبهما ونعمت وإلّا فاعلم يا سيّدي أنت ومن حضر أنّه من فِعل العبد البازيار الذي راودني على الخبث فأبيت عليه,,فإن علموه فدمي لك حلال فإن لم يكن هاتين الكلمتين فإنّ هذا من تعليم المحتال الذي راودني عن نفسي مرارًا وطلب الفاحشة منّي فامتنعت منه ولم أفعل له ذلك
393,e98a743d-14d4-4890-9e19-12e21e54ae77,Falconer's Training of Parrots Is Discovered,ففعلوا ذلك فإذا هما لا يحسنان غير تلك الكلمتين فعلموا أن ذلك من تعليم الغلام,ففعل ذلك فكلّموها فإذا هما لا يحسنان غيرها فعرفوا أنّها من تعليم البازيار,ففعل ذلك فكلّموهما فإذا هما لا يُحسِنان غيرهما فعرفوا أنّ ذلك من تعليم البازيار,فطلب المرزبان إليهم فسألوا الببغاءين فلم يحسنا بذلك اللفظ أن ينطقا غير تلك الكلمتين,فأمر القوم أن يسألوهما عمّا سوى ذلك من الكلام فلم يكونا يحسنان سوى تلك الكلمتين,قال فسأل القوم أن يكلّموها بغير ذلك *إن كانوا يُحسنوا فلم يجدوهما يحسنان غير تلك الكلمتين ففهموا أنّها مكيدةٌ قد عملها البارناي ليشنّع على المرأة ويضرّها,قال فرجع الرجل إلى عقله وأمر القوم البلخيّين بأن يكلّموا الطائرين بالبلخيّة غير هاتين الكلمتين فلم يحسنا غيرهما فعلم الرجل من تعليم البازدار إليه
394,e6a3ebe9-723a-4bea-9dc2-4f802566cf4e,Falcon Gouges Out His Eyes,فأرسل إليه فدخل عليه وعلى يده بازى فقالت له المرأة ويلك أنت رأيت ما قذفتني فقال نعم فوثب البازي ففقأ عين الغلام {بمخالبه,فأرسل إليه فأتاه وعلى يده بازة فقالت له المرأة [[وقد دعو يا بازيار]] أنت رأيتني علي ما قذفتني به فقال نعم فقالت اللهم إن كان كاذبًا عليّ فعجّلْ عقوبته فوثب الباز المحمول على يده عليه فنزع عينيه بمخاليبه,فأرسل إليه فأتاه وعلى يده بازٍ فقالت له المرأة ويلك أنت رأيتني على ما قذفتني به قال نعم فوثب البازي عليه فنزع عينيه بمخالبه,فدعا المرزبان البازيار فأقبل واثقًا بنفسه على غير هيئة المريب ولا المذنب فدخل على يده باز فنادته مولاته من وراء الستر أيّها العدوّ أنت رأيتني على الزنية التي علّمت الببّغاءين فقال أمّا إذا سُئلتُ فقد قلتُ الذي رأيت فوثب البازي الذي على يده فتناول بمخلبيه حدقتَي البازيار فانتزعهما,فأمر المرزبان بالبازيار أن يدخل عليه فدخل عليه وعلى يده باز أشهب فنادته مولاته من وراء الستر أنت رأيتني أعمل الخبث الذي زعمت فقال أمّا إذا سألت فنعم قد رأيتك مرارًا فوثب الباز الذي كان على يده ففقأ عينيه برجليه,فأمر البارناري بالدخول عليهم فدخل وعلى يده بازٌ يعلّمه فنادته مولاته من ورى الحجاب أيّها العبد لنفسه أنت علّمت !البيغان هذا الكلام فقال نعم أنا إذا سألت فأقول ما قد رأيت فوثب الباز الذي كان على يده فتناول بمخلابه حدقة البارناري وأخدها,فأتاه وعلى يده بازًا فقال له ويلك أنت قذفت هذه المرأة بالبهتان واحتلت لها بهذه الحيلة قال نعم فوثب الباز الذي على يده فنزع عينه بمخالبه
395,9b14cfef-cce1-4db1-b0ff-793a97e63575,Wife Interprets This As God Punishing False Testimony,{فقالت له المرأة لقد عمل الله لك النِكال بكذبك عليّ فإنّك زعمت أنّك عاينت ما لم تُعاين وشهدت عليّ بالزور,فقالت له إنّ الله قد عجّل عليك العقوبة والنكال بكذبك وزعمك أنّك عاينت ما لم ترَ وشهدت عليّ زورًا باطلًا,فقالت المرأة لقد عجّل الله لك النكال بكذبك عليّ فإنّك زعمت أنك عاينت ما لم ترى وشهدت عليّ بزورٍ وباطلٍ,فقالت مولاته إنّ هذا الذي أصابك أخزاك الله على شهادتك ما لم تره,فقالت المرأة بالعدل أصابك هذا الجزاء في عينيك اللتين شهدتا بما لم ترى واستبان للمرزبان ومن حضر حضرته براءة المرأة,فقالت مولاته بحقّ ما أصابك إنّه من الله تعالى بشهادتك ما لم ترى,فقال له الرجل لقد عجّل الله لك الثكال بكذبك لأنّك زعمت أنّك عاينت ما لم تبصره ولم تره والله تعالى حسب كلّ ظالم
396,e3c186f2-f1be-48d9-963a-3f2aed515d79,Happpy End and Moral of Falconer's Tale,,,,,,,قال فأمر الرجل عند ذلك بانصراف البازدار من خدمته وأبعده وحظيت المرأة عنده وكمل سروره بها ورجع البغي بصاحبه
397,c0164da3-078a-49cf-8ec8-7bf5b565aef5,A Liar Suffers Punishment in Here and Hereafter,وإنّما ضربت لكم هذا المثل لتعلموا أنّه من عمل مثل ما عمل البازدار من الإفك} {والبهتان كان جزاؤه العقوبة في العاجل والآجل,وإنّما ضربت لك هذا المثل لتعلم أنّه من عمل بمثل ما عمل به البازدار من البهتان كان جزاؤه العقوبة في العاجل والآجل,وإنّما ضربت لكم هذا المثل لتعلموا أنّ من عمل بمثل ما عمل به البازيار من الافتراء والبهتان كان جزاؤه العقوبة في العاجل والآجل,وإنّما ضربت لك هذا المثل لتزداد علمًا بوخامة عاقبة الشهادة بالكذب في الدنيا والآخرة,,,وإنّما ضربت لكم هذا المثل أنّه لا يكون للذي شهد بالكذب خير في الدنيا ولا في الآخرة
398,50df8e84-6886-4c40-b482-cc1eb3f49807,The Court's Hostility Has Continued for a Third Day,,,,,,,وأقام ثلاثة أيّام يتكلّم بعذره فلم يُقبل منه ذلك
399,19d9f2cd-b504-483d-8282-9c7fdbbad366,Dimna's Testimony Is Recorded and Court's Members Leave for the Day,{ثمّ إنّ القاضي كتب ما قيل له *ومردوده وأرسل به إلى السجن وانطلق عظيم الجند إلى منزل الملك وانصرف سائرهم,ثمّ إنّ القاضي كتب ما قال دمنة وأرسل به إلى السجن وانطلق عظيم الجند إلى الملك وتعرّف سائرهم,ثمّ إنّ القاضي كتب ما قيل لدمنة وما ردّ عليهم وأرسل به إلى السجن وانطلق عظيم الجند إلى الملك وتفرّق سائرهم,فكتب القاضي ذلك كلّه من قول دمنة ثمّ دفعه إلى الأسد,,فكتب القاضي ما قاله دمنة ثمّ رفعه إلى الأسد,قال وكتب القاضي على ما قيل لدمنة وما قال وردّه إلى السجن
400,b6ceb9ab-2136-4919-b732-2f3385499397,Judge Passes Dimna's Testimony of Second Day to Lion,,,,,فلمّا سمع القاضي كلام دمنة نهض فرفعه بعينه إلى الأسد,,
401,4d51dd14-2fca-427d-8599-cba8cc9d702e,The Court Hears Dimna's Arguments Seven More Days Without Reaching Verdict,وحلِس دمنة بعد ذلك سبع ليالٍ يتكلّم بعذره فلم ?؟يقرّوه بشئ من ذنبه ولم يخصموه فيه ولم يقدروا عليه,وبقي دمنة بعد ذلك سبعة أيّام محبوسًا لم يقدر أحد أن يثبت عليه شيء من ذنبه ولا يخصمه ويلزمه حجّته,وحُبس دمنة بعد ذلك سبع ليالٍ يتكلّم بعذره فلم يقدروا أن يقرّروه بشيءٍ من ذنبه ولا يخصموه فيه,,,,
402,e5b11d1e-86e2-492e-9489-5a19c1cec278,Scene 12. Lion and Mother,,,,,,,
403,511af03b-b9d0-4047-9235-16a8242f6a8f,The Lion Shows the Records to His Mother Who Warns of Dimna’s Past and Future Crimes,ثمّ إنّ أمّ الأسد عند عرض الكتب بما قال دمنة وما قيل له دخلت عليه,,,فنظر فيه ودعا أمّه وعرضه عليها فقالت حين تدبّرت كلام دمنة أيّها الملك لقد صار اهتمامي بأن يحتال عليك دمنة بمكره ودهائه حتّى يقتلك أو ينقض عليك أمرك أعظم من اهتمامي بما سلف من ذنبه إليك من الغشّ لك والسعاية بوزيرك وضيفك حتّى قتلته بغير ذنب,فنظر الأسد فيه ثمّ دعا بأمّه فقرأه عليها فقالت لقد أصاب كلام دمنة منك موقعًا حتّى قتلت صديقك بغير ذنب,فنظر فيه ودعا أمّه وأعرضه عليها فقالت أمّ الأسد أطاب اهتمامي لك وصديقك حيّا وقتلته بغير ذنبٍ,
404,38d0ec55-faf5-4d12-bca8-c99491e4c7fd,The Mother Warns the Lion of Leaving Dimna Unpunished,فقالت للأسد لئن أنت خلّيت سبيل دمنة بعد الذي ركب من الأمر العظيم,ثمّ إنّ أمّ الأسد قالت لئن أنت خليت سبيل دمنة بعد الذي ارتكب من الأمر العظيم,ثمّ إنّ أمّ الأسد قالت له لئن أنت خلّيت سبيل دمنة بعد الذي ارتكب من الذنب العظيم,,,,ثمّ قالت أمّ الأسد للأسد لئن أنت خليت سبيل دمنة بعد أن ارتكب من الذنب العظيم
405,3235dcfa-3a29-4aae-b53c-69d87b96c32e,Failure to Punish Dimna will Weaken the Lion’s Authority,ليجترئنّ عليك جندك ولا يتخوّف أحد منهم في فظيعٍ يرتكبه عقوبتك وينتشرن من أمر ما لا تطيق شعبه ولا شعب غيره,ليتجرئنّ عليك جندك ولا يتخوّفك منهم أحد,ليجترئنّ عليك جندك ولا يتخوّف منهم أحدًا في فظيع يرتكبه عقوبتك ولينتشرنّ أمرك بما لا تطيق لمّ شعبه ولا ?؟ستعب صدعه ولا رتق فتقه,,,,اجترأ عليك جميع جندك فلا يخافونك ولا يطيعك أحد منهم وتذهب هيبتك وإذا علموا أنّك لا تعاقب أهل الدنيا ولا تجازي أصحاب الغدر والمكر ازدادوا عليك جرأة فيضرّك ذلك في ملكك ويضعف سلطانك ومن ضعف سلطانه فالموت خير له من الحياة
406,6c8dd132-55bf-49ab-bf39-d5d2b5ed78f4,Lion Moved by Mother's Words,,,,فوقع قولها في نفسه,فوقع كلامها في نفسه,فوقع كلامها في نفسه,
407,b7747fcc-4755-441c-a7b3-e550a89f8907,The Lion Asks His Mother for Testimony about Dimna’s Guilt,,,,فقال لها أخبريني عن الذي أخبرك عن دمنة بما أُخبِرَ فيكون حجّة لي في قتله,,,
408,d469d541-10a0-41a3-9af2-fa05a9bcf811,Mother Wants to Keep Source Secret,,,,فقالت إنّي لأكره إفشاء سرّ استُكتمته ولا يهنأني سروري بقتل دمنة إذا تذكّرت أنّي استُظهرت عليه بركوب ما نهت عنه العلماء من كشف الأسرار,فقال إنّي لا أكره إفشاء السرّ في قتل دمنة إذا تذكّرت أنّي استظهرت عليه بركوب ما نهت عنه العلماء,وقالت إنّي أكره إفشاء السرّ واستظهر عليه بما أنهت عنه العلماء,
409,2c1d9288-ff13-44bb-b377-74d1b3edd0d4,Mother Will Request Source's Leave to Pass on Testimony,,,,ولكنّي طالبة إلى الذي استودعنيه أن يحلّلني من ذكره أو يقوم بإعلامك ما سمع,,,
410,033c1062-acde-4775-a6a1-86ad3d97884b,Mother Persuades Leopard to Testify,,,,ثمّ انصرفت فأرسلت إلى النمر وذكرت له ما يحقّ عليه من تزيين الأسد ويلزمه من حسن معاملته ومعاونته على الحقّ وإخراج نفسه من الشهادة التي لا يكتمها مثله مع ما يحقّ عليهما من نصرة المظلوم وتثبيت حجّة أهل الحقّ في الحياة والممات,فقامت أمّ الاسد فدخلت على النمر فلم تزل به حتّى دخل على الأسد فشهد بما سمع من إقرار دمنة,ثمّ إنّها أرسلت إلى النمر وذكرت ما همّ فيه من تدبير الأسد ومعاونته على الحقّ,
411,f1b6d10d-7a51-4649-8dce-c25ec8c88df2,Withholding Testimony About a Deceased Is Sin,,,,فإنّ العلماء قد قالت من كتم حجّة ميّت أخطأ حجّته يوم القيامة,فإنّ العلماء قد قالوا من كتم حجّة ميّت أخطأ حجّته يوم القيامة,فإنّ العلماء قد قالوا من كتم حجّة ميّتٍ أخطأ حجّته يوم القيامة,
412,29ee15f3-c891-4dcc-a55a-6a5228f78341,Leopard Testifies on Mother's Order,وأحضرت النمر فشهد علي دمنة بما سمع منه ومن أمر أخيه كليلة إيّاه حين دخل عليه يطلب القبس,,وأحضرت النمر فشهد على دمنة بما سمع منه ومراجعته كليلة إيّاه,فلم تزل به حتّى قام فشهد على دمنة بما سمع من إقراره فيما كان من توبيخ كليلة إيّاه بدخوله بين الأسد والثور,,ولم تزل به حتّى قام من ساعته ودخل على الأسد وشهد على دمنة بما سمع من أقذاره,
413,42afa500-b18a-40b3-ac6f-de22bca98ee6,Fellow Prisoner Testifies,وبعث السبع المحبوس إنّ عندي شهادةً فأُخرج من السجن فأُحضر فشهد على دمنة بما سمع منه ومن أمر أخيه كليلة ومراجعته إيّاه,,,فلمّا شهد النمر على دمنة بما سمع منه أرسل السبع المسجون الذي سمع قول كليلة لدمنة ليلة دخل عليه في السجن وما كان من إقرار دمنة إنّ عندي شهادة فأخرجوه فشهد على دمنة بما سمع من قوله وإقراره فيما كان من توبيخ كليلة إيّاه بدخوله بين الأسد والثور بالنميمة والكذب,فلمّا شهد النمر بذلك أرسل الفهد المحبوس الذي كان سمع إقرار دمنة وحفظه إلى الأسد فقال إن عندي شهادة فأخرجوه فشهد على دمنة بما سمع من لفظه وإقراره,فلمّا شهد النمر بذلك أرسل إلى الذي كان سمع حديثه في الحبس وكليله يعاتبه وتوبّخه على مشيه بين الأسد والثور بالنميمة والزور فشهد بما سمع من إقراره وما تكلّم به دمنة واعترافه,
414,69893218-e23d-494f-b4a0-11fb8cd72aeb,Lion Inquires Why Fellow Prisoner Had Withheld Testimony,,,,فقال الأسد ما منعكما أن تقوما بشهادتكما وقد علمتما أمرنا بالتفتيش عن حال دمنة,فقال لهما الأسد ما منعكما أن تقوما بشهادتكما وقد علمتم أمرنا واهتمامنا بالتفتيش والفحص عن أمر دمنة,فقال لهم الأسد ما منعكما أن تقوما بشهادتكما وقد عرفتم البحث عن أمره,
415,f9bbe668-ffd1-4ad7-aba5-578a85253f59,Fellow Prisoner Explains Invalidity of His Single Testimony,,,,فقال كلّ واحد منهما منعنا من ذلك أنّ شهادة الواحد منّا كانت لا توجب حكمًا وكلّ واحد منّا كان بشهادة صاحبه جاهلًا وكرهنا القول في غير شيء لا يقوم به حكم,فقال كلّ واحد منهما قد علمنا أن شهادة الفرد لا توجب حكمًا فكرهنا التعرّض لغير ما يمضي به الحكم حتّى إذا شهد أحدنا قام الآخر بشهادته,فقالوا إنّ شهادة الواحد لا توجب حُكمًا وكلّ واحدٍ منّا شهد بما سمع بانفراد في غير وقتٍ واحدٍ,
416,f379ee5d-30a7-437d-994e-16701dbeef0b,Lion Orders Dimna to Be Killed,فلمّا كلّمته أمّه بذلك وكرّرت عليه وقع في نفسه واستبان له أنّ دمنة قد كان حمله على زيغٍ وأوطأه عشوة أمر به فقتل,فغضب الأسد عند ذلك ثمّ استبان له أنّ دمنة هو الذي حمله على قتل شتربة فأمر به فُقتل شرّ قتلة,فلمّا كرَّرت أمّ الأسد ذلك عليه وكلّمته فيه وقع في نفسه أنّ دمنة حمله على زيغ وواطأه عشوة أمر به فقُتِل شرّ قتلة,فرضي الأسد مقالتهما وأمر بدمنة فقُتل شرّ قتلة,فقبل الأسد مقالتهما وأمر بدمنة أن يُقتل في محبسه جوعًا وعطشًا فمات أشدّ موتة,فقبل الأسد مقالتهما وما شهدا به وأمر بدمنة أن يُقتل في مجلسه جوعًا وعطشًا فمات أشرّ موتة,قال فلمّا سمع ذلك من أمّه واطّلع على كذب دمنة وفجوره وخدعه ومكره وتماديه على ضلالته وما ثبت من فعله ومن ذنبه أمر الملك بقتله وبصلبه قال فقُتل دمنة أشرّ قتلة ومُثّل به أعجب مثلة وصلب دمنة فوق جذع عالي
417,c2ca5696-5391-4d5e-aae2-17d39e6a2a5d,Herald Announces Dimna's Punishment,,,,,,,ونادى منادٍ في جميع الجنود وأصناف الوحوش هذا جزاء من يسعى بين الملوك بالنميمة والفساد ويعين على خراب البلاد وسفك دم العباد
418,22bff266-e3b7-4ece-9a71-cbbd1c12bcb5,Frame Dialogue,,,,,,,
419,dce6378a-847d-4144-b220-1c28999f5034,Commentary That Seeking Others' Harm Will Be Punished,ثمّ قال الفيلسوف للملك لينظر أهل التفكير في الأمور في هذا وأشباهه وليعلموا أنّ من التمس منفعة نفسه بمهلكة غيره طالما له بخديعةٍ أو مكر أو خلافه أو بفضلٍ فإنّه غير ناجٍ من وبال ذلك وغيره من العواقب الرديئة وأنّه مكافأة به ومُجزى عليه عاجلًا وصائرًا إلى العقاب على كلّ حال,ثمّ قال الفيلسوف للملك فلينظر أهل الفكر في الأمور في هذا وأشباهه وليعلموا أنّه من التمس منفعته بهلاك غيره ظلمًا فإنّ العقوبة تكون إخراسه,ثمّ قال الفيلسوف للملك فلينظر أهل التفكّر في الأمور في هذا وأشباهه وليعلموا أنّه من يلتمس منفعة نفسه بهلاك غيره ظالمًا له بخديعةٍ أو مكرٍ أو خِلابةٍ فإنّه غير ناجٍ من وبال ذلك عليه وعاقبته ومغبّته وإنّه مُكافأٌ به ومجزيٌّ بما عمل عاجلًا وآجلًا وصائرٌ إلى البوار على كلّ حالٍ,ذلك يكون عواقب البغي ومواقع أمور الحسد والكذب,,,وهذا ما كان من خبر دمنة على التمام والكمال وهو منتهًى خيرٌ مِن طلب نجاة نفسه بهلاك غيره وعاقبة الخديعة والغدر والمكر ومصير أهل الشرّ
420,e4aca28d-5484-4ca6-91c7-0fa6de9312fa,End of Chapter,,,,انقضى باب الانبحاث عن شأن دمنة وكلّ,,والله أعلم,تمّ باب الفحص عن أمر دمنة