unit_order,unit_id,unit_title,P3465,P3466,P3473,M487,M618,A4095,P3475,P400,M486,CCCP578,P5881,P3471
1,70d86346-f179-4f28-a789-49d9d129d65f,Chapter Title Mission,باب بعثة برزويه إلى بلاد الهند,باب بعثة برزويه المتطبّب إلى بلاد الهند في انتساخ الكتاب,الباب الثاني ذكر برزويه المتطبّب وما يتعلّق به من ترجمة *بزرجمهر الحكيم,بعثة الحكيم برزويه المتطبّب لانتساخ كتاب كليلة ودمنة,باب بعث الملك أنوشروان وهو كسرى بن قباد ملك الفرس برزويه الطبيب إلى بلاد الهند في طلب كتاب كليلة ودمنة وكيف ظفر به وأخرجه,باب توجيه كسرى أنوشروان برزويه إلى بلاد الهند لطلب الكتاب,بعثة المَلك برزويه إلى بلاد الهند في طلب هذا الكتاب,,,,,
2,3a3106f8-68a7-4b2d-bcc5-0d3ae71d8c01,Chapter Title First Risala,,,,,,,,ذكر الرسالة الأولى,ذكر الرسالة الأولى,,الرسالة الأولى,الرسالة الأولى
3,9ab05bc2-45c2-407c-8f9c-f057bfcbb812,Chapter Abstract,,,,,,,,وهي بعثة أنوشروان برزويه المتطبّب إلى بلاد الهند في طلب كتاب كليلة ودمنة وهذا أوّلها,وهي بعثة أنوشروان برزويه المتطبّب إلى بلاد الهند في طلب كتاب كليلة ودمنة وهذا أوّلها,,وهي بعثة الملك أنوشروان كسرى ابن قباده لبرزويه المتطبّب إلى بلاد الهند في طلب كتاب كليلة ودمنة,وهي بعثة أنوشروان بروزية المتطبّب إلى بلاد الهند في طلب كتاب كليلة ودمنة
4,8eb30831-4707-483c-92a3-f7559a98c38c,Hamdala For Gods Wisdom,,,,,,,,الحمد للّه الذي بيده مفاتيح كلّ شيء ومنتهى كلّ شيء وغايته الدالّ على الخير كفاعله المسبّب فضيلة الملهم عباده ما يقرّبهم من ?نوغ الخيرات وما أدلّهم عليه من العلم بحكمته,الحمد لله الذي بيده مفاتيح كلّ شيء ومنتهى كلّ شيء وغايته الدالّ على الخير المسبّب كلّ فضيلة الملهم عباده ما يقرّبهم من نوافل الخيرات وما أدلّهم عليه من العلم بحكمته,الحمد لله الذي بيده مفاتيح غيبه وإليها منتهى كلّ علم وغاية رجاء الدّال على الخير المسبّب كلّ فضيلة الملهم عباده كلّ ما يقربهم من نوافل الخيرات ونوامي البركات ممّا ألهم عباده ودلّهم عليه من العلم وتحوّز الحكمة,الحمد لله الذي بيده مفاتيح غيبه وإليه منتهى كلّ علم وغايته الدالّ عل الخير المسبّب كلّ فضيلة الملهم عباده كلّ ما يقربهم من نوافل الخيرات ونوامي البركات ممّا ألهم الله عباده ودلّهم عليه من العلم وتحرير الحكمة,الحمد لله الذي بيده مفاتيح كلّ شيء وإليه منتهى كلّ علم وغاية الدال على الخير المسبب كل فضيلة الملهم عباده ما يقرّبهم من نوافل الخيرات ونوامي البركات وأدلّهم عليه من العمل بحكمه
5,735c0e81-2d30-457f-b5aa-93618b241c8b,God Commands Gratitude,,,,,,,,وأمرهم بالشكر ليستوجبوا بذلك المزيد منه ولِحَضّهم على طلب العلم واقتناء الأدب ليفهموا عنه أمره ووصيّته وليسرعوا فيما يرضيه عنهم وليتجنّبوا معاصيه فتبارك الله ربّ العالمين,وأمرهم بالشكر ليستوجبوا بذلك المزيد منه ويحضّهم على طلب العلم واقتناء الأدب ليفهموا عنه أمره ووصيّته وليسرعوا فيما يرضيه عنهم وليتجنّبوا معاصيه فتبارك الله ربّ العالمين,إذ أمرهم بالشكر له استوجبوا بذلك المزيد منه وليـ ... وليفهموا عن الله تعالى أمره ووصيّته وليسرعوا فيما يرضيه عنهم ويتجنبوا *** تبارك الله ربّ العالمين,إذ أمرهم بالشكر له ليستوجبوا بذلك المزيد منه وليدلّهم على طلب العلم واقتناء الأدب وليفهموا أنّ الله تعالى أمره ووصيّته أن يشرعوا فيما يرضيه عنهم تبارك الله ربّ العالمين,وأمرهم بالشكر له ليستوجبوا بذلك المزيد منه وليدلّهم على طلب العلم واقتناء الأدب وليفهموا عنه أمره ووصيته وليسرعوا فيما يرضيه عنهم ولينجنّبوا معاصيه فتبارك الله رب العالمين
6,570e0fc7-c62f-44fc-bd11-2a3037a12bb6,God Equipped Humans,أمّا بعد فإنّ الله تعالى خلق الخلق برحمته ومنّ على عباده بفضله وكرمه ورزقهم ما يقدرون به على إصلاح معايشهم في الدنيا ويدركون به استنقاذ أرواحهم من العذاب في الآخرة,أمّا بعد فإنّ الله تبارك وتعالى خلق الخلق برحمته ومنّ على عباده بفضله ورزقهم ما يقدرون به على صلاح معايشهم في الدنيا ويدركون به استنقاذ أرواحهم من العذاب في الآخرة,أمّا بعد فإنّ الله تعالى خلق الخلق برحمته ومنّ على عباده بفضله فرزقهم ما يقدرون به على معايشهم في الدنيا ويذكرون به استنقاذ أرواحهم من العذاب في الآخرة,أمّا بعد فإنّ الله تعالى خلق الخلق برحمته ومنّ على عباده بفضله فرزقهم ما يقدرون به على إصلاح معايشهم في الدنيا ويدركون به استنقاذ أرواحهم من العذاب في الآخرة,قال برزجمهر أمّا بعد حمد الله فإنّ الله تبارك وتعالى خلق خلقه برحمته ومنّ على عباده بفضله ورزقهم ما يقدرون به على إصلاح شأنهم ومعايشهم في الدنيا وما يدركون به استنقاذ أرواحهم من أليم العذاب في الآخرة,قال بزرجمهر أمّا بعد فإنّ الله تبارك وتعالى خلق خلقه برحمته ومنّ على عباده بفضله ورزقهم ما يقدرون به على إصلاح شأنهم ومعايشهم في الدنيا وما يدركون به استنتقاذ أرواحهم من أليم العذاب,,,فإنّ الله تعالى خلق الخلق برحمته ومنّ عليهم بفضله ورزقهم من العقل ما يقدرون على معايشهم وما يدركون به استنقاذ أرواحهم من العذاب في الآخرة,فإنّ الله *تبارك وتعالى خلق خلقه ومنّ على عباده بفضله ورزقهم من العقل ما يقدرون به على صلاح معايشهم في الدنيا والآخرة,فإنّ الله تعالى خلق خلقه برحمته ومنّ على عباده بفضله ورزقهم من العقل [[يقدر]] بما يقدرون به على إصلاح معيشتهم في الدنيا والآخرة,فإنّ الله تعالى خلق الخلق برحمته ومنّ عليهم بفضله ورزقهم من العقل ما يعدون به على إصلاح معايشهم وما يدركون به استنقاذ أرواحهم من العذاب في الآخرة
7,5d6b87cb-ef0b-48d7-861c-ea2873ba64f1,Reason Is Gods Best Gift,وأفضل ما رزقهم الله تعالى ومنّ به عليهم العقل الذي هو الدعامة لجميع الأشياء والذي لا يقدر أحد في الدنيا على إصلاح معيشة ولا احتراز نفع ولا دفع ضرر إلّا به وكذلك طالب الآخرة المجتهد في العمل المنجي به روحه ولا يقدر على إتمام عمله إلّا بالعقل,وأفضل ما رزقهم الله ومنّ به عليهم العقل الذي هو الدعامة الكبرى لجميع الأشياء والذي لا يقدر أحد في الدنيا على إصلاح معيشته ولا على إحراز دفع شيء إلاّ به وكذلك طالب الآخرة المجتهد فى العمل المنجّي روحه لا يقدر على إتمام عمله إلاّ بالعقل,ومن أفضل ما رزقهم ومنّ عليهم به العقل الذي هو الدعامة لجميع الأشياء والذي لا يقدر أحدًا في الدنيا على اصطلاح معيشته ولا تحصيل نفع ولا دفع شرّ إلّا به وكذلك طلب الآخرة بالاجتهاد في العمل المنجّي روحه فلا يقدر الإنسان على إتمام عمله وإكماله إلّا بالعقل,وأفضل ما رزقهم الله تعالى ومنّ به عليهم العقل الذي هو الدعامة لجميع الأشياء والذي لا يقدر أحدًا في الدنيا على إصلاح معيشته ولا حوز نفع ولا دفع ضرّ إلّا به وكذلك طلب اﻵخرة بالاجتهاد في العمل المنجي بروحه فلا يقدر على إتمام عمله وإكماله إلّا بالعقل,وأفضل ما رزق الإنسان ومنّ عليه به العقل الذي هو قوّة على معاناة الأشياء ولا طاقة لأحد على إصلاح معيشته ولا جرّ منفعة ولا {دفع} مضرّة إلّا به وكذلك الطالب للآخرة والمجتهد على إنقاذ روحه من الهلكة,وأفضل ما رزقهم الله ومنّ عليهم به العقل الذي هو قوّة لجميع الأشياء فما يقدر أحد من الخلق على إصلاح معيشه ولا اجترار منفعة ولا دفع مضرّة إلّا به وكذلك طالب الآخرة المجتهد على استنقاذ روحه من الهلكة,,,وأفضل ما رزقهم العقل الذي يجمع الأشياء ولا يقدر أحد على إصلاح معيشته ولا اجتلاب فضل ودفع ضرر إلّا به وطالب الآخرة المجتهد في العمل ينجو به من الأهوال,*** والذي هو يجمع الأشياء فلا يقدر أحد على صلاح معيشته ولا احتراز فضل ولا دفع ضرر إلّا به وطالب الآخرة المجتهد في العمل ينجّي به روحه من الأهوال لا يقدر على إنفاذ العمل إلّا بالعقل,فأفضل ما رزقهم ومنّ عليهم به العقل الذي يكون به استنقاذ أرواحهم من العذاب في الآخرة الذي هو أفضل الأشياء ولا يقدر أحد على إصلاح معيشته ولا اجترار نفع ولا دفع ضرّ إلّا به وطالب الآخرة المجتهد في العمل الذي ينجي به روحه من الأهوال لا يقدر على إنفاذ العمل إلّا بالعقل,وأفضل ما رزقهم العقل الذي هو جميع الأشياء ولا يقدر أحد على اصلاح معيشته ولا اجتلاب فضل ولا دفع ضرر إلّا به وطالب الآخرة يجتهد في العلم لينجو به من الأهوال
8,2997446d-9393-4787-872a-bd5f1956e83c,Reason Is Basis Of Every Good,الذي هو سبب كلّ خير ومفتاح كلّ سعادة فليس لأحد غنى عن العقل والعقل مكتسب بالتجارب والأدب,وهو سبب كلّ خير ومفتاح كلّ سعادة,الذي هو سبب كلّ خير ومفتاح كلّ سعادة فليس أحد يستغني عن العقل والعقل مُكتسب بالتجارب والأدب,الذي هو سبب كلّ خير ومفتاح كلّ سعادة فليس أحدًا يستغني عن العقل والعقل مكتسب بالتجارب والأدب,فالعقل هو سبب كلّ خير ومفتاح كلّ رغبة وهو مكتسب بالتجارب والآداب,فالعقل هو سبب لكلّ خير وهو مكتسب بالتجارب والآداب,,*** والأدب والعقل مكسب بالتجارب,والعقل فهو سبب كلّ خير ومفتاح كلّ رغبة وليس ﻷحد غنى عنه والأدب والعقل مكتسب بالتجارب,فالعقل هو سبب كلّ خير ومفتاح كلّ رغبة والعقل مُكتسب بالتجارب والأدب,فالعقل سبب كلّ خير ومفتاح كلّ رغبة وليس لكلّ أحد منّا غنى عن العقل والعقل مكتسب بالتجارب والأدب,والعقل هو سبب كلّ خير ومفتاح كلّ رغبة وليس لأحد غنى عنه والعقل مكتسب بالتجارب والأدب
9,4cfa2375-a84a-4786-a610-4ea5a06a1357,Reason Like Hidden Fire,وله غريزة مكنوّنة في الإنسان كامنة كالنّار في الحجر فلا يرى ضوءها ولا إظهارها حتى يقدحها قادح من الناس فإذا قُدحت ظهرت طبيعتها,وله غريزة مكنونة في الإنسان كامنة كمون النار في الحجر لا تظهر ولا يُرى ضوؤها حتّى يقدحها قادح من الناس,وله غريزة مكنونة في الإنسان ككمون النار في الحجر الجلمود لا يُرى ولا يظهر حتّى يقدحها قادح من الناس فإذا قدحها ظهر شعاعها وحريقها,وإنّه غريزة مكنونة في الإنسان كامنة كمون النار في الحجر لا تظهر ولا يُرى نورها حتّى يقدحها قادح من الناس فإذا قدحها ظهر له شعاعها وحريقها,وغريزته مكنونة في الإنسان كامنة ككمون النار في العود فلا تُرى ولا تظهر حتّى يقدحها قادح فتضيء وتحرق,وغريزته مكنونة في الإنسان كامنة ككمون النار في الحجر والعود لا تُرى حتّى يقدحها قادح من غيرها يظهر ضوءها وحريقها,,ولبثه في الإنسان كلبث النار في الحديد لا تظهر حتّى يقدحها قادح من غيرها فإذا أقدحها ظهر ضوءها وحريقها,ولبوثه في الإنسان كلبوث النار في الحديد لا يظهر حتّى يقدحها قادح من غيرها فإذا قدحها ظهر ضوءها وحريقها,*غريزته مكنونة في الإنسان كامنة فيه كمون النار في العود فطبيعتها فيه كامنة لا تظهر حتّى يقدحها قادح من غيرها فإذا قدحها أظهرت ضوءها وحريقها,وغريزته مكنونة في الإنسان كامنة ككمون النار في العود فإنّ النار طبيعتها فيه كامنة لا تظهر حتّى يقدحها قادح من غيرها فإذا قدحها ظهرت بضوئها وحريقها,وغريزته كائنة في الإنسان ككمون النار في العود لا يظهر حتّى يقدحها قادح من غيرها فإذا قدحها ظهر ضوءها وحريقها
10,113ffc0e-2928-46d5-b102-10ca33f411b1,Sugar Hidden In Grapes,,,وككمون السكّر في العنقود لا يتهيّأ إلّا بمباشرة الاعتصار والتخمّر,,,,,,,,,
11,e29ce24d-1c3f-49ee-836b-ea4e452ca1fc,Adab And Experience Kindle Reason,وكذلك العقل فطرة في الإنسان لا تظهر حتى يظهره الأدب وتقوّيه التجارب,وكذلك العقل في الإنسان لا يظهر حتّى يظهره الأدب وتقوّيه التجارب,وكذلك العقل كامن في الإنسان لا يظهر حتّى يظهره الأدب ويقوّيه التجارب,وكذلك العقل كامن في الإنسان لا يظهر حتّى يظهره الأدب وتقوّيه التجارب,كطبيعة العقل في الإنسان يظهرها ويقوّيها التجارب,لذلك العقل من الإنسان لا يظهر حتّى يُظهره الأدب وتقويّه التجارب,,كذلك العقل كامن في الإنسان لا يظهر حتّى يظهره الأدب وتندبه التجارب,كذلك العقل كامن في الإنسان لا يظهر حتّى يظهره الأدب وتبديه التجارب,وكذلك العقل كامن في الإنسان لا يظهر حتّى يظهره الأدب وتقويه التّجارب,وكذلك العقل كامن في الإنسان لا يظهر حتّى يظهره الأدب وتقوّيه التجارب,كذلك [كذلك] العقل كامن في الإنسان لا يظهر حتّى يُظهره الأدب وتبديه التجارب
12,af73a498-5c8e-48e7-a684-f898965cd17b,Reason Strengthens,,وإذا استحكم كان متولّي التجارب والمقوّي لكلّ ذي أدب والمجتني لجميع المنافع والدافع لكلّ المضارّ إذ ليس شيء أجلّ من العقل,فإذا استحكم كان عمود التجارب والمقوّي لكلّ أدب والمحسّن لجميع المنافع والدافع لكلّ المضارّ فليس شيء أفضل من العقل إذا عانه الأدب وقوّته التجارب,وإذا استحكم كان عمود التجارب والقويّ لكلّ أدب والمحسّن لجميع المنافع والدافع لكلّ المضارّ فليس شيئًا أفضل من العقل إذا أعانه الأدب وقوّته التجارب,فإذا استحكم ظهوره أيْ العقل في الإنسان كان هو السبب لجميع المنافع والدافع لجميع المضارّ فلا شيء إذًا هو أفضل من العقل إذا أُعين بالأدب وقوّته التجربة,فإذا استحكم كان هو وليّ التجارب والمقوّي لكلّ أدب والتخيّر لجميع الأشياء والدافع لكلّ ضرّ فلا شيء أفضل من العقل والأدب,,فإذا استحكم كان السبب لكلّ خير والجالب لجميع المنافع فلا شيء أفضل من العقل إذا أعانه الأدب,فإذا استحكم كان السبب لكلّ جيّد والجالب لكلّ المنافع فلا شيء أفضل من العقل إذا أعانه الأدب,فإذا استحكم كان أولى التجارب *والمقوّي لكلّ أدب ومخبر لكلّ المنافع ونافع لكلّ ضير فلا شيء أفضل من العقل إذا أعانه الأدب وقوّته التجارب,فاذا استحكم كان أولى بالتجارب والمقوّي لكلّ أدب ومحمدة لجميع المنافع ودافع لكلّ ضرر فلا شيء أفضل من العقل,فإذا استحكم كان السبب لكلّ خير الجالب لجميع المنافع فلا شيء أفضل من العقل إذا أعانه الأدب
13,43e562b2-0abe-47da-8f3a-653188d6a10e,Reason Brings Success,ومن رُزق العقل ومن به عليه وأعين بصدق فريحة الأدب حرص على طلب سعيه جدّ وأبذل في الدنيا أمله وجاز في الآخرة ثواب الصالحين,,ومن رُزق العقل ومُنّ به عليه وأُعين بصدق قريحة على طلب الأدب والحرص على العلم سعد جدّه وأدرك في الدارين قصده وكان من الفائزين,ومن رُزق العقل ومُنّ به عليه وأُعين بصدق قريحته على طلب الأدب والحرص على العلم سعد جدّه وأدرك في الدنيا أمله ويُثاب في الآخرة بثواب الفائزين,ومن رُزق العقل ومُنّ به عليه وأدّته القريحة إلى المثابرة في الأدب والحرص عليه سعد *جدّه وبلغ آماله في الدنيا والآخرة,فمن منّ عليه خالقه بالعقل وأعان هو على نفسه بالمثابرة على الأدب والحزم سعد جدّه وأدرك أمله في الدنيا والآخرة,,فمن رزقه الله تعالى العقل وأعانه عليه بالمباشرة على الأدب والحرص عليه سعد جدّه وأدرك في الدنيا أمله *وقصده في الآخرة *** أفضل نصيب,فمن رزقه الله تعالى العقل وأعانه عليه بالمباشرة على الأدب والحرص عليه سعد جدّه وأدرك في الدنيا أمله وقصده وهو في الآخرة أفضل نصيب,فمن رُزق العقل ومنّ به خالقه عليه أدرك في الدنيا أمله وفي الآخرة أفضل نصيب وأجزل المنازل,ومن منّ به خالقه عليه وأعان نفسه بالمثابرة على الأدب والحرص عليه سعد جدّه وأدرك في الدنيا أمله وفي الآخرة أفضل النصيب وأجزل الأجر وأعلى المنازل,فمن رزقه [ومن] [رزقه] ومنّ به عليه وأعانه بنفسه بالمثابرة على الأدب والحرص عليه سعد جدّه وأدرك في الدنيا أمله وفي الآخرة أفضل نصيب
14,95386474-d059-4c0b-930f-9aebe86eecce,Reason Strengthens Kings,,,,,والعقل هو المقوّي للملك والمؤيّد له ولا تصلح السوقة إلّا عليه وعلى تدبيره,والعقل هو المقوّي للمَلك السعيد الجدّ الجليل المرتبة ولا تصلح السوقة إلّا عليه وعلى تدبيره,,فالعقل هو المقوّي للمُلك والمثبّت والمؤيّد للمَلك السعيد والسوقة لا تصلح إلّا عليه وعلى تدبيره,فالعقل هو المقوّي للمُلك والمثبّت المؤيّد للمَلك السعيد والسوقة لا تصلح إلّا عليه وعلى تدبيره,فالعقل هو المثبّت للملك والمشرّف له والمقوّي للملك السعيد والسوقة لا تصلح إلّا عليه وعلى تدبيره,والعقل هو المقوّي للملك والمثبّت لملكه والمشرّف للملك السعيد والسوقة لا تصلح إلّا عليه وعلى تدبيره,والعقل هو المقوّي للملك والمثبّت له والمؤيّد للملك السعيد والسوقة لا تصلح إلّا عليه وعلى تدبيره
15,fd93498e-5e1d-4239-9c0b-274149a34440,God Created Cause For Everything,,,,,,وقد جعل الله لكلّ شيء سببًا ولكلّ سبب علّة ولكلّ علّة مجرًى,قد جعل الله تعالي لكلّ شيء سببًا ولكلّ علّة مجرًى يجري الله ذلك على يديه ويقدّره له في دولته وأيّام عمره,وقد جعل الله تعالى لكلّ شيء سببًا ولكلّ علّة علّة مجر الجزية [[على]] الله على يد عبد من عبيده ويقدّره في دولته فيه أيّام عمره,وقد جعل الله لكلّ شيء سببًا وعلّة ولكلّ علّة مجرى يجريه الله على يد عبد من عبيده ويقدّره في دولته وأيّام عمره,وقد جعل الله لكلّ سبب علّة ولكلّ علّة مجرى *يجريه الله على يدي من يشاء من عباده *ويقدّره في دولته وأيّام عمره,وقد جعل الله لكلّ سبب علّة ولكلّ علّة مجرى يجريه الله على يدي عبد من عبيده ويقدّره في أيّام دولته وأعمره,وقد جعل الله تعالى لكلّ سبب علّة ولكلّ علّة مجرى يجريه الله على يديّ عبد من عبيده ويقدره في دولته وأيّام عمره
16,456ac4a5-3fc4-4e06-9b91-2adf64ae8146,God Inspired Books Import,,,,,,وكان من علّة انتساخ هذا الكتاب ونقله من بلاد الهند إلى مملكة فارس إلهام الله تعالى أنوشروان كسرى بن قباذ في ذلك,فكان من علّة انتساخ هذا الكتاب ونقله من أرض الهند إلى مملكة فارس إلهام الله تعالى أنوشروان كسرى <بن> قباد أن يبعثه في نقله ونسخه,فكان ممّا أجراه الله على يده انتساخ هذا الكتاب من أرض الهند إلى مملكة فارس فهو إلهام ألهمه الله عزّ وجلّ لكسرى أنوشروان بالبعثة في فضله ونسخه,فكان ممّا أجراه الله على يده انتساخ هذا الكتاب من أرض الهند إلى مملكة فارس فهو إلهام ألهمه الله عزّ وجلّ لكسرى أنوشروان بالبعثة في نقله ونسخلأنّه,فكان من علم انتساخ هذا الكتاب ونقله من أرض الهند إلى مملكة فارس *** ألهمه الله تعالى كسرى أنوشروان ابن قباد البعثة ونسخه ونقله,وكان من علم انتساخ هذا الكتاب ونقله من أرض الهند إلى مملكة فارس إلهامًا من الله تعالى ألهمه كسرى أنوشروان بن قتادة والبعثة في نسخه ونقله,فكان من علّم انتساخ هذا الكتاب ونقله من أرض الهند إلى مملكة فارس إلهام ألهمه الله عزّ وجل كسرى أوشروان بالبعثة في نسخه ونقله
17,72a17c87-9d84-4996-a1ed-8ff840a54105,Kisra Wisest King,,,,,,لأنّه كان من أفضل ملوك فارس علمًا وحكمًا ورأيًا وأكثرهم لمكان العلم والأدب وأحرصهم على طلب الخير وأسرعهم إلى اقتناء ما يزيّنه بزينة الحكمة وفى معرفة الخير من الشرّ والضرّ من النفع والصديق من العدوّ,<لأنّه> كان أفضل ملوك فارس حكمًا ورأيًا وأبحثهم لمكان العلم والأدب وأحرصهم على الخير وما يقرّبهم من الله تعالى في معلاهم وأسرعهم إلى اقتناء ما يزيّنه بزينة الحكمة من طالبي الأدب وطالبي العلم وفي معرفة الخير من الشّر والنفع من الضرّ والصديق من العدوّ,لأنّه كان أفضل ملوك فارس حكمة ورأيًا وأبحثهم على مكان العلم وأحرصهم على الخير وأسرعهم إلى اقتناء ما يزيّنه بين طالبي الأدب وباحثي العلم في معرفة الخير والشرّ والنفع والضرّ والصديق والعدوّ,كان أفضل ملوك فارس حكمًا ورأيًا وأبحثهم على مكان العلم وأحرصهم على الخير وأسرعهم إلى اقتناء ما يزيّنه بين طالبي الأدب وباحثي العلم في معرفة الخير والشرّ والنفع والضرّ والشقيّ والصديق والعدوّ,ولأنّه كان أفضل ملوك فارس حكمة ورأيًا *وأبحثهم عن مكان العلم والأدب وأحرصهم على الخير وما يقرّبهم إلى الله في معاده †وأريقهم إلى ... الحكمة من طالبي الأدب وباحثي العلم في معرفة الخير والسـ ... والصديق,لأنّه كان من أفضل ملوك فارس حكمة ورأيًا وأبحثهم عن مكان العلم والأدب وأحرصهم على الخير وما يقرّبهم إلى الله عزّ وجلّف في معاده وأسرعهم إلى ما يزيّنه بزينة الحكمة من طالبي الأدب وباحثي العلم في معرفة الخير والشرّ والضرّ والنفع والصديق والعدوّ,لأنّه كان أفضل ملوك فارس حكمة ورأيًا وأبحثهم عن مكان العلم وأحرصهم على الخير وأسرعهم إلى اقتناء ما يزيّنه بين طالبي الأدب وباحثي العلم في معرفة الخير والشرّ والنفع والضرّ والصديق والعدوّ
18,9aab34bf-8242-4ce7-b468-2b368e22cf27,God Made Kisra Superior,,,,,,ولم يكن يعرف ذلك إلّا بعون الله خلفاءه وسياسة عباده وبلاده لإقامة رعيّته وأموره,ولم يكن يعرف ذلك إلّا بقول الله عزّ وجلّ,ولم يكن يعرف ذلك إلّا بعون الله جلّ ذكره وتقدّس اسمه وسياسة عبيده ببلاده,ولم يكن يعرف ذلك إلّا بعون الله جلّ ذكره وتقدّس اسمه وسياسة عبيده ببلاده,والعدوّ ولم يكن يعرف ذلك إلّا بنور الله تعالى *وسياسة عبيده وبلاده لإقامة رعيته وأموره,ولم يكن يُعرف إلّا بنور الله وسياسة عبيده وبلاده لإقامة رعيّته وأموره,ولم يكن يعرف ذلك إلّا بعون الله تعالى جلّ ذكره وسياسة عبيده وبلاده
19,281e6212-d954-4ec0-91c1-896808f235a5,Kisra Surpasses Prior Kings,,,,,,,فكسرى <بن> قباد كان المزيّن بزينة البهاء الفاضل العالم الماجد الأروع الذي لم يعدله أحد ممّن مضى قبله من ملوك فارس الناقد البصير الكامل الأديب المُعينة له نفسه على طلب الأدب وفروع الحكمة المستضيء بنور العقل,فكسرى بن قتاد كان المزيّن يزيّنه ... لها الرشيد السعيد الذي لم يعد إليه أحد ممّن كان قبله من الملوك قال فارس الناقد البصير المستضيء بنور العقل وجودة الفكر,فكسرى بن قتاد كان الذين يزيّنه الهارون الرشيد السعيد الذي لم يعدله أحد ممّن كان قبله من الملوك ملوك فارس الناقد *المبصر المستضيء بنور العقل وجودة الفكر,فكسرى بن قباد المزيّن بزينة البهاء الفاضل الماجد الأورع الرشيد الذي لم يعدله أحد ممّن مضى قبله من الملوك ملوك الفرس الناقد البصير الكامل الأدب المعينة له نفسه على طلب العلم وفروع الحكمة المستعين لنور العقل بجودة الفكر,وكسرى بن قبادة المتزيّن بزينة البهاء والفاضل الماجد الأورع الرشيد السعيد الذي لم يعدله أحد ممّن مضى قبله من الملوك ملوك الفرس النافذ البصيرة الكامل الأدب المعينة له نفسه على طلب العلم وفروع الأدب المستعين بنور العقل وبجودة الفكر,فكسرى بن <قتاد> كان المزيّن بزينة [بزينة] البهاء الفاضل الماجد الورع الرشيد السعيد الذي لم يعادله أحد ممّن يمضي قبله من الملوك ملوك الفرس الناقد البصير الكامل الأديب المعينة له نفسه على فروع الحكمة المستضئ بنور العقل وجودة الفكر
20,912efa30-9baf-413d-83a5-839936236312,Subjects And Kings Obey Kisra,,,,,,فكان ممّا خصّ الله به كسرى أنوشروان إكرامه بهذه الكرامة ورزقة هذه النعمة أن استوثقت له الرعيّة وأذعنت له بالطاعة وصفت له الدنيا وانقادت الملوك له فركنت إلى طاعته وتلك نعمة من الله سابغة قسمت ما له في دولته وغياث مُلكه,,وكان الله عزّ وجلّ اختصّه بهذه الخصال وزيّنه بزينة الكرامة وتوّجه بهذه النعمة إذا استوثقت له الرعيّة وصفت له البلاد وأذعنت له العباد وانقادت له الملوك فركنوا إلى طاعته ومناصحته وذلك من الله تعالى نعمة سابغة قسمها له في دولته وحباه مملكته,وكان الله *اختصّه عزّ وجلّ بهذه الخصال وزيّنه بزينة الكرامة وتوّجه بهذه النعمة إذا استوثقت له الرعيّة وصفت له البلاد وأذعنت له العباد وانقادت له الملوك فركنوا إلى طاعته ومناصحته وذلك من الله تعالى نعمة سابغة قسمها له في دولته وحياة مملكته,إلى طاعته ومتابعته وذلك نعمة من الله سائغة قسمها له في دولته وحياة مملكته فكان اختصّه الله بهذه الخصال وزيّنه بزينة الكرامة وتوّجه بهذه النعمة أن استوسقت له الرعيّة وأذعنت له البلاد وصُفّت له الدنيا وأنقادت له الملوك وركنت,قد وكان قد خصّه الله عزّ وجلّ بهذه الخصال وزيّنه بزينة الكرامة وتوّجه بهذه النعمة إلى أن استوثقت له الرعيّة وأذعنت له البلاد وصفت له الدنيا وانقادت له الملوك وركنت إلى طاعته ومناصحته وذلك نعمة من الله سابغة *قسمها له في دولته وحباه بها في مملكته,وكان الله عزّ وجل اختصّه بهذه الخصال وزيّنه بزينة الكواكب وتوحّد بهذه النعمة إذا استوثقت له الرعيّة وصفت له البلاد وأذعن له العباد وانقاد له الملوك وركنوا إلى طاعته ومناصحته وذلك من الله نعمة سابغة قسّمها له في دولته وحياة مملكته
21,e85411a0-47b8-40e5-8043-235e3d583a09,Kisra Most Learned King,وقد رزق الله الملك السعيد أنوشوران من العقل أفضله ومن العلم أجزله ومن المعرفة بالأمور أصومها وسدّده من الأفعال أشدّها ومن البحث عن الأصول والفروع أنفعها وبلغه على الفنون اختلاف العلم وبلوغ منزلة الفلسفة ما لم يبلغه ملكًا قط ممن مضى من الملوك قبله,وقد رزق الله السعيد كسرى أنوشروان من العقل أفضل الحظّ ومن العلم أجزله ومن الأمور أجزلها *ما لم يبلغه ملك قطّ ممّن قبله من الملوك,وقد رزق الله الملك السعيد الجدّ كسرى أنوشروان من العقل والحظّ أفضله ومن العلم أجزله ومن الحكمة أبلغها ومن المعرفة أصوبها ومن الأفعال أرشدها ومن البحث عن الأصول والفروع أنفعها وأغربها على اختلاف فنون العلوم وبلوغ منزلة الفلسفة ما لم يبلغ حدّه أحد من الملوك قبله,وقد رزق الله تعالى الملك السعيد أنوشروان من العقل أفضل الحظّ ومن العلم أجزله ومن المعرفة بالأمور أصوبها ومن الأفعال أرشدها ومن البحث عن الأصول والفروع أنفعها وأعربها على اختلاف فنون العلم بلوغ منزلة الفلسفة ما لم يبلغه أحد من الملوك,وقد كان أنوشروان أفضل ملوك الأكاسرة عقلًا وأجزلهم منه نصيبًا وأعان ذلك بحسن الأدب واستبحاث عن العلوم والتفتيش على الفلسفة والاستنباط عمّا غاب عنه والتخيّر للصواب ممّا ظفر به وبلغ من ذلك ما لم يبلغه ملك قطّ ممّن مضى من الملوك قبله,,,وقد رزق الله عزّ وجلّ ملكنا هذا السعيد أنوشروان من العقل أفضل الرزق وأجزله وأعانه عليه بحسن أدبه فلزمه الاستبحاث على تحصيله والتفتيش عن غوامض الصواب فبلغ في ذلك ما لم يبلغه ملك قطّ ممّن مضى من الملوك قبله,وقد رزق الله تعالى عزّ وجلّ ملكنا هذا السعيد أنوشروان من العقل أفضل الرزق وأجزله وأعانه عليه بحسن أدبه فلزمه *الاستحباب على *** والتفتيش عن غوامض الصواب فبلغ في ذلك ما لم يبلغه ملك قطّ ممّن مضى من الملوك قبله,وقد رزق الله ملكنا هذا السعيد الجدّ أنوشروان من العقل أفضل الرزق ومن النصيب أجزله وأعان على العلم ما رزق من ذلك بحسن الأدب والاستحباب عن العلم والتفسير بجميع الفلسفة والتخيّر للصواب ممّا ظهر فبلغ في ذلك ما لم يبلغه ملكًا قطّ ممّن كان قبله من الملوك,قد رزق الله ملكنا أنوشروان من العقل أفضل الحظ ومن النصيب أجزله وأعانه على ما رزق من ذلك بحسن الأدب والبحث عن العلم والتفتيش لجميع الفلسفة والتخيّر للصواب ممّا ظهر فبلغ في ذلك ما لم يبلغه ملك قطّ ممّن مضى من الملوك قبله,وقد رزق الله عزّ وجل ملكنا هذا السعيد الجدّ أنوشروان من العقل أفضل الرزق وأجزله وأعانه عليه بحسن أدبه فلزم الاستحباب على العلم والتفتيش من غوامض الصواب فبلغ في ذلك ما لم يبلغه ملك قطّ ممّن مضى [ملك] [قطّ] [ممّن] [مضى] من الملوك قبله
22,d38e64a5-bba2-4094-b890-cae11be50ac4,Kisra Hears Of Indian Book,,,,,,فينما هو في عزّ مُلكه وبهاء سلطانه إذ بلغه أنّ بالهند كتابًا من تأليف العلماء وترصيف الحكماء وتدبير الفهماء,فكان فيما بلغه أنّ بالهند كتابًا من تأليف الحكماء وتصنيف العلماء وتبيين النقباء,فبينما هو في عزّ شأنه ونهاية سلطانه إذ بلغه أنّ بالهند كتاب من تأليف الحكماء,فبينما هو في عزّ شأنه ونهاية سلطانه إذ بلغه أنّ بالهند كتاب من تأليف الحكماء,فبينما هو في عنّ مملكته وبهائها وسلطانه إذ بلغه أنّ بالهند كتابًا من *تأليف الحكماء وتصنيف العلماء,فبينما هو في كمال دولته وفي عزّ مملكته ونهاية سلطانه إذ بلغه أنّ بالهند كتابًا من تأليف الحكماء وتصنيف العلماء,فبينما هو في عزّ شأنه ونهاية سلطانه إذ بلغه أنّ في الهند كتابًا من تأليف الحكماء
23,4e94f51d-934c-4e06-b5de-fcc3505ae9c3,Kisra Strives For Books,,,وكان كلّما سمع بكتاب يحتوي على فنّ من العلوم بالغ في طلبه واجتهد في تحصيله بكلّ حيلة,وكان كلّما سمع بكتاب يحتوي على فنّ العلوم بالغ في طلبه واجتهد في تحصيله بكلّ حيلة,,,,,,,,
24,0fb810ff-087d-4d77-8c14-deb99dc5a7b0,The Book Has Animals,,,,,,قد مُيّزت أبوابه وأثبتت عجائبه على أفواه الطير والبهائم والوحش والسباع والأنام والهوامّ وسائر حشرات الأرض,قد مُيّزت أبوابه وأُحكمت عجائبه على أفواه الطير والبهائم والسباع والوحش والأيّام والهوامّ وسائر خرشة الأرض وذباباتها فيما,قد رُتّبت أبوابه وأيقنت عجائبه على أفواه البهائم والطيور والوحوش والسباع والأنام والهوامّ وسائر *حرشة الأرض,قدر رُتّبت أبوابه وأُتقنت عجائبه على أفواه البهائم والطيور والوحوش والسباع والأنام والهوامّ وسائر حرشة الأرض,قد نُضدت أبوابه وأُتقنت عجائبه على أفواه البهائم والطير والوحوش والسباع والأنام والهوامّ وسائر *حشرات الأرض,قد تصدّرت أبوابه وأُتقنت عجائبه على أفواه البهائم والطيور والوحوش والأنام والهوامّ وسائر حشرات ممّا,قد نضّدت أبوابه وأتقنت عجائبه على ألسنة البهائم والطير والوحش والسباع والأنام والهوامّ وسائر الوحوش حشاش الأرض
25,481c452e-fbbd-4d8a-888f-33ab2d9f14e2,Kings Need The Book,,,,,,ممّا يحتاج إليه الملوك في سياسة رعيّتها وإقامة أودها وإنصافها فلا قوام للرعيّة إلّا بحسن سياسة الملوك وسعة أخلاقها ورأفتها ورحمتها,يحتاج إليه الملوك في سياستها وتدبيرها وإقامة أود قرباتها ورعيّتها الذين لا قوام لهما إلّا بحسن سياسة الملوك ?وسفه أحلامها ورأفتها ورحمتها,فيما يحتاج إليه الملوك في سياسة المملكة وبيعة أحلافها ورأفتها ورحمتها,فيما يحتاج إليه الملوك في سياسة المملكة وسعة أخلاقها ورأفتها ورحمتها,فيما يحتاج إليه الملوك في سياسة رعيّتها وتدبيرها الذي لا قوام لهم إلّا بحسن سياسة الملك وسعة الأخلاق ورأفتها ورحمتها,تحتاج إليه الملوك في سياسة رعيّتها وتدبيرها الذي لا قوام لهم في أمورهم إلّا بحسن سياسة الملوك وحسن أخلاقها ورأفتها ورحمتها,فيما يحتاج إليه الملوك في سياسة رعاياها وتدبيرها الذين لا قوام لهم إلّا بحسن سياسة الملوك وسعة أخلاقها ورأفتها ورحمتها
26,6b1a5e07-fcad-4829-a802-65129190ba6e,Kisra Hears Of K D,حتّى كان فيما طلب وبحث عنه من العلم أن يبلغه عن كتاب بالهند,حتّى كان فيما طلب وبحث عنه من العلم أن يبلغه عن كتاب من كتب الهند وفلاسفتها نفيس عند ملوكهم وعلمائهم,فبلغه عن كتاب من كتب الهند وفلاسفتها,فبلغه عن كتاب من كُتُب الهند عند ملوكهم وعلمائهم مخزون,وكان مهما بلغه وقع عليه عند بحثه عن العلوم ذكر كتاب بلغه عنه أنّه من كُتُب فلاسفة الهند في خزائن ملوكهم,,,وكان ممّا تقرّر عنده من العلم أنّه بلغه عن كتاب من كُتُب الهند عند ملوكهم وهو محروس عندهم,وكان ممّا تقرّر عنده من العلم أنّه بلغه عن كتاب من كتب الهند عند ملكهم وهو محروس عنده,وكان فيّما ينقر عن العلم أنّه بلغه عن كتاب من كتب الهند,وكان ممّا تيقّن ويبحث عن العلم أنّه بلغه عن كتاب من كتب فلاسفة الهند عند ملوكهم وعلمائهم مخزون عندهم,وكان ممّا يقرّ عينه من العلم أنّه بلّغه عن كتاب من الهند عند ملكهم نفيس محروس عنده
27,7009f7c8-e7b3-4ceb-aef2-b40897d77307,K D Book Praise,علم أنّه أصل كلّ أدب ورأس كلّ علم والدليل على كلّ منفعة ومفتاح عمل الآخرة وعلمها ومعرفة النجاة من هولها فأمر,هو أصل كلّ كتاب والدليل على كلّ منفعة ومعونة للملوك على تدبير ملكهم يقال له كليلة ودمنة,هو أصل عند ملوكهم وعلمائهم سفط لكلّ أدب رأس لكلّ علم دليل لكلّ منفعة باب لكلّ حكمة مفتاح لكلّ سعادة معونة للملوك على رمّ مُلكهم !ساج لأسّ دولتهم متّبع لطرائق العدل مشرّع لحسن السياسة أدب للرعيّة منفعة للسوقة يُقال له كتاب كليلة ودمنة,هو أصل كلّ أدب ورأس كلّ علم والدليل على كلّ منفعة ومفتاح كلّ عمل الآخرة وعلمها ومعرفة النجاة من هولها ومع تقويته ومعرفته للملوك على !ذمّ ملكهم وأدب السوقة فيما يرضى به عنهم ملوكهم ويصلون إلى معايشهم يُقال له كتاب كليلة ودمنة,وهو أصل كلّ حكمة ورأس كلّ أدب والدليل على كلّ منفعة والمفتاح لطلب الآخرة وحسن ثوابها والجزاء عليها والمعلّم للتجارة لمن هو طالبها وهو المقوّي والمعين إلى كل ما يحتاج إليه الملوك من تدبير أمر المُلك وسياسة العامّة ممّا يصلح به أمرهم عند ملوكهم ومعاشهم وهو كتاب كليلة ودمنة,,,وهو من أفضل آدابهم وهو رأس علومهم والدالّ على كلّ منفعة ومفتاح كلّ علم في طلب الآخرة والعمل للنجاة من هولها والمقوّي على طيبة العيش ولما يحتاج إليه الملوك من بدء مُلكهم وأدب السوقة بما يرجونه من مَلكهم ويصلحون به معايشهم <وهو> كليلة ودمنة,كليلة ودمنة وهو من أفضل آدابهم وهو رأس علومهم والدالّ على كلّ منفعة ومفتاح كلّ علم في طلب الآخرة والعمل للنجاة من هولها والمقويّ على طيبة العيش ولما يحتاج إليه الملوك من تدبير ملكهم وأدب السوقة بما يرجونه من ملكهم ويصلحون به معايشهم وهو كتاب,وهو أفضل كلّ أدب ورأس كلّ علم لما يحتاج إليه الملوك من تدبيرهم مملكتهم وأدب للسوقة ممّا يرضون <به> ملكهم ويصلحون به معايشهم وهو كتاب كليلة ودمنة,هو أصل كلّ أدب والدليل على كلّ منفعة ومفتاح لطلب الآخرة والمعين لما يحتاج إليه الملوك في تدبير ملكهم وأدبًا للسوقة فيما يرضون به ملكهم ويصلحون به معاشهم وهو كتاب كليلة ودمنة,وهو أفضل أدبهم ورأس علمهم والدالّ على كلّ منفعة ومفتاح طلب الآخرة والعمل للنجاة من هولها والمقوّي والمعين لما يحتاج إليه الملوك في تدبير ملكهم وأدب للسوقة بما يرضون ملكهم ويصلحون به معايشهم وهو كتاب كليلة ودمنة
28,cf0d2d3f-9141-4175-b836-633e1159d90d,Kisra Desires The Book,,,,,,ولذلك لم يدع كسرى أنوشروان اقتناء ذلك الكتاب الذي بلغه عنه أنّه ببلاد الهند وضمّه إلى نفسه واستعان به على سياسته والعمل بحسن تدبيره,ولذلك لم يدع أنوشروان كسرى بن قباد اقتناء الكتاب الذي بلغه عنه أنّه ببلاد الهند وإضمامه إلى نفسه ومُلكه والعمل بحسن تدبيره وعجائبه ممّا يقرّبه من الله تبارك وتعالى اسمه ويزجره عن معاصيه,وكذلك لم يدع كسرى أنوشروان اقتناء هذا الكتاب الذي بلغه عنه ببلاد الهند والعمل بحسن تدبيره وعجائبه ممّا يقرّب إلى الله عزّ وجلّ ويزجر عن معاصيه,وكذلك لم يدع كسرى أنوشروان اقتناء هذا الكتاب الذي بلغه عنه أنّه ببلد الهند والعمل بحسن تدبيره وعجائبه ممّا يقرّب إلى الله عزّ وجلّ ويزجر عن معاصيه,ولذلك لم يدع أنوشروان كسرى بن قباد اقتناء هذا الكتاب الذي بلغه عنه أنّه ببلاد الهند وضمّه إلى نفسه وملكه والعمل بحسن تدبيره وعجائبه ممّا يقرّب إلى الله تعالى ويزجر عن معاصيه,ولذلك لم يدع أنوشروان اقتناء هذا الكتاب الذي بلغه عنه أنّه ببلاد الهند وضمّه إلى نفسه وملكه والعمل [[بما]] بحسن تدبيره وعجائبه ممّا يقرّب إلى الله عزّ وجلّ ويزجر عن معاصي الله,ولذلك لم يدع أنوشروان كسرى اقتناء الكتاب الذي بلغه عنه أنّه ببلاد الهند والعمل بحسن تدبيره وعجائبه ممّا يقرّب إلى الله عزّ وجلّ ويزجر عن معاصيه
29,fd800663-2dcb-4c0b-a60b-e59a69fe3da6,Kisra Eager To Get K D,,فلمّا تيقّن ما بلغه عن ذلك الكتاب لم يقّر ولم يطمئنّ حرصًا على استنقاذه,فلمّا تيقّن ما بلغه عن ذلك الكتاب وما فيه من المنافع والعلوم والحكم والاستفادة,فلمّا تيقّن بما بلغه عن ذلك الكتاب وما فيه من المنافع للعقلاء والإعانة لهم على طلب العلم لم يقرّ ولم يزل حرصًا على استعداده والنظر فيه,فلمّا تيقّن ذلك أنوشروان من أمر هذا الكتاب وعلم ما فيه من المنافع وتقوية العقل وسياسة المُلك لم يهنه شيء ممّا هو فيه حرصًا على استفادته والنظر فيه,,,فلمّا تيقّن ما بلغه من ذلك وما فيه من المنافع لم يقرّ ولم يهدأ,فلمّا تيقن ما بلغه من ذلك وما فيه من المنافع لم يقرّ ولم يهدأ,فلمّا تيقّن ما بلغه من ذلك الكتاب وما فيه من المنافع في تقوية العقل والأدب لم يطمئنّ حتّى وصّى على استفادته والنظر فيه,فلمّا تيقّن ما بلغه عن ذلك الكتاب من المنافع من تقوية العقل والأدب,فلمّا تيقّن ما بلغه من ذلك وما فيه من المنافع لم يقرّ حريصًا على استفادته والنظر فيه
30,eba17941-75d8-4bc3-993a-b9d30c5d02be,Kisra Ponders Who To Assign,,,,,,فلمّا عزم على ما أراد من أمره وهمّ بالبعثة في طلب كتاب كليلة ودمنة وانتساخه قال في نفسه من لهذا الأمر العظيم والأدب النفيس والخطب الجليل الذي يُزيَّن به ملوك الهند دون ملوك فارس,ولمّا عزم على ما أراد من أمره وهمّ باقتناء كتاب كليلة ودمنة والبعثة في انتساخه قال في نفسه من لهذا الأمر العظيم والأدب النفيس والفخر الجليل الذي تزّيّن به ملوك الهند وفارس,فلمّا أن عزم على ما أراد من أمره وهمّ باقتناء ذلك الكتاب يعني كتاب كليلة ودمنة وطلب من يبعثه في انتساخه قال في نفسه لمن هذا الأمر العظيم {والأدب} الجسيم الذي يختصّون به ملوك الهند دون ملوك فارس,فلمّا أن عزم على ما أراد من أمره وهمّ باقتناء ذلك الكتاب يعنى كتاب كليلة ودمنة وطلب من يبعثه في *انتساخه ... *في نفسه لمن هذا الأمر العظيم والأدب الجسيم الذي يختصّون به ملوك الهند دون *ملوك,فلمّا عزم على ما أراد من أمره وهمّ باقتناء هذا الكتاب والبعثة في انتساخه قال في نفسه من لهذا الأمر العظيم الجسيم والأدب النفيس الذي يتزيّنون به ملوك الهند دون ملوك فارس,فلمّا عزم على ما أراد من أمره وهمّ باقتناء هذا الكتاب والبعثة في انتساخه قال في نفسه من لهذا الأمر العظيم والحال الجسيم والأدب النفيس الذي يتزيّنون به [[أهل]] {ملوك} الهند دون ملوك,فلمّا أن عزم على ما أراد من أمره وهمّ باقتناء كليلة ودمنة والبغية في انتساخه قال [قال] في نفسه لمن هذا الأمر العظيم الجسيم والأدب النفيس الذي يتزينون به ملوك الهند دون ملوك فارس
31,a7b22e4d-a2b2-47a1-b140-083f9b40c040,Kisra Keen For Indian Book,,,,,,وقد هممنا أن لا ندع مع بعد السفر وصعوبة الأمر ومخاطرة للطريق وكثرة النفقة طلب هذا الكتاب حتّى نصل إلى نسخه *وبالثقّة على اتفاقه ورصانة أبوابه وعجائبه,وقد هممت أن لا أدع مع بُعد الشقّة وصعوبة الأمر ومخاطرة منّا بأنفسنا طلب هذا الكتاب حتّى يصل إليّ نسخه وتأليفه على إتقانه ورصانة أبوابه وعجائبه وحسن تدبيره ومنافعه من أقاويل العلماء وتصنيف العلماء الحكماء وتمييز العقلاء بأمثال متقنة وأحاديث معجبة وتدبير محكم,{وقد} هممت أن أعمل على رضى من يصل إليه لأنّ ملوك الهند دون ملوك فارس ما تفرّدوا بهذا الكتاب وبوّبوا أبوابه وعجائبه ومنافعه [إلّا] وهو من قول الأدباء وبدائع الحكماء إلّا أرادوا أن يفتخروا على سائر الملوك ويُفضَّلون به عليهم من غرائب عجائبه وتدبير محكمه,... وقد هممت أن *لا أدع الكتاب يصل إليه وعلى رضاه لأنّ ملوك الهند ما تفرّدوا بهذا الكتاب وبأبوابه وعجائبه ومناقبه وما هو من قول الأدباء وبدائع الحكماء إلّا أرادوا أن {يفتخروا} على سائر الملوك ويُفضّلون به عليهم من أمثال آرائهم [[وغير]] وغرائب عجائبه بتدبير محكم,وقد هممت ألّا أدع مع بعد المشقّة وصعوبة الأمر ومخاطرة منّا بأنفسنا طلب هذا الكتاب حتّى نصل إليه وإلى نسخه وتأليفه على إتقانه ورصانة أبوابه وعجائبه ومنافعه من أقاويل الحكماء وتصنيف العلماء إرادة أن يفتخروا على سائر الملوك ويفَضّلوا عليهم من أمثال متقنة وأحاديث معجبة,فارس وقد هممت أن لا أدع بعد المشقّة وصعوبة الأمر ومخاطرة أنفسنا في طلب هذا الكتاب حتّى نصل إليه وإلى نسخه وتأليفه على انقسامه ورصانة أبوبه وعجائبه ومنافعه من أقاويل الحكماء وتصنيف العلماء إرادة أن يفتخروا به على سائر الملوك ويفضّلون عليهم لما فيه من أمثال متقنة وأحاديث معجبة وتدبير محكم,وقد هممت أن لا أدع مع بُعد المشقّة وصعوبة الأمر طلبًا لهذا الكتاب حتّى يصل إليه وإلى نسخه على إتقان ورياضة أبوابه وعجائبه ومنافعه من أقوال الأدباء وبدائع الحكماء إرادة أن يفخروا على سائر الملوك ويفضلّون به عليهم من أمثال شيّقة وغرائب عجيبة وتدبير محكم
32,375431da-5d9f-4597-b152-2271309d0998,Books Expected Benefits,,,,,,,حتّى كاد العاقل أن يجتني من حلاوة ثمرته وقرب مأخذه وكنز مذاهبه ومكاسبه ويزجر النفس عن مساوئها ومعاصيها في اتّباع هواها,حتّى يكاد العاقل أن يجتني من ثمره وكثرة مذاهبه لتعلّق بوثائق حبله ويتمسّك بلذّات منافعه ومكاسبه فتروّض النفس على محبوبها دون مساوئها وبمعاصيها,حتّى يكاد العاقل أن يجتني من ثمره وكثرة مذاهبه ليتعلّق بوثائق حيله ويتمسّك بلذّات منافعه ومكاسبه فتُروّض النفس على محبوبها دون مساوئها ومعاصيها,حتّى كاد العاقل أن يجتني من ثمره وكثرة مذاهبه وأن *يتعلّق بوثائق حيله ويتمسّك بلذّات منافعه ومكاسبه ويروّض النفس عن مساوئها ومعاصيها,حتّى كاد العقل أن يجتني من ثمره وأن يتعلّق بوثائق حبله ويتمسّك بمداد منافعه ومكاسبه وروّض النفس عن مساوئها ومقاصيها واتّباع هواها,حتّى يكاد العاقل أن يجتني من ثماره وكثرة مذاهبه أن يُعلّق بوثائق حبله ويتمسّك *بلذاذة منافعه ومكاسبه ويروّض النفس على محبوبها دون مساوئها ومعاصيها
33,1efddfc3-9eae-457f-8914-799720146103,Kisra Reflects On Difficulty,,,,,,,فلمّا محّض كسرى ابن قباد الرأي فيما عزم عليه والعمل فيما همّ به قال في نفسه الأمر جليل والشقّة بعبده †والمرزيّة فيه والتكلّف من المؤونات والمال شديد,فلمّا محّض كسرى الرأي فيما عزم عليه قال في نفسه الأمر جليل والمشقّة صعبة والشقّة بعيدة وفيه ?مدريه وتكلّف من المؤنات والحال شديد,فلمّا *مخّض كسرى الرأي فيما عزم عليه قال في نفسه الأمر جليل والمشقّة صعبة بعيدة وفيه مدربة وتكلّف من المؤونات والحال شديدة,فلمّا مخّض كسرى ابن قباد الرأي فيما عزم عليه قال في نفسه الأمر جليل والمشقّة بعيدة والحال شديد,فلمّا محص كسرى الرأي فيما عزم عليه والعمل فيما همّ به في نفسه قال إنّ الأمر في ذلك جليل والمشقّة فيه بعيدة والتكليف من المؤذيات والحالة شديدة,فلمّا محّض كسرى الرأي فيما عزم عليه وهمّ يه قال في نفسه الأمر عظيم جليل والمشقّة بعيده وفيه مرزية وتكلّف من المؤنات والحال شديد
34,b7cda868-7e41-4021-9746-b7e80a1d3a4e,Kisra Wants Kātib Or Physician,,,,,,ولا بدّ لنا من أن ننتخب من نريد إرساله في ذلك في هذين الصنفين من الكُتّاب والأطبّاء,ولا بدّ لنا من أن ننتخب من نريد أن *نسأله في ذلك من هذين الصنفين من الكتّاب أو من الأطبّاء,ولا بدّ لنا أن ننتخب من نرسله في ذلك ممّا بين هذين الصنفين إمّا من الكُتّاب وإمّا من الأطبّاء,ولا بدّ لنا أن ننتخب من نرسله في ذلك ممّا يبيّن هذه الصنفين إمّا من الكتّاب وإمّا من الأطبّاء,ولابدّ لنا أن نتبحّث من نرسله في ذلك من هذين الصنفين إمّا من الكتّاب وإمّا من الأطبّاء,ولا بدّ تنتخب من تريد إرساله في ذلك من هذه الصفتين التي تُجمع عندها جوامع الأدب إمّا من الكُتّاب وإمّا من الأطبّاء,ولا بد لنا من أن نبحث عن من نريد أن نرسله في ذلك من هذين الصنفين أمّا من الكُتّاب وأمّا من الأطبّاء
35,36cdc1eb-d1e9-4909-919f-3b980f826d92,Kātibs And Physicians Skills,,,,,,فإنّ أهل هذين يجتمع عندهم جوامع من بحور الأدب وكنوز الحكمة في أناة ومودّة وتجربة ونفاذ حيلة وتحفّظ وتحرّر وكمال مروءة ودهاء وفطنة وحلم وتصنّع ولطف سياسة وكتمان سرّ,فإنّ أهل هذين الصنفين من الكتّاب أو من الأطبّاء يجتمع عندهما جوامع العلم من بحور الأدب وكنوز العلم في أناءة وتؤدة *ونفاذ وحيلة وجمال ومروءة وتحفّظ وتحرّز ودهاء وفطنة وحِلم وأدب وسياسة ولطف وكتمان سرٍّ وصنع,فإنّ هذين الصنفين يجتمع عندهما من جواهر الأدب وجوامع فنون العلم وكنوز الفهم وتمام الفضيلة وكمال المروءة وتحفّظ ثمّ والتحرّز والدهاء والفطنة والسياسة والتلطّف وكتمان السرّ ومحض الرأي,فإنّ هذين الصنفين يجتمع عندهما من جواهر الأدب وجوامع فنون العلم وكنوز الفهم وتمام الفضيلة وكمال المروءة والتحفّظ والتحرّز والدهاء والفطنة والسياسة والتلطّف وكتمان السرّ ومخض الرأي,فإنّ هذين الصنفين يجتمع عندهما جوامع الأدب من فنون العلم وكنوز الأدب في أناة وتؤدة ونفاذ وحيلة وكمال ومرؤة وتحرّز وكتمان سرّ,فإنّ فيهما جوامع الأدب وفنون العلم وكنوز الحكم ذو أناة وتودّد ونفاد حيلة وكمال مروءة وتحفّظ وكتمان سرّ,فإنّ هذين الصنفين يجتمع عندهما جواهر الأدب وجوامع فنون العلم وكنوز الفهم في أناة وتودّد *ونفاذ وحيلة وكمال مروءة وتحفّظ وتحرّز ودهاء وفطنة وسياسة ولطف وكتمان سرّ وتحصّن
36,cf8003af-1f66-46b9-b53d-c8377684293f,Kisra Searches Scholar,,,,,,فلمّا فحص الرأي فيما *اجتمع عليه اختار في مملكته وانتخب من علمائه,فلمّا أن تمّ رأيه على البعثة اختار من مملكته وانتخب من غلمانه,فلمّا أن تمّ عزمه ورأيه على أن يبعث من يُرجى خيره ويرضاه سأل أهل مملكته أن يبحثوا *ويطلبوا في جميع مملكته رجلًا قد حوى هذه الخصال,فلمّا أن تمّ عزمه ورأيه على أن يبعث من يُرجى خيره فسأل أهل مملكته أن يبحثوا ويطلبوا له في جميع مملكته رجلًا قد حوى هذه الخصال,فلمّا تمّ عزمه ورأيه على البعثة رجلًا سأل أهل مملكته أن يبحثوا ويطلبوا له رجلًا في جميع أهل مملكته قد اجتمعت فيه هذه الخصال,فلمّا تمّ عزمه ورأيه على البعثة سأل أهل مملكته أن يبحثوا أو يطلبوا له رجلًا من جميع أهل مملكته قد جُمعت فيه هذه الخصال,فلمّا أن تمّ عزمه ورأيه على البعثة بمن يرضى سأل أهل مملكته <أن> يبحثوا ويطلبوا له في جميع مملكته رجلًا قد حوى هذه الخصال
37,2352b7bd-c76c-40a0-b02b-3755004c5fe5,Kisra Defines Envoy,الملك وزيره برزجمهر أن يبحث له عن رجل أديب عاقل من أهل مملكته بصير بلسان الفارسيّة ماهر بكلام الهند ويكون بليغًا باللسانين جميعًا حريصًا على طلب العلم مجتهدًا في استعمال الأدب مبادرًا في طلب العلم والبحث عن كتب الفلسفة,فأمر أن يُبحث له عن رجل أديب عاقل,أمر أن يُنتخب له رجلًا من الحكماء من أهل مملكته بصيرًا بلسان الفارسيّة ماهرًا بالكلام الهنديّة كاتبًا بليغًا حريصًا على العلوم والحكمة مجتهدًا في استكمال الأدب صابرًا على مضض الطلب للفلسفة,فأمر أن يُنتخب له رجل أديب عاقل من أهل مملكته يشير بلسان الفارسيّة وماهر بكلام الهنديّة ويكون كاتبًا بليغًا بهما جميعًا حريصًا على العلم مجتهدًا في استكمال الأدب صابرًا على الطلب والتفتيش على كُتُب الفلسفة,فسأل أهل مملكته أن يطلبوا له رجلًا عاقلًا أديبًا عالمًا ماهرًا بلسان الفارسيّة والهنديّة وكاتبًا بهما جميعًا له حرص على العلم ورغبة في استكمال الأدب ومثابرة على النظر في تفسير كُتُب الفلسفة فإنّه إذا كان كذلك رجوت أن يبلغ فيما أوجّهه له ما أحبّ,,,وأمر أن يكون من هذين الصنفين إمّا كاتبًا نحريرًا أو طبيبًا فيلسوفًا عارفًا بلسان فارس والهند,وأمر أن يكون من هذين الصنفين إمّا كاتبًا نحريرًا أو طبيبًا فيلسوفًا عارفًا بلسان فارس والهند,وليكن من أحد هذين الصنفين إمّا كاتبًا *نحريرًا وإمّا طبيبًا ماهرًا فيلسوفًا وليكن أديبًا عاقلًا ماهرًا بلسان الفارسيّة *والهنديّة كاتبًا بهما جميعًا على العلم مجتهدًا في استكمال الأدب متابعًا على النظر والتفسير لكتب الفلسفة فيُؤتى به,وليكن من أحد هذه الصفتين إمّا كاتبًا نحريرًا وإمّا طبيبًا ماهرًا فيلسوفًا عالمًا عاليًا وليكن أديبًا عاقلًا لبيبًا عارفًا بلسان الفارسيّة والهنديّة كاتبًا بهما جميعًا حريصًا على العلم مجتهدًا في استكمال الأدب متابعًا على النظر والتفسير بكتب الفلسفة فيُؤتى به,وأمر أن يكون من أحد هذين الصنفين إمّا كاتبًا محرّرًا وإمّا طبيبًا فيلسوفًا عارفًا بلسان فارس والهند
38,a261873c-7a20-4f45-9137-3fcb6dc8c557,The Search For A Scholar,,,,,,,,فخرج أهل مشورته وذوو الرأي من خاصّته فبحثوا عن الرجال,فخرج أهل مشورته وذوو الرأي من خاصّته فبحثوا عن الرجال [[والنساء]],فخرج أهل مشورته وذوي رأيه واستبحثوا عن الرجل حتّى أُتي به,قال فخرج أهل مشورته وذوي رأيه مسرعين فبحثوا عن الرجل وطلبوا من هذه صفته حتّى وجدوه,فخرج أهل مشورته وذوو الرأي الحميد يبحثوا على الرجل
39,740d0251-cabf-4dd2-93e6-adc8aa228926,Burzoy Is Selected,فأتاه برجل أديب كامل العقل والأدب معروف بصناعة الطبّ ماهر بالفارسيّة والهنديّة يقال له برزويه,فأُحضر له رجل أديب معروف بصناعة الطبّ يُقال له برزويه,فأتى رجل ذي هيبة حسنة وشكل جميل وعقل تامّ وأدب كامل قد مهر في صناعته الطبّ وبرع في الحكمة وأتقن معرفة لغة الفارسيّة والهنديّة يُقال له برزوية,فأُتي برجل أديب شابّ جميل عاقل كامل للأدب معروف بصناعة الطبّ ماهر بلسان الفارسيّة والهنديّة يُقال له بروزيه,فطلب الرجل الذي سأل ووصف فلم يوجد في المملكة كلّها غير رجل يُقال له برزويه بن درهم وكانت صناعته المعروفة الطبّ وكان شابًّا جميلًا ذا حسب كامل العقل والأدب ماهرًا *بالفارسيّة والهنديّة فأمر أنوشروان بإحضاره وإكرامه,فلم يجد أحدًا على نحو ذلك إلّا بروزيه بن أدرهرير وكان من رؤساء أطبّاء فارس ومن أبناء مقاتلتها,فلم يجد على نحو ما وصفت الأطبّاء إلّا برزويه بن أدرهرمذ رئيس أطبّاء فارس وهو من أبناء مقاتلتها ومرازبتها,حتّى أتوا برجل شابّ جميل الوجه ذو أدب وحسب وكهانة في الطبّ عارف بلسان الفرس والهند يُسمّى برزويه بن ازدهر من رؤوس أطبّاء فارس وابنًا من أبنائها وكبرائها,من رؤوس أطبّاء فارس وابنًا من أبنائها وكبرائها حتّى أتوا برجل شابّ [[جميل]] جميل الوجه ذو أدب وحسب وكهانة في الطبّ يعرف بلسان الفرس والهند يُسمّى بروزيه ابن ازدهب,فأوتي برجل شابٍّ جميل كامل العقل والأدب ذي حسب صناعته التي يُعرف بها الطبّ وكان ماهرًا بالفارسيّة والهنديّة يُسمى برزويه ابن أدرهز من رؤوس أطبّاء فارس وهو من أبناء عمالقتها ومرازبتها,فأُتي برجل شابّ حسن الوجه كامل العقل والأدب ذي حسب صناعته التي يُعرف بها الطبّ وكان ماهرًا بالفارسيّة والهنديّة يُسمّى برزويه بن ازدهر وكان من رؤوس أطبّاء فارس ومن أبناء عماليقها ومرازبتها,حتّى أتوا به فإذا هو رجل شابّ جميل ذي حسب وأدب صناعته الطبّ وكان عارفًا بلسان الفرس والهند ويسمّى برزويه بن أدهر من رؤوس الأطبّاء فارس وأبناء مرازبتهم
40,4b3154db-c781-4d3c-8ca5-9a6aab087f73,Burzoy Meets Kisra,فلمّا دخل عليه كفّر له وسجد بين يديه,فلمّا دخل على الملك خرّ له ساجدًا وكفّر بين يديه,فلمّا دخل على الملك سجد بين يديه ووقف متفكّرًا,فلمّا دخل على الملك كسرى سجد له وقام مفكّرًا بين يديه,فلمّا دخل عليه كفّر له وسجد ثمّ قام بين يديه,,,فلمّا دخل على كسرى خرّ له ساجدًا وسلّم بسلام الملوك فقرّبه الملك إليه وأدناه منه وأمره بالجلوس فجلس بين يديه,فلمّا دخل على كسرى خرّ له ساجدًا وسلّم بسلام الملوك فقرّبه الملك إليه وأدناه منه وأمره بالجلوس فجلس بين يديه,فأُدخل على الملك فلمّا مثل بين يديه سجد له ثمّ قام مفكّرًا بين يديه,فأُدخل على الملك فلمّا مثل بين يديه سجد له ثمّ قام,فلمّا أُدخل على كسرى ومثل بين يديه سجد له ثمّ قام مُكفرًّا له
41,dbe43e59-f5ee-43cd-a096-dd5a73c661b9,Kisra Explains Choosing Burzoy,فقال له الملك يا برزويه إنّي قد اخترتك لما بلغني من فضلك وعلمك وعقلك وحرصك على طلب العلم حيث كان,فقال له الملك إنّي قد بلغني عنك من فضل عقلك وعلمك وأدبك وحرصك على طلب العلم حيث كان,فقال له الملك يا برزوية إنّي قد اخترتك لما بلغني من فضل علمك ووفور عقلك وصحّة معرفتك وحسن أدبك واجتهادك في طلب الحكمة,فقال له يا بروزيه إنّي قد اخترتك وقد بلغني من فضل علمك وعقلك وأدبك وحرصك على طلب العلم حيث كان,فقال له أنوشروان يا بروزيه إنّه قد بلغني عنك أمور رغّبتني فيك وعطّفتني عليك من فضل علمك ووقوّة عقلك وحسن أدبك وحرصك على طلب العلم حيث كان,فدعاه كسرى وقال له إنّا قد انتخبناك لموضع حاجتنا وتفرّسنا فيك الخير ولعلّنا فيك أن يكون على ما أردنا من إصابة هذه الحاجة التي نحن مرسلوك فيها لما علمنا منك من الاجتهاد في العلم والأدب وحرصك على طلبته,فدعاه كسرى ابن قباد ليأمره بالمضيّ لانتساخ الكتاب المشار إليه فلمّا حضر قال له إنّا انتخبناك لموضع حاجتنا وتفرّسنا فيك الخير †وأقلناه بك أن تكون علي ما أردناه من إصابة هذه الجناية,فعند ذلك أقبل عليه الملك وقال له يا برزويه ارفع رأسك وانظر إلى ما انتدبناك إليه فقد علمنا ما تعانيه من السياسة والاجتهاد في العلم والأدب وحرصك على طلبته وعقلك,فعند ذلك أقبل عليه الملك وقال يا بروزيه ارفع رأسك وانظر إلى ما ابتدأناك فقد علمنا ما نعاينه من السياسة والاجتهاد في العلم والأدب وحرصك على طلبته وعقلك,فقال له الملك إني قد تخيّرتك لما بلغني عنك من فضلك وعقلك وحسن أدبك وحرصك على طلب العلم حيث كان,فقال الملك يا برزويه إنّي قد تخيّرتك لما قد بلغني من فضلك وعقلك وحسن أدبك وحرصك على طلب العلم حيث كان,فقال له كسرى أنّي قد تخيّرتك لما بلغني من فضلك وعقلك وأدبك وحرصك على طلب العلم حيث كان
42,3acad00e-f0f6-4a5f-8fb6-351331f03079,Kisra Tells Of Mission,وقد بلغني عن كتاب بالهند مخزون في خزائنهم وقصّ عليه ما بلغه عنه,وإنّي بلغني عن كتاب بالهند مخزون في خزائنهم وقصّ عليه ما بلغه من قصّة الكتاب,وقد بلغني عن كتاب بالهند في خزائن ملوكها وقصّ عليه جميع ما بلغه من ترجمته,فإنّه قد بلغني عن كتاب في الهند مخزون في خزائنهم وقصّ عليه *كلّ ما بلغه عنه ممّا قد استيقنه وقوّى رغبته فيه,وقد بلغني عن كتاب بالهند وقصّ *عليه قصّة الكتاب *ورغبته فيه,,,,,وإنّه بلغني عن كتاب بأرض الهند وقصّ عليه قصّته وأخبره بما بلغه عن ذلك الكتاب,وإنّه قد بلغني عن كتاب في أرض الهند وقصّ عليه قصّته وأخبره بما بلغه عن ذلك,وقد بلغني عن كتاب بأرض الهند كيت كيت وقصّ قصّته وذكر رغبته فيه
43,c89e190d-7963-4218-8f79-903f84c9664a,Kisra Commissions Burzoy,وقال له تجهّز فإنّي مرحّل بك إلى أرض الهند فالطف بعقلك وحسن أدبك وناقد رأيك لاستخراج هذا الكتاب من خزائنهم ومن قبل علمائهم فتستفيد بذلك وتفيدنا وما قدرت عليه من كتب الهند ممّا ليس في خزائننا منه شيء فاحمله معك,وقال له تجهّز فإنّي مسرّحك إلى أرض الهند فالطف بعقلك وحسن أدبك وتأييدك لاستخراج الكتاب من خزائنهم ومن قبل علمائهم كلامًا تامًّا مكتوبًا بالفارسيّة فتستفيدناه {فتفيدناه} هو وما قدرت عليه من الكتب التي عند الهند ممّا ليس في خزائننا وملكنا,وإنّي مجهّزك إلى أرض الهند رغبة في تحصيله بلطف عقلك وحسن أدبك واستخراجه من خزائنهم ونقله من اللغة الهنديّة إلى اللغة الفارسيّة نقلًا تامًّا مستوعبًا لجّله ودقّه تستفيده وتفدنا إيّاه [وا],وقال له تجهّز فإنّي مسرّحك إلى أرض الهند فالطف بعقلك وحسن أدبك لاستخراج ذلك الكتاب من خزائنهم ومن قِبل علمائهم كلامًا تامًّا مكتوبًا بالفارسيّة تستفيده وتعيدنا إيّاه ومهما قدرت عليه أيضًا من الكتب الذي عند أهل الهند ممّا ليس في خزائننا,وقال له قد تخيّرتك للشخوص إلى ما هنالك حتّى تتلطّف في أخذه وانتساخه وقد خبرت بمقامك كان بالهند زمانًا طويلًا فتجهّز فإنّي مسرّحك إلى الهند فتلطّف بحسن أدبك في الوصول إلى خزانة حكمتهم ومخالطة فلاسفتهم وحكمائهم فتأخذه تامًّا وتنقله من لسانهم إلى لساننا وما قدرت عليه من كُتُبهم التي ليست في خزانتنا,ونحن مرسلوك إلى بلد الهند لما بلغنا عن كتاب ملوكها وعلمائها قد ألّفته العلماء وهذّبته الحكماء وأتقنته التقناء ليس في خزائن الملوك مثله يستعين به على عظائمهم ملوك الهند فتعزم على المسير بسببه فتستنقذه برفق ومودّة وتلطّف,التي نحن مرسلوك فيها فكن على قدر ظنّنا بك والرجاء فيك فإنّا رافعو درجتك ومجزلو عطيّتك وجائزتك فشمّر لإنفاذ أمرنا وتأهّب للشخوص إلى بلاد الهند في انتساخ كليلة ودمنة الذي بلغنا عنه ما فيه من العجائب والأمثال لكي لا تفخر ملوك الهند علي ملوك فارس بهذا الكتاب وأن تكون في *أناة وتحرّز وحيلة ولطف وسياسة وخضوع إلى أن تصل إلى حاجتك,وأنا مرسلك إلى بلاد الهند لما *بلغني عن كتاب عند ملوكها يُقال له كليلة ودمنة فتعزم على المسير إلى بلاد الهند بسببه فنستفيده برفق وتلطّف,وأنا مرسلك إلى بلاد الهند لما بلغنا عن *** ملوكها يُقال له كليلة ودمنة فتعزم على المسير إلى بلاد الهند بسببه فتستنقذه برفق وتلطّف,لتلطف بعقلك وحسن أدبك في استخراج ذلك الكتاب من خزائنهم ومن قبل علمائهم وفقهائهم *فتجده إمّا كاملًا مكتوبًا بالفارسيّة فتستفيده أنت وتفيدنا إيّاه وغيره من الكتب التي ليست في خزائننا ولا ملكنا *مثلها,فتلطّف بعقلك وأدبك وحسن رأيك في استخراج ذلك الكتاب من خزائنهم ومن قبل علمائهم وفقهائهم وحكمائهم تامًّا كاملًا مكتوبًا بالفارسيّة فتستفيده أنت وتفيدنا إيّاه وغيره من الكتب التي ليست في خزائننا ولا في مملكتنا مثلها,وأمره أن يحضر إلى هناك ويطلب الكتاب بعقله وحسن أدبه حتّى يستخرجه من خزائنهم ويشرحه له فإنّه مكتوب بالهنديّه ويفيده معرفته
44,ed320152-c0de-4297-9f6a-7a9f5d2c2c6f,Burzoy Given Ample Funds,وخذ معك من المال ما تحتاج إليه وعجّل ذلك ولا تقصّر في طلب العلوم وإن أكثرت فيه النّفقة فإنّ جميع ما في خزائني مبذول لك في طلب العلوم,واحمل معك من المال ما تريد وعجّل ذلك ولا تقصّر في طلب العلم,واحمل معك من المال والظرف ما تريد وعجّل في ذلك واجتهد غير مقصّر ولا مشفق على بذل المال وقد أمكنتك من خزائني فاحمل منها <ما> تريد وسلّم إليه مفاتيح الخزائن,واحمل معك من المال ما تريد وعجّل بذلك ولا تقصّر في طلب العلم الذي في ذلك الكتاب فإنّ كنزه فيه المنفعة فإنّ جميع ما في خزائني مبذول لك في طلب العلم,واحمل معك من الأموال ما أردت ومن الألطاف ما شئت والهدايا التي تريد تلطّف لها من تريد إن أنت أنفدت ما معك من الأموال في مقامك بالهند فاكتب إليّ حتّى أمدّك بالمال وعجّل ذلك ولا تقصّر وإن [وإن] أسرفت في النفقة فإنّ جميع ما في خزائني لك مبذول وما أنفقته في طلب العلم,وتحمل معك من المال ما أردت ومن طرف بلاد فارس وهداياها ما تعلم أنّه يعينك على استخلاصه مع ما تقدر عليه من الكتب التي يحتاج إليها الملوك وليكن ذلك في سرّ مكتوم,,وتحمل معك من المال والهدايا والتحف ما تعلم أنّه يعينك على استخلاصه مع ما تقدر عليه من الكتب الذي تحتاج إليها الملوك وليكن ذلك في سرّ مكتوم,وتحمل معك من المال ما أردت والهدايا والتحف وما تعلم أنّه يعينك على استخلاصه مع ما تقدر عليه من الكتب التي تحتاج إليها الملوك وليكن ذلك في سرّ مكتوم,واحمل معك من المال ما أحببت فإن أنفذت ما معك كتبت إليّ من الهند فأمدّك بالمال وعجّل ذلك ولا تقصّر في طلب علم فإن كثرت فيه النفقة وإنّ جميع ما جرى في خزائني لك مبذولة للنفقة في طلب العلم إن شاء الله,واحمل معك من المال ما أحببت فإن نفذ ما معك أرسل إلينا فنحن نمدّك بالمال وعجّل في ذلك ولا تقصّر وإن كثرت فيه النفقة فإنّ جميع ما في خزائننا مبذولًا لك في طلب العلم إن شاء الله *تعالى فطب نفسًا وقرّ عينًا واعزم على مسيرك,وقال له احمل من المال معك ما تشاء وإنّ نفد ما معك بأرض الهند فابعث إليّ حتّى أمدّك بمال وعجّل ذلك ولا تقصّر في طلب علم وإن عظمت فيه المؤنة وجميع ما في خزائني لك مبذول
45,69de6742-e04e-488c-af43-c84e03863578,Burzoy To Write When Done,,,,,,فإذا أكملت ما تريده وأنت في بلد الهند كتبت إلينا بذلك وأسرعت الوفود إلى حضرتنا,فإذا أصبت حاجتك فاكتب إليّ في سرٍّ مكتوم وأقم مكانك حتي يأتيك إذًا إن شاء الله,فإذا أنت أكملت ما تريده وأنت في بلاد الهند كتبت إلينا بذلك وأسرعت الوفود إلينا,فإذا أنت أكملت ما تريده وأنت في بلاد الهند كتبت إلينا كتابًا بذلك وأسرعت الوفود إلينا,,,
46,d9aa72e1-0e52-4c5e-b452-9684d09295e3,Kisra Promises Reward,,,,,,فإنّا مجزلو عطيّتك ورافعو درجتك ومبلّغوك فوق ما أملته من دولتنا,,فإنّا نجزيك عطيّتك ونرفع درجتك ونبلّغك أمنيتك,فإنّا نجزل عطيّتك ونرفع درجتك ونبلّغك أمنيتك,,,
47,f92b7e8f-ebb5-4d92-8fa4-f5186a1efeb2,Kisra Advises Caution,,,,,,فبادر لما أُمرت واحفظ ما وُصّيت به وليكن من شأنك التثبّت والتأنّي في جميع أمورك,,فبادرْ إلى ما أُمرت واحفظْ ما وُصّيت به وليكن من شأنك التثبّت والتأنّي في جميع أمورك,فبادر إلى ما أُمرت واحفظ ما وُصّيت به وليكن من شأنك التثبّت والتأنّي في جميع أمورك,,,
48,088fd421-4895-40d7-a659-08039d4457f5,Burzoy Accepts,,,فسجد برزوية ودعا له ببلوغ قصده وسعادة جدّه وقال سمعًا وطاعة سأبذل مجهودي في طاعة الملك وأفعل ما أمر به إن شاء الله تعالى,,,فخرّ بروزيه ساجدًا وقال سمعًا وطاعة سيجدني المَلك كما أحبّ إن شاء الله,فقبل برزويه وصيّة كسرى بن قباد وضمن له *قضاء حاجته,قال فخرّ برزويه للملك ساجدًا وقال سمعًا وطاعة لأمر الملك ستجد فوق ما تحبّ إن شاء الله,قال فخرّ برزويه ساجدًا وقال سمعًا وطاعة ﻷمر الملك ستجد فوق ما تحبّ إن شاء الله تعالى,تعالى فقال برزويه عشت أيّها الملك دهر الداهرين سعيدًا ومُلّكت الأقاليم في خفض ودعة إنّما أنا من بعض صغراء عبيدك أيّها الملك وسهم من سهامك فليرم بي الملك حيث شاء من الأرض,فقال برزويه أيّها الملك عشت دهر الداهرين سعيدًا وملكت الأقاليم السبعة في حفظ ودعة إنّما أنا من بعض أصغر عبيدك وسهمًا من سهامك فليرم بي الملك حيث ما شاء من الأرض,قال بزويه عشت أيّها الملك دهرًا سعيدًا مالكًا لسائر الأقاليم في أرغد عيش وإنّما [ذكر] أنا عبد من عبيدك وسهم من سهامك فليأمر بي الملك [بي] حيث شاء
49,9853be69-a41b-4faf-93f9-da4aa295a946,Burzoy Requests Gathering,,,,,,,,بعد أن يأذن لي الملك أبقاه الله تعالى في مجلس يكون على رؤوس جنده وأعلم فيه أهل المملكة وخواصّ الدولة برفيع همّة الملك ونفاذ قريحته وما يندبني إليه وله,بعد أن [تأخذ] *يأذن لي الملك أبقاه الله تعالى في مجلس يكون على رؤوس جنده وأعلم فيه [[أهل]] أهل المملكة وخواصّ الدولة برفيع همّة الملك ونفاذ قريحته وما يدنيني إليه له,بعد أن تأذن لي أدام الله أيّامه في أحسن غبطة وسرور بأن تجعل لي مجلسًا قبل شخوصي <أعلم> فيه أهل مملكته ما استخصّني له ونوّه باسمي فيه,بعد أن يأذن لي أدام الله أيّامه في حسن غبطة وسرور أن يجعل لي مجلسًا قبل شخوصي يعلم فيه أهل مملكته ما استخصّني به وينوّه باسمي ممنّا عليّ بذلك,بعد أن يأذن لي الملك في مجلس يكون لي على رؤوس جنده أُعلم فيه أهل المملكة برفيع همّة الملك ونفاذ قريحته وما ندبني له
50,4001aa24-6cd7-43de-b43d-80c948085ac0,Kisra Sets Up Gathering,,,,,,,,فأجابه الملك إلى ذلك وجزاه خيرًا ووعده يومًا يكون فيه ما أراد ثمّ إنّ الملك أرسل إلى جميع البلاد برأيه وجمع أهل بلده وخواصّ دولته ثمّ أدعى ببرزويه الحكيم وأمر فنُصب له سريرًا مرتفعًا مكلّلًا باللآلئ والجواهر مصفّحًا بالذهب والفضّة ثمّ إنّه أفرغ *** سنيّة وتوّجه,فأجابه الملك إلى ذلك وجزاه الله تعالى خيرًا ووعده يومًا يكون فيه ما أراد ثمّ إنّ الملك أرسل إلى جميع البلاد يمجر أهلها وجمع أهل بلاده وخواصّ دولته ثمّ أدعى ببروزيه الحكيم وأمر فنصب له سريرًا مرتفعًا مكلّلًا باللآلئ والجواهر مصحّفًا بالذهب والفضّة ثمّ إنّه أفرغ برزويه الحكيم خلعة سنيّة وتوّجه بتاج من الذهب الأحمر مكلّلًا بالجواهر واللآلئ وأمره أن يرقى فرقى برزويه السرير,فقال له الملك قد أجبتك إلى ذلك فخرج برزويه من عند الملك فاستعدّ يومًا وجمع وجوه أهل مملكته وعامّتها ونصب له منبرًا ورقي عليه,قال له الملك قد أجبتك إلى ما طلبت وأذنت لك فيما سألت فافعل في ذلك بحسب ما ترى قال فخرج برزويه من عند الملك فرحًا مسرورًا فاستعدّ له الملك يومًا فجمع فيه وجوه مملكته وخاصّ دولته وعامّة رعيّته ونصب له منبرًا عاليًا فرقي عليه,فأجابه الملك إلى ذلك ووعده يومًا جمع له فيه أهلّ المملكة ونصب له فيها منبرًا مشرفًا فرقي برزويه عليه
51,03b9a4f6-01e4-46de-a855-ab93fc34b867,Burzoy Begins Speech,,,,,,,,,فحمد الله تعالى وأثنى عليه ثمّ قال أمّا بعد,فحمد الله وأثنى عليه ثمّ قال أمّا بعد,فحمد الله وأثنى عليه ثمّ قال أمّا بعد,فحمد الله عز ذكره وأثنى عليه ثمّ قال أمّا بعد
52,266f57cf-477a-435d-866a-89e128d1c6b1,Burzoy Tells Of Kisras Mission,,,,,,,,وأنّه ابتدأ وحضّني على استخراج هذا الكتاب من بلاد الهند ليدعه في مملكته ويتأدّبوا به رعيّته وأنا خارج في طلبه,وإنّه ابتدأ وخصّني باستخراج هذا الكتاب من بلاد الهند ليدعه في مملكته ويتأدّبوا به رعيّته وأنا خارج في طلبه,أن ابتدأني واستصحبني لاستخراج هذا الكتاب من بلاد الهند ومن أيدي علمائهم وأنا خارج من فوري هذا في طلبه إن شاء الله تعالى,رآني لإحضاره أهلًا وندبني له فعلًا,وأنّه انتدبني وشرّفني وخصّني باستخراج هذا الكتاب من بلاد الهند ليذيعه في مملكته وتتأدّب به رعيّته وأنا خارج من وقتي هذا في طلبه
53,d1e790be-b75d-4762-a59e-6cc0d2171ad4,Burzoys Speech Well Received,,,,,,,,فلمّا سمع أهل مملكته قوله فرحوا به فرحًا شديدًا ودعوا للملك بطول البقاء ودوام النعماء ولبرزويه بحسن السلامة والمعونة على ما طلب,فلمّا سمع أهل مملكته قوله فرحوا به فرحًا شديدًا ودعوا للملك بطول البقاء ودوام النعماء ولبروزيه بحسن السلامة والمعونة على ما طلب,فلمّا سمع أهل مملكته الملك بذلك فرحوا فرحًا شديدًا ودعوا للملك بطول البقاء ولبرزويه بالمعونة على ما خرج في طلبه,قال فلمّا تبيّن للملك ما فيه من النجابة فرح به فرحًا شديدًا,فلمّا سمع أهل المملكة قوله فرحوا فرحًا شديدًا ودعوا للملك بطول البقاء ودوام النعماء ولبرزويه بحسن السلامة والمعونة على ما طلب
54,7bb20520-dc68-40b4-a041-35456cc4d439,Astrologers Set Date,وأمر بإحضار المنجّمين فاختاروا له يومًا يسير فيه وساعة صالحة يخرج فيها,وأمر المنجّمين فوضعوا له ?رائحة واختاروا يومًا يسير فيه وساعة صالحة,ثمّ أمر الملك أنوشروان للمنجّمين أن يختاروا له يومًا يخرج فيه وساعة صالحة ففعلوا ذلك,ثمّ أمر الملك المنجّمين أن يختارون له يومًا يخرج فيه بساعة صالحة يتقدّم إلى المسير فيها ففعلوا ذلك,وتقدّم الملك إلى المنجّمين في اختيار يوم له يسير فيه وطالع محمود,ثمّ نهض إلى منزله فتخيّر من الأيّام أثبتها ومن الساعات أبركها وسار في اليوم المختار,أيّام تجهّز برزويه وتخيّر من الأياّم خيرها ومن السلكات أوفقها وأسعدها,وأمر الملك المنجّمين فاختاروا له طالعًا سعيدًا ويومًا محمودًا,وأمر الملك المنجّمين فاختاروا له طالعًا سعيدًا ويومًا محمودًا,فلمّا انقضى مجلسهم أمر الملك المنجّمين فوضعوا لبرزويه *زيجة تخيّروا له فيها يومًا يسير فيه وساعة صالحة,وأمر الملك عند ذلك المنجّمين أن ينظروا له يومًا سعيدًا يسير فيه وساعة صالحة مباركة,فأمر الملك للمنجّمين فاختاروا له طالعًا سعيدًا ويومًا محمودًا ففعلوا
55,280f01bc-886e-43a5-b4b8-0a20d9bfddd4,Burzoys Stipend,وحمل معه من المال عشرين جرابًا كلّ جراب فيه عشرة ألف دينار,فخرج وحمل معه من المال خمسين جرابًا في كلّ جراب عشرة آلاف دينار,وخرج برزوية ومعه من المال خمسين جرابًا في كلّ جراب عشرة آلاف دينار غير ما صحبه من الظرف والتحف,وخرج ومعه المال وجملة ذلك خمسين جرابًا في كلّ جراب عشرة آلاف دينار,فسار بروزيه وحمل معه من المال ثلاثين جرابًا في كلّ جراب عشرة آلاف مثقال من الذهب ومن الهدايا والتحف ما يسرّ اللبيب,,فأمره له معونة مائة ألف درهم مع ما أمر له من سائر أصناف الصرف والهدايا,فودّع الملك برزويه وسار وحمل معه من المال ما يحتاج إليه,فودّع الملك بروزيه وسار وحمل معه من المال ما يحتاج إليه,ثمّ إنّ برزويه ودّع الملك وخرج من عنده وحمل معه ما يحتاج إليه,وحمل معه من المال خمسة وعشرين جرابًا في كلّ جراب عشرة آلاف مثقال,وودّع الملك برزويه وسار وحمل معه من المال ما يحتاج إليه
56,c922d07b-4011-4bc7-a9c4-6018b70545de,Burzoy Travels To India,,,,,,فلم يزل تخفضه أرض وترفعه أخرى,ثمّ ودّعه وخرج نحو بلاد الهند,وخرج من يومه ذلك يطوي الأرض طيًّا ويقطع البراري والقفار والسهول والأوعار والأرض ترفعه تارة وتخفضه أخرى وهو مع ذلك لا يجد لسعيه تعبًا فأقام في الطريق عشرة أيّام,وخرج من يومه ذلك يطوي الأرض طيًّا ويقطع البراري والقفار والسهول والأوعار والأرض ترفعه وتخفضه وهو مع ذلك لا يجد له تعبًا فأقام في الطريق عشرة أيّّام,مجلسهم أمر الملك المنجّمين فوضعوا لبرزويه *زيجة تخيّروا,قال فخرج برزويه والمال معه وسار مجدًّا في السير يقطع الليل مع النهار,وخرج من وقته ذلك يطوي الأرض طيًّا لا يعرّج على شيء ولا يلوي عليه
57,dd3ba0ae-102a-40ed-aaf3-dc8dc9da69c6,Burzoy Inquires About Court,فلمّا قدم برزويه بلاد الهند طاف بباب الملك ومجالس السوقة وسأل عن خوّاص الملك والأشراف والعلماء والفلاسفة فجعل يغشاهم في منازلهم يتلقّاهم {بالمحبّة,فلمّا قدم برزويه بلاد الهند طاف بباب الملك ومجالس السوقة وسأل عن بوّاب الملك والأشراف والعلماء والفلاسفة فجعل يعاشرهم في مجالسهم ويتلقّاهم بالتحيّة ?والمسهلة,فلمّا قدم بلاد الهند طاف بباب الملك وجالس السوقة وسأل عن حجّاب الملك ومتسلّمين أبوابه وعن الأكابر من الحكماء [والفا] والفلاسفة وجعل يغشاهم في مجالسهم ومنازلهم ويتلقّاهم بالتحيّة والإكرام,فلمّا قدم بروزيه الحكيم إلى بلاد الهند طاف بباب الملك وجالس السوقة وسأل عن بوّاب المَلك والأشراف والعلماء والفلاسفة وجعل يغشاهم في مجالستهم ومنازلهم ويتلقّاهم بالتحيّة بباب الملك,فلمّا قدم الهند نزلها وقصد باب الملك فلقي به من عرف من المنجّمين والمتطبّبين ثمّ تخلّل مجلس الفلاسفة وجعل يغشاهم في مجالسهم ويقصد باب الملك في كلّ يوم فيسلّم على من أمكنه التسليم من أولياء الملك وحاشيته,حتّى قدم إلى بلاد الهند فأراح من وعثاء الطريق ثمّ أنّه طاف بباب المَلك وتخلّل مجالس السوقة وسأل عن قرابة المَلك والأشراف وعن العلماء والفلاسفة فجعل يغشاهم في منازلهم ويتلقّاهم بالتحيّة والمساءلة على باب المَلك,حتي إذا ورد فناء باب مَلك الهند تنكّر وتزيّن بزينة طلّاب العلم والخير ممّا في أيدي الناس والملوك فجعل برزويه ?سيصفح وجوه الأشراف والعلماء والوزراء حتّى تعرّف بهم وقرّب نفسه إليهم بعلمه وأدبه فلم يزل يعمل ويتلطّف للوزراء,فلمّا كان في اليوم الحادي عشر أشرف على أرض بلاد الهند فنزل بها وقعد حتّى استراح من تعبه وشعثه ثمّ دخل المدينة وطاف بباب الملك وابتدأ بمجالس السوقة فجعل يغشاهم في منازلهم ويلقاهم بالتحيّة والإكرام *والمساءلة عن باب الملك,فلمّا كان في اليوم الحادي عشر {قدم} على أرض بلاد الهند فنزل بها وقعد حتّى استراح *** وشعثه ثمّ دخل المدينة وطاف بباب الملك وابتدأ بمجالس السوقة فجعل يغشاهم في منازلهم ويلقاهم بالتحيّة والمسائلة عن باب الملك,حتّى قدم الهند فأطال بباب ملك الهند {المقام} وتخلّل محال السوقة وسأل عن أقرباء الملك والأشراف من أهل الهند وعلمائهم وفلاسفتهم فجعل يغشاهم في منازلهم ويلقاهم بالتحيّة والمساءلة عن باب الملك,فلمّا قدم برزويه بلد الهند طاف بباب الملك وتحلّل مجالس الأشراف والسوقة وسأل عن قرابة الملك والأشراف والعلماء والفلاسفة والحكمة وجعل يغشاهم في مجالسهم ويتلقّاهم بالتحيّة والتسليم,حتّى قدم الهند فطاف بباب الملك وتخلّل مجالس السوقة وسأل عن أقرباء الملك والأشراف من ملوكهم وعن علمائهم وفلاسفتهم فجعل يغشاهم في منازلهم ويلقاهم بالتحيّة والمسألة عن حال الملك
58,043f89f1-9014-48da-b9b8-24f40b48b9b5,Burzoy Meets Indian King,,,,,,,حتّى وصل إلى الدخول على ملوك الهند فلمّا دخل عليه قبّل يده ودعا له بدعاء عجِب منه المَلك فردّ عليه الملَك تحيّته وقرّبه وسأله عن أمره,,,,,
59,ffe1c47d-36f2-4b0e-9711-0321aca500cb,Burzoy Claim Study Trip,فيقولون إنّه رجل غريب قدم} بلادهم لطلب العلوم والأدب وأنّه {محبًا فأجابوه بجميع ما قلت من كلامه} ذلك,ويخبرهم أنّه رجل غريب قدم بلادهم يطلب العلم والأدب وأنّه محتاج إلى معاونتهم على ما يطلب من ذلك مع شدّة كتمانه لما قدم له,ويخبرهم أنّه رجل غريب قدم بلادهم لطلب العلم والأدب وأنّه محتاج إلى معاونتهم ممّا يطلبه من ذلك ويسألهم حسن المعونة في استفادة ذلك مع شدّة كتمانه لما قدم له وكنايته على ذلك لعدم اطّلاع الغير عليه,ويخبرهم أنّه رجل غريب قدم بلادهم لطلب العلم والأدب وأنّه محتاج إلى معاونتهم على ما يطلب من ذلك وسألهم التوفير على معونته في استفادة الأدب والحكمة مع شدّة كتمانه لما قدم له,ويخبرهم أنّه رجل غريب نائي البلد قدم بلادهم في التماس العلم والأدب عنهم وأنّه يحتاج إلى معونتهم إيّاه على ما قصد له من ذلك *ويسألهم إرشاده وإسعافه بحاجته وذلك مع شدّة كتمانه لما قد حاوله وإكنانه,ويخبرهم أنّه قدم بلادهم لطلب العلم والأدب وأنّه محتاج إلى معونتهم على ما طلب من ذلك ويسألهم إرشاده إلى حاجته مع شدّة كتمانه لما قدم له وكنايته عنه,فأخبره أنّه من عُلماء أهل فارس ومرازبتهم قال فما الذي جاء بك إلى هذه البلاد قال برزويه قدمت إلى بلادك أيّتها المَلك رجاء أن أقتبس منها علمًا وأدبًا فإنّه بلغني عن أرضك أنّ فيها من الحكماء وأهل الأدب ما ليس عندنا بأرض فارس وأنا أحبّ طلب الأدب,ويخبرهم أنّه رجل غريب وأنّه قدم إلى بلادهم في طلب العلم والأدب وأنّه يحتاج إلى معونتهم على ما طلب من ذلك ويسألهم إرشاده إلى حاجته مع شدّة كتمانه لما قدم لأجله وكنايته عنه,ويخبرهم أنّه رجل غريب وأنّه قدم إلى بلادهم في طلب العلم والأدب وأنّه يحتاج إلى معونتهم على ما طلب من ذلك ويسألهم إرشاده إلى حاجته مع شدة كتمانه لما قدم ﻷجله وكنايته عنه,ويخبرهم أنّه رجل غريب قدم بلادهم في طلب العلم والأدب وأنّه محتاج إلى معونتهم على ما طلب من ذلك ويسألهم إرشاده إلى حاجته مع شدّة كتمانه لما قدم له قاصدًا,ويخبرهم أنّه رجل غريب قدم بلادهم لطلب العلم والأدب وأنّه محتاج إلى معاونتهم له على طلب ذلك ويسألهم الرشد له في حاله والدعاء له ببلوغ آماله مع شدّة كتمانه لما له قدم ودفنه له,ويخبر أنّه رجل غريب قدم بلادهم في طلب العلم والأدب وأنّه محتاج إلى معونتهم على ما طلب من ذلك ويسألهم إرشاده إلى حاجته مع شدّة كتمانه لما طلب
60,61928fa3-aa3b-419d-aead-48878d0444ca,Indian King Permits Stay,,,,,,,فقال له المَلك أقم بمكانك فإنّي قد أذنت لك في المقام في جوارنا وما نعول ممّا نمنع منه أنفسنا فدعا له برزويه وخرج من عنده,,,,,
61,4c06b65a-56c1-49bc-917b-54103984cbf0,Burzoy Disguises Misson By Study,فلم يزل كذلك زمانًا طويلًا يتأدّب {من علمهم وفلسفتهم ولا أحدًا يعلم} بجميعه وكأنّه لا يعلم منه شيئًا وهو فيما بين ذلك يستر بغيته,فلم يزل بذلك زمانًا طويلًا يتأدّب من علماء الهند بما هو عالم بجميعه كأنّه لا يعلم شيئًا منه وهو فيما بين ذلك ينقر في السرّ عن بغيته وحاجته,فلم يزل كذلك يتأدّب معهم زمانًا طويلًا حتّى مهر وبرع في علومهم وحكمهم وهو مع ذلك يظهر لهم أنّ فهمه قاصر ولم يدرك شيئًا من العلم وأنّه متأسّف لذلك وهو فيما بين ذلك يجدّ في الطلب على بغيته وحاجته,ولم يزل كذلك يتأدّب زمانًا طويلًا بين علماء الهند بما هو عالم بجميعه ويظهر كأنّه لا يعلم شيئًا منه وهو ممّا بين ذلك سافر في السرّ عن بغيته وحاجته,فلم يزل كذلك زمانًا طويلًا فيحضر مجالس الفلاسفة والأشراف والسوقة *يسألهم عمّا يعلم ويتعلّم ما هو أعرف به ويفتّش في خلال ذلك سرًّا عن بغيته,فلم يزل بذلك زمانًا طويلًا يتأدّب بما هو أعلم به ويتعلّم من العلم ما هو ماهر فيه ويكني عن بغيته وحاجته,,ولم يزل على تلك الحالة زمنًا طويلًا يتأدّب بما هو أعلم به ويتعلّم من العلم ما هو فيه ويكنّي عن بغيته وحاجته,ولم يزل على تلك الحال زمنًا طويلًا يتأدّب بما هو أعلم به ويتعلّم من العلم ما هو فيه ويكتني عن بغيته وحاجته,فلم يزل بذلك زمانًا طويلًا يتأدّب بما هو به آدب ويتعلم من العلم ما هو به عالم *وينتبش في السّر عن بغيته وحاجته,فأقام لذلك زمانًا طويلًا يتأدّب بما هو له ماهر ويتعلّم من العلم ما هو به عالم ومع ذلك لا يفشي السرّ الذي جاء لطلبه ويبحث عن بغيته وحاجته,فلم يزل بذلك زمانًا طويلًا يتأدّب بما هو به ويتعلّم منهم ما لا يعلمه ويفتّش في السرّ عن بغيته وحاجته
62,56f66c9f-7340-49bd-bfc5-98123d9a8326,Burzoy Mingles With Indians,وحاجته واتخذ في تلك الحالة لطول مقامه أصدقاء كثيرة من الأشراف والعلماء والفلاسفة والسوقة ومن أهل كل طبقة ...,واتّخذ في تلك الحال أصدقاء كثيرة لطول مقامه بين الهند من الأشراف والسوقة والفقهاء والعلماء من أهل كلّ طبقة وصناعة,وكثر أصدقائه بينهم لطول إقامته عندهم واتّخذ مع الأشراف منهم والعلماء [والكما] والحكماء والسوقة وامتزج بهم وخالطهم على اختلاف طبقاتهم وعاشرهم على تباين أخلاقهم,واتّخذ أصدقاء كثير لطول مقامه في أهل الهند من الأشراف والسوقة والعلماء والفقهاء ومن أهل كلّ طبقة وصناعة,فاستفاد بطول مقامه من أهل الهند من الفلاسفة والأشراف والسوقة ومن أهل كلّ صنعة رجلًا,واتّخذ لطول لبثه وإقامته أصدقاء كثير من أهل الهند من الأشراف والسوقة وأهل كلّ صناعة,فجعل يختلف إلى الوزراء والعلماء ومن علم أنّ عنده شيئًا من الأدب رجاء أن يقع على كتاب كليلة ودمنة,ثمّ إنّه لطول مكثه وإقامته اتّخذ له أصدقاء كثيرة من أهل الهند من الحكماء والرؤساء والأشراف والسوقة وأهل المدينة,ثمّ إنّه لطول لبثه وإقامته *اتخذ له أصدقاء كثيرة من أهل الهند من الحكماء والرؤساء والأشراف والسوقة وأهل كلّ صنعة,واتّخذ بطول إقامته أصدقاء كثيرة من أهل الهند من الأشراف والسوقة والعلماء والفقهاء من كلّ صناعة,فاتّخذ من طول مقامه إخوانًا وأصدقاء كثيرة من أهل الهند من الأشراف ومن السوقة والعلماء والحكماء والفلاسفة والفقهاء ومن أهل كلّ,واتّخذ لطول إقامته أصدقاء كثيرة من أهل الهند وأشرافهم وسوقتهم وعلمائهم وأهل كلّ صناعة
63,d73f2979-cb30-4791-8eb4-01d35e5ff003,Burzoy Favorizes Learned Indian,,,,,,,,*** لما اختصّه دونهم بعظم الصداقة وكان يهدي إليهم من طرائف ما حمل معه,ثمّ إنّه اختار من بينهم واحدًا شريفًا عالمًا لما اختصّه دونهم بعظم الصداقة وكان يهدي إليه من ظرائف ما حمل معه,,,
64,84970a0f-e9cb-429a-be19-db0859d68a36,Burzoy Takes Pseudonym,,,,,,,وقال في نفسه ينبغي لي أن أفتخر على العلماء وأُسمّي نفسي المظفّر,وكان برزويه قد غيّر اسمه وتسمّى المظفّر,وكان بروزيه قد غيّر اسمه وتسمّى المظفّر وكان,,,
65,64a6da84-6664-4e40-a618-0011ddf62f16,Burzoy Becomes Famous,,,,,,,فعُرف به واشتهر باسمه وعقله وعلمه وأدبه فأقبل الناس من علماء الهند يأتونه فلمّا استأنس برزويه واطمأنّت به البلاد لم يكن همّته ولا فكره إلّا في طلب كتاب كليلة ودمنة,,,,,
66,29fee484-ad02-49fa-a25d-2b11c4f49ffb,Burzoy Chooses Friend,وكان قد اتّخذ من بين أصدقائه رجلًا واحدًا قد اتّخذ لسرّه وما يجب مشاورته فيه للذي ظهر له من فضله وأدبه واستبان له صحّة إخائه,وتخيّر من بين أصدقائه رجلًا واحدًا اتّخذه لسرّه لما ظهر له من فضله واستبان له من صدق إخائه,وتخيّر من بينهم رجلًا واحدًا اتّخذه موضعًا لسرّه وغمره من المال بما استمال به قلبه وملك به لبّه,وتخيرّ من بين أصدقائه كلّهم رجلًا واحدًا اتخذه لسرّه وما يحبّ مشاورته فيه للذي ظهر له من فضل أدبه وحسن عمله واستبان له حجّة إخائه,واختار من جميع أصدقائه وثقاته رجلًا كان صاحب سرّه وموضع مشورته أنس به ورأى عنده من الأدب *والفضل ما كان يستريح إليه في كلّ ما يهتمّ من أمره,واختصّ من جماعتهم رجلًا كان شريفًا عالمًا يُسمّى أزويه وكان صاحب سرّه ومشورته لما ظهر له من علمه وفضل أدبه وصحّ له من إخائه ومحض مودّته وفصاحة منطقه,,وكان اسم ذلك الرجل الهنديّ زويه وكان صاحب سرّه ومشورته لما ظهر له من علمه وصحّة مودّته وفصاحة منطقه,اسم ذلك الرجل الهنديّ زوبه وكان صاحب سرّه ومشورته لما ظهر له من علمه وفضله وصحّة مودّته وفصاحة منطقه,وانتقى من كلّ أصدقائه واحدًا هو كان صاحب سرّه ومشورته لما ظهر له من فعل صحة إخائه,صناعة وإنّه اصطفى من كثرة أصدقائه واحدًا كان صاحب سرّه واختصّه بمشورته لما ظهر له من فضل أدبه وحسن علمه وجودة فهمه,وابتغى من كلّ أصدقائه واحدًا كان صاحب سرّه ومشورته لما ظهر له من أدبه وعلمه وصحّة إخائه
67,1726e6d8-865f-4e2c-9c5b-6f9f7dc4f2ea,Burzoy Hides Mission From Friend,وكان يشاوره في الأمر ويرتاح إليه في جميع ما يدهمّه من الأمور إلّا أنّه كان يكتم منه الأمر الذي قدم من أجله,فكان يشاوره في الأمر ويرتاح إليه في جميع ما أهمّه من الأمور إلّا أنّه كان يكتمه الأمر الذي قدم له ممّا كان في نفسه,وكان يشاوره في جميع أموره غير أنّه لم يظهره على قصده الذي جاء في طلبه خوفًا من إذاعة سرّه وافشاء أمره وعدم التوصّل إلى غرضه,وكان يشاوره ويرتاح إليه في كلّ ما يهمّه من الأمور إلّا أنّه يكتمه الأمر الذي قدم له ممّا كان في نفسه,على أنّه كان يكتمه الأمر الذي قصد له فقط,وكان يشاوره في جميع أموره ويستريح إليه فيما يهمّه إلّا أنّه كان يكتمه الأمر الذي هو بغيته,,فكان ذلك الرجل يشاوره في جميع أموره ويستريح إليه فيما *يقضيه إلّا أنّه كان يكتمه الأمر الذي قدم هو لأجله,فكان ذلك الرجل يشاوره في جميع أموره ويستريح إليه فيما يقضيه إلّا أنّه كان يكتمه الأمر الذي قدم ﻷجله,إلّا أنّه يكتمه الأمر الواحد الذي هو بغيته,فكان يستريح إليه في جميع ما يهجم عليه من الأمور إلّا أنّه كان يكتمه الأمر الذي هو بغيته,فكان يشاوره ويستريح إليه في جميع ما يهجم عليه من الأمور إلّا أنّه يكتم الأمر الذي هو بغيته
68,21acfc24-6cb7-493a-8140-b207a7b61ff6,Burzoy Led To Books Owner,,,,,,,فبينما هو ذات يوم في بعض مجالس الهند إذ قيل له هذا صاحبك وموضع حاجتك الذي معه الكتاب الذي تطلبه فتوسّل إليه واعرفه حقّ معرفتك فإنّك تجد عنده ما تحبّ من حاجتك,,,,,
69,31a14048-ea63-423d-be14-86b444d9d76f,Burzoy Approaches Books Owner,,,,,,,فدنا برزويه من *الهنديّ فحيّاه بتحيّة راغب وشهر بذلك نفسه فردّ عليه الهنديّ فضْل تحيَّته فقال له الرجل الهنديّ مَنْ الرجل وما حاجتك وما أقدمك هذه البلاد فردّ عليه برزويه قدمت في حاجة لي وأنا أريد رجلًا استند إليه أمري وأخبره بحاجتي,,,,,
70,f3c4d783-e811-4452-9130-ce54951bef99,Burzoy Befriends Books Owner,,,,,,,فلمّا سمع الهنديّ كلام برزويه وما *أعلمه من حاجته أجابه الى ما يحبّ ووقعت بينه وبينه ملاطفة فجعل برزويه يهدي إلى الرجل من طُرَف بلاد فارس ممّا كان حمل معه من بلاد فارس وانقطع به ولاذ به وأنزله بالهنديّ حاجته ولم يزل برزويه في إكرام الهنديّ وإلطافه وإجلاله حتّى وقعت بينهما الحِشمة,,,,,
71,7a0ceecd-c573-43a3-acdb-44674ca4ec6a,Burzoy Gets K D,,,,,,,!فناله كتاب كليلة ودمنة فلمّا سمع الهندي كلام برزويه وما طلب إليه من الكتاب لم يجد بُدًّا من إجابته إلى نسخه,,,,,
72,3fe37057-7feb-497e-9c09-2d330bc53514,Friend Values Burzoy,,,,,,,فقال له الهنديّ قد أوجزت في القول وقصدت إليّ الحاجة ولم يخف عليّ حين رأيتك لبيبًا عاقلا أديبًا فاضلا حكيمًا حليمًا كاملا,,,,,
73,b2107f90-5764-4f06-8796-a567eb3ce267,Burzoy Vets Friend,لكي يبلوه ويختبره وينظر هل هو أهل أن يطلع على سرّه,لكي يبلوه ويختبره لينظر هل هو موضع يطلعه على سرّه فلم يزل يبحث عن ذات نفسه حتّى وثق به وعرف أنّه لما استُودع من السرّ موضع وفيما طُلب من احتمال مشقّة مساعد ولما سُئل مشفع,فلم يزل يستميله ويستخبره ويمتحنه ويقرب منه ويبعد عنه ويأخذ منه ما عنده حتّى يتحقّق منه الأمانة والوفاء وحسن الصداقة وغزارة العقل وعدم الإفشاء لسرّه والمبادرة إلى إدخال السرور عليه,[حتّى وثق به وعرف أنّه موضع لما يودع من الأسرار] فلم يزل ينتخب من ذات نفسه حتّى وثق به وعرف أنّه موضع لما يكتمه من الأسرار وفيما يطلب من احتمال مشقّة وساعد وبما يُستعان عليه معين مجتهد,وكان برزويه يبلو ما عنده ويستشيره ويجرّبه باللطف وينظر هل يراه موضعًا يطلعه على سرّه فلم يزل يبحث عن ذات نفس صديقه دهرًا حتّى وثق منه بصحّة طويّته وظاهر †كبا ... وأنّه لما استودع من السرّ كتوم وفيما يسأل محلًّا ولما طلب منه مسعفًا وعند الاستغاثة به مجتهدًا,وكان يتلوه باللطف لينظر هل يراه موضعًا لإطلاعه على سرّه فلم يزل يبحث عن ذات نفسه حتّى وثق به وعلم أنّه استودع من السرّ موضعًا وبما يسل مشفّع وفيما استعان به عليه مجتهد,,فكان يبتدئه باللطف لينظر هل يراه موضعًا لاطّلاعه على سرّه فلم يزل كذلك حتّى وثق به وعلم أنّه استودع السرّ موضعًا وثيقًا وأنّه لما يطلب منه منجزًا وفيما سُئل مشفّعًا وفيما استعان به مجتهدا فلمّا علم منه ذلك واستوثق به في كتمان سرّه,فكان يبدؤه باللطف لينظر هل يراه موضعًا ﻹطلاعه على سرّه فلم يزل كذلك حتّى وثق به وعلم أنّه استودع للسرّ موضعًا وثيقًا وأنّه لما يُطلب منه منجزًا وممّا سُئل مسعفًا وفيما يُستعان به منجدًا مجتهدًا فلمّا علم منه ذلك واستوثق به في كتمان سرّه,ويجرّبه باللطف وينظر هل يراه موضعًا للسرّ ويبحث عن ذات نفسه حتّى وثق وعرفه وعلم أنّه للسّر موضعًا وفيما سُئل مسعف وفيما استُعين به عليه مجتهدًا,وكان في طول مقامه *يبلوه ويجرّبه وينظر هل يراه موضعًا أن يطلعه على سرّه فلم يزل يبحث عنه ويجتهد في أمره حتّى وثق به وعرف أنّه لما يُستودع من السرّ موضعًا وفيما يُطلب منه محتملًا وفيما يُسأل عنه مسعفًا وفيما يستعين به عليه مجتهدًا,وكان يبلوه ويجرّبه باللطف وينظر هل يراه موضعًا أن يطلعه على سرّه يبحث على ذلك مدّته حتّى وثق به وعرفه وعلم أنّه لما استودع من السرّ موضع ولما يطلب محتمل وبما سُئل مسعفًا وفيما استعين به عليه مجتهدًا
74,2e416ccd-96a5-44ed-a3fa-7ca896e3b315,Burzoy Lavishes Gift On Friend,,,,فازداد له إلطافًا وبرًّا وكان ذلك اليوم الذي رجا فيه أن يظفر بحاجته قد أعظم النفقة مع طول الغيبة والتلطّف للإخوان ومجالستهم,فازداد به شغفًا وله إلطافًا وكان من ذلك اليوم الذي أنس من صديقه ما أنس أنفق النفقة العظيمة على الإخوان ومجالستهم على الطعام والشراب لطلب الثقات منهم بحاجته,فازداد له إلطافًا فكان في ذلك اليوم الذي رجا أن يكون قد ظفر بحاجته قد أعظم النفقة مع طول الغيبة وإلطاف الأصدقاء ومجالستهم على الطعام ومنادمتهم على الشراب لطلب الثقات منهم,,ازداد له لطفًا وكرامة وكان قد أعظم النفقة مع طول الغيبة إلطاف الأصدقاء ومخالطتهم على الطعام والشراب ومنادمتهم لطلب الثقات منهم,ازداد له إلطافًا وكرامة وكان قد أعظم النفقة مع طول الغيبة في إلطاف الأصدقاء ومجالستهم على الطعام والشراب ومنادمتهم لطلب الثقاة منهم,فازداد له إلطافًا وكان إلى ذلك اليوم الذي رجا فيه أن يكون قد ظفر بحاجته وقد أعظم النفقة مع طول الغيبة في إلطاف الإخوان ومجالستهم على الطعام والشراب طلب التقارب منهم لحاجته,فازداد له إلطافًا وكان إلى ذلك اليوم الذي *رجا فيه أنّه قد ظفر بحاجته مع عظم النفقة وطول الغيبة في إلطاف الإخوان ومجالستهم على الطعام والشراب وطلب الثقات منهم بحاجته والبلوغ إلى بغيته,فازداد له اسعافًا وإلطافًا وكان إلى ذلك اليوم الذي رجا فيه أن يكون قد ظفر بحاجته وقد أعظم النفقة مع طول الغيبة وفي إلطاف الإخوان ومجالستهم على الطعام والشراب لطلب الثقاة منهم لحاجته
75,ebd91986-b4bd-4af8-8bf3-5535e1230412,Burzoy Opens Up To Friend,,,,فلم يوطّن نفسه إلى أحد منهم إلّا إلى ذلك الصديق مع كثرتهم واختياره لهم,ولم يطمئنّ إلى أحد منهم ولم يجد عنهم رشدًا إلّا صديقه هذا,فلم يطمئنّ إلى أحد منهم إلّا إلى صديقه ذلك,,فلم يكن يطمئنّ إلى أحد منهم إلّا إلى صديقه ذلك,فلم يكن يطمئنّ إلى أحد منهم إلّا إلى صديقه ذلك,لم يطمئنّ إلى أحد منهم ممّن آخى إلّا صديقه الذي ذكرناه,فلم يطمئنّ إلى أحد ممّن واخاه ولم يسكن إلى أحد ممّن اصطفاه إلّا إلى صديقه الهنديّ الذي ذكرناه,فلم يطمئنّ إلى أحد ممّن آخى إلّا إلى صديقه الذي ذكرنا
76,867e6241-c8eb-4dc6-8dbe-712abe384161,Process Of Vetting Friend,,,,فأمّا ما كلّم به بروزيه صديقه المختار منهم وردّ عليه صديقه بعد أن عرف عقله وخبره,,عندما *ورد عليه وكيف فتّش عقله,,ورد عليه وكيف فتّش عقله,لما ورد عليه وكيف فتّش عقله,فأمّا ما كلّم به برزويه صديقه ذلك وردّ عليه وكيف فتّش برزويه عقله حتّى وثق به واطمأنّ إليه فهو أكثر من أن يحصيه كتاب أو يُكتب,قال فأمّا ما تكلّم به برزويه مع صديقه الهنديّ وما ردّ عليه من وفور عقله حتّى وثق به واطمأنّ إليه بسرّه فهو أكثر ممّا يحصيه أحد ويُكتب في كتاب,فأمّا ما كلّم به برزويه صديقه وردّه عليه وكيف فتّش برزويه عقله حتّى وثق به فأكثر من أن يحصيه كتابة
77,cac71beb-f2b9-4792-8d77-b0d480eae322,Burzoy Trusts Friend,,فلمّا وثق برزويه بصديقه,,ووثق به واطمأنّ إليه,فلمّا وثق بصديقه هذا الهنديّ واطمأنّ إليه,ووثق به واطمأنّ إليه,,حتّى وثق به واطمأنّ إليه,حتّى يوثق به واطمأنّ إليه,فلمّا توثّق برزويه بصديقه الهنديّ واطمأنّ إليه,قال فلمّا وثق برزويه بصديقه الهنديّ واطمأنّ إليه,فلمّا علم ما عنده وصحّت طويّته له
78,cc7e3fbb-b77f-4ebd-996b-b54d3cfddfd9,Friend Broaches Secret,,,,,,,,أن قال له يومًا وهما جالسان في خلوة يتحادثان يا أخي المظفّر إنّك قد أوليتني معروفًا جسيمًا وإنّي جدير بإسعافك بما تريد وقضاء حاجتك وإنّه ليعرض إليّ أنّ الأمر الذي قدمت له هو غير ما يظهر منك,أن قال له يومًا وهما جالسان في خلوة يتحادثان يا أخي يا مظفّر إنّك قد أوليتني معروفًا جسيمًا وإنّي جدير بإسعافك بما تريد وقضاء حاجتك وإنّه ليعرض إليّ أنّ الأمر الذي قدمت له هو غير ما يظهر منك,,,
79,07f14bc8-fdde-4139-a91b-50635010fd66,Burzoy Hints At Secret,فقال له يومًا وهما جالسان يا أخي ما أريد أن أكتمك من أمري فوق الذي كتمتك فاعلم أنّي لأمر قدمت وهو غير الذي يظهر منّي,قال له وهما جالسان يا أخي ما أريد أكتمك من أمري فوق الذي كتمتك فاعلم أنّي قدمت لأمر هو غير الذي ترى ممّا يظهر منّي,فشرع يفاتحه في بعض ما هو قصده فقال له يومًا يا أخي إنّي ما أريد أن أكتمك من أمري {فوق ما كتمتك} والآن أخبرك فوق ما أخبرتك وأعلمك أنّي ما قدمت إلى بلادكم إلّا لأمر ما وهو غير ما أنا مظهره لكم,فقال له وهما يومًا جالسان يا أخي ما أريد أن أكتمك من أمري فوق الذي كتمتك فاعلمْ أنّي ﻷمر ما قدمت بلادكم وهو غير الذي يظهر منّي,قال له يومًا يا أخي إنّي ما أريد أن أكتمك من أمرك فوق ما كتمتك فقد قيل إنّ السرّ إذا حدّث به الإنسان نفسه فقد أفشاه إليها فكيف إذا أفشاه إلى غيره وقد خبرت أنّ فيلسوفًا أراد أن يفشي إلى آخر سرًّا فقال له الآخر فأنت ممّن عليه الثياب أجدر خوفًا واعلمْ أنّي ما قصدت بلاد الهند لما تراه يظهر منّي,أن قال له يومًا وهما جالسان يا أخي ما أريد أن أكتمك من أمري شيئًا فوق ما قد كتمتك فاعلم أنّي لأمر جئت وهو غير ما ترى يظهر منّي,,فقال له برزويه ما أريد أن أكتمك من أمري شيئًا فوق ما كتمتك وأعلمك أنّي جئت لأمر وهو غير ما ترى فظهر منّي لك,فقال له بروزيه ما أريد أن أكتمك من أمري شيئًا فوق ما كتمتك وأعلمك أنّي جئت لأمر وهو غير ما يُرى فظهر منّي لك,قال له وهما خاليان يا أخي ما أريد أن أكتمك من أمري شيئًا فوق ما كتمتك واعلم أننّي لا آمن ما جئت له وهو غير ما ترى يظهر منّي,قال له وهما خاليان يا أخي ما أراني أن أكتمك من أمري فوق ما كتمتك ولا أستر عنك فوق ما سترت عنك إعلم أنّي جئت لأمر وهو غير ما ترى ممّا يظهر منّي,قال له برزويه يومًا وهما خاليان يا أخي ما أحبّ أن أكتمك من امري شيئًا أكثر ممّا قد كتمتك وقد تحققّت أنّي لك آمن ما حيّيت والأمر غير ما ظهر لك ولغيرك منّي
80,f76624c9-5830-4422-888f-5f8318fe0226,Signs Suffice For The Intelligent,والعاقل يكتفي من الرجال بالعلامات من نظره,والعاقل يكتفي من الرجل بالعلامات من نظره حتّى يعلم سرّ نفسه وما يضمر قلبه عليه,فالعاقل يكتفي من الرجل بعلامات من نظره فيفهم بذلك سرّ أخيه وما يكتمه عنه من خفيّ ضميره,والعاقل يكتفي من الرجل بعلامات من نظره حتّى يفهم سرّ نفس أخيه وما يكتم قلبه عليه,والعاقل الجيّد الفطنة يكتفي من الرجل بالعلامات عن نظره وإشارته بيده فيعلم به ما في نفسه وما يضمر قلبه,والعاقل يكتفى من الرجل بالعلامات الظاهرة فيه من نظره وإشارته بيده فيعلم سرّ نفسه وما يضمر عليه قلبه,والعاقل يكتفي من الكلام بالقليل,والعاقل يكتفي من الرجل بالعلامات الظاهرة فيه من نظرة وإشارته بيده فيعلم سرّ نفسه وما يضمر عليه قلبه,والعاقل يكتفي من الرجل بالعلامات الظاهرة فيه من نظره وإشارته بيده فيعلم سرّ نفسه وما يضمر عليه قلبه فقال,والعاقل يكتفي من الرجل بالعلامات من نظرة أو إشارة بيده أن يعلم سرّ نفسه وما يطمئنّ عليه قلبه,والعاقل يكتفي من الرجل بالعلامات من نظره وإشارته فيعلم سرّ نفسه وما يضمر عليه قلبه,والعاقل يكتفي من صاحبه بالعلامات في نظره وإشارة بيده فيعلم من نفسه وما ينطوي عليه قلبه ويُضمره
81,94e1a0fb-33d5-4574-bc83-0055753e61f9,Friend Aware Of Burzoys Secret,قال له الهندي إنّي وإن لم أكن بدأتك واخترتك بما جئت له وإيّاه أريد وإنّك تكتم أمرًا تطلبه وتظهر غيره فما خفي عليّ ذلك منك,قال الهنديّ إنّي ولم أكن بدأتك بما له جئت وإيّاه تريد فما خفي عليّ ذلك في أوّل مقدمك,فقال الهنديّ وهو يبتسم اعلم يا أخي أنّي لم أك جاهلًا عن علم ما قدمت به وما جئت بسببه إلى بلادنا وما إيّاه قصدته وكتمته وأظهرت ضدّه,قال الهنديّ إنّي لم أكن بدأتك وأخبرتك لما له قدمت بلادنا وإيّاه قصدت وكتمته وأظهرت ضدّه فما خفي عليّ ذلك منك,قال له إنّي وإن كنت إلى هذه المدّة لم أخبر لما جئت له وإيّاه طلبت وأنّك تكتم أمرًا تطلبه وأنت مظهر غيره فإنّه لم يكن يخفى عليّ,قال الهنديّ إنّي وإن كنت لم أُبدئك ولم أخبرك لما له جئت وإيّاه طلبت فإنّك تكتم أمرًا تطلبه وأنت تظهر غيره فإنّه لم يكن يخفى عليّ,,قال له الهنديّ إنّي وإن كنت لم أبدأك بضميرك ولم أخبرك بما له حيث جئت وإيّاه تطلب وأنّك تكتم أمرًا وتظهر غيره وأنّه لم يكن ليخفى عليّ,له الهنديّ إنّي وإن كنت لم أبدأك بضميرك ولم أخبرك بما له جئت وإيّاه تطلب وأنّك تكتم أمرًا وتظهر غيره وأنّه لم يكن ليخفى عليّ,قال الهنديّ إنّي وإن لم أكن بدأتك وأخبرتك بما له جئت وإيّاه طلبت وإنّك مخفي أمرًا تطلبه وإنّك مظهرًا غيره وإنّ ذلك لم يكن عنّي يخفى فاعلم ذلك,قال له صديقه الهنديّ عند ذلك إنّي وإن لم تكن بدأتني بذلك فإجابتي بما له جئت وإيّاه تطلب وإنّك تكتم أمرًا وأنت مظهر غيره فإنّه لم يخْف عنّي من ذلك ولا علمه,قال له الهندي إنّي وإن لم أكن بسرّك عارفًا وأخبرتك بما له جئت وإيّاه طلبت وأنت مظهر غيره فإنّ ذلك لم يكن عنّي مخفيّ فاعلم ذلك
82,7538a646-6d4f-4f14-8fce-7392d0c9a85d,Friend Shuns Confrontation,ولكنّي لرغبني في إخائك كرهت أن أواجهك به وإنّه قد استبان ما تخفيه منّي,لكن لرغبتي في إخائك كرهت أن أواجهك وإنّه قد استبان لي ما أنت مخفي,ولكن لرغبتي في إخائك ومحبّتي لذات نفسك كرهت أن أواجهك به من غير ابتداء منك وإنّه قد استبان عندي ما أخفيته عنّي,ولكن لرغبتي في إخائك كرهت أن أواجهك بأنّه قد ظهر ما كُتم وأنّه قد استبان لي ما أخفيته عنّي,ولكنّي لرغبتي في إخائك كرهت أن أوجهك به وإنّي قد ظهر لي ما تكتم وقد استبان لي ما أنت فيه وما تخفيه عنّي,ولكن لرغبتي في إخائك كرهت أن أواجهك فإنّه قد ظهر لي ما تكتم وأنّه قد استبان لي ما أنت فيه وما تخفيه,,ولكنّي لرغبتي في إجابتك كرهت أن أواجهك بأن قد ظهر لي ما تكتم وأنّه قد استبان لي ما تكتم وما أنت فيه وما تخفيه,ولكنّي لرغبتي في إخائك نزهت بأن أواجهك بأن قد ظهر لي ما تكتم وأنّه قد استبان لي ما أنت فيه وما تخفيه,ولكنّي أرغبتني في إخائك *وكرهت أفاتحك وإنّه قد ظهر لي منكتم واستبان لى ما أنت منّي له تخفي,لكن لرغبتي في إخائك *كرهت أن أواجهك بذلك لأنّه قد ظهر لي ما تكتم وبان لي ما أنت له تخفي,ولكنّي لرغبتي في إخائك كرهت أن أواجهك بأنّ قد ظهر لي ما تكتم وبان ما أنت له مُخف
83,f43092d1-ccd8-41d6-87d5-c210bc3e1cfe,Friend Infers Burzoys Secret,فأمّا إذ قد أظهرت ذلك وأفصحت به وبالكلام فيه فإنّي مخبرك عن نفسك ومظهر لك سريرتك ومعلّمك من حالك التي قدمت لها,فأمّا إذ ظهر وافتتحتني بالكلام فيه فأنا مخبرك ومظهر لك سريرة أمرك,فأمّا إذا بدأت بالكلام فيه فإنّي مخبّرك عن نفسك ومظهر لك سريرة أمرك,فأمّا إذا بدأت بالكلام فيه فإنّي مخبرك عن نفسك ومظهر لك سريرة أمرك,فأمّا إذا أفتحت الكلام فأنا مخبرك عن ضميرك ومظهر لك سريرة أمرك ومعلمك حالك الذي قدمت له,فأمّا إذا افتتحت الكلام فأنا مخبرك عن نفسك ومظهر لك سريرة أمرك ومعلّمك حالك الذي قدمت عليه,,فأمّا اذا افتتحت بالكلام فأنا مخبرك ومظهر لك سرائر أمرك ومعلمك حالك الذي قدمت لأجله,فأمّا إذا افتتحت بالكلام فأنا مخبرك ومظهر لك سرائر أمرك ومعلمك حالك الذي قدمت ﻷجله,فإذا [فإذا] فتحت الكلام فأنا مخبرك عن نفسك ومظهر لك سريرة أمرك ومعلمك ما *حاجتك التي قدمت لها,فأمّا إذ أفتحت الكلام فأنا مخبرك عن نفسك ومظهر لك سريرة أمرك وأعلمك عن سرّ حاجتك التي قدمت لها ووصلت لأجلها وأطلت المقام عليها,فأمّا إذا فتحت الكلام فإنّ مخبرك عن نفسك وسرّك ومعلمك ما حاجتك الذي قدمت لها
84,8b2ed303-69b3-4bec-86f0-932a9dd9009d,Friend Guesses Burzoys Mission,فإنّك قدمت بلادنا لتسلبنا كنوزنا النفسية فتذهب بها إلى بلادك وتسرّ بها ملكك وكان قدومك بالمكر والخديعة,فإنّك قدمت بلادنا لتسلبنا كنوزنا النفيسة فتذهب بها إلى بلادك وتسرّ بها ملكك وكان قدومك بالمكر ومصادقتك بالخديعة,وذلك أنّك قدمت إلى بلادنا [لدا] لتسلبنا كنوزًا نفيسة وذخيرة *ادّخرتها ملوك الهند في خزائنها فتذهب به إلى بلادك وتتحف بها إلى ملكك وكان قدومك بالمكر ومصادقتك بالخداع,وذلك أنّك قدمت بلادنا لتسلبنا كنوز أنفسنا فتذهب بها إلى بلادك وتسرّ بها ملكك وكان قدومك بالمكر ومصادقتك بالخداع,فإنّي أرك قدمت بلادنا لتسلبنا عن علومنا الرفيعة وكنوزنا النفيسة فتذهب بها إلى بلادك لتسرّ بها ملكك وكان !حصولنا عندنا لمكر ومصادقتك لنا لخديعة,فإنّك قدمت بلادنا لتسلبنا علومنا الرفيعة وكنوزنا النفيسة فتذهب بها إلى بلادك لتسرّ بها مَلكك وكان قدومك لمكر ومصادقتك بالخديعة,,فإنّك قدمت بلادنا لتأخذ علومنا الرئيسة وكنوزنا النفيسة فتذهب بها إلى بلادك لتسرّ بها ملكك وكان قدومك بالمكر ومصادقتك بالخديعة وإنّ الأمر الذي تطلبه قد أذعر نفسي وأدخل عليّ الخوف,فإنّك قدمت بلادنا لتأخذ علومنا الرئيسة وكنوزنا النفيسة فتذهب بها إلى بلادك ليسرّ بها ملكك وكان قدومك بالمكر ومصادقتك بالخديعة وإنّ الأمر الذي تطلبه قد أذعر نفسي وأدخل عليّ الخوف,وإنّك قدمت بلادنا لتسلبنا كنوزنا النفيسة فتذهب بها إلى بلادك تسرّ بها ملكك فكان قدومك بالمكر ومصادقتك بالخديعة,إنّما قدمت بلادنا وتوطّنت أرضنا إلّا طلبًا لكنوزنا النفيسة وعلومنا العجيبة فتذهب إلى بلادك فتشيّد بها ملكك فكان قدومك بالمكر ومصادقتك بالخديعة,وأنّك قد قدمت لتسلبنا كنوز علومنا النفيسة فتذهب بها إلى بلادك تسرّ بها ملكك فكان قدومك بالمكر ومصادقتك بالخديعة
85,115b22fa-2615-40e6-a814-d2e6ce394aba,Friend Stays Devoted To Burzoy,ولكنّي أنا رأيت صبرك ومواظبتك على طلب حاجتك والتحفّظ من أن يسقط منك الكلام مع طول مكثك عندنا بشيء يُستدلّ به على سريرتك وأمرك ازددت رغبة في إخائك وثقة بعقلك فأحببت مودّتك,ولكنّي لمّا رأيت صبرك ومواظبتك على طلب حاجتك والتحفّظ من أن تسقط في الكلام مع طول مدّتك عندنا بشيء يُستدلّ به على سريرتك وأمرك ازددت رغبة في إخائك وثقة بعقلك وأحببت مودّتك,ولكنّي لمّا رأيت تبصّرك بموارد الأمور ومصادرها ومواظبتك على طلب حاجتك ونيل بغيتك والتحفّظ من أن تسقط الكلام مع طول سكوتك وكتمانك فاستدللت بذلك على نجوى أمرك وخفيّ سرّك ووفور عقلك وكمال هيبتك ونجاح قصدك,ولكنّي لمّا رأيت صبرك ومواظبتك على طلب حاجتك والتحفّظ من أن تسقط في الكلام مع طول إقامتك فاستدللت بذلك على فحوى أمرك وازددت بذلك رغبة في إخائك وثقة بعقلك فأحببت مودّتك,ولكنّي لمّا رأيت صبرك ومواظبتك على طلب حاجتك وتحفّظك أن تسقط في الكلام في طول مكثك عندنا بشيء يُستدلّ به على سريرة أمرك ازددت رغبة في عقلك وأحببت إخاءك,ولكن لمّا رأيت صبرك وطول مواظبتك على طلب حاجتك وتحفّظك من أن تسقط في الكلام في طول لبثك عندنا بشيء نستدلّ به على سريرة أمرك ازددت رغبة في عقلك وأحببت إخائك,,ولكن لمّا رأيت صبرك ومواظبتك على طلب حاجتك وتحفّظك أن تسقط في طول مكثك عندنا استدللت به على سريرة أمرك وازددت رغبة في عقلك وأحببت إخاءك,لمّا رأيت صبرك ومواظبتك على طلب حاجتك وتحفّظك أن تسقط في طول مكثك عندنا استدللت به على سريرة أمرك وازددت رغبة في عقلك أوجبت إخاءك,ولكنّي لما رأيت صبرك ومواظبتك على طلب حاجتك والتحفّظ <من> سقط الكلام طول مكثك عندنا بشيء يُستدلّ به على سرّ أمرك فازددت رغبة في عقلك وأحببت مؤاخاتك,لكنّي لمّا رأيت صبرك وحسن مواصلتك بشيء تستبدل به على سرّ أمرك ازددت رغبة في عقلك ومؤاخاتك,ولكنّي لمّا رأيت برّك ومواظبتك على طلب حاجتك والتحفّظ من سقط الكلام مع طول مكثك عندنا بشيء تستدلّ به على سرّ أمرك ازددْت رغبة في إخائك وعقلك وأحببت مؤاخاتك
86,00ef3193-0798-4d87-b805-b81f697da0de,Friend Distinguishes Burzoy,فإنّي لم أر في الرجال رجلًا هو أرصن منك عقلًا ولا أحسن أدبًا ولا أصبر على طلب العلم ولا أكتم بسرّه منك ولاسيّما في بلاد غربة ومملكة غير مملكتك وعند قوم لا تعرف سنّتهم,فإنّي لا أعلم أنّي رأيت في الرجال رجلًا هو أرصن عقلًا منك ولا أكتم لسرّه منك ولا سيّما في بلاد غربة ومملكة غير مملكتك وعند قوم لم تعرف سنّتهم وأمرهم,فإنّي لا أعلم رجلًا من الرجال هو أصبر منك ولا أثبت حالًا ولا أغرز عقلًا ولا سيّما وأنت في بلاد غربة ومملكة غير مملكتك [صاحبك] وعند قوم لا تعرف أخلاقهم ولا تدرك أسرارهم وأحوالهم,فإنّي لا أعلم أنّي رأيت من الرجال رجلًا هو أصبر وأوزن عقلًا منك ولا أحسن أدبًا ولا أكتم أمرًا منك ولا سيّما في بلاد غربة ومملكة غير مملكة صاحبك وعند قوم لا تعرف أسرارهم وأحوالهم وأمورهم,ولا أعلم أنّي رأيت رجلًا أعقل وأحسن أدبًا ولا أصبر على قضاء حاجته ولا أكتم للسرّ منك ولا أحسن خلقًا ولا سيّما في بلاد غربة ومملكة غير مملكتك وعند قوم لست من طبيعتهم ولا تعرف سيمتهم وأخلاقهم,ولا أعلم أنّي رأيت أرزن منك عقلًا ولا أحسن أدبًا ولا أصبر على طلب حاجته ولا أكتم للسرّ منك ولا أحسن خلقًا ولا سيّما في بلاد غربة ومملكة غير ممكلتك وعند قوم لم تكن تعرف سُنّتهم ولا أمرهم,,ولا أعلم أنّي رأيت رجلًا أرزن منك عقلًا ولا أحسن أدبًا ولا أصبر على حاجة ولا أكتم سرًّا منك ولا أحسن خلقًا ولا سيّما في بلاد غريبة ومملكة غير مملكته وعند قوم لم تكن تعرف سنّتهم ولا أمرهم,فلا أعلم أنّي رأيت رجلًا أرزن منك عقلًا ولا أحسن أدبًا ولا أصبر على حاجة ولا أكتم سرًّا منك ولا أحسن خلقًا ولا سيّما في بلاد غريبة ومملكة غير مملكته وعند قوم لم تكن تعرف نسبهم ولا أمرهم,فإنّي لا أعلم أنّني رأيت من الرجال رجلًا هو أرضى عقلًا منك ولا أحسن أدبًا ولا أصبر على طلب حاجة ولا أكتم للسرّ منك ولا سيّما في بلاد غربة وعند قوم لم تكن عرفت شيمتهم,فإنّي لا أعلم أنّي رأيت رجلًا من الرجال هو أرضى وأكتم للسرّ منك ولا سيّما في بلاد غربة وفي مملكة غير مملكتك وعند قوم لم تكن عرفت سنّتهم وجملة [[أرضهم]] أمرهم,فلمّ أر من الرجال رجلًا هو أرضى عقلًا منك ولا أحسن أدبًا ولا أصبر على طلب حاجة ولا أكتم لسرّ منك ولا سيّما في بلاد الغربة ومملكته غير مملكتك وعند قوم لم تعرف سيمتهم ولا مذاهبهم
87,87fe6451-cacb-4913-9019-6ae9cd539299,Traits Of Prudence,وإنّ عقل الرجل ليبين في ثمان خصال منهما الرفق والثانية أن يعرف الرجل نفسه فيحفظها والثالثة طاعة الملوك والتحرّي لما يسخطهم,وإنّ عقل الرجال ليبين في ثمان خصال أنا مفسّرها لك إن شاء الله تعالى الأولى الرفق والتلطّف والثانية أن يعرف الرجل نفسه فيحفظها والثالثة طاعة الملوك وتحرّي ما يُرضيهم,وأمّا عقل الرجل الكامل يظهر منه في ثمان خصال الأوّل الرفق واللّطف وأن يعرف نفسه فيحفظها الثاني طاعة الملوك *والتحرّي لمرضاتهم,وإنّ عقل الرجل الرجل يتبيّن في ثمان خصال الأولى الرفق واللطف الثانية أن يعرف نفسه فيحفظها الثالثة طاعة الملوك والتحرّي لمراضيهم,فإنّ عقل الرجل يتبيّن بحفظ اللسان في ثمان خصال فالأولى في التلطّف والرفق والثانية أن يعرف الرجل نفسه ويحفظها والثالثة طاعة الملوك وتحرّي ما يرضيهم,واعلم أنّ عقل الرجل يستبين في أمور ثمان الأولى منها الرفق والتلطّف والثانية أن يعرف الرجل نفسه ويحفظها والثالثة طاعة الملوك وتحرّي ما يرضيهم,وإنّما يُعرف فضل الرجل فى خصال أنا مفسّرها لك إن شاء الله تعالى *فاسمع منّي أمّا واحدة فما يُرى من حكمته ومروءته والثانية تحفّظه وتحرّزه والثالثة مناصحته وطاعته للملوك,واعلم أنّ عقل الرجل يتبيّن في ثمان خصال الأوّل في حسن الرفقة الثاني في طاعة الملوك وفعل ما يرضيهم والثالثة أن يعرف قدر نفسه,واعلم أنّ عقل الرجل يبين في ثمان خصال الأولى في حسن الرفقة والثانية في طاعة الملوك وفعل ما يرضيهم والثالثة أن يعرف قدر نفسه,وإنّ عقل الرجل يستبين في هذه الخصال الثمانية الأولى الرفق واللطف والثانية أن يعرف الرجل نفسه ويحفظها والثالثة طاعة الملوك وتحرّي مرضاتهم,وإنّ عقل الرجل يتبيّن في هذه الخصال الثمان أوّلها الرفق واللطف والثانية تعرُّف الرجل قدر نفسه فيحفظها والثالثة طاعة الملوك ويجري فيما يرضيهم,وإنّ عقل الرجل يستبين في ثلاثة عشر خصلة الأولى اللطف والرفق ومعرفة النفس وحفظها وإطاعة الملوك واتّباع ما يرضيهم
88,d3e7dda0-9129-4faa-a1f1-33a93710b902,Traits Of Secrecy And Speech,والرابعة معرفة الرجل موضع سرّه وكيف ينبغي أن يطّلع عليه صديقه والخامسة أن يكون على أبواب الملوك أديبًا ملق اللسان والسادسة أن يكون لسرّه وسرّ غيره حافظًا والسابعة أن يكون على لسانه قادرًا فلا يتكلّم إلّا بما يأمن تبعته والثامنة إن كان في المحفل لا يتكلّم إلّا بما يُسأل عنه,والرابعة معرفة الرجل موضع سرّه كيف ينبغي أن يطلع عليه صديقه والخامسة أن يكون على باب الملوك أديبًا ملق اللسان والسادسة أن يكون لسرّه وسرّ غيره حافظًا والسابعة أن يكون على لسانه قادرًا فلا يطلع من كلام إلاّ ما يأمن تبعته والثامنة إذا كان في مجلس فلا يتكلّم بما لا يُسأل عنه,الثالث معرفة موضع سرّه الرابع كيف ينبغي أن يُطلع صديقه عليه الخامس أن يكون كثيرًا للأدب ماضي اللسان السادس أن يكون حافظًا لسرّه وسرّ غيره السابع أن يكون حافظًا لسانه ليأمن عثرة كلامه الثامن أنّه لا يتكلم بما لا يُسأل عنه ولا يظهر من أموره ما يندم عليه,الرابعة معرفة موضع سرّه وكيف ينبغي أن يطلع عليه الخامسة أن يكون على أبواب الملوك أديبًا ماضي اللسان السادسة أن يكون لسرّه وسرّ غيره حافظًا السابعة أن يكون على لسانه قادرًا فلا يطلع بالكلام إلّا ما يبين به بغيته الثامنة أنّه إذا كان في المحفل لم يتكلّم بما لم يُسأل عنه ولم يظهر من الأمور ما يندم عليه,والرابعة معرفة الرجل بموضع سرّه كيف ينبغي أن يُطلع عليه صديقه والخامسة أن يكون على أبواب الملوك صبورًا ذا أدب ولسان ملق والسادسة أن يكون على لسانه قادرًا فلا ينطق إلّا بما قد روّى فيه نفسه وعقله ولا ينطق به إلّا على ثقة والسابعة أن يكون لسرّه وسرّ غيره حافظًا كتومًا والثامنة لا يتكلّم في المحافل إلّا بما قد سُئل عنه ولا يظهر من الأمر ما يندم عليه,والرابعة معرفة الرجل بموضع سرّه وكيف ينبغي أن يطّلع عليه صديقه والخامسة أن يكون على أبواب الملوك حمولًا أديبًا ملق اللسان والسادسة أن يكون لسرّه ولسرّ غيره حافظًا والسابعة أن يكون قادرًا على لسانه فلا يلفظ من الكلام إلّا ما قد روي فيه وقدّره والثامنة إذا كان في المحفل لم يجب إلّا بما يُسئل عنه ولم يظهر من الأمر إلّا ما يجب عليه,والرابعة استيداعه سرّه من يحفظه عليه من أخلّائه ولا يذيعه ولكنّه يرعاه ويكتمه ولا يبوح به وإن هُجر وأُقصي والخامسة أن يغشى أبواب الملوك في هيئة وزينة وحيلة وطلب علم والسادسة أن يقمع هواه يزجره عن الكلام فيما لا يعنيه والسابعة أن لا يسقط في مجالس الأخيار منزلة أحد بالغيبة والثامنة أن لا ينطق بالكذب والخناء وأن يعرف ما يُلزمه من عيب ذلك ومضرّته ونفعه,,والرابعة معرفة الرجل بموضع نفسه وسرّه وكيف ينبغي أن يطّلع عليه صديقه والخامسة أن يكون على أبوب الملوك أديبًا ملق اللسان والسادسة أن يكون قادرًا على لسانه فلا يلفظ منه إلّا بما يراه صوابًا والسابعة أنّه لا يجيب إلّا بما سُئل عنه والثامنة أن يظهر من الأمر ما يَثبت عليه,والرابعة معرفة الرجل سرّ نفسه كيف ينبغي له أن يطلع عليه صديقه والخامسة أن يكون على أبواب الملوك أديبًا جليلًا ملق اللسان *والسادسة أن يكون لسرّه ولسرّ غيره حافظًا والسابعة أن يكون على لسانه قادرًا ولا يطلع من الكلام إلّا ما قدّره وأرفده على الثقة والثامنة إذا كان في المحفل لم يجب عمّا ليس يُسئل عنه ولم يقبل ما ليس يستيقنه ولم يظهر من الأمر إلّا ما <لا> يندم عليه,والرابعة معرفة الرجل بموضع سرّه وكيف ينبغي له أن يطلع عليه صديقه والخامسة أن يكون على أبواب الملوك أديبًا طلق اللسان والسادسة أن يكون لسرّه وسرّ غيبه حافظًا والسابعة أن يكون على لسانه قادرًا لا يطلع من الكلام إلّا ما قد روى فيه وقدّره ولا يطلعه إلّا على الثقة والثامنة أن لا يتكلّم إذا كان في المحفل عمّا لم يُسأل عنه ولا يقل ما لم يعلم ولا يظهر من الأمر ما يندم عليه,ومعرفة الرجل موضع سرّه والصبر في جميع أمره وكيف ينبغي أن يطلع على صديقه وأن يكون على أبواب الملوك أديبًا حلوًا ملق اللسان وأن يكون حافظًا لسرّه وسرّ غيره وأن يكون قادرًا على لسانه ولا يتكلّم إلّا بقدر حاجته ولا يرسله إلى غير الثقة ولا يسأل عمّا لا يُسأل عنه ولم يقل ما لا يتيقنه ولم يُظهر من الأمر ما [لم] يندم عليه
89,135457dd-ed52-4309-9824-ca4aa78aa616,Traits Ensure Safety,فمن اجتمعت فيه هذه الخِصال كان هو الداعي على الخير إلى نفسه,,,فمن اجتمعت هذه الخصال كلّها فيه كان هو الداعي إلى نفسه الجامع لها الخيرات,فمن اجتمعت فيه هذه الخصال كان هو السبب لنفسه إلى كلّ خير والداعي إلى كلّ ربح والمباعد لها من الشرّ والخسران,ومن اجتمعت فيه هذه الخصال الثمانية كان هو الداعي إلى نفسه الخير والربح والتجنّب لنفسه الشرّ والحيران,فهذه الثماني خصال تزين ولا تشين وينفعن ولا يضرّون,,فمن اجتمعت فيه هذه الخصال الثمانية كان هو الداعي إلى نفسه الخير والمتجنّب عن نفسه الشرّ,فمن اجتمعت فيه هذه الخصال كان هو الداعي إلى نفسه الربح والخير والمتجنّب الشرّ والخسران,فمن اجتمعت فيه هذه الخصال كان هو الداعي إلى نفسه الربح والخير ومع فقدها يكون المجتلب للشرّ والخسران,فمن اجتمعت فيه هذه الخصال كان هو الراعي إلى نفسه الربح والخير والمتجنّب السوء والخسران
90,4e97bf64-fe4f-4ef3-828f-a5a03bd1db96,Burzoy Has These Traits,وهذه الخصال كلّها قد اجتمعت فيك وبانت لي منك,وقد استبانت لي هذه الخصال كلّها فيك ووضحت لي منك,وقد جُمع ذلك فيك,وهذه الخلال كلّها قد اجتمعت فيك,يندم عليه,وقد كملت هذه الخصال بأسرها وهي بيّنة ظاهرة فيك,وأنت يا أخي مُظفّر فيك هذه الخصال المحمودة,,وقد كملت فيك هذه الخصال بأسرها وهي بيّنة فيك ظاهرة عليك,وهذه الخصال كلّها قد استبانت لي فيك وصحّت لي منك,وهذه الخصال كلّها قد بانت لي فيك ووضحت لي منك,وهذه الخصال كلّها قد بانت لي فيك وصحّت منك
91,4981d6d4-3512-4a0e-9ae4-f302fe96c149,Burzoy Came To Steal Indian Knowledge,فالله تعالى يحفظك ويعينك على ما قدمت له بمصادقتك إيّاي ليسلبني كنزي وفخري وعلمي,فالله يحفظك ويعينك على الذي قدمت له,وإنّما صحبتك لي ومصادقتك إيّاي إنّما هي لتسلبني رتبتي وفخري وعلمي وأدبي,وإنّك أجمعت على أن تصافي خلًّا يحفظك ويعينك على الذي قدمت له ومصادقتك إيّاي إنّما هي لتسلبني رأيي وفخري وعلمي وأدبي,والله يحفظك ويبقيك يا صديقي الذي قدم عليّ وصادقني ليسلبني زينتي وفخري,,,,,فالله يحفظك يا صديقي ويعينك والذي قدمت لها وصادقتني من أجلها سلب ديني وفخري وعلمي,فالله يحفظك ويعينك على ما قدمت له ويظفرك ببغيتك فإنّك إنّما صادقتني لتسلبني فخري وعلمي,فالله يحفظك يا صديقي ويعينك على الحاجة التي قدمت إليها وصادقتني من أجلها وهي سلب ديني وعلمي وفخري
92,a9db497d-1c9f-4cd8-84d9-352ee6efacc6,Burzoy Deserves Help,فإنّك أهلًا بأن تسعف بحاجتك وتشفّع بطلبتك وتُعطى سؤلك,فأنت أهل أن تُسعف بحاجتك وتُشفع بطلبتك وتُعطى سؤالك,وإنّي أعلم أنّك أهل أن تُسعف بحاجتك وتُساعد على طلبتك ونيل بغيتك,قال اعلم أنّ من كان مثلك من الرجال واجتمعت فيه هذه الخلال أهلًا أن يُسعف بحاجته ويُساعد على طلبته وبغيته,ولعمري إنّ مثلك من الرجال الذين قد اجتمعت فيهم هذه الخصال المحمودة لأهلّ أن يُسعف بحاجته,ومن اجتمعت فيه هذه الخصال شُفّع في طلبته وأُسعف بحاجته,فلذلك أوجزت في القول وأنت في الحاجة إليّ فيما قصدت ولا بدّ من إسعافك بما طلبت,,ومن اجتمعت فيه هذ الخصال تُشُفّع في طلبه وأُسعف في حاجته,فإنّي قد علمت أنّ مثلك وقد اجتمعت هذه الخصال الثمانية فيه أهل أن يُسعف بحاجته ويُعطى سؤله,وإنّي قد علمت أنّ مثلك من الرجال الذي قد اجتمعت فيه هذه الخصال الثمان أهلًا أن يُسعف بحاجته ويُشفع في طلبته ويُعطى سؤله,وقد علمت أنّ مثلك إذا اجتمعت فيه هذه الخصال أهل أن يُسعف بحاجته ويُشفّع في طلبته ويُعطى سؤله
93,cc709324-0d54-4a62-a0d3-6f06150c4bfd,Friend Is Afraid,,ولكنّ حاجتك التي تطلب قد أذعرت نفسي وأدخلت الخشية والفرق عليّ,ولكنّ حاجتك التي طلبتها ورغبت فيها قد ملأت قلبي رعبًا [وأد] *وأذعرت نفسي وأدخلت الخشية والفرق عليّ,ولكنّ حاجتك الذي أنت لها طالب وفيها راغب قد أذعرت نفسي وأدخلت الخشية والفرق عليّ,لكنّ حاجتك قد *أرعبت قلبي وأدخلت عليّ الخوف والوحشة,وإنّ حاجتك التي تطلب قد أرعبتني وأدخلت عليّ الوحشة والخشية ونسأل الله السلامة,فأنا أدفع إليك هذا الكتاب في خطر عظيم وأخاف العطب على نفسي والهلاك,,وإنّك لحاجتك التي طلبتها قد أرعبتني وأدخلت عليّ الوحشة والخشية,ولكنّ حاجتك التي تطلب قد أدغنته نفسي وأدخلت الفرق عليّ والخوف,وأمّا حاجتك التي طلبت إنّما رغّبت نفسي وأدخلت عليّ الفرق والخشية,مع أنّ حاجتك التي تطلب قد عذّبت نفسي وأدخلت عليّ الفرق والخشية
94,3dfe71f6-850c-4b93-9e2a-575345c69570,Friends Share Everything,لا شيء أفضل من المودّة ومن خلصت مودّته كان أهلًا أن يخلطه الرجل بنفسه ولا يدّخر عنه شيئًا ولا يكتمه سرًا,ولكن لا شيء أفضل من المودّة فمن خلصت مودّته كان أهلًا أن يخالطه الرجل بنفسه ولا يذّخر عنه شيئًا ولا يكتمه سرًّا,لا شيء أفضل من المودّة ومن أخلصت مودّته كان أهلّا أن يستخلصه الرجل لنفسه ولا يخفي عنه شيئًا ولا يكتمه سرًّا,الهنديّ لا شيء أفضل من المودّة ومن خلصت مودّته كان أهلًا أن يخلصه الرجل لنفسه ولا يدّخر عنه شيئًا ولا يكتمه سرًّا,لا شيء أفضل من المودّة ومن خلصت مودّته كان أهلًا أن يخالطه الرجل بنفسه فلا يؤخّر عنه شيئًا ولا يستر عنه أمرًا,,,لا شيء أفضل من المودّة ومن كانت له مودّة كان أهلًا أن يُخلصه الرجل بنفسه ولا يدع عنه شيئًا من الأدب,لا شيء أفضل من المودّة ومن كانت له مودّة كان أهلًا أن يخلّصه الرجل بنفسه [[ولا]] ولا يدّخر عنه شيئًا من,لا شيء أفضل من المروءة ومن كانت له مروءة كان أهلًا أن نجا له الرجل بنفسه,لا شيء أفضل من المودّة فمن كانت له مودّة كان أهلًا أن يخالطه الرجل بنفسه ولا يكتمه شيئًا عنده ولا يمنعه مراده إذا أمكنه ذلك,لا شيء أفضل من المودّة ومن كانت له مودّة كان أهلًا أن يخلطه الرجل بنفسه ولا يدّخره شيء عنده
95,a039339f-8022-4f31-bb70-356437b5b2ac,Friend Is Loyal Despite Deceit,,,فلمّا عرف برزوية أنّ الهنديّ قد عرف وتحقّق أنّ صحبته إيّاه كانت مكرًا وخداعًا وحيلة لطلب حاجته وأنّه قد أنزل به ذلك,فلمّا علم بروزيه أنّ الهندي قد عرف أنّ مصادقته إيّاه كانت مكرًا وحيلة لطلب حاجته وأنّه قد أنزل به ذلك من مودّته,فلمّا عرف بروزيه أنّ الهنديّ قد وقف على أنّ مصادقته إيّاه كانت على طريق مكر وحيلة لطلب حاجته وقد أنزل ذلك منزلة اختلاس لحكمه وعلمه وأنّه لم يزجره ولم ينتهره لكنّه ردّ عليه ردًّا ليّنَا حسنًا كردّ الأخ إلى أخيه باللين والإسعاف فاطمأنّ إليه,فلمّا سمع بروزيه بذلك,فلمّا سمع برزويه هذه المقالة من الهنديّ,,فقال برزويه لمّا علمت أنّ *الهندّي قد علم أنّ مصادقتي له كانت مكرًا وحيلة لطلب حاجتي أخفيت ذلك منه على اختلاس وسكتّ ولم أشهره بل رددت عليه ردًّا ليّنًا,ثمّ إنّ برزويه لمّا علم أنّ الهنديّ قد عرف أنّ مصادقته كانت مكرًا وحيلًا لطلب حاجته وقد أنزل ذلك منه أنّه اختلاسًا وسلبًا فلم يزجره ولم ينهره ولكنّه ردّ عليه ردًّا جميلًا ليّنًا كردّ الأخ على أخيه,قال ثمّ إنّ برزويه لمّا عرف أنّ الهنديّ قد عرف أنّ مصادقته كانت مكرًا وخديعة لطلب حاجته ولم يزجره ولم ينتهره ولكن ردّ عليه ردًّا ليّنًا كردّ الأخ على أخيه باللين [[والتط]] والتلطّف,فلمّا عرف برزويه أنّ الهندي قد عرف أنّ مصادقته كانت مكرًا وحيلًا لطلب حاجته وقد أنزل ذلك منه أنّه اختلاس وسلب لم يعتب عليه بل ردّ عليه ردّ الشاكرين والأخ على أخيه باللين والإسعاف والاطمئنان
96,3057dd2f-1003-4ced-b493-1f01e42b32b1,Burzoy Sure Of Success,,,,,ووثق بنجاح حاجته,تيقّن أنّه قد ظفر بحاجته,علم أنّه قد ظفر بحاجته ونال بغيته,,ﻷنّه علم وتحقيق بقضاء حاجتي,ووثق بقضاء حاجته واطمأنّ بالإسعاف بطلبه,ووثق بقضاء حاجته,ووثقّ بقضاء حاجته
97,55d5b6f3-cef3-421b-8894-d17a88a4be38,Burzoy Had Prepared Argument,فقال له برزويه وإنّي قد كنت هيأت كلامًا كتابًا وشعبت له شعوبًا وأنشأت له أصولًا وطرقًا,,قال اعلم يا أخي أرشدك الله تعالى أنّي كنت قد هيّأت لهذا الأمر كلامًا كثيرًا ووضعت له أصولًا وشعّبت له شعوبًا وأنشأت له مخارجًا وطرقًا,قال اعلم أخي أرشدك الله أنّني قد هيّأت لهذا الأمر كلامًا كثيرًا وضعت له أصولًا وشعّبت له شعوبًا وأنشأت له مخارجًا وطرقًا,فقال برزويه للهنديّ إنّي كنت هيّأت كلامًا كثيرًا ووضعت له مقدّمات وأصولًا وشعّبت له شعوبًا وأنشأت له غصونًا وسجرت أطرافًا,,,لحسن قسم الله فيك من العقل والأدب,فعندها أقبل برزويه على الهنديّ وقال له إنّي كنت قد هيّأت أعلامًا كثيرة ووضعت أصولًا ووسّعت شعوبًا,وقال له يا أخي إنّي قد كنت هيئت كلامًا كثيرًا ووضعت له أصولًا وشعّبت له شعوبًا,فقال *للهنديّ كأنّي قد هيّأت لك كلامًا كثيرًا ووضعت منه أصولًا وشعّبت منه شعوبًا وجعلت له جعلًا وشجنت له شجونًا وأنشأت له غصونًا,وقال له أنّي قد كنت هيّأت كلامًا كثيرًا ووضعت له أصولًا وشعّبت منه شعوبًا
98,92ada69e-833d-44b3-893a-031fef0b76ec,Friend Is Quick Minded,فلمّا انتهيت إلى ما بدأتني به من اطّلاعك إيّاه على أمري والذي قدمت له وألقيت عليّ من ذات نفسك ورغبتك فيما ألقيت من القول اكتفيت باليسير من الخطاب معك وعرفت الكثير من أمورك بالكثير من طول الكلام,,فلمّا انتهى الأمر إلى ما بدأتني به من الكلام من اطّلاعك على أمري والذي قدمت ﻷجله ورغبتك على ما ألفيت من ذات نفسي وسرّها اكتفيت باليسير من الخطاب معك وعرفت بالصغير والكبير [واا],فلمّا انتهيت إلى ما بدأتني به من اطّلاعك على أمري الذي قدمت له وألقيت عليّ ما هو في ذات نفسي ورغبتك فيما ألقيت من القول اكتفيت باليسير من الخطاب معك وعرفت بالصغير الكبير واستغنيت عن طول الكلام وسررت بما قسم الله لك من العقل والأدب,فلمّا ألقيت إليك منه طرفًا اكتفيت باليسير عن الكثير وبالصغير عن الكبير لما قسم الله لك من العقل والأدب,,,اكتفيت أنت عمّا كنت فيه فعرفت باليسير من الكبير لحسن قسم الله فيك من العقل والأدب,اكتفيت أنت عمّا كنت فيه فعرفت باليسير من الكثير بحسن قسم الله تعالى فيك من العقل والأدب,فلمّا انتهيت إليك طرفًا منه اكتفيت به أنت عمّا قد كنت أختلف فيه فعرفت باليسير الكثير بحسن قسم الله لك في العقل والأدب,فلمّا أنهيت لك منه طرفًا اكتفيت به عمّا كنت اختلفت فيه فعرفت باليسير الكثير وبالصغير الكبير لجسيم ما قسم الله لك من العقل وجميل عطاياه في الأدب,فلمّا أنهيت إليك منه طرفًا اكتفيت به *** أنت عمّا سواه فعرفت باليسير الكثير لحسن قسم الله عزّ وجل في العقل والأدب
99,f2233458-4619-45d7-9dda-9fce9870e517,Friend Spares Burzoy Argument,وأقصرت به معك على الإيجاز ورأيت اسعافك إيّاي بحاجتي ما دلّني على كرمك وحسن وفائك,,واستغنيت عن طويل الكلام واقتصرت به معك على الإيجاز في الجواب ورأيت من إسعافك إيّاي بحاجتي ما دلّني على كرمك وحسن رأيك,الذي كفيتني به *مؤنة الكلام واقتصرت به معك على الإيجاز في الجواب ورأيت من إسعافك إيّاي لحاجتي ما دلّني على كرمك وحسن رأيك,فكفيتني مؤنة الكلام وأجملت لي في الجواب باليسير من القول بالإسعاف بحاجتي كما قد بدا لي منك,,,وكفيتني مؤنة الكلام وأجزأت الجواب باليسير من القول والإسعاف بالحاجة كما بدا لي من ضميرك,وكفيتني مؤنة الكلام وأجزت الجواب باليسير من القول والإسعاف بالحاجة كما بدا لي من ضميرك,فكفيتني مؤنة الكلام والجواب باليسير من القول,فكفيتني مؤنة الكلام وأوجزت في الجواب باليسير من القول بالإسعاف بالحاجة كما قد بدا لي منك,فكفيتني مؤنة الكلام والجواب بالاستعان بالحاجة كما قد بدا منك
100,54dbbbf1-e9aa-4026-adfa-b8bead302861,Burzoy Relied On Friends Acumen,,,,,,وأقبل عليه وقال يا أخي لم تخطأ فراستي فيك في أوّل مقدمي عليك واستماعي جوابك وإنّما رميتك بجملة كلامي وإيجاز منطقي لما علمت من حسن منقبتك وبعد مذهبك وعرضك على معدن الفطنة ?واسها الحكمة فلذلك وثقت منك بحسن القول منّي وقبول كلامي وإسعافي بحاجتي,ثمّ أقبل عليه وقال إنّه لم تخطئ فراستي فيك في أوّل ما رأيتك وإسماعي كلامك إنمّا رميتك بجملة كلامي وإيجاز منطقي لمّا تكلّمت من غور فطنتك وبُعد مذاهبك †تعرّضًا عليّ معدن الفطنة ومظانّ التهمة فلذلك وثقت منك بحفظ سرّي وقبول كلامي وإسعافي بحاجتي,,,,,
101,2781576c-d74a-48eb-a478-e1bebda81296,Secrets Safe With Scholars,فإنّ الكلام إذا ألقى إلى الفيلسوف والسرّ إذا استودع اللبيب الحافظ فقد حُصّن وبلغ به نهاية أمل صاحبه,,فإنّ الكلام إذا أُلقي إلى الفيلسوف والسرّ إذا استُودع الفطن اللبيب فقد خصّصه وبلغ غاية أمل صاحبه,فإنّ الكلام إذا أُلقي إلى الفيلسوف والسرّ إذا أُودع إلى اللبيب الفطن فقد حصّنه وبلغ به غاية أمل,فإنّ الكلام إذا أُلقي إلى الفيلسوف والسرّ إذا استُودع اللبيب الحافظ فقد حُصّن وبلغ غاية أمل صاحبه,وإنّ إفضاء السرّ إلى العلماء والعقلاء وأهل العلم والثقة بهم أفضل عدّتهم,فإنّ استيداع المرء أسراره من عقلاء الناس وحلمائهم الثقة بهم والطمأنينة إليهم وهي أفضل عدّة العلماء,فإنّ الكلام قد انتهى من العلماء إنّ السرّ إذا استُودع للبيب الحافظ ثبت وبلغ غاية ما أمّله صاحبه ثباتًا قويًّا,فإنّ الكلام قد انتهى من العلماء أنّ السرّ إذا استُودع اللبيب الحافظ ثبت وبلغ غاية ما أمله صاحبه ثباتًا قويًّا,فإنّ الكلام قد انتهى إلى العلماء *والسواقة وإذا استودع اللبيب الحافظ ثبت وبلغ غاية أمل صاحبه قويًّا تامًّا ثابتًا,فإنّ الكلام إذا انتهى إلى العلماء والسرّ إذا استُودع إلى اللبيب الحافظ ثبت وبلغ أمل صاحبه فكان قويًّا ثابتًا,فإنّ الكلام إذا انتهى إلى العلماء والسرّ إذا استودع العقلاء فقد ثبت وبلغ غاية الأمل صاحبه وصار قويًّا ثابتًا
102,75c7c7b7-25e0-411d-aa6d-9219974c208c,Safe Secret Like Fortress,كما يُحصّن الشيء النفيس في القلاع الحصينة,,,,كما يُحصَّن الشيء النفيس في القلاع المنيعة من وصول المطرقة إليه,,,كمثل القصر الذي أُحكم أساسه بالصخر,كمثل القصر الذي أُحكم أساسه بالصخر,كالقصر الذي أُحكم أساسه بالصخر,كثبات القصر الذي قد أُحكم بالصحراء,كثبات القصر الذي أحكم أساسه بالصخر
103,05e8b407-72e3-44c7-9148-13228edf4ed8,Rooted Palmtree,,,,,,,,,,,,
104,666bdd56-b0d5-489d-a982-ffd4df2722a2,Discretion Is Vital For The Educated,فإنّ حفظ السرّ رأس الأدب,فإنّ رأس الأدب حفظ السرّ,فإنّ رأس الأدب حفظ السرّ,فإنّ رأس الأدب حفظ السرّ,فإنّ رأس الأدب حفظ السرّ,ورأس الأدب حفظ السرّ,,,,ورأس الأدب حفظ السرّ,ورأس الأدب حفظ السرّ,ورأس الأدب حفظ السرّ
105,030bedc5-6c84-4dfe-88fb-0d6b827e560c,Secret Better Remain Untold,فإذا كان السرّ عند الأمين الكتوم فقد احترز من التضييع معما أنّه خليق لا يتكلّم به ولا يتمّ سرّ بين اثنين قد علماه وتفاوضاه,فإذا كان السرّ مودوعًا عند الأمين فقد أُحرز من التضييع مع أنّه خليق أن لا ينكتم ولا يخفى سرّ بين اثنين قد يعلمانه وقد تفاوضاه,فإن كان مودعًا عند أمين فقد احتُرز من التضييع على أنّ الأولى بصاحب السرّ أن لا يتكلّم به بين اثنين,فإن كان السرّ مودعًا عند الإنسان وهو أمين عليه فقد أحرزه من التضييع مع أنّه خليق أن يتكلّم سرًّا ولا يتمّ أمرًا بين اثنين قد يعلمان به ?ويتعاوصاه,فإذا كان السرّ مودعًا عند الأمين الكتوم فقد أُحرز عن التضييع مع أنّه خليق أن لا يتكلّم فلا يكون سرًّا بين اثنين,,,وحفظ السرّ عند الأمين الحافظ فهو موضعه مع أنّه خليق أن لا يُكتم وأن لا يكون سرًّا,الأدب وحفظ السرّ عند الأمين الحافظ فهو موضعه مع أنّه خليق ألّا يُكتم وأن لا يكون سرًّا,فإذا كان السرّ عند الأمين الحافظ فهو موضعه مع أنّه خليق أن لا ينكتم ولا يكون سرًّا,إذا أودعه عند الصديق الحافظ فهو موضعه مع أنّه خليق أن لا يتكلّم وأن لا يكون سرًّا لأن يكون سرًّا,فإذا كان السرّ عند الأمين الحافظ فهو موضعه إنّه خليق أن لا ينكتم ولا يكون سرّ للسانين تكلّما به
106,1dd4777d-fafc-47f6-a772-1bb66a727877,Shared Secret Spreads,فإذا تكلم بالسرّ اثنان فلا بدّ من ثالث من جهته أو جهة الآخر فإذا صار إلى الثلاث فقد شاع وداع حتى لا يستطيع صاحبه أن يجحده ويكابر عنه,فإذا تكلّم بالسرّ فلا بدّ من الثالث من جهة واحد منهما فإذا صار إلى الثلاثة فقد شاع وذاع حتّى لا يستطيع صاحبه أن يجحده,فإن فعل ذلك فلا بدّ من ثالث من جهة أحدهما فإذا صار إلى ثلاثة فقد شاع وذاع حتّى لا يستطيع صاحبه أن يجحده ويكابر عنه,فإذا تكلّم بالسرّ اثنين فلا بدّ من الثالث من جهة أحد الاثنين فإذا صار إلى ثلاثة فقد شاع وذاع حتّى لا يستطيع صاحبه أن يجحده ويكابر عنه,إذا تكلّما به لسانان فلا بدّ أن يتكلّم به أحد الاثنين وإذا صار إلى ثلاثة فقد شاع وضاع حتّى لا يستطيع صاحبه أن يجحده أو يكابر عنه,لأنّ السرّ إذا تُكُلّم به صار لسانان فإذا تكلّم به اللسان صار إلى ثلاثة,,فإنّ السرّ إذا تكلّم به لسانان وتفاوضا فيه فلا بدّ من الثالث من جهة واحد منهما وإذا صار إلى ثلاثة فقد فشا وشاع في الناس فلا يستطيع صاحبه أن يجحده,فإن السرّ إذا تكلّم به لسانان وتفاوضا فيه فلا بدّ من الثالث من جهة واحد منهما وإذا صار إلى الثلاثة فقد فشا وشاع في الناس فلا يستطيع صاحبه أن يجحده,لأنّ لسانين *** قد تكلما به ثلاثة فلا بدّ أن يشيع في الناس حتّى لا يستطيع صاحبه أن يجحده ويكابر عليه,لأنّ لسانين قد تكلّما به فإذا تكلّم بالسرّ لسان فلا بدّ أن يبلغ ثالثًا فإذا بلغ ثالثًا شاع في الناس حتّى لا يستطيع صاحبه أن يجحده ولا يكابر عليه,فإذا تكلّم بسرّ لسانان فلا بدّ أن يبلغ ثالثًا فإذا تكلّم به ثلاثة شاع حتّى لا يستطيع صاحبه أن يجحده
107,21d3a9ae-535c-4bd8-b308-f976944c0508,Scholars Commend Discrete Friend,قال برزويه إن العلماء قد مدحت الصديق إذا كتم سرّ صديقه وأعانه على الفوز,قال برزويه إنّ العلماء قد مدحت الصديق إذا كتم سرّه لصديقه وأعانه على أموره,فقال برزوية إنّ العلماء قد مدحت الصديق الذي يكتم سرّ صديقه وأعانه على أموره,قال بروزيه إنّ العلماء قد مدحت الصديق إذا كتم {سرّ} صديقه وأعانه على أموره,قال بروزيه إنّ العلماء مدحت الصديق إذا كتم سرّ صديقه وأجابه في أمره إلى ما يريد,قال بروزيه إنّ العلماء قد مدحت الصديق إذا كتم سرّ صديقه,,قال برزويه إنّ العلماء قد مدحت الصديق إذا كتم سرّ صديقه,قال بروزيه إنّ العلماء قد مدحت الصديق إذا كتم سرّ صديقه,فقال برزويه إنّ العلماء قد مدحوا الصديق إذا كتم سرّ صديقه,فقال له برزويه اعلم أنّ العلماء قد مدحت الصديق إذا كتم أمر صديقه,قال برزويه إنّ العلماء قد مدحوا الصديق إذا كتم سرّ صديقه
108,d938bc68-ce2b-4867-b73a-2fd18768b445,Secret Keeper Like Immutable Object,,,,,,وكذلك شبّهت العلماء توديع الأسرار عند أهلها بالجبل الشامخ الذي لا تزيله الريح ولا تحرّكه بكثرة إذرائها,ولذلك شُبّهت العلماء بتوديع الأسرار كالجبل الراسخ الشامخ الذي لا تزيله الرياح ولا يحرّكه شيء,أو كالنخلة الراسية في الأرض أو كالجبل الراسي الذي لا تزعزعه الرياح,أو كالنخلة الراسية في الأرض أو كالجبل الراسي الذي لا تزعزعه الرياح,والجندل الذي لا يزعزعه ولا تزلزله الرياح ولا يقدر شيء على تحريكه,وكالجبل الذي لا تحرّكه الرياح ولا يقدر الرجل القويّ على تحريكه,والجنادل الذي لا تزعزعه ولا تحرّكه الرياح ولا يقدر شيء على إزالته
109,b899e48e-d3d0-438d-aa0d-49234cb1a8f2,Burzoy Vows Gratitude,,,,,,وأنت بحمد الله يدك عندي جميلة عليها أعتمد,وأنت بحمد الله عدّتي التي أقاتل وعليها أعتمد وبها أصول ومنها أرجو حاجتي,,,,,
110,6dabbeb5-d019-4869-a61b-1791f5e3acf3,Friend Responds,قال له الهنديّ,,فقال الهنديّ,صاحبه قال,قال الهنديّ,قال الهنديّ,فأجابه الهنديّ وقال له,قال الهنديّ,قال الهنديّ,قال الهنديّ,قال الهنديّ,فقال الهنديّ
111,dccea032-ab65-45e4-a777-c619bea1c9b0,Secret Uncovered Like Covered Flask,,,,,,حفظ الأسرار وكتمانها شبّهته العلماء بغلاف القارورة المغطّى عليها تراها واحدة فإذا نُزع الغطاء عنها فجِرمان اثنان فإذا فرغت عن ما فيها فهي ثلاثة مشهورة قد علم بها,أن حقّك حفظ الأسرار وكتمانها شبّهته العلماء بغلاف القارورة المغطّي عليها يراها واحد مملّسة مضمونة محرّزة فإذا نُزع غلافها تبقى مشهورة مفردة يراها لَكُلُّ أحد,,,,,
112,53c59455-7a1d-4f48-b5af-d8fdf0d891c0,Spread Secrets Like Clouds,كالغيم إذا كان متقطعًا في السماء فقال قائل هذا غيم متقطع لا يقدر أحد على تكذيبه,,كالغيم إذا كان متقطّعًا في السماء فقال قائل إنّه غيم متقطّع لم يقدر أحد على تكذيبه,كالغيم إذا كان متقطّعًا في السماء فقال قائل أرى غيم متقطّع فلم يقدر أحد على تكذيبه,كالغيم إذا كان في السماء متقطّعًا *** لم يقدر أحد على تكذيبه,ومثله في ذلك مثل الغيوم التي في السماء منقطعة فتداعت الألسن أنّها مستوية ليس فيها خلل ولا فرجة كذّبهم قوم آخرون وعلى الناظر تصديق ذلك من كذبه,,كالغيم إذا كان متقطّعًا فقيل أنّ بهذه غيم منقطع ولم يكذّبه أحد على ذلك بل يصدّقه كلّ من رآه منقطعًا,كالغيم إذا كان منقطعًا فقيل إنّ هذه غيم منقطع ولم يكذّبه أحد على ذلك بل يصدّقه كلّ من رآه منقطعًا,كالغيم الذي إذا كان منقطعًا,كالغيم المنقطع لم يقدر أحد على تكذيبه بل يصدّقه الناس أجمعون,كالغيم إذا كان منقطعًا فقال رجلًا إنّ هذا الغيم منقطع لم يقدر أحد على تكذيبه بلّ صدّقه الناس أجمعون وقالوا كما يقول
113,57225fbf-0955-4fae-896b-ac535531e786,Friend Is Delighted With Knowing Burzoy,وأنا فقد تداخلني من مودّتك وخلطتك سرورًا لا يعدله عندي شيء,فأمّا أنا فقد دخلني من مودّتك وخلطتك سرورًا لا يعدله شيء,وأمّا أنا فقد داخلني من محبّتك ومودّتك وإخائك سرورًا لا يبدّله شيء وهذا الأمر الذي تطلبه منّي,وأمّا أنا فقد داخلني {من} موّدتك وإخائك سرورًا لا يبدّله عنّي شيئًا,وأمّا أنا فقد داخلني من مودّتك وإخائك وخلطتك سرورًا لا يعادله عندي شيء,,,وأمّا أنا فقد {استقرّ سروري} وابتهاجي بمودّتك وخلطتك,وأمّا أنا فقد استقرّ سروري وابتهاجي بمودّتك وخلطتك,وأمّا أنا فقد أصابني من [من] مودّتك وخلطتك سرور وفرح لا يخالطه شيء عندي,وأمّا أنا فقد أصابني من مودّتك وخلطتك وأسرّ بقربك سرورًا وفرحًا لا يعدله عندي شيء وهذا,وأمّا أنا فقد أصابني من مودّتك وخلطتك سرور وفرح لا يخلطه شيء
114,b3ad5477-286d-4bda-a7fa-3d10b2f96551,Friend Indebted To Burzoy,,,,,,ولك عندي يا أخي مع قرب العهد بيننا من الأيدي الكرام والألطاف ما أتذمّم لذلك منك,وقد وجدت مع قرب العهد بيننا من الكرامة التحف والإلطاف منك ما أندم فيك,,,,,
115,35a46123-f8fc-4090-9347-4b625f371e9e,Friend Fears Secret Spreads,هذا الأمر الذي تطلبه منّي اعلمْ أنّه من الأسرار التي لا تُكتم ولا بد أن يفشوا ويظهر حتى يتحدّث به الناس فإذا فشا فقد سعيت في هلاكي هلاكًا لا أقدر على الفداء منه بالمال وإن كثر,وهذا الأمر الذي تطلبه منّي أنا أعلم أنّه من الأسرار التي لا تنكتم ولا بدّ أن يظهر ويفشو حتّى يتحدّث به الناس في المحافل فإذا فشا فقد سعيت في هلاك نفسي,وأنا أعلم أنّه من الأسرار الذي لا ينكتم ولا بدّ أن يفشو ويظهر حتّى يتحدّث به الناس فلا آمن على نفسي من الهلاك لا أقدر أن أفتديها منه بالمال وإن كثر,وهذا الأمر الذي تطلبه منّي أنا أعلم أنّه من الأسرار التي لا تنكتم ولا بدّ أن يفشو ويظهر حتّى يتحدّث به الناس فلا آمن عليّ فقد سعيت بي في هلاكي هلاكًا لا أقدر على الفداء له بالمال وإن كثر,وهذا الأمر الذي تطلبه اعلمْ أنّه من الأسرار التي لا تُكتم فلا بدّ أن يفشو أو يظهر حتّى يتحدّث به الناس في المحافل وإذا فشا وعلا فقد سعيت في هلاك نفسي هلاكًا لا أقدر على الفداء منه بالمال وإن كثر,وإنّك تسألني حاجة أتخوّف أن تذيع أو يفطن بها حاسد فيكون ذلك فيه هلاكي واستئصالي ثمّ لا أقدر على الافتداء بعوض ولا مال ولا جاه ولا عون,وإنّك تسألني من هذه الحاجة ما أتخوّف أن يشيع ويفطن بنا حاسد فيكون في ذلك هلاكي واستيصالي,وهذا الأمر الذي {تطلبه منّي هو سرّ} ليس يُكتتم ولا بدّ أن يُذاع في المجالس فإذا اشتهر هلكت نفسي هلاكًا لا أقدر على التخلّص منه,وهذا الأمر الذي تطلبه منّي هو سرّ ليس يُكتتم ولا بدّ أن يُذاع في مجالس فإذا اشتهر هلكت نفسي هلاكًا لا أقدر على التخلّص منه,وهذا الأمر الذي تطلبه فأنا أعلم أنّه لا ينكتم ولا بدّ أن يقوى حتّى يُحدّث به في المجالس وإذا فشى وعلن فقد هلكت نفسي هلاكًا لا أقدر على الفداء منه أبدًا بمال وإن كثر,الأمر الذي تطلبه سرًّا اعلم أنه لا ينكتم ولابدّ أن يفشو حتّى يتحدّث الناس به في المجالس وإذا فشا وأُعلن فقد هلكت هلاكًا لا أقدر على الفداء منه بالمال وإن كثر,وهذا الأمر الذي تطلبه فأنا أعلم أنّه لا ينكتم ولا بدّ أن يفشو حتّى يُتحدّث به في المجالس وإذا فشا وعلن هلك نفسي به هلاكّا لا أقدر على الفداء منه بالمال وإن كثر
116,93c76f64-f1ad-477a-af87-81ad6a133e48,Friend Tasked With Hiding Book,,,,,,,فإنّ المَلك قد استند عليّ في هذا الكتاب وأمرني بكتمانه لئلاّ يشيع ويقع في أيدي الناس ثمّ لا أقتدر أن أفتدي بمالي وعرضي وجاهي وأعواني,,,,,
117,170208af-e533-45c2-a7d4-aa0562d42623,Indian King Is Harsh,منّ ملكنا فظّ غليظ يعاقب على الذنب الصغير أشدّ العقاب فكيف مثل هذا الذنب العظيم الذي تحملني المودّة التي بيني وبينك فأسعفك بحاجتك ولم يردّ عقابه عنّي شيء,فإنّ ملكنا يعاقب على الذنب الصغير أشدّ العقاب فإذا كان مثل هذا الذنب العظيم الذي تحملني المودّة التي بيني وبينك فأسعفك بحاجتك لم يردّ عقابه عنّي شيء,فإنّ ملكنا جبّارًا فظًّا غليظًا يعاقب على الذنب الصغير أشدّ العقاب فكيف بالجرم العظيم الذي لا يعادله ذنب,فإنّ مَلكنا ملكًا فظًّا غليظًا يعاقب على الذنب الصغير أشدّ عقاب فإذا كان مثل هذا الذنب العظيم الذي تحملني المودّة بيني وبينك على أن أسعفك بحاجتك ولم يردّ غضبه وعقابه عنّي شيء,وملكنا هذا فظّ غليظ يعاقب على الذنب الصغير أشدّ العقوبة فإذا كان الجرم عنده مثل هذا الأمر العظيم الذي يحملني عليه الودّ الذي بيني وبينك فأسعفتك بحاجتك لم يردّ غضبه وعقابه عنّي شيء,لأنّ هذا المَلك سخطه أدنى شيء ولا يرضيه كثرة التملّق ولا التضرّع فذلك دعاني إلى الانقباض منك والتأكّد عليك,وأعلم أنّ هذا المَلك يُسخطه أدنى شيء ولا يرضيه كثرة الخلق والشيء الجزيل فمن أجل ذلك مُني انقباضي وتوكيدي عليك في حاجتك,فإنّ ملكنا هذا قد يعاقب على الذنب اليسير أشدّ عقوبة فكيف على هذا الأمر الجسيم الذي تحملني المودّة والصداقة على أن أسعفك به فإذا علم به لم يردّ بأسه عنّي لا مال ولا عرض ولا شفاعة,فإنّ ملكنا هذا قد يعاقب على الذنب اليسير أشدّ عقوبة فكيف على هذا الأمر الجسيم الذي تحملني المودّة والصداقة على أن أسعفك به فإذا علم به لم يردّ بأسه عنّي لا مال ولا غرض ولا شفاعة,فإنّ ملكنا فظًّا غليظًا يعاقب على الصغير أشدّ العقاب <فكيف> [فإذا] الذنب إذا كان مثل هذا <الذنب> العظيم,وإنّ ملكنا فظًّا غليظًا يعاقب على الصغير من الذنوب أشدّ العقاب فإذا كان الذنب مثل هذا الذنب العظيم الذي تحملني عليه مودّة ما بيني وبينك وأسعفك به لم يردّ غضبه وعقابه عنّي شيئًا,فإنّ ملكنا فظّ غليظ يُعاقب على <الذنب> الصغير أشدّ العقاب فإذا كان الذنب مثل هذا <الذنب> العظيم الذي يحملني عليه مودّتك لم يُردّ غضبه وعقابه عنّي شيئًا
118,f6de44a5-9df3-4c68-9861-19d44912b7c7,Burzoy Commends Secrecy,,,,,,قال بروزيه من أفضل الأشياء في الرجال كتمان السرّ وحفظ ما استودع منه فإنّما نجاح حاجتي بإذن الله في يدك وكتمان ذلك في يدي,فأجابه برزويه وقال من أفضل المشار في المرء كتمانه السرّ وحفظه ما استُودع منه وأنت رجائي,,,,,
119,6eba8419-3982-48cd-8ed3-2cdcc500256d,Burzoy Entrusts Secret To Friend,وهذا الأمر الذي قدمت لمثلك ادّخرته وبك أرجو بلوغه وأنا,وهذا الأمر الذي قدمت له لمثلك ادّخرته وإليك أفشيته وبك أرجو بلوغه,وهذا الأمر الذي قدمت له لمثلك ادّخرته وعليك وردته وعندك احتبسته وفيك توسّمته وإليك *أفشيته وبك أنزلته راجيًا لبلوغه,وهذا الأمر الذي قدمت له لمثلك ادّخرته وعليك أحسسته وإليك *أفشيته وبك أرجو بلوغه ﻷنّه عندي عظيم,فهذا الأمر الذي قدمت له لمثلك ادّخرته وعليك احتسبته وإليك تعمّدته وإليك أفشيته وبك أرجو بلوغه لأنّه عندي عظيم,وهذا الأمر الذي قدمت له إيّاك اعتمدت به وإليك أفشيته,وقدمت عليه فأمّا النجاح بإذن الله ففي يدك والكتمان بأمر الله تعالى عليّ,وهذا الأمر الذي قدمت لأجله وإيّاك اعتمدت وإليك قصدت ومنك أرجو إنجازه وهو أمر عظيم وخطب جسيم,وهذا الأمر الذي قدمت ﻷجله وإيّاك اعتهدت وإليك قصدت ومنك أرجو إنجازه وهو العظيم والخطب الجسيم,وهذا الأمر الذي له قدمت *وإيّاك تعمدت ولك أفشيته ومنك أرجوا نجاحه وهو أمر جسيم,وهذا الأمر له قدمت وبسببه طالت بي المدّة في بلاد الغربة إيّاك تعمّدت به وإليك أفشيته ومنك أرجو نجاحه وهو أمر جسيم وخطره عندي عظيم,وهذا الأمر الذي له قدمت إيّاك تعمدّت به وإليك أفشيته ومنك أرجو نجاحه وهو جسيم وخطر عظيم وأرجو أن تدّخر به عندي مكرمة ويدًا وإن دخلت عليك فيه مشقّة
120,904812c6-bdc6-442d-8651-168e23d6a420,Burzoy Sure Of Friends Abilities,واثق بكرم طباعك ووفور عقلك,وأنا أثق بكرم طباعك ووفور عقلك أن يكون دركي إيّاه على يدك وبك وإن نالك بسببه مشقّة وعناء,واثقًا بكرم طباعك ووفور عقلك وجميل أخلاقك وحسن سجيّتك,وأنا واثق بكرم طباعك ووفور عقلك وجميل أخلاقك أن يكون إدراكي إيّاه على يديك وبك ولو نالك بسببه كلّ مشقّة ومعاناة,وأنا واثق بكرم طاعتك ووفارة عقلك وجميل أخلاقك أن يكون دركي إيّاه على يديك وبك وإن نالك فيه مشقّة ومعاناة,,,وأنا واثق بعقلك ولطفك فإذا رحلت عنك أمنت على نفسك,وأنا واثق بعقلك ولطفك فإذا رحلت عنك أمنت على نفسك,وأنا واثق بعقلك وحسن أدبك أن يكون بلوغي إيّاه على يديك,وأنا واثق بعقلك وحسن خلقك أن يكون دركي إيّاه على يديك وإن دخلت عليّ في مسألتي مشقّة وخشية فاحتمل ذلك,
121,0b74b390-dbc5-400e-99f6-4b47ab328100,Burzoy Vows Secrecy,,,فلا تخش من شياع هذا الأمر فلا ثالث لنا,,,ولن يتجاوز منّي ومنك إلى أحد تكرهه وتخاف إذاعته وإفشاءه,فلا تخف فلن يجاوز هذا الأمر منّي ومنك إلى أحد يكرهه ويخاف [ويخاف] إذاعته وإفشاءه,,,,,
122,8809f34c-e4d7-430f-8ef9-4c07a344f105,Friend Fears Own Kin,وأعلم أنك لا تخشى منّي ولا *تخاف أن أبديه بل تخشى أهل بيتك المطيعين بك وبالملك أن يسعوا بك,وأنا أعلم أنّك لا تخشى منّي ولا تخاف أن أبديه بل تخشى أهل بيتك المطيفين بك وبالملك أن يسعوا بك وأن يفشوا بسرّك,,وأنا أعلم أنّك لا تخشى منّي ولا تخاف أن نبديه ولكن تخشى أهل بلدك وبيتك أن يسعوا بك إلى الملك,وأنا أعلم أنّك ليس إيّاي تخشى ولا منّي تخاف أن أبديه ولكنّك تخاف أهل مملكتك المطيعين بالملك فيلقوا ذلك إليه,وأنت تعلم أنّك فقط من قبلي آمن ولكنّك تبقى أهل بلادك المطيقين بالمَلك أن شيّعوا ذلك,,,,وأنا أعلم أنّ خشيتك لم تخشني ولكن تخشى أهل بلدك,وأنا أعلم أنّ خشيتك أنّي لأُفشي ولكنّك تخشى أهل بلدك أن يشيعوا ذلك عند الملك,
123,af13c106-5d4c-4422-9906-c02f9525c2ee,Burzoy Hopes Secret Remains Kept,وأنا أرجو أن لا يشيع شيء من هذا الأمر لأني أنا ظاعن وأنت مقيم ما أقمت فلا ثالث بيننا فتعاهدا على هذا جميعه,وأنا أرجو ألّا يشيع شيء من هذا الأمر لأنّي أنا ظاعن وأنت مقيم وما أقمت فلا ثالث بيننا فتعاهدا على هذا جميعًا,فلمّا سمع الهنديّ ذلك قال سمعًا وطاعة وتعاهدا جميعًا على كتمان السرّ وتحالفا,وأنا أرجو أن لا يشيع هذا الأمر وتعاهدا جميعًا,وأنا أرجو أن لا يشيع لك عندي سرّ ولا يذيع شيء من سرّنا لأنّي أنا ظاعن وأنت مقيم وها نحن ليس بيننا ثالث وإذا دخلت أمنت نفسك أن يفشيه عليك أحد فتعاهدا جميعًا فيما بينهما,وأرجو أن لا يشيع لأنّي ظاعن وأنت مقيم وما أقمت فليس بيننا ثالث,,,,وأرجو أن لا يفشو لك الأمر لأنّي ظاعن وأنت مقيم,وأنا أرجو أن لا يفشو من أمرنا ما يُحذر عاقبته لأنّي ظاعن وأنت مقيم وما أقمنا فليس بيننا ثالث يطّلع على ما كتمناه إلّا الله عزّ وجلّ,وأرجو أن لا يشيع سرّه ولا يفشو لأنّني ?كاغر وأنت مقيم وليس بيننا ثالث
124,d84891bd-6bb9-4f12-8eb7-fdd84ca3b81a,Burzoy Reassures Friend,,,,,,,وأرى من حرصك على قضائها ما استوجب منّي المكافأة ونشر الجميل وإنّما تخاف من هذا منّي أن أبوح به وأفشيه عليك فأمّا من سائر الناس فأنت آمن وستؤول مغبّته إلى سرور وقرّة عين,,,,,
125,2d2d78a3-54c6-4801-997c-1ec1ee704da1,Friend Is Staying,,,,,,,,,,,,
126,2411e8e2-e801-4610-a95f-acb4d0b6561a,Friend Provides Book,فأجابه الهندي إلى ذلك الكتاب وإلى غيره من الكتب,فأجابه الهنديّ إلى ذلك الكتاب وإلى غيره من الكتب,وتلطّف الهنديّ في تحصيل الكتاب وأحضره من خزانة الملك,وأجابه الهنديّ إلى ذلك وتلطّف الهنديّ في أخذ الكتاب من خزانة الملك وأحضره إلى عند برزويه,وأجابه الهنديّ إلى ذلك وغيره من كُتُب الهند,فشفّعه الهنديّ فيما طلب وأعطاه حاجته من الكتب ودفع إليه كتاب كليلة ودمنة,فلمّا وثق الهنديّ بقول برزويه *** وأمكنه من حاجته ودفع إليه نسخته,فعند ذلك أشفق عليه الهنديّ وسلّم إليه كتاب كليلة ودمنة,فعند ذلك شفق عليه الهنديّ وسلّم إليه كتاب كليلة ودمنة,فشفعه الهنديّ وأعطاه حاجته من الكتب,قال فشفعه الهنديّ في طلبته وضمن له في بلوغ أمنيته وقضى حاجته وشكره برزويه على ذلك ودعا له,فشفعه الهندي وأعطاه حاجته من الكتب
127,10018dc8-2bd9-4ba4-a76a-dbfc5349784f,Friend Provides Sheets,,,,,,,وطروسًا فى سرّ مكتوم أراده أن لا يفطن به ولا يهتدي إلى معانيه مع كتب كثيرة ممّا يحتاج إليها الناس والخاصّة والعامّة في إقامة أودهم والوزراء في تدبيرهم والملوك في سياستهم وإقامة أمورهم,,,,,
128,62f5400d-99aa-48a0-b356-fc3887038c65,Friend Is Kings Treasurer,,,,,,,,,,,قال وكان الهنديّ خازن الملك وبيده مفاتيح خزائنه فأعطاه الكتاب وكلّما التمسه من سائر الكتب المشار إليها,
129,d92c0635-3303-431c-9ada-4c0609468e7b,Joint Translation,,,واجتمعا على نسخه ونقلاه من اللغة الهنديّة إلى اللغة الفارسيّة وجهدا في إتمام معانيه وإكمال تفسيره على أتمّ الوجوه وسرّ برزوية بذلك سرورًا عظيمًا,واتّفقا على نسخه من لسان الهنديّة إلى الفارسيّة,,,,,,,,
130,75ee6ed0-7c9d-4dc2-a1b6-da80799ca35e,Burzoys Effort In Translation,فأنكبّ على تفسيره ونقله من اللسان الفارسيّ فأتعب نفسه وأنصب بدنه ليلًا نهارًا,فأكبّ على تفسيره ونقله من اللسان الهنديّ إلى اللسان الفارسيّ فأتعب نفسه وأنصب بدنه ليلًا نهارًا,,فلمّا دفع الهنديّ الكتاب إلى برزويه أكبّ عليه يفسّره وينسخه مع ما حصل له من كُتُب الهند وعلومها واجتهد وأجهد نفسه بالملازمة لذلك والدأب فيه,فلمّا دفع الهنديّ الكتاب إلى برزويه أكبّ عليه يفسّره وينقله من الهنديّ إلى الفارسيّ وانكمش ليله ونهاره أتعب نفسه وأنصب بدنه,فلمّا وقع بروزيه على تفسير الكتب ونسخها أقام على ذلك زمانًا عظمت فيه مئونته ونفقته وأنصب فيه بدنه وأسهد فيه عينه وذهب فيه نهاره,,فلمّا وقع الكتاب في يد برزويه اجتهد في كتابته وأطال فيه فكره وسهر فيه ليله وأذهب فبه نهاره,فلمّا وقع الكتاب في يد بروزيه اجتهد في كتابته [[وأطال]] وأطال فيه فكره وسهر فيه ليله وأذهب فيه نهاره,فلمّا وقع برزويه في تفسير الكتب ونسخها أقام على ذلك زمانًا طويلًا عظمت فيه نفقته وأنصب فيه بدنه وسهر فيه ليله ودأب فيه نهاره,فلمّا دفع ذلك لبرزويه بحث على تفسيره ونسخها وأقام على ذلك زمانًا طويلًا ونفذت نفقته وأتعب بدنه وسهر ليله وكدّ نهاره,فلمّا حصل برزويه في نسخ الكتاب فأقام فيه زمانًا طويلًا أتعب فيه بدنه وأسهر ليله وأفنى نهاره
131,29bff0f8-305d-4f99-af70-3f9a9ab2b0cb,Burzoy Translates Under Duress,وهو مع ذلك وجل فزع من ملك خائفًا على نفسه أن يذكر الكتاب في وقت فلا يصادفه في خزانته,وهو مع ذلك وجل وفزع من ملك الهند خائف على نفسه من أن يذكر الملك الكتاب في الوقت فلا يصادفه في خزانته,ولكن مع مخالطة خوف من الملك على أنفسهما لئلّا يذكر الكتاب في وقت من الأوقات فلا يصادفه في خزانته وتمّ الأمر,وهو مع ذلك خائف من الملك على نفسه لئلّا يذكر الملك الكتاب في وقت من الأوقات فلا يصادفه في خزائنه,وهو مع ذلك وجل من الملك خائف على نفسه أن يذكر الكتاب في وقت لا يصيبه في خزانته,من الخوف على نفسه,,,,على فرق من الملك على نفسه,خوفًا من الملك على نفسه لئلّا يستدعي بالكتاب فلا يجده في خزائنه,على فراق الملك من نفسه
132,8dbd3df8-2986-496f-9e49-fd15dbd037c1,Burzoy Writes To Kisra,فلمّا فرغ من انتساخ الكتاب وغيره ممّا أراد من الكتب فكتب إلى أنوشروان أعلمه,فلمّا فرغ من انتساخ الكتاب وغيره ممّا أراد من سائر الكتب كتب إلى أنوشروان يُعلمه بما لقي من النصب والتعب والخوف والوجل وأنّه فرغ من انتساخ ذلك الكتاب وغيره,فلمّا فرغا من ذلك وغيره من كتب الحكمة وردّ الهنديّ الكتاب إلى خزانة الملك واطمأنّ قلبه كتب بروزيه إلى الملك أنوشروان بصورة الحال وبلوغ الآمال,فلمّا فرغ من انتساخ الكتاب وما أراد من سائر الكتب وفرغ كَتَب إلى الملك أنوشروان مطالعة أنّه قد بلغ ما أراد من حاجته وفرغ من انتساخ الكتب التي قصدها,فلمّا فرغ من انتساخ الكتاب كَتَب إلى أنوشروان يعمله ما لقي من التعب والنصب والخوف والوجل وأنّه قد انتسخ الكتاب وصار في يده ووجّه بكتابته إليه,فلمّا فرغ منه ومن سائر الكتب وأحكمها كتب إلى كسرى أنوشروان يعلمه بما لقي من التعب والعناء وأنّه قد فرغ منه ومن سائر الكتب,فلمّا فرغ برزويه من نسخ هذا الكتاب كَتَب إلى كسرى في سرّ ٍمكتوم يعلمه حاله والفراغ ممّا أراد الفراغ منه,فلمّا فرغ من كتابته كَتَب إلى كسرى أنوشروان يعلمه بما لقي من النصب وأنّه قد قضى حاجته,فلمّا فرغ من كتابته كتب إلى كسرى أنوشروان يعلمه بما لقي من النصب وأنّه قد قضى حاجته,فلمّا فرغ من ذلك الكتاب وما أراد من الكتب وأحكمها كتب إلى أنوشروان يعلمه بما أتى من النصب والخوف وأنّه قد فرغ من كلّ ما توجّه إليه,فلمّا فرغ من نسخ الكتاب وعلم تفسيرها وحكمها كتب إلى كسرى أنوشروان يعلمه ما لقي من التعب والنصب وشدّة الخوف,فلمّا فرغ من ذلك الكتاب وغيره وأحكم ما أراد كتب إلى أنوشروان يعلمه بما لقي من الخوف والكمد وأنّه قد حصل له ما أحبّ
133,df2298af-3e78-4319-88a6-a997b8d1d346,Burzoy Dispatches Letter,,,,,,,,,,وسرح بالكتاب إلى الملك مع رسول من قبله في البريد في خفية فسار الرسول وأتى بكتاب برزويه إلى باب الملك فاستأذن عليه فأذن له فدخل بالكتاب,وأنّه قد وصل إلى ذلك الكتاب ونسخه وفرغ من حاجته {منه} ومن سائر الكتب وشرحهم وجميع تفسيرهم,*وسرّح الكتاب إلى الملك مع رسول قبله في †البرية خفية فسار الرسول حتّى وافى باب الملك فاستأذن فأذن له فدخل بكتاب برزويه إلى الملك
134,7116205b-9a46-43e8-a8e1-aec294fa018e,Kisra Reads Letter,فلمّا وصل إليه الكتاب سرّ بذلك سرورًا شديدًا,فلمّا وصل الكتاب إليه قرأه وعلم أنّه فرغ من حاجته وبلغ ما أحبّ وسرّ بذلك سرورًا شديدًا,*** سُرّ أيضًا بذلك سرورًا عظيمًا,فلمّا وصل الكتاب إلى الملك أنوشروان قرأه وعلم ما فيه سُرّ بذلك سرورًا عظيمًا,فلمّا وصل كتاب برزويه إلى أنوشروان وقرأه علم أنّه قد بلغ من حاجته ما أحبّ فسرّ بذلك سرورًا شديدًا,,,فلمّا وصل إليه الكتاب ففرح فرحًا شديدًا,فلمّا وصل إليه الكتاب فرح فرحًا شديدًا,ففضّه وقرأه وعلم ما فيه فلمّا تيقّن أنّه فرغ من حاجته فرح فرحًا شديدًا,فلمّا انتهى الكتاب الى الملك أنوشروان وقرأه وفهم ما فيه وعلم أنّه قد فرغ من حاجته فرح بذلك فرحًا عظيمًا وامتلأ قلبه سرورًا,ففضّه وقرأه وفرح فرحًا شديدًا ببلوغه ما أراد
135,fb3f5387-7057-40e1-ad46-dc5bba8ae027,Kisra Fears Fate,ثمّ تخوّف معاجلة المقادير أن [أن] تنفض عليه فرحه,ثمّ تخوّف معاجلة المقادير أن تنغّص عليه فرحه ممّا استنقذه له برزويه,وخاف من عاجلة المقادير أن يُنغّص عليه ما استنقذه له برززية من ذلك,وخاف من عاجلة المقادير أن ينغّص عليه ما استعدّ له وزيره,فوقع في نفسه معاجلة المقادير أن تنغّصه من فرحه بما استفاد له بروزيه,,,,,ثمّ تخوّف معاجلة المقادير أن ينغّصه فرحه بما استفاد له برزويه,ثمّ تخوّف معارضة المقادير أن تنتقص فرحه الذي استقبل به,فثمّ متخوّف معالجة المقادير أن تنغّصه فرحه بما استفاد برزويه *** وأنّه قد فضّله في المملكة قبل خروجه إلى الهند
136,7e4980aa-b368-45c4-883d-5aba9d0c51e8,Kisra Praises Burzoys Achievement,,,فبادر بردّ جوابه بمدحه والثناء عليه,فبادر بردّ الجواب إليه يمدحه ويثني عليه,فبادر إليه بالكتاب من ساعته يمدحه بمدحه في أوّله,,,,,*** بالمدح له,فعاجل ذلك وأمر أن يُكتب إلى برزويه كتابًا بالمدح والثناء,فكتب إليه يعلمه بسروره بالكتب الذي أفادها
137,a09d9fb7-3f1f-4d6c-9c16-6533f0d30ff1,Burzoy Confirmed His Excellence,,,ويذكر فضله على أهل مملكته,ويذكر فضله على سائر أهل مملكته,وإن كان فضله في المملكة قبل خروجه إلى الهند فاشيًا وأنّه قد استتمّها له بما أصاب من هذا الكتاب النفيس الذي لم يمكن أن أخرجوه على يدي أحد من الناس,,,,,وأنّه قد فضّله في المملكة قبل خروجه إلى الهند وأنّه قد أُسرّ بنيل ما أصاب من الكتب العظيم خطرها التي لم يكونوا يرجونها,وأنّه كان قد فضّله في المملكة قبل خروجه إلى بلاد الهند مشهورًا وأنّه قد تزايد عند الملك بما أصاب من هذا الكتاب الذي قصدنا له ومن سائر الكتب التي لم يكونوا يرجونها,
138,d0cbfd8d-3e9e-475c-a08c-c3ff33d68045,Kisra And Subjects Thankful To God,,,وشكر الله سبحانه على ما منحه به وأعانه عليه وما أفاده على يديه,وشكر الله سبحانه على ما أعانه عليه وما أفاد الله على يديه من هذا الكتاب وأهل مملكته يزدادون له شكرًا,وأنّه قد شكر الله على ما أعان عليه ممّا أفاد على يديه من هذا الكتاب وأنّه وأهل مملكته سيزدادوا له شكرًا,,,,,وأنّهم قد شكروا الله عزّ وجلّ فيما أعانهم عليه,وأنّهم قد شكروا الله عزّ وجلّ على ذلك فيما أصابوا على يديه وأثنوا عليه وشكروا له على ما فعل من ذلك,وأهل مملكته قد شكروا الله على ما أعانه عليه ممّا أفادوا على يديه وأنّهم يرجون أن يصيبوا أفضل من ذلك وأن يتمّ الله عليهم جلّ ذكره أملهم فيه
139,597445d5-3d7c-4a69-8581-46c34538b507,Kisra Calls Burzoy Back,فكتب إلى برزويه يأمره بتعجيل القدوم,فبادر إليه من ساعته بالكتاب أن يعجّل بالقدوم ولا يتأخّر ساعة واحدة وبادر الأجل فأنا على وجل وأعمل رويّتك وعقلك في ذلك,وأن يعجّل بحضوره ولا يتأخّر غير مسافة الطريق,وأنا أرجو أن يكمل الله آمالنا بما وهب الله لنا على يديك فإذا قرأت الكتاب فعجّل القدوم ولا تتأخّر ساعة واحدة وأسرع بقدومك فإنّي على وجل واعمل بعقلك في ذلك,وأنا أرجو أن يتمّ الله آمالنا فيك بما نصيب على يديك فإذا قرأت كتابي هذا فعجّل بالقدوم ولا تتأخّر عنه ساعة واحدة وبادر الأجل فإنّي على وجل واعمل على *رويّتك وعقلك في ذلك,أجابه كسرى في سرّ مكتوم يأمره بالأوبة إليه ساعة يردّ عليه بالكتاب,فأجابه كسرى في سرّ [[بعلمه]] بأمره بالقدوم عليه من ساعته,وأعاد الجواب يأمره بالمسير,إن شاء الله تعالى,وأنّ الملك أنوشروان كتب إلى برزويه يأمره أن يعجّل القدوم ما استطاع ويبادر الأجل قبل فوات الأمل فإنّه من ذلك على وجلّ وأنّه شديد الانتظار لقدومه حتى يقدم وأن ينظر فيما أصاب من تلك الكتب ويستعمل فيها عقله,قال له الملك إذا قرأت كتابي فعجّل بالقدوم وبادر الأجل فإنّي على وجل,فإذا قرأت كتابي هذا فعجّل القدوم ما استطعت وبادر الأجل فإنّه يفتك ونحن على وجل إلى أن تقدم علينا ونغتبط بما وصلت إليه من الكتب واستعمل علمك
140,f446afb7-e691-446f-a600-ee4311d8008f,God Loves The Intelligent,,,,فإنّ الله يحبّ من عباده العقلاء,فإنّ الله إنّما يحبّ العقلاء,,,,,وأنّ الله يحبّ من عباده العقلاء,فإنّ الله عزّ وجلّ يحبّ من عباده [[العلماء]] العقلاء,فإنّ الله يحبّ من عباده العقلاء
141,610c8817-55d0-409b-8111-8e1eddbecfbd,Experience Makes Reason Complete,,,,والعقل لا يتمّ إلّا بالتجربة والصبر والعزم والاجتهاد,وإنّما هو قسم وحظوظ وتجربة فالتجربة عمودها الحزم والاجتهاد ورأس الأمور الصبر,,,,,وإنّما يتمّ العقل بالتجربة ويحفظه ويجمعه الصبر والعزم والاجتهاد,والعقل يتميّز بالتجربة وإنّما يحفظه *ويجمعه الصبر في العزم والاجتهاد,وإنّما يتمّ العقل بالتجربة ويحفظه ويجمعه الصبر والعزم والاجتهاد
142,e1e67cfb-da28-44b5-8796-830e1825e9de,Kisra Dispatches Letter,,وختم الكتاب وسرّحه مع بريده وأمره بالسير من وقته,وختم الكتاب وسيّره إليه,وختم الكتاب وسرّحه مع بريد,وختم الكتاب ووجّه به إليه يطلبه,,,,,ثمّ إنّه ختم الكتاب وبعثه مع بريد,وختم الكتاب وسيّره مع رسوله,ثمّ ختم الكتاب وبعثه مع بريده
143,8201837f-a09b-420d-9e02-4af85f990dcc,Messanger To Be Vigilant,,,,وأمره بالسير على غير الجادّة ليأمن من يطّلع فيطّلع على أمره فيفشو سرّه ويذهب عناؤه وعلمه بالذي أصابه باطلًا,,,,,,وأمره أن يكون سيره ليلًا ويكمن نهارًا فرقًا أن يُفطن به فيُقرأ الكتاب فيفشو السرّ الذي كانوا يكتمون,وأمره بالمسير بسرعة الحد فرقًا وخوفًا من أن ينفذ مع من يقرؤه فيفشو سرّه الذي كان مكتومًا فيذهب في ذلك عناؤه وعمله,وأمره أن يكون سيره ليلًا ويكمن نهارًا خوفًا أن لا يظفر به فيقرأ الكتاب ويفشو السرّ الذي كانوا يكتمونه فيذهب عمله ضياعًا وخسرانًا
144,032e5929-44d6-4964-a047-a0c488429639,Burzoy Returns To Persia,فسار برزويه متوجهًّا نحو كسرى,فلمّا انتهى الرسول إلى برزويه ودفع إليه الكتاب سرًّا فقرأه ولم يلبث أن توجّه إلى كسرى,فلمّا وافاه جواب الملك عجّل في الحضور وصحبته الكتاب,فلمّا انتهى الرسول إلى برزويه ودفع إليه الكتاب سرًّا فقرأه ولم يلبث أن توجّه نحو كسرى من ساعته والكتاب بصحبته,فلمّا انتهى الرسول إلى برزويه ودفع إليه كتاب *أنوشروان وقرأه لم يلبث أن توجّه نحو كسرى من ساعته ومعه الكتاب,فتجهّز بروزيه وخرج من بلاد الهند حتّى ورد فارس,فتجهّز برزويه من بلاد الهند وخرج ترفعه أرض وتضعه أخرى حتّى ورد مملكة فارس فأناخ بها واستراح أيّامًا,فلمّا قرأ برزويه الكتاب ... فسار حتّى قدم على كسرى أنوشروان فأخبروه بقدومه,فلمّا قرأ برزويه الكتاب تجهّز وسار حتّى قدم على كسرى أنوشروان فأخبروه بقدومه,<فلمّا> انتهى الرسول إلى برزويه دفع إليه الكتاب سرًّا ثمّ احتال حتّى خرج بعد فراغه من جميع ما احتاج إليه ونسخه الكتب خرج يطوي المراحل الليل والنهار حتّى قدم فارس,قال فلمّا انتهى الكتاب إلى برزويه قرأه وفهم ما فيه ولم يلبث من ساعته أن ودّع صديقه الهنديّ وسار حتّى قدم على الملك,فلمّا انتهى الرسول إلى برزويه دفع إليه الكتاب سرًّا فقرأه ووقف عليه ثمّ خرج بعد ذلك يطوي الليل والنهار حتّى قدم فارس
145,3c38f668-fcd3-44c7-9fca-58d4a8cbc634,Burzoys Clean Copy In Persia,,,,,,,ثمّ استخرج تلك الرقاع الطُروس فجبر الكتاب على ما أراد وأتقنه,,,,,
146,2bdfa651-3c83-44be-ac17-aa70f8b4b107,Burzoy Rejoins Kisra,,فلمّا وافى برزويه باب الملك أنوشروان,وحضر بين *يدي الملك أنو شروان على,فلمّا وافى برزويه باب الملك,حتّى إذا صار بباب *أنوشروان أمر بإدخاله إليه,ودخل على كسرى وخرّ له ساجدًا,ثمّ ورد به فناء باب الملَك واستأذنه بالدخول فلمّا بلغ كسرى قدوم برزويه من بلاد الهند أمر بإدخاله عليه فلمّا دخل عليه خرّ لله ساجدًا وحيّاه بالتحيّة الحسنة,فقرّ عينًا فإنّك قد استوجبت الشكر من,ليله وأذهب فيه نهاره فلمّا فرغ من,فلمّا دخل على الملك سجد له ثمّ قام مفكّرًا بين يديه,فلمّا أحسّ بقدومه استعدّ له وأذن له بالدخول,فلمّا بلغ أنوشروان قدومه أمر بإدخاله إليه فلمّا مثل بين يديه سجد له ثمّ قام مكفّرًا بين يديه
147,3a79dd8c-33d9-41df-b950-8965041c112e,Burzoys Exhaustion Shows,فلما رأى الملك ما قد مسّه من الشحوب والتعب والنصب,ورأى ما قد مسّه من الشحوب والتعب والنصب علم أنّ ذلك من مشقّة عظيمة نالته,ما هو فيه من التعب والنصب والخوف عظّمه الملك ورفع من شأنه وخطابه بالإكرام,رأى ما قد لحقه *ومسّه من التعب والنصب والتخوّف,فلمّا رأى أنواشروان ما قد مسّه من الشجون والتعب والنصب وقد شابت لحيته ورأسه,فلمّا رفع رأسه واستوى قائمًا رآه كسرى قد شحب لونه وتغيّر سحنته وشاب رأسه فرقّ له,فلمّا رفع برزويه رأسه واستوى قائمًا رأى كسرى رجلا قد نحل جسمه وشاب رأسه ودقّ عظمه واسودّ لونه وشحُم جلده قد أصابه وعث السفر وكآبة المنقلب فهو *مقشّف مُنشعث مُغبرّ مندقّ فرقّ له كسرى وعلم أنّ ذلك لم يلزمه إلّا من تعب شديد واجتهاد كبير واحتمال مؤنة وتجرّع غيظ في طول لبثه في بلاد الهند وانتساخه الكتاب,,,فلمّا رأى أنوشروان ما أصابه من الشجون والنصب وما قد نزل به من الضرر رحمه رحمة شديدة,فلمّا دخل عليه ورأى ما أصابه من التعب والنصب والجهد رحمه ورقّ له,فلمّا رأي أنوشروان ما أصابه من الشجون واللغوب والتعب والنصب
148,d31f407b-56ad-4e5e-8d8c-ad646f6cd453,Kisra Announces Reward,قال له أيّها العبد الناصح الذي يأكل ثمرة ما قد غرس أبشر وقرّ عينًا فإنّي مشرّفك وبالغ بك أفضل درجة,فقال أيّها العبد الفاضل الناصح الذي يأكل من ثمرة ما قد غُرس طيبًا أبشر وقرّ عينًا فإنّي مشرّفك وبالغ بك أفضل درجة ومنزلة,وقال أيّها الحكيم الفاضل والعالم الناصح الذي سيأكل ثمرة غرسه ونتيجة نصحه أطيب ما يرومه اشرح صدرًا وقرّ عينًا فإنّك ممّا أوجبت علينا الشكر وأنا مشرّفك وبالغ بك أفضل منزلة وأرفع درجة,قال له أيّها العبد الفاضل الناصح الذي يأكل من ثمرة ما قد غرس طيّبًا أبشر وقرّ عينًا فإنّك ممّن قد أوجب علينا الشكر وأنا مشرّفك وبالغ بك أرفع درجة,قال له أيّها العبد الصالح الناصح الذي يأكل من ثمرة غرسه أبشرْ وقرّ عينًا فإنّك قد استوجبت منّا الشكر ووجب لك علينا الأمر وإنّي منطو على مكافأتك ومجازاتك ومشرّفك وبالغ فيك أفضل درجة وأكرم منزلة وأعلى رتبة,وقال أبشر أيّها العبد المطيع مولاه الناصح لمَلكه ببشرى صالحة فقد استوجبت الشكر منّا ومن جميع الخاصّة والعامّة فإنّا لا ندع رفدك والنظر لك ونحن صائغون لك أفضل ما رجوت وأمّلت,فقال له كسرى أبشر أيّها العبد المطيع لمولاه الناصح مَلكه ببشرى صالحة فإنّا لا ندَع رَفْدَك والنظر إليك ونحن صانعون بك أفضل ما رجوت وأمّلت إن شاء الله تعالى,فقرّ عينًا فإنّك قد استوجبت الشكر من جميع الخاصّة {والعامّة} وعظيم المكافأة قال له أبشر أيّها العبد الطائع لمولاه الناصح له والباذل نفسه في مرضاته وستجني حلاوة ثمرة نصحك,قال له أبشر أيّها العبد الطائع لمولاه والناصح له والباذل نفسه في مرضاته وستجني حلاوة ثمرة نصحك فقرّ عينًا فإنّك قد استوجبت الشكر من جميع الخاصّة والعامّة وعظيم المكافأة,وقال أيّها العبد الصالح الذي يأكل ثمرة نصحه أبشر وقرّ عينًا فإنّه قد استوجبت علينا الشكر وأنا مشرّفك *وبالغ بك أفضل درجة ومنزلة وأمره,وقال له أيّها العبد الذي ثبتت عندنا خدمته ونصيحته أبشر وقرّ عينًا فإنّك قد استوجبت منّا الشكر فنحن مُشرّفوك ورافعوك إلى أفضل درجة وأعلى منزلة,قال أيّها العبد الصالح الذي يأكل ثمرة نصحه أبشر وقرّ عينًا فإنّك قد استوجبت الشكر وأنا مشرّفك وبالغ بك أفضل درجة
149,61f533fa-1aab-4532-b0c9-9e8050e2ff12,Kisra Orders Rest,وأمره أن يريح بدنه سبعة أيّام,وأمره أن يريح بدنه سبعة أيّام ثمّ يأتيه بعد ذلك,وأمره أن يقيم في منزله سبعة أيّام لراحته ثمّ يدخل على الملك إذا استراح ورجعت إليه نفسه,وأمره أن يقيم في منزله سبعة أيّام ويدخل على الملك إذا استراح ورجعت إليه نفسه,وأمره أن يروح بين يديه عليه أسبوعًا ويروح بيته ثمّ يعود إليه إذا استراح ليتولّى مكافأته,ثمّ أمره أن ينصرف ويريح بدنه سبعة أيّام ثمّ يأتيه ففعل,,ثمّ أمره أن يريح نفسه يمهله {سبعة أيّام} ويأتيه بعد ذلك,قدم على كسرى أنوشروان فأخبروه بقدومه فأمر بإحضاره فلمّا صار بين يديّ,أن يريح بدنه في منزله أربع أيّام,ثمّ أمره أن يستريح في منزله أيّامًا ويدخل عليه بعد ذلك,وأمره أن يريح بدنه في منزله أربعة أيّام ففعل
150,44b01d4e-79ba-4d1d-9b14-36ba5fee6771,Kisra Holds K D Public Reading,فلمّا كان اليوم السابع أمر الملك أن تجتمع إليه الأمراء والعلماء فلمّا اجتمعوا أمر برزويه بالحضور فحضر ومعه الكتب ففتحها وقرأها على من حضر من أهل المملكة,فلمّا كان في اليوم السابع أمر الملك أن يجتمع إليه الأشراف والعلماء فلمّا اجتمعوا أمر برزويه بالحضور فحضر ومعه الكتب ففتحها وقرأها على من حضر من أهل المملكة,فلمّا كان في اليوم الثامن أمر الملك باجتماع خواصّ الدولة وأكابر المملكة والعلماء والحكماء وجلس لهم مجلسًا ظاهرًا كسرويًّا فلمّا اجتمعوا أُحضر برزوية بين يدي الملك وأعرض *الكتب *التي قدم بها وفُتحت وقرأ كتاب كليلة ودمنة أوّلًا,فلمّا كان في اليوم السابع أمر الملك أن يجمع إليه الأشراف والعلماء من سائر الناس فلمّا اجتمعوا وحضروا عند الملك أمر بالكتب التي قدّم برزويه ففُتحت وقرأها على رؤوس الناس,فلمّا كان في اليوم الخامس عشر أمر أنوشروان أن يجمع العلماء والأشراف وسائر طبقات الناس فلمّا اجتمعوا بعث {إلى} برزويه فأقبل ومعه الكتاب فأمره بقراءته على الناس وعليه ففتح برزويه الكتاب وقام يقرؤه على الملك ومن حضره من العلماء والعظماء والأشراف,فلمّا كان في اليوم الثامن دعا به وأمر أن يحضر العلماء والأشراف من أهل مملكته وأمر برزجمهر أن يقرأ الكتاب على رؤوس الأشهاد,,فلمّا كان في اليوم الثامن استدعاه الملك وأمر أن يحضر العلماء والأشراف من أهل مملكته وأمر بزرجمهر أن يقرأ الكتاب على رؤوس الأشهاد,فلمّا كان في اليوم الثامن استدعى به الملك وأمر أن يحضر العلماء والأشراف من أهل مملكته وأمر برزجمهر أن يقرأ الكتاب على رؤوس الأشهاد,فلمّا استراح ورجع ... روحه دخل على الملك في اليوم الرابع فأمره الملك بجمع الأشراف والعظماء وسائر الناس فلمّا اجتمعوا وبرزويه عند الملك أمره بالكتاب وسائر الكتب التي جاء بها برزويه ففُتحت وقُرئت على رؤوس الناس,فلمّا كان في اليوم السابع أمر الملك أن يجمع الأشراف وجميع العلماء والحكماء وسائر الناس فلمّا اجتمعوا وبرزويه عنده أمر الملك بقراءة الكتاب [[وسائر]] [[الناس]] [[ما]] [[رود]] [[معه]] [[من]] [[الكتب]] وسائر ما ورد معه من الكتب على رؤوس الأشهاد,ولمّا تروّح ورجع في جسمه دخل على الملك والناس مجتمعون فأمره أن يقرأ عليهم الكتاب فقام بروزيه على رؤوس الناس فقرأ عليهم
151,b4c10041-a9ec-4a11-a09c-6da94934ba3e,K D Well Received,فلمّا سمعوا ما فيها من العلم فرحوا فرحًا شديدًا وشكروا الله على ما رزقهم ومدحوا برزويه وأثنوا عليه,فلمّا سمعوا ما فيها من العلم والعجائب فرحوا فرحًا شديدًا وشكروا الله على ما رزقهم ومدحوا برزويه وأثنوا عليه,فلمّا سمعوا ما فيها من عجائب الحكم وغرائب العلوم المرتّبة على ألسنة الحيوانات تعجّبوا من أمثاله المضروبة وحكمه المرتّبة وبالغوا في شكر بروزيه وضجّ المجلس وماج من السرور,فلمّا سمعوا ما فيها من العلوم والعقل والعجائب التي تكلّم بها على ألسن الحيوان عجبوا من ذلك ومن تلك الأمثال والمقاييس التي تضمّنتها تلك الأبواب شكروا الله تعالى على ما رزقهم ومدحوا برزويه ودعوا له وأثنوا عليه فشكروا له بما نصب بدنه وعاناه حتّى أدرك لهم من العلوم ما رأوه في تلك الكتب,فلمّا سمعوا ما فيه من العلم والأدب والأعاجيب التي قد تكلّم بها على *ألسن الحيوان البهيميّ من دابّة وطائر عجبوا من تلك الأمثال والمقاييس التي ضمنتها تلك الأبواب وفرحوا بذلك فرحًا شديدًا وشكروا الله على ذلك وشكروا الملك وبرزويه ودعوا له وأثنوا عليه لبذله مهجته وإنصبابه بدنه حتّى استدرك لهم هذا العلم وجعله لهم في مملكتهم ثمّ انصرفوا عن يوم ما سُرّوا بمثله قطّ,فلمّا قرأ الكتاب وسمعوا ما فيه من العلم والأدب والأعاجيب التى حكوها على ألسن الحيوان والطير فعجبوا منه وشكروا الله على ما أنعم عليهم به من الأدب والمعرفة على يد بروزيه وأحسنوا الثناء عليه,,فلمّا قرأ الكتاب وسمعوا ما فيه من الأدب والعلم والأمثال والعجائب التي أُجريت على لسان الحيوان والطير تعجّبوا منه وشكروا الله تعالى على ما أنعم به عليهم من العلم والأدب والمعرفة على يدي برزويه الحكيم وأحسنوا الثناء عليه,فلمّا قرأ الكتاب وسمعوا ما فيه من العلم والأدب والأمثال والعجائب التي أجراها الله تعالى الله على ألسن الحيوان والطير تعجّبوا منه وشكروا الله تعالى على ما أنعم به عليهم من العلم والأدب والمعرفة على يد برزويه الحكيم وأحسنوا الثناء عليه,فلمّا سمعوا ما فيها من العلم والعقل والأدب والعجائب التي تكلّم بها على لسان الحيوان والطّير وجميع البهائم فرحوا فرحًا شديدًا وشكروا الله على ما رزقهم ومدحوا برزويه ودعوا له وأثنوا عليه بإنصابه بدنه حتّى أدرك لهم من العلم ما رأوه في تلك الكتب التي جاء بها,فلمّا سمعوا ما فيه من العلوم وطرائف الحكمة التي تُكلّم بها على ألسنة الحيوان والطيور وجميع البهائم وغرائب الآداب عجبوا من ذلك وفرحوا فرحًا شديدًا وشكروا الله على ذلك ومدحوا برزويه وأثنوا عليه وشكروه لما ناله من تعبه ونصبه وعنائه وإتعاب بدنه,فلمّا سمعوا الأعاجيب التي تكلّم بها على ألسنة الطير والوحش والبهائم *رضوا وشكروا الله على ما رزقهم ومدحوا برزويه وأثنوا عليه
152,14868081-ec49-491e-9939-49bdb9f95270,Kisra Opens Treasury,وأمر الملك أن تفتح لبرزويه خزائن اللؤلؤ والزبرجد والياقوت والذهب والفضة,وأمر الملك أن يُفتح لبرزويه خزائن اللؤلؤ والياقوت والزبرجد والذهب والفضّة وخزائن الثياب,وأمر الملك أن تُفتح خزائن الجواهر والذهب والفضّة والأمتعة والكسوة,وأمر الملك أن يُفتح لبرزويه خزائن الذهب والفضّة واللؤلؤ والزبرجد وخزائن الكسوة والثياب,وأمر أنوشروان أن يُفتح لبرزويه جميع الخزائن ليأخذ منها ما شاء من جوهر ومال وكسوة وغير ذلك,ثمّ أنّ المَلك أمر بأن تُفتح خزائن الذهب والفضّة لبروزيه,والأثثة والمتاع فأمر كسرى عند ذلك أن تُفتح له أبواب خزائن الذهب والفضة,ثمّ إنّ الملك أمر أن تُفتح لبرزويه خزائن الأموال والجواهر والكسوة,على رؤوس الأشهاد فلمّا قرأ الكتاب وسمعوا ما فيه من العلم,فأمر الملك عند ذلك أن تُفتح لبرزويه جميع خزائنه من الأموال والكسى والجوهر وغير ذلك,قال فأمر الملك عند ذلك بالدرّ والجوهر والذهب والفضّة وفتح خزائن الكسوة,فأمر الملك عند ذلك أن تّفتح لبرزويه جميع خزائن الأموال والكساوي والجواهر
153,57f3f04d-58e6-481f-bb05-9ea4513870de,Kisra Offers Burzoy Regency,وقال يا برزويه إني قد أمرت أن تجلس على مثل سريري هذا وتلبس تاجًا *وتترأّس على جميع الأشراف,وقال له الملك إنّي قد حبيتك بتاج الملك وسريره وأمره أن يأخذ من الخزائن ما يشاء من مال وكسوة وقال يا برزويه إنّي قد أمرت أن تجلس على مثل سريري هذا وتلبس تاجًا وتروس على جميع الأشراف,وقال الملك إنّي حلّيتك بتاج ملكي وأمره أن يلبسه بحضرته وأجلسه إلى سرير بجانبه وألبسه خلعة من خلع الملوك وسوّره بأسورة الملوك وقدّمه على خواصّ أهل مملكته على الإطلاق,وقال الملك إنّي حلّيتك بتاج مُلكي وأمره أن يأخذ من الخزائن ما يشاء وقال يا برزويه إنّي قد أمرتك أن تجلس على مثل سريري هذا وتلبس تاجًا وتروس على جميع العلماء والأشراف,فقال له يا برزويه إنّي قد أمرت أن تجلس على مثل سريري وتلبس تاجًا وتروس على جميع الأشراف,,,,,وقال لبرزويه قد توّجتك بتاج الملك وسريره *وترؤس جميع الأشراف,وقال له إنّي أريد ألبسك تاج مملكتي وأجلسك على سرير ملكي شرفًا لك وإجلالًا,
154,c0f5b918-3ec3-425d-8b3f-d7a13be3b145,Kisra Urges Burzoy To Take Gifts,وأمره أن يأخذ من الخزائن ما شاء من مال أو كسوة,وأن تحمل من خزائني ما تشاء,وأن يُمكّن برزوية يأخذ منها ما شاء,وأقسمت عليك إلّا دخلت خزائن مُلكي كلّها فحملت ما أحببت ولا تخش ولا تنقبض من ذلك وإذا فعلت ذلك سرّني وأنت أهلًا لذلك,وأقسم عليك إلّا ما دخلت خزائني كلّها فاحتملت منها ما اشتهيت ولا تحتشم ولا تنقبض فإذا فعلت ذلك سررتني وأنت أهل لهذا ولما هو أفضل منه,وأمره أن يأخذ منها ما أحبّ,فأمر برزويه وأقسم عليه أن يأخذ من خزائن المُلك ما أحبّ,وأقسم عليه الملك أن يأخذ ما أحبّ ويحمل ما أراد,يأخذ ما أحبّ ويحمل ما أراد وأقسم عليه الملك أنّه,وعزمت عليك إلّا دخلت خزائني كلّها فحملت منها ما اشتهيت بلا حشمة ولا تقصير فإنّك إذا فعلت ذلك سرّرتنا وأنت أهل لهذا,فإنّك أهل لذلك ولما هو أفضل منه,وقال له أقسمت عليك بحياة ملكك وحقّ من حضر إلّا ما أخذت من جميع ما تجد بلا احتشام ولا تقصير فإنّك أهل للكرامة والحياء
155,3c50d986-db5f-46a0-9bf8-16cdaba6462d,Burzoy Praises Kisra,فسجد برزويه للملك ودعى له وطلب من الله وقال [وقال] أكرم الله تعالى الملك كرامة الدنيا والآخرة وأحسن عنّي ثوابه وجزاءه,فسجد برزويه للملك وقال أكرم الله الملك كرامة الدنيا والآخرة وأحسن عنّى جزاءه وثوابه,فسجد برزوية بين يدي الملك ودعا له وقال أكرم الله الملك كرامة الدنيا والآخرة وأحسن عنّي جزاءه وثوابه,فسجد برزويه للملك وقال أكرم الله الملك كرامة الدنيا والآخرة وأحسن عنّي جزاءه وثوابه فإنّي بحمد الله تعالى مستغن عن المال بما رزقني الله تعالى,فسجد برزويه للملك وقال أكرم الله الملك كرامة الدنيا والآخرة وأحسن جزاءه وثوابه,فسجد بروزيه للمَلك ورفع رأسه وقال عشت أيّها المَلك حميدًا مخلّدًا,فخرّ برزويه بين يدي كسرى ساجدًا لله تعالى وله مكفّرًا فلمّا رفع رأسه واستوى قائمًا قال له عشت الدهر أيّها المَلك حميدًا مُخلّدًا,فسجد برزويه وقال أكرم الله الملك كرامة يُجمع له فيها شرف الدنيا والآخرة,الحيوان والطير تعجّبوا منه وشكروا الله تعالى على ما أنعم به عليهم,فلمّا سمع برزويه هذه المقالة من الملك سجد له وقال أكرم الله الملك بكرامة الدنيا والآخرة وأحسن عنّي جزاءه وثوابه,قال فسجد برزويه للملك وقال أكرم الله الملك كرامة أوليائه في الدنيا والآخرة وخلّد ملكه وشدّ قواعده وسلطانه وثبّت أركانه,فشكر الملك وسجد له ثمّ قال أكرم الله الملك كرامة يحسن بها عنّي جزاؤه
156,b703d06c-c937-4854-9a7c-51d92a6e83c6,Burzoy Wants No Gift,فإنّي بحمد الله مستغن عن المال بما رزقني الله على يديّ الملك السعيد الجدّ العظيم الملك ولا حاجة لي بالمال,فإنّى بحمد الله مستغن عن المال بما رزقني الله على يديك أيّها الملك السعيد الجدّ العظيم الملك ولا حاجة بي إلى المال,فإنّي بحمد الله مستغن عن المال بما رزقني الله تعالى على يديك أيّها الملك السعيد الجدّ العظيم الملك ولا حاجة لي إلى المال,أيّها الملك السعيد الجدّ العظيم المُلك ولا حاجة لي إلى المال لما شرّفتني وأدخلتني وأقسمت أنّ ذلك يسرّك,فإنّي بحمد الله مستغن عن مال الملك بما رزقني الله على يديه فلا حاجة لي في المال,إنّا بحمد الله قد أفادنا الله في دولة المَلك وبها مُلكه وعزّ سلطانه ما لم نأمله وكلّ ما أنعم الله علينا به من الله ومن المَلك ولا حاجة لي إلى شيء من ذلك,إنّا بحمد الله نعمته قد أفادنا الله في دولتك ما لم نؤمّله ونرجوه وكلّ ما أنعم الله به علينا من ذلك فهو من الله تعالى ومن الملَك,إنّي قد أغناني الله عزّ وجلّ بحسن رأي الملك عن عرض الدنيا {ولا} حاجة لي إلى المال والكسوة,إنّي قد أغناني الله تعالى بحسن رأي الملك عن عروض الدنيا فلا حاجة لي إلى مال ولا كسوة,أنا والحمد لله مستغن عن المال بما رزقني الله على يديك أيّها الملك العظيم فلا حاجة لي إلى المال,إنّ الله وليّ الحمد قد أغناني عن المال بما رزقني على يدي الملك من التعظيم,أنا بفضل إنعام الله وإنعام الملك في جزيل من العطاء ولقد رزقت بسعادة جدّ الملك وفضله ما لا حاجة لي معه إلى زيادة
157,4e99742e-bfab-4b19-b02b-89e55368d9b3,Burzoy Honors Kisras Oath,لكن لما كلّفني ذلك وعلمت أنّه يسرّه أن أمضي إلى الخزائن فآخذ منها طلبًا لمرضاته وامتثالًا لأمره,لكنّي لمّا حلّفتني وعلمت أنّك تسرّني سأصير إلى الخزائن وآخذ منها امتثالا لأمرك,لما شرّفتني به ومكّنتني من خزائنك وذخائرك وأقسمت أنّ ذلك يسرُّك فسأصير إلى الخزائن وآخذ منها ما أريد طلبًا لرضاك وامتثالًا ﻷمرك وإبرارًا لقسمك,وسأصير إلى الخزائن وآخذ منها ما أريد طلبًا لرضائك وامتثالًا ﻷمرك,ولكنّي لما حلّفني وأعلم أنّه يسرّك صائر إلى الخزائن وآخذ منها ما أريد لرضاك واتّباع أمرك,,ولست أدع أن آخذ ما حباني به الملَك ولست *** أن يبرّ المَلك في إيمانه وقسمه,,,ولكن لما *أقسمت عليّ وعلمت سريرتك وسرورك في ذلك سآخذ من الخزائن شيئًا يسيرًا لرضاك,واعلم أنّ أمره مطاع واعتمادي على ما يسرّه,ولكنّي أبرّ قسم الملك وأتبع أمره وآخذ ما أتشرّف به
158,037e9c40-a85b-4676-9edf-7aab83fdd1f0,Burzoy Takes Gift,ثمّ قصد خزانة الثياب فأخذ منها تختًا من طرائف خراسان من ملابس الملوك فلمّا قبض برزويه ما اختاره ورضيه من الثياب,ثمّ قصد خزائن الثياب وأخذ منها تختًا من عمل خورستان ممّا يصلح للباس الملوك,ثمّ قصد خزائن الثياب فأخذ منها تختًا من ظرائف خراسان ممّا يصلح للملوك وأراد الملك بذلك السمعة والذكر بين العالم في مستقبل الزمان قال فلمّا قبض برزوية ما اختار ورضي من الثياب,ثمّ قصد خزائن الملك فأخذ منها ما يحبّ من ظرائف خراسان ممّا يصلح للباس الملوك وأراد بذلك السمعة والذكر في الناس فلمّا قبض برزويه ما اختاره ورضي به من الثياب,فمضى إلى الخزائن وأخذ منها ما يحتاج من طراز جوهرًا استنار ممّا يصلح للملوك أراد بذلك الذكر *والسمعة في الناس فلما قبض برزويه ما أجازه فرح به جدًّا,,,,,فأخذ من الخزائن ?محتا من طراز ?فوهشتان ممّا يصلح للملوك أراد بذلك الشفاعة والذكر وانصرف من عند الملك وقطع تلك الثياب فكان يفاخر بها الناس,ثمّ أخذ من المال شيئًا يسيرًا طلبًا لرضاء الملك وأخذ من خزائن الثياب ثوبًا واحدًا وأراد بذلك السمعة والذكر وذهب به إلى منزله,ثمّ عمد إلى خزانة الكسوة فأخذ تختًا من طراز قوهستان ممّا يصلح للملك أراد بذلك السمعة والذكر وانصرف ولبس تلك الثياب وافتخر بها على سائر الناس
159,50c90198-ffcb-4a0e-b632-6a29d50e993d,Burzoy Prefers Gift Of Glory,,,,,,,فإنّ الرجل العالِم ذو الأناة والفضل ولا يعدل بحياة المَلك ورفعته درجاته شيئًا وقد *قبلت ما حباني به المَلك بقبول شكر,,,,,
160,89fc1959-c440-4583-9224-a160b7578550,Next Days Gathering,,,,,,,,,,فلمّا كان من غد حضر في مجلس الملك في بدلة من تلك الثياب ومجلس الملك غاصّ بالناس والأشراف والوزراء وأولاد الملوك,,فلمّا كان من الغد أحضر مجلس الملك وهو مشحون بالناس
161,21ef0c6d-75e2-4269-9348-38d6d73931ff,Burzoy Expresses Gratitude,قال أكرم الله الملك ومدّ في عمره أبد الأبد,فلمّا قبض ذلك قال أكرم الله الملك وأمدّ لنا في عمره,قال أكرم الله الملك ومدّ لنا في عمره أبد الدنيا,قال للملك أكرم الله الملك ومدّ لنا في عمره أبد الدنيا,وقال للمك أكرم الله الملك ومدّ لنا في عمره,,,,,فقال أكرم الله الملك إنّي قد أخذت جائزتي من الملك وما أفتخر به على أهل المملكة,,فقال أكرم الله الملك إنّي قد أخذت فوق ما أستحقّه لفضل كرمه
162,fb2f730f-94a9-48c1-a4f6-d77cf0aa7850,Favor Merits Gratitude,إنّ الإنسان إذا أُكرم وجب عليه الشكر وإن كان قد استوجبه تعبًا ومشقة كان فيها رضي الملك,إنّ الإنسان إذا أُكرم وجب عليه الشكر وإن كان قد استوجبه تعبًا أو مشقّة نالته كان فيها رضى الملك,إنّ الإنسان إذا أُكرم وأُجبر قلبه وجب عليه الشكر وإن كان قد استوجب نفعًا لما تجشّمه من مشقّة كان فيها رضى الملك,إنّ الإنسان إذا أُكرم وخُيّر قلبه وجب عليه الشكر وإن كان قد استوجب نفعًا تجشّمه من مشقّة كان فيها رضى الله,إنّ الإنسان إذا أُكرم وأجيز وجب عليه الشكر وإن كان قد استوجبه بتعب أو مشقّة محتمل له,,,وإنّ الإنسان إذا كان ذا {ذا فضل} وأدب فأُكرم وأُعطي وأُحسن إليه وجب عليه {شكر} لذلك,عليه,غير أنّ الإنسان إذا كان له عقل وحلم وخلق حسن فينبغي له أن يشكر الله وإن كان قد استوجبه قبل أن يعطى بالعناء والمشقة,وقال للملك أيّها الملك إنّ الإنسان إذا كان له عقل وعلم وخلق حسن فإنّه ينبغي له أن يشكر الله عزّ وجلّ على ما وهب له من ذلك,لأن ذو الفضل والحلم والخلق الحسن إذ أكرم وأعطى وحيّ فينبغي له أن يشكر ذلك وإن كان مستحقًا كقصد الغنى والمشقّة
163,a85818c3-a18b-4c73-a31c-94db65c0ac2b,Burzoys Toil Repaid By Honor,وأمّا أنا فما لقيت من عناء وتعب ومشقة لما أعلم أنّ لكم فيه الشرف يا *أهل هذا البيت,,وأمّا أنا فكلّما لقيته من عناء ونصب ومشقّة فلا أريد في مقابلة ذلك شيئًا لما أعلم لكم فيه من السرور ولي من الشرف,وكلّ ما لقيت من عناء ونصب ومشقّة فلا أريد في مقابلة ذلك شيئًا لما أعلم لكم فيه من السرور والشرف,لا أراه شيئًا لما أعلم أنّ لكم فيه من السرور والشرف أهل البيت,,,,,,,وإن لم يكن ذلك شيئًا لما لكم فيه من السرور والمنفعة
164,7af1caca-f28b-4383-b26e-736ef85a5dc1,Burzoy Serves Kisra Gladly,فإنّي لمّا *أزل وإلى هذا اليوم تابعًا رضاكم أرى العسير فيه يسيرًا والشاقّ هينًا والنصب والأذى سرورًا ولذة لما أعلم أنّ لكم فيه رضى وقربة عندكم,,وإنّي لم أزل وإلى الآن في رضاكم مخيّرًا ولو نالني كلّ مشقّة في ذلك وأختار التعب والنصب في راحتكم,وإنّي لم أزل وإلى الآن لرضاكم متخيّرًا ولو نالني كلّ مشقّة في ذلك وأختار التعب والنصب في راحتكم,فإنّي لم أزل وإلى اليوم لرضاكم متحرّيًا أرى الصبر يسيرًا والشاقّ هيّنًا والنصب والأذى سرورًا ولذّة لما أعلم أنّ لكم فيه رضى ويقرّبني عندكم,,,وإنّي للملك شاكرًا إن شاء الله دوام السرور {والغبطة في جميع} الأمور,وإنّي للملك شاكر إن شاء الله تعالى له دوام السرور والغبطة في جميع الأمور,ولم أزل إلى اليوم متجرّدًا لرضاكم أرى العسير يسيرًا والشاق هيّنًا والنصب والأذى سرورًا ولذّة لما أعلم لكم فيه من الرضى والسرور,وإنّي لم أزل منذ كنت وإلى اليوم أرى العسير يسيرًا والتعب هيّنًا كلّ ذلك في خدمة الملك لما أعلم له في ذلك من الرضى والسرور,ولم أزل إلى اليوم متجردًا لرضاكم أرى العسير يسيرًا والشقاق هينًا والنصب والأذى سرورًا ولذّة
165,b84cc4d7-6f4b-4cea-885b-11b7155fa0ec,Burzoy Announces Request,ولكنّي أسأل أيّها الملك حاجة تسعفني بها وتعطيني فيها سؤالي فإنّ حاجتي يسيره وفي قضائها فائدة كثيرة,ولكنّي أسألك أيّها الملك أن تشفعني بحاجة وتعطيني سؤلي منها وإنّ حاجتي يسيرة وفي قضائها فائدة كثيرة,وأسأل الملك أن يكون لي خاصّة بقضاء حاجة فإنّ لي في قضائها فائدة كثيرة,وأسأل الله والملك أن تكون خاصّته *بقضاء حاجة فإنّ حاجتي سؤلي فيها وقضائها فوائد كثيرة,ولكنّي أسألك أن تسعفني في حاجة وتعطيني سؤلي فيها فإنّ حاجتي يسيرة وفي قضائها لي فائدة كبيرة,لكنّي أريد أن أسأل المَلك حاجة يسيرة يكون لي في قضائها ذكر وفخر,ولكن أريد من المَلك حاجة يسيرة يكون لي في قضائها ذكرًا ذخرًا فخرًا,ولكن لي إليك حاجة هي أعظم الحوائج عندي وأكملها وأجزلها قدرًا بعد رضاك عنّي فإن رأى الملك أن يسعف بحاجتي ويجيب مسألتي وهي يسيرة على الملك عظيمة عندي,وليكن إليك حاجة هي أعظم الحوائج عندي وأكملها وأجزلها قدرًا بعد رضى الملك عنّي فإن رأى الملك أن يسعفني بحاجتي ويجيب مسألتي وهي يسيرة على الملك على ما عندي,لكنّي أسألك أيّها الملك الرحيم أن تسعفني بحاجتى وتعطني سؤلي فإنّ حاجتي يسيرة في قضائها منفعة عظيمة لي,ولكنّي أسأل الملك أن يشفّعني في حاجتي ويعطيني سؤلي وأمنيتي,وأنا أسأل الملك الشريف أن ينصفني بحاجتي ويعطيني سؤلي فإنّ حاجتي يسيرة عنده عظيمة عندي وعند عقبي
166,c507f23f-3b73-4960-9a7e-529f6f15f619,Kisra Welcomes Request,قال أنوشروان قلْ فكلّ حاجة لك قبلنا مقضيّة فإنّك عندنا عظيم ولو طلبت مشاركتنا في ملكنا لفعلنا ولم يزدد طلبتك فكيف ما سوى ذلك فقلْ ولا تحتشم فإنّ الأمور كلّها مبذولة لك,قال أنوشروان سَلْ فكلّ حاجة لك قِبلَنا مقضيّة فلو طلبت مشاركتنا في ملكنا لأجبناك فكيف فيما سوى ذلك فقل ولا تحتشم فإنّ الأمور كلّها مبذولة لك,قال أنوشروان اسأل فكلّ حاجة لك قبلنا مقضيّة فإنّك عندنا عظيم القدر ولو طلبت المشاركة في الملك أنلناك ذلك فقل ولا تحتشم,قال أنوشروان اسأل فإنّ كلّ حاجة لك من قبلنا مقضيّة فإنّك عندنا عظيم القدر ولو طلبت شاركتنا في مُلكنا لأنلناك ذلك ولم نردّ طلبتك فكيف فيما سوى ذلك فقل ولا تخش فإنّ الأمور كلّها بيدك,قال له أنوشروان سلْ يا برزويه فكلّ حاجة لك قِبَلنا مقضيّة وإنّ جزاءك عندنا ولو طلبت مشاركتنا مُلكنا أجبناك ولم نردّ طلبك فكيف ما سوى ذلك فقلْ ولا تحتشمْ فإنّ الأموال كلّها لك مبذولة,قال المَلك وما تلك الحاجة,قال كسرى وما تلك الحاجة,فقال أنوشروان اسألْ حاجتك واذكرْ ما أردت تُشفّع بحاجتك وتنال طلبتك فإنّ قدرك عندنا جليل وفضلك جزيل وأمرك خطير وحظّك كبير حتّى لو طلبت الشركة في المُلك لم نردّ طلبتك فكيف فيما سوى ذلك فما تسل في شيء من جميع الأشياء إلّا وهو مبذول لك,فقال أنوشروان اسأل حاجتك واذكر قضيّتك *تعطى حاجتك وتنال طلبتك فإنّ قدرك عندنا جليل وفضلك عندنا جزيل وأمرك خطير وحظّك كبير حتّى لو طلبت الشركة في الملك لم نردّ طلبتك فكيف فيما سوى ذلك فما تسأل في شيء من جميع الأشياء إلّا وهو مبذول لك,قال أنوشروان سل تُعط واذكر حاجتك تُسعف بها وتُكرّم ولو طلبت مشاركتنا في ملكنا فكيف سوى ذلك فقل ولا تحتشم,فقال له الملك سل حاجتك فإنّها مقضيّة ولو طلبت مشاركتي في ملكي لفعلت لك ذلك لأنّك عندي اليوم في المحلّ الرفيع والدرجة العالية,فقال أنوشروان سل تعطى واشفع تُشفع فإنّ جزاءك عندي عظيم ولو أردت مشاركتنا في ملكنا لا أعطيناك فكيف ما سوى ذلك فقل ولا تحتشم فسائر ما لنا لك مبذول
167,29e28ef7-08be-4c8b-99d4-12fa33d50f18,Burzoy Expects No Reward,قال برزويه أيّها الملك لا تنظر إلى عنائي في رضاك وانكماشي في طاعتك فإنّما أنا عبدك يلزمني بذل مهجتي في رضائك ولو لم تجزني لم يكن ذلك عندي عظيمًا ولا واجبًا على الملك,قال برزويه أكرم الله الملك,قال برزوية أكرم الله الملك إنّ عنائي في رضاك وانكماشي على طاعتك لواجب عليّ فإنّي عندك وما شرّفني به الملك من الكرامة لم يك واجبًا عليه,قال برزويه أكرم الله الملك إنّ عنائي في رضاك وانكماشي على طاعتك فإنّي أنا عبدك وما جرى فإنّه لم يكن عظيمًا عندي ولا واجبًا عليك رضائي,قال له برزويه أكرم الله الملك لا تنظر إلى عنائي في رضاك وانكماشي على طاعتك فإنّما أنا عبد من عبيدك يلزمني ابتذال مهجتي في رضاك ولم يحزنني ولم *** ذلك عظيمًا عندي ولا واجبًا على الملك,,,قال برزويه أكرم الله الملك وبسط يده إنّي لست أتمنّى على الملك شيئًا بنصبي وعنائي,قال برزويه أكرم الله الملك وبسط يده إنّي لست أتمنّى على الملك شيئًا بنصبي وعنائي,فقال برزويه أكرم الله الملك لا تنظر إلى عنائي ونصبي وعلمي فإنّما أنا عبد من عبيدك ولو لم تكافئني لم يكن ذلك عظيمًا,فقال برزويه أكرم الله الملك وأعزّه وأطال بقاءه إنّما أنا عبد من عبيدك,فقال برزويه أكرم الله الملك لا تنظر إلى عنائي وتعبي وإنّما أنا عبد من عبيدك ولو لم أكافأ لم يكن عجبًا
168,47587369-de86-4e9e-bacc-e1077a953e0a,Burzoy Feels Favored By Kisra,,,,,,,,بل لك الفضل عليّ ما عرضتني له وأشركتني في هذه الفائدة وكلّ ذلك بفضل رأيه كافأني وأحسن إليّ,بل لك الفضل عليّ لما عرضتني وأشركتني في هذه الفائدة وكلّ ذلك بفضل رأيه كافأني وأحسن إليّ,,,
169,32d4836d-5e40-4ed0-a7a6-9ea3ae551a11,Burzoys House Elevated By Kisra,ولكن لكرمه وشرف منصبه عمل إلى مجازاتي وخصّني وأهل بيتي بعلوّ المرتبة ورفع الدرجة,فقد خصّصني وأهل بيتي بعلوّ المرتبة ورفيع الدرجة حقًّا,وإنّما الملك دام مُلكه لفضل كرمه وشرف منصبه وتواصل أياديه قصد تشريفي وعمد إكرامي وخصّصني وأهل بيتي بعلوّ الرتبة ورفيع المنزلة وعلوّ الدرجة,وإنّما الملك لفضل كرامته وشرف منصبه وتواصل أياديه قصد تشريفي وعمد إلى مجازاتي وخصّصني وأهل بيتي بعلوّ المرتبة ورفيع الدرجة,ولكنّك بفضل كرمك وشرف منصبك وفواضل آدابك قصدت مكافأتي وعمدت لمجازاتي وصيّرتني وأهل بيتي بعلوّ المرتبة ورفع الدرجة,,,,,ولكن طلبت مكافأتي ووطّنت نفسي على حفظي وحفظ أهل بيتي وأرصدت لنا بالمراتب والدرجات,وإنّما وصلت إلى هذا بفضل حدّك وسعادتك وحسن نظرك فعُرف عند ذلك مكاني وارتفع بذلك قدري وشأني وقد وطّنت نفسك على حفظي وكرامتي لأنّك أرضيتني بالمراتب الرفيعة والدرجات العالية,ولكن فضل حكمكم وسعادة جدّكم وحسن نظركم يأبى إلّا مراعاة وحفظًا فحفظتني في نفسي
170,9780a6be-c9ca-4beb-8410-55d13b2a90ed,Burzoy Invokes Blessing On Kisra,حتّى لو قدر أن يجمع ما بين شرف الدنيا والآخرة لفعل فجزاه الله عنّا أفضل الجزاء,ولو قدرت أن تجمع لنا مع شرف الدنيا إكرام الآخرة لفعلت فجزاك الله عنّا أفضل الجزاء,حتّى لقد وددت أن يجمع الله لك أيّها الملك شرف الدنيا وكرامة الآخرة فجزاك الله عن العبد أفضل الجزاء وأنالك أجزل الثواب قال,حتّى وددت أن يجمع الله لك شرف الدنيا وكرامة الآخرة فجزاك الله عنّي أفضل الجزاء وأنالك أجزل الثواب,حتّى لو قدرت أن تجمع لها من شرف الدنيا كرامة للآخرة لفعلت فجزاك الله عنّا أحسن الجزاء وأثابك أفضل الثواب,,,,,فجزاك الله بذلك خيرًا وأحسن لك الجزاء وأنالك فضل الثواب,,فجزاك الله من ملك خيرًا وجعل روحك مخلّدًا
171,333bdb90-ad90-44c3-aa9a-67cd8f59ea1f,Kisra Repeats Question,قال أنوشروان اذكر حاجتك فعليّ ما يسرك,قال أنوشروان اذكر حاجتك فعليّ ما يسرّك,الملك أنوشروان فاذكر الآن حاجتك فلك فيها ما يسرّك,قال أنوشروان اذكر حاجتك فعليّ ما يسرّك,قال الملك اذكرْ حاجتك فهي مقضيّة لك على ما يسرّك,,,,,فقال له الملك أذكر حاجتك فإنّها مقضيّة على ما يسرّك,فقال له الملك اذكر حاجتك فهي مقضيّة على ما يسرّك ويزيد,قال الملك أذكر حاجتك يا برزويه
172,1c96b9cd-09d5-42b3-91e7-5880e05c69ad,Burzoy Wants Bio Chapter,فقال برزويه حاجتي أن يأمر الملك أعلاه الله تعالى وزيره برزجمهر بن البختكان ويقسم عليه أن يعمل فكره ويقسم ويجمع ويجتهد طاقته ويفرغ قلبه في نظم تأليف كلام متقن محكم ويجعله بابًا يذكر فيه أمري ويصف حالي,قال برزويه حاجتي أن يأمر الملك لبرزجمهر ابن البختكان ويقسم عليه أن يعمل فكره ويجمع رأيه ويجهد طاقته ويفرغ قلبه في نظم وتأليف كلام محكم يجعله بابًا يذكر فيه أمري ويصف حالي,قال بروزية حاجتى أن يأمر الملك أعلى الله أمره بزرجمهر ابن البختكان ويقسم عليه أن يجتهد ويعمل فكره ويشغل*** يفرغ أدبه في عمل مقدّمة من متقن كلامه وجواهر حكمه ودرر تأليفه ويجعله بابًا في هذا الكتاب ويذكر فيه أمري ونسبي ويصف حالي ومكتسبي,فقال برزويه حاجتي أن يأمر الملك أعلى الله أمرك بزرجمهر بن البختكان ويقسم عليه أن يعمد فكره ورزانته ويجتهد في رأيه وأدبه ويقرع فكره في نظم تأليف كلام متقن محكم *ويجعل فيه بابًا يذكر فيه أمري ويصف فيه حالي,قال برزويه حاجتي أن يأمر الملك أعلى الله أمره أبدًا بزرجمهر بن التختكان ويقسم عليه أن يعمل فكره ويجمع رأيه ويجهد طاقته ويفرغ قلبه في تأليف كلام متقن محكم ويجعله بابًا يذكر فيه أمري ويفرد فيه وصف حالي,قال بروزيه إن رأى المَلك أن يأمر برزجمهر بن التحتكان أن يضع لي في رأس هذا الكتاب بابًا باسمي وينسب إليه شأني وفعلي,قال برزويه إن رأى المَلك أن يأمر بزرجمهر بن الخبكان أن يضع لي في صدر هذا الكتاب بابًا باسمي ينسب إليه شأني وما كان من فعالي,فليعلم المنّة عند استتمام النعمة إليه وإليّ بأن يأمر بزرجمهر بباب يجهد فيه نفسه وفي وضعه ممّا يذكر فيه أمري وحالي,فليعلم المنّة عند استفهام النعمة إليه وإليّ بأن يأمر برزجمهر بأن يجهد نفسه فيه وفي وضعه بما يذكر فيه أمري وحالي,فقال حاجتي يأمر الملك بزرجمهر ابن النختكان يعزم عليه أن يجهّز نفسه في وضع كتاب وباب يذكر فيه أمري وحالي,فقال برزويه حاجتي أيّها الملك أن تأمر بزرجمهر الحكيم ابن البجنكان أن يعمل في أمري نسخة ويعمل الكتاب أبوابًا ويجعل فيه بابًا يذكر فيه أمري ويصف فيه حالي ويذكر مذهبي,فقال حاجتي أن يأمر الملك أعلى الله أمره بزرجمهر بن البختكان ويعزم عليه أن يُجهد نفسه في وضعه بابًا يذكر فيه أمري وحالي
173,27b10b7c-4391-4d71-b08d-d7b585cf0a67,Buzurgmihr To Give His Best,ولا يدع من المبالغة في ذلك أقصى ما يقدر عليه,ولا يدع من المبالغة في ذلك أقصى ما يقدر عليه من البلاغة,ولا يدع شيئا من المبالغة ممّا يقدر عليه ويلفّقه إلّا أتى به في أحسن ما سمعه حتّى لا يغادر منه شيئًا,ولم يدع من المبالغة في ذلك أقصى ما يقدر عليه من البلاغة,ولا يدع من المبالغة في ذلك أحسن ما يقدر عليه من البلاغة ويتقنه بأحسن تصريف سمع به ?جرا لا يغادر من أمره شيئًا,,,ويبالغ في ذلك بأفصح البيان وأزين الذكر وأوضح البرهان,ويبالغ في ذلك بأفصح البيان وأزين الذكر وأوضح البرهان,ويبالغ في ذلك بأفضل ما يقدر عليه من الكلام ويرتّبه بأحسن ترتيب ويؤلّفه بأحسن تأليف ولا يغادر منه شيئًا,ويضع فيه من الكلام أكثر ما يقدر عليه ويقوّيه بأحسن الأخبار ويؤلّفه بأحسن التأليف ولا يغادر فيه شيئًا من أمري,ويُبالغ في ذلك بأفضل ما يقدر عليه من الكلام ويرتّبه أحسن ترتيب ويؤلّفه أحسن التأليف وينظم أحسن النظام ولا يغادر من أمري شيئًا
174,a863384e-ba1a-47e7-8368-d74d0f5bb0af,New Chapters Placement,ويأمره أن استتمّ أن يجعله أولّ الأبواب التي تُقرأ قبل باب الأسد والثور,ويأمره الملك إذا استتم أن يجعله أوّل الأبواب التي تُقرأ قبل باب الأسد والثور,وأن يجعل ذلك قبل باب الأسد والثور مقدّمة,ويأمره الملك إذا استتمّ كلامه وأن يجعله أوّل الأبواب قبل باب الأسد والثور,ويأمر الملك إذا استتمّه أن يجعله أوّل الأبواب التي تُقرأ قبل باب الأسد والثور,,,وأن يجعل ذلك الباب في أوّل هذا الكتاب,وأن يجعل ذلك الباب في أوّل هذا الكتاب,ويأمر الملك بذلك الباب إذا فرغ منه بزرجمهر أن يوضع مع تلك الأبواب في ذلك الكتاب في أيّ موضع منه شئت,وتأمره إذا فرغ من ذلك أن يجعله مرصّعًا من أبواب كليلة ودمنة في أيّ موضع شاء,ويأمره الملك أن يجعل هذا الباب في أوّل الأبواب التي أُتيت بها من الهند
175,b576f939-791a-4034-9d3a-834e263833af,Burzoy Wants Legacy,فإنّ الملك إذا فعل ذلك فقد بلغ بي وبأهلي غاية الشرف وأعلى المراتب وابقى لنا ما لا يزول ذكره باقيّا على الأبد حيث ما قرئ هذا الكتاب,فإنّ الملك إذا فعل ذلك بلغ بي غاية الشرف وأبقى لنا ما لا يزال ذكره على الأبد حيث ما قُرئ هذا الكتاب,فإنّ ذكره لا يزال باقيًا على الأبد ما قُرئ هذا الكتاب إذ هو أهل لذلك,فإنّه لا يزال ذكره باقيًا إلى الأبد وحيث ما قُرئ هذا الكتاب,فإنّ الملك إذا فعل ذلك فقد بلغ بي وبأهل بيتي غاية الشرف وأعلى المنازل وأبقى لنا ما يزال ذكره باقيًا على الأبد حيث ما قُرئ هذا الكتاب,ليكون لمن بعدي عبرة وتأديبًا ويحيى به ذكري ما حييت في الدنيا وبعد وفاتي فإنّه إن فعل ذلك فقد شرّفني وأهل بيتي آخر الأبد,ليكون لمن بعدي تأديبًا وذخيرة وكنز فعل,فيُحيى به ذكري ما حييت وبعد {وفاتي} إن فعل ذلك فقد شرّفني إلى آخر الأبد ما {دام هذا الكتاب} مشهورًا في الدنيا,فيحيي به ذكري ما حييت وبعد وفاتي فإنّه إن فعل ذلك فقد شرّفني إلى آخر الأبد ما دام هذا الكتاب مشهورًا في الدنيا,فإنّك إن فعلت ذلك بلغت بي وبأهل بيتي من الشرف والمنزلة والذكر ما لا يزال ذكره قائمًا معروفًا أبدًا حيث ما قرئ هذا الكتاب,فإنّك إذا فعلت ذلك فقد بلغت بي غاية الشرف والمنزلة العالية والذكر الدائم الذي لا يزال قائمًا معروفًا أبدًا حيث ما قُرئ هذا الكتاب,فإذا فعل ذلك فقد بلغ بي وبأهل بيتي من التشريف ومن التعظيم وعلوّ الذكر ما لا يزال ذكره قائمًا مؤيّدًا أبدًا أحييت ما قُرئ هذا الكتاب
176,efbd6da4-a87d-4698-b665-756732ca7258,Kisra And Nobles Impressed,فلمّا سمع كسرى أنوشروان والعظماء مقاله وما سمت إليه نفسه من محبة أبقى الذكر فاستحسنوا طلبته واختياره,فلمّا سمع أنوشروان والعلماء كلامه عجبوا من عقله وممّا سمت إليه نفسه من استقبال الذكر الجميل,فلمّا سمع الملك أنوشروان ومن بحضرته من الحكماء والعلماء والخواصّ مقالة برزوية وما سأل فتعجّبوا من علوّ همّته وحسن فكرته ووفور عقله وكثرة أدبه وما سمت إليه نفسه من محبّته لبقاء الذكر الجميل [وا] وإضرابه عن أخذ المال الجزيل واستحسنوا ذلك منه,فلمّا سمع أنوشروان والعلماء والحكماء مقالته وما سأله تعجّبوا من عقله وما سمت إليه نفسه من محبّته لبقاء الذكر الجميل واستحسنوا طلبته واختياره,فلمّا سمع أنوشروان والعظماء مقالته عجبوا من عقله وما سمت إليه نفسه من محبّته لبقاء الذكر الجميل فاستحسنوا بحضرة الملك طلبته,,,,,فلمّا سمع الملك *** قول برزويه عجبوا من عقله وما سمت إليه نفسه ورضوا له بما طلب,قال فلمّا سمع الملك وعظماء أهل مملكته والأشراف من أهل دولته مقالته عجبوا من حسن عقله وما سمت إليه نفسه ورضوا له ما طلب,فلمّا سمع الملك والعظماء قوله عجبوا من عقله وما سعت إليه نفسه وما حسن في رأيه
177,c48250bd-97c4-4eec-8f60-911db92c8ccf,Kisra Deems Request Light,فقال كسرى حبًا وكرامة لك برزويه إنّك أهل أن تسعف بحاجتك فما أقلّ ما قنعت به وأيسره عندنا وإن كان خطره عندك عظيمًا,فقال أنوشروان نعم وكرامة يا برزويه إنّك لأهل أن تُسعف بحاجتك وأن تُعان على بغيتك فما أقلّ ما قنعت به وأيسره من عندنا,قال أنوشروان حبًّا وكرامة يا برزوية إنّك أهل أن تُسعف بحاجتك وأن تنال بغيتك,فقال أنوشروان حبًّا وكرامة يا برزويه إنّك أهل أن تُسعف بحاجتك وأن تُعاون على بغيتك,فقال أنوشروان نعم وكرامة إنّك لأهل أن تُشفع في حاجتك وأن تُعان على رغبتك فما أقلّ ما اقتنعت وما أيسره عندنا وإن كان خطره عندك عظيمًا,فقال المَلك ما أهون ما سألت في حيث ما استوجبت,,فقال الملك يا برزويه ستُجاب مسألتك وتنال طلبتك فما أيسر ما سألت مع ما تستوجبه وإن كان عندك عظيم الخطر,فقال الملك يا برزويه تُستجاب مسألتك وتنال طلبتك فما أيسر ما سألت مع ما تستوجبه وإن كان عندك عظيم الخطر,فقال الملك لبرزويه نعم وكرامة أنت أهل أن تشفع في طلبتك فما أقلّ ما طلبت وأيسره وإن كان خطرًا عندك عظيمًا,فقال له الملك عند ذلك يا برزويه حبًّا وكرامة فأنت أهل أن تُشفّع في طلبتك وتُعطى حاجتك وكلّما سألت وإن كان خطره عظيمًا وأمره جسيمًا فطب نفسًا وقرّ عينًا,فقال الملك أنت أهل أن تشفع في طلبتك وبلوغ إرادتك فما أقلّ ما طلبت وإن كان جسيمًا عظيمًا
178,5149f0c1-8a51-4d5f-812f-77e3632b74a8,Kisra Recounts Burzoys Merits,ثمّ أقبل أنوشروان على وزيره برزجمهر فقال له قد عرفت مناصحة برزويه لنا وتجشمه المخاوف والمهالك فيما يقرّبه منّا وإتعابه بدنه فيما يسرّنا وما أتى إلينا من المعروف وما أفادنا على يده من الحكمة والأدب ... فخره,ثمّ أقبل أنوشروان على برزجمهر وقال له لقد علمت منّا نصيحة برزويه لنا وتجشّمه المخاوف فيما يقرب بيه إلينا وإتعابه بدنه فيما يسرّنا وما أفادنا الله على يده,ثمّ أقبل أنو شروان على الحكيم برزجمهر وقال قد عرفت مناصحة برزوية لنا فطلبه لمرضاتنا وتجشّمه المخاوف والمهالك فيما يقرّبه منّا وابتغائه ما يسرّنا وما أسدى إلينا من المعروف وما استفدناه على يده من الحكمة والأدب الباقي لنا فخره,ثمّ أقبل أنوشروان على بزرجمهر وقال قد عرفت مناصحة برزويه لنا وتجربته مرضاتنا وتجشّمه المخاوف والمهالك ممّا يقرّبه منّا وابتغائه ما يسرّنا وما ابتدى إلينا من المعروف وما أفدنا على يديه من الحكمة والأدب الباقي لنا فخره,ثمّ أقبل أنوشروان على برزجمهر بن التختكان فقال له قد عرفت مناصحة برزويه لنا وتحرّيه مرضاتنا وتجشّمه المهالك والمخاوف فيما يقرّبه منّا وإتعابه بدنه فيما يسرّنا وما أتى إلينا من المعروف وما أفادنا من الحكمة والآداب الباقي لنا فخرها على العالمين,,فدعا كسرى بزرجمهر فقال قد عرفت مناقب برزويه وطاعته لنا وما كان من اجتهاده فيما ورد به عليكم من بلاد الهند وانتساخه هذا الكتاب النفيس والأدب الأنيق مع مخاطرة بنفسه وماله ودمه,ثمّ أرسل إلى بزرجمهر من ساعته فلمّا دخل عليه قال له الملك إنّك قد عرفت مناصحة برزويه في مسرّتنا ومرضاتنا في ركوبه أهوال المخوف وضناء بدنه في حقّنا,ثمّ أرسل إلى برزجمهر من ساعته فلمّا دخل عليه قال له الملك إنّك قد أصرفت مناصحة برزويه في سيرتنا ومرضاتنا في ركوبه أهوال المخوف وضنا بدنه في حقّنا فلمّا دخل عليه,ثمّ أرسل الملك من ساعته إلى بزرجمهر ابن النختكان فأُتي به فلمّا أن دخل عليه سجد له ثمّ قام فقال الملك قد عرفت مناصحة برزويه لنا وتجربته آخر هذا وركوبه الهول فيما ينفعنا وإنصابه نفسه وبدنه من *** العقل والحكمة,ثمّ أرسل الملك من وقته وساعته إلى بزرجمهر الحكيم فلمّا أتاه قال له الملك قد علمت مناصحة برزويه لنا وقصده مرضاتنا وركوبه الخوف والهول في بلوغ مودّتنا وإتعاب بدنه فيما يسرّنا وما أتى إلينا به من المعروف وما أتى على يديه من الأدب والحكمة,ثمّ أقبل الملك على برزجمهر فقال قد عرفت مناصحة برزويه لنا وتجرّده في مسيرتنا وركوبه الهول في محبّتنا وما أسداه إلينا من إصابته الحكمة
179,9dea671b-b23c-4f7a-8f91-dd7c24b586e1,Burzoy Wants Immaterial Gift,وما عرضنا له من خزائننا لنجزيه بذلك بما كان منه فلم تمل نفسه إلى شيء من ذلك وكان بغيته وطلبتُه امرًا يسيرًا رآه هو الثواب منّا له والكرامة الجليلة عنده,وما عرضنا عليه من خزائننا لنجزيه بما كان في ذلك فلم تمل نفسه إلى ذلك فكانت طلبته أمرًا يسيرًا,وما عرضنا عليه من خزائننا من الأموال والجواهر والذخائر وغيرها من الثياب والملابس الفاخرة فلم تمل نفسه إلى شيء من ذلك وكانت بغيته وطلبته منّا أمرًا يسيرًا من الثواب,وأنّا عرضنا عليه من خزائننا لنجزيه ما كان من ذلك الأفعال بالأموال والجواهر وغيرها من الثياب فلم تمل بغيته إلى شيء من هذا وكانت بغيته وطلبه منّا أمرًا يسيرًا ومن أتمّ الثواب منّا له والكرامة الجليلة عنده,وما عرضنا عليه من خزائننا من الأموال والكسوة والأثاث وأنّه لم يقبل من ذلك شيئًا وكانت بغيته عندنا وطلبته منّا أمرًا يسيرًا يراه هو الثواب منّا له والكرامة الجليلة عنده,,,وقد عزمنا أن نعوّضه في ذلك ما أراد فرضي منّا بالأمر اليسير وأنّه قد اختار جزاء وكرامة,وقد عرضنا أن نعوّضه في ذلك ما أراد فرضي منّا بالأمر اليسير وإنّه قد اختار جزاء وكرامة,وما عوّضنا عليه وعرضناه من خزائننا من الأموال فلم يقبل من ذلك شيئًا وكانت حاجته إلينا أمرًا يسيرًا بأدنى الجائزة له والكرامة,وما عرضنا عليه من المال الذي في خزائننا فلم يقبل منه شيئًا وكانت حاجته [[عند]] من ذلك شيئًا يسيرًا يرى أنّه الجزاء والكرامة على فعله,وما عرضناه عليه من مالنا وذخائرنا فلم يقبله وكانت حاجته منه اليسير ورأى أنّه الجائزة
180,80543009-ef01-4929-ada1-85127509a176,Kisra Urges Buzurgmihr To Excel,فإنّي أحبّ أن تتكلّم في ذلك وتسعفه بحاجته وطلبته واعلم أنّ ذلك ممّا يسرّني ولا تدع شيئًا من الاجتهاد والمبالغة إلّا بلغته وإن نالتك فيه مشقة,وإني أحبّ أن تسعفه بحاجته واعلم أن ذلك ممّا تسرّني به ولا تدع الاجتهاد والمبالغة وإن نالتك مشقّة,وهو أنّي أحبّ أن تتكلّم في ذلك بما يقع لك من حسن تأليف تسعفه فيه بما أحبّه وسأله واعلم أنّ ذلك ممّا يسرّني فلا تدع جهدك من المبالغة في ذلك ولا تدع شيئًا منه إلّا أتيت به ولو نالك فيه مشقّة,وإنّي أحبّ أن تتكلّم في ذلك وتسعفه بمقالته وما يحبّه واعلم أنّ ذلك ممّا سررت به ولا تدع من الاجتهاد والمبالغة شيء ولا تترك شيئًا إلّا بلغته ولو نالتك فيه مشقّة,فإنّي أحبّ أن تتكلّف له ذلك وتسعفه فيه واعلمْ أنّ ذلك ممّا يسرّني فلا تدعْ اجتهادًا إلّا بلغته وإن نالتك مشقّة وهوان,,فأنا أحبّ أن نسعفه بحاجته,وأنا أحبّ أن تسعفه في ذلك وتجتهد في قضاء حاجته,وأنا أحبّ أن تسعفه في ذلك وتجتهد في قضاء حاجته,وأخبره بما طلب برزويه,ثمّ أخبره بما طلب وأمره أن يجتهد فيه ولو حمل في ذلك المشقّة,وقال أنا أحبّ أن تشفعه في ذلك وتسرّني به فاجهد نفسك واحمل المشقّة
181,2265c732-e6dc-4cf9-8abb-119427e974a5,Chapter To Match Others,وهو أن يكون بابًا مضارعًا لتلك الأبواب التي في الكتاب,وهو أن تكتب بابًا مضارعًا لتلك الأبواب التي في الكتاب,,وهو أن تكتب بابًا مضاهيًا لتلك الأبواب التي في الكتاب,وليكن بابًا مضارعًا لتلك الأبواب التي في الكتاب,,,وأن تصنّف له بابًا مشابهًا لتلك الأبواب التي في ذلك الكتاب,وأن تضيف له بابًا !منتدا بها لتلك الأبواب التي في ذلك الكتاب,وهو أن يكتب بابًا مضارعًا لتلك الأبواب التي في ذلك الكتاب,وأن يجعله بابًا مضارعًا لتلك الأبواب التي في كليلة ودمنة,واجعله مضارعًا لتلك الأبواب الهنديّة
182,f8c09442-7dfd-41d8-8ab8-601d7ca5ba3d,Chapter To Extol Burzoy,ونذكر فضل برزويه وكيف كان ابتداء أمره وشأنه وتنسبه إليه وإلى جنسه وصناعته وتذكر فيه بعثته إلى بلاد الهند في حاجتنا وما أفدنا على يديه من هنالك وشرّفنا به وفضّلنا فى غيرنا وكيف كان حال برزويه وقدومه من بلاد الهند غاية ما تقدر عليه من التقريظ والإطناب,وتذكر فيها فضل برزويه وكيف كان ابتداء أمره وتنسبه إليه وإلى حسبه ومحبّته لأهل العلم وتذكر فيه بعثتنا له إلى بلاد الهند وما أفادنا على يديه من هناك وشرّفنا به وفضّلنا على غيرنا من الملوك,,وتذكر فيه فضل برزويه وكيف كان ابتداء أمره وشأنه وتنسبه إليه إلى نفسه وسياسته وأدبه ومحبّته للعلم وأهله وتعرف له فيه بعثتنا له إلى بلاد الهند في طاعتنا وقد أفدنا عليه من ذلك وشرّفنا به وفضّلنا على غيرنا وكيف كان حال برزويه في بلاد الهند بأفضل ما تقدر عليه من التقريظ والإطناب,واذكر فيه فضل برزويه وكيف كان أوّل أمره وابتداء شأنه وانسبه إليه وإلى حسبه وصناعته ومحبّته للأدب والعلم وتذكر بعثنا له إلى الهند في حاجتنا وما أفادنا من هناك وشرّفنا به وفضّلنا على غيرنا من الملوك وكيف كان برزويه بعد قدومه من الهند بأفضل ما تقدر عليه من التقريظ والإطراء,,,وتذكر فيه فضل برزويه وكيف بدء أمره وحسبه وصناعته وأدبه وخروجه من ذلك إلى بغيتنا إيّاه إلى الهند في حاجتنا وما أفادنا الله على يديه وكيف كانت مقالته عند قدومه من الهند بأحسن ما تجده من اللفظ من حسنه وما شَرُف به,وتذكر فيه فضل برزويه وكيف بدأ أمره وحسبه وصناعته وأدبه وخروجه من ذلك إلى بعثتنا إيّاه إلى الهند في حاجتنا وما أفادنا الله على يديه وكيف كانت مقالته بعد قدومه من الهند بأحسن ما تجده من اللفظ من حسنه وما شرّفه الملك به وسيّر في جميع المملكة,ويذكر فيه فضل برزويه وكيف كانت حالة برزويه بعد قدومه من الهند بأجود ما يجد من المدح والكلام,ويذكر فيها أمره وشأنه ونسبه وحسبه وصناعته وأدبه ويذكر فيه مسيره إلى بلاد الهند في طلب كتاب كليلة ودمنة وجميع ما أحضره على يده من الكتب وكيف كان حاله بعد قدومه وما عرضنا عليه من الأموال وتنتهي في ذلك إلى ما يسرّنا ويسرّ برزويه,واذكر فضل برزويه وأوّل أمره ومبتدأ شأنه إلى حين بعثنا إيّاه إلى الهند في حاجتنا وما أفادنا وكيف كان الحال بعد قدومه بأجود المدح
183,f50e4eb4-da94-4cce-b85e-2fe3fa0eefbc,Chapter To Match Truth,,,,,,وتقدّم إلى برزجمهر بأن يضع له بابًا وينسبه إليه على موافقة الحقّ,وتضع له في أوّل هذا الكتاب بابًا باسمه على موافقة الحقّ وأمر واجب,فإنّه مستحقّ لجميع ذلك منّا ومنك خاصّة وما يعاني في {جميع} الأدب وليكن ذلك موافق للحقّ,فإنّه مستحقّ لذلك منّا ومنك خاصّة وما يعاني في جميع الأدب وليكن ذلك موافق للحقّ,,,
184,ee2ae316-6243-4ba4-809f-d89d27656e8a,Chapter To Support Kings Authority,,,,,,*لأن يكون تحريضًا لمن قرأه على طاعة الملوك ولا,كي يكون تحريضًا لمن قرأه على طاعة الملوك موافقتهم إن شاء الله,وتحريضًا لمن قرأه على طاعة الملوك {وموافقتهم,وتحريض لمن قرأه على طاعة الملوك وموافقتهم,,,
185,e15bd613-a412-4298-bc7f-b2a68aaf7e39,Buzurgmihr To Spare No Effort,وتبالغ في ذلك أفضل المبالغة واجتهد في ذلك اجتهادًا يسرّ برزويه وأهل المملكة ومنك أيضًا لمحبّتك للعلوم,وتبالغ فيه بأفضل ما تقدر عليه اجتهادًا يُسرّ به {فإنّ} برزويه أهل لذلك,,واجتهد في ذلك اجتهاد فإنّ برزويه أهل لكلّ خير يؤتيه منّي ومن جميع أهل المملكة ومثّل أيضًا لمحبّته العلوم,وتبالغْ في ذلك غاية المبالغة واجتهدْ في ذلك اجتهادًا يسرّ برزويه ويسرّني ويسرّ جميع أهل المملكة فإنّ برزويه أهل لكلّ خير يُؤتى إليه منّي ومن جميع أهل المملكة ومنك أيضًا لمحبّتك,يقصّر في إتقانه ويختبره بغاية وسعة وطاقته,,ولا} تدع من اجتهادك شيئًا وترتّبه أحسن ترتيب,ولا تدع من اجتهادك شيئًا وترتبّه أحسن ترتيب,ويبالغ في ذلك أفضل المبالغة فإنّ ذلك خاصّة لطلب العلم وحبّه لأهله,,
186,ec1d8e74-9d02-42e8-af02-32c3a2fdfdeb,Chapter To Be The Best,واجتهد أن يكون غرض هذا الكتاب الذي ينسب إلى برزويه أفضل من أغراض الكتاب عند الخاصّ والعامّ وأشدّ مشاكلة بحال هذا العلم,واحرص على أن يكون غرض هذا الكتاب الذي يُنسب إليه برزويه أفضل الأغراض من تلك الأبواب عند العام والخاصّ,,واحرص أن يكون عرض هذا الكتاب المنسوب إلى برزويه أفضل من أعراض الأبواب كلّها عند الخاصّ والعامّ وأشدّ مشاكلة لحال هذا العلم كلّه,واحرصْ أن يكون غرضك هذا الباب الذي يُنسب إلى برزويه أفضل من أغراض تلك الأبواب عند الخاصّ والعامّ وأشدّ مشاكلة له,,,,,وأن يكون ذلك الباب أفضل الأبواب التي في الكتاب كلّها,وتجعل الباب الذي في ذلك هو أفضل الأبواب كلّها,وأحسن الكلام أن يكون هذا الباب من أفضل الأبواب
187,74d40dff-84d0-4dd3-a0ee-a7762f93fea9,Chapter To Eternize Buzurgmihr,فإنّك أسعد الناس كلّهم بذلك لانفرادك بهذا الكتاب,,,وكن أسعد الناس كلّهم بذلك لانفرادك بهذا الكتاب,فإنّك أسعد الناس كلّهم بذلك لانفرادك بهذا الباب,,,,,ولا يذكر برزويه إلّا كنت أنت *شريكه ***,فإنّك تسعد بذلك ولا يُذكر هذا الكتاب ولا يُذكر برزويه إلّا كنت شريكه في الذكر,فإنّك أسعد الناس بذلك فإنّه لا يذكر برزويه إلّا كنت أنت شريكه في الذكر
188,9470a6ad-0116-4f1f-9ecb-09a4daae7a4d,Kisra Orders Chapters Place,واجعله أوّل الأبواب,واجعله أوّل الأبواب,فإذا فرغت من الكلام فيه جعلته بابًا مقدّمًا على باب الأسد والثوّر ثم,واجعله أوّل تلك الأبواب,واجعلْ ذلك الباب أوّل تلك الأبواب,,,واجعل ذلك الباب في أوّل الأبواب,واجعل ذلك الباب في أوّل الأبواب,,واجعله أوّل الأبواب كلّها,
189,4c4a142c-3b1c-4b8a-9356-b07e731c31c7,Kisra Plans Public Reading,فإذا أنت عملته ووضعته موضعه أعلمني لأجمع أهل المملكة وتقرأه عليهم فيظهر فضلك واجتهادك في محبّتنا,فإذا أنت عملته ووضعته موضعه فأعلمني حتّى أجمع أهل مملكتي لتقرأه عليهم فيظهر فضلك واجتهادك في محبّتنا فيكون لك بذلك فخرًا,تأتيني به ﻷجمع أهل مملكتي وخواصّ أكابر دولتي فتقرأه عليهم فيظهر بذلك شرفك وفضلك واجتهادك في محبّتنا ويكون في ذلك فخرًا عظيمًا لك إلى آخر الدهر,وإذا وضعته موضعه أعلمني ﻷجمع أهل مملكتي وتقرأه عليهم فيظهر فضلك واجتهادك في محبّتنا فيكون لك ذلك فخرًا عظيمًا,فإذا أنت عملته ووضعته موضعه أعلمتني حتّى أجمع أهل مملكتي فتقرأه على رؤوس المرازبة ليظهر لهم من فضل حكمتك واجتهادك في محبّتنا ما يكون لك شرفًا وفخرًا,,,وإذا أنت فرغت من ذلك ووضعته على أفضل ترتيب فأدنيه منّي حتّى أعلم ما فيه وأجمع العلماء والرؤساء والأشراف فتقرأه عليهم ليظهر من علمك وأدبك واجتهادك وفضلك وبلاغتك وكلّ ذلك إجلالًا لك ولبرزويه,وإذا أنت فرغت من ذلك *وصنعته على أفضل ترتيب فأدنيه منّي حتّى أعلم ما فيه وأجمع العلماء والرؤساء والأشراف فتقرأه عليهم ليظهر لهم من علمك وأدبك واجتهادك وفضلك وبلاغتك وكلّ ذلك إجلالًا لك ولبروزيه,حتّى أجمع أهل مملكتي فتدخل فتقرأه على رؤوس الناس ***,فإن أنت وضعته حيث رسمت فعرّفني لأجمع الأشراف والفلاسفة والعلماء والحكماء وتقرؤه على رؤوس الناس حتّى يظهر لهم من علمك واجتهادك في مسرّتنا ما خفي عنهم,فإذا فرغت من هذا الباب وجوّدته ووضعته موضعه أعلمني حتّى أجمع أهل مملكتي لتقرأه على علمائهم ليظهر لهم علمك وعلم فضلك
190,c6095fad-b648-40b1-9250-f0d722cdb179,Invocation For Kisras Elevation,,فلمّا سمع برزويه مقالة الملك خرّ له ساجدًا وقال أدام الله لك أيّها الملك البقاء وبلّغك أفضل منازل الصالحين في الآخرة والأولى,فلمّا سمع برزوية مقالة الملك ورأى عظيم خطره خرّ ساجدًا بين يديه وقال أدام الله [[الملك]] لك أيها الملك البقاء والشرف والعزّ والسرور الذي تفوق به على جميع الملوك وبلّغك أفضل المنازل من كرامة الآخرة مع الصالحين المستوجبين لجنّات النعيم,فلمّا سمع برزويه مقالة الملك ورأى عظيم حظّه عنده خرّ له ساجدًا وقال أدام الله لك أيّها الملك البقاء والسرور الذي تفوق به على جميع المخلوقين وبلّغك أفضل المنازل في الآخرة مع الصالحين المستوجبين جنّات النعيم,وسُرّ برزويه بما سمع من ذلك وتبيّن له عظيم خطره عنده وجلالة منزلته من قِبله وخرّ ساجدًا وقال الحمد لله الذي منحني من حسن رأي الملك وأدام الله لك أيها الملك السرور والفرح وقرّة العين وبلغ بك في الدنيا الرتبة التي لم يبلغها أحد من الملوك قبلك,,,فلمّا سمع برزويه مقالة الملك وعظيم قدره عنده وشرف منزلته منه خرّ ساجدًا وقال أدام الله لك النعمة أيّها الملك والسرور وقرّة العين ورزقك في الدنيا الشرف الذي تفوق به جميع المخلوقين وفي الآخرة أفضل المنازل مع الصالحين المستوجبين جنّات النعيم,فلمّا سمع بروزيه مقالة الملك وعظيم قدره عنده وشرف منزلته منه خرّ ساجدًا وقال أدام الله تعالى لك النعمة أيّها الملك والسرور وقرّة العين ورزقك في الدنيا الشرف الذي تفوق به جميع المخلوقين وفي الآخرة أفضل المنازل مع الصالحين المستوجبين جنّات النعيم,فلمّا سمع برزويه مقالة الملك *وعظم خطره منه *ومنزلته عنده <خرّ> له ساجدًا وقال أدام الله لك أيّها الملك السرور والفرح *وقرّة العين ورزقك في الدنيا الشرف الذي تقوى به جميع المخلوقين وفي الآخرة أفضل المنازل مع الصالحين المستوجبين جنّات النعيم فإنّها منتهى غاية الطالبين,قال فلمّا فرغ الملك من كلامه قال بزرجمهر الحكيم أدام الله أيّها الملك لك السرور وبلّغك أفضل المنازل في الدنيا والآخرة مع الصالحين وأسكنك جنّات النعيم فإنّك لم تزل موفّقًا رشيدًا تحبّ الخير وتعمل به وتعرف لكلّ ذي حقّ حقّه فأدام الله ملكك وثبّت سلطانك,فلمّا سمع برزويه مقالة الملك ورأى خطره عنده ومنزلته منه خرّ له ساجدًا وقال أدام الله لك أيّها الملك السرور والفرح وقرّت [وقرّت] العين ورزقك في الدنيا الشرف الذي تفوق به جميع المخلوقين وفي الآخرة أفضل المنازل مع الصالحين المستوجبين جنّات النعيم
191,382fd693-b575-4be8-8124-62d45c1b1797,Buzurgmihr Rejoices,,,وأمّا بزرجمهر فإنّه سُرّ بذلك بمخاطبة الملك سرورًا عظيمًا,ولمّا سمع برزجمهر ذلك سرّ سرورًا شديدًا,فلمّا سمع ذلك برزجمهر من مقالة الملك أنعم له وسُرّ به,,,,,,,
192,2abb7ee0-0bc1-454e-82c5-ce7308f1ab96,Invocation For Kisras Renown,,,وقال إنّ الملك أدام الله سروره بنيل المراد وشمل بعدله الرعايا والعباد ونشر حسن سيرته في سائر البلاد وألهج ألسنة العالم بالدعاء له في كلّ ناد من حاضر وباد وبعد,,,,,,,,,
193,dcb45a08-53b5-4c48-9112-571575c2bd2b,Buzurgmihrs Zeal For Task,,لقد شرّفتني بذلك شرفًا,فقد شرّفني الملك شرفًا باقيًا إلى الأبد وإنّي ممتثل لما أمر به مجتهدًا في المبالغة فيه مشمّر عن ساق الجدّ والاجتهاد غير مقصّر في ذلك,وقال شرّفني الملك بذلك شرفًا باقيًا على الأبد وإنّي مجتهد مبالغ مشمّر عن ساق الاجتهاد في ذلك,ووعده بسرعة الفراغ منه والانكماش والتشمير فيما بذل,فقبل برزجمهر وصيّة كسرى في ذلك لعلّه يحسن رأيه في بروزيه وإكرامه وإكرامه إيّاه,<فلمّا> <سمع> بزرجمهر وصيّة كسرى,,,,,
194,97a20c52-4a05-42e9-9832-e0d33c2d3d76,Burzoy Buzurgmihr Exit,,ثمّ خرج برزويه وبرزجمهر من عند الملك,ثمّ وعده ووقّت له وقت الفراغ منه وخرج برزوية وبزرجمهر من عند الملك منصرفين إلى منازلهما,ووعده وقت الفراغ منه ثمّ خرج برزويه وبزرجمهر من عند الملك إلى منازلهما,ثمّ خرج برزويه وبزرجمهر من بين يدي الملك وانصرف أهل المجلس إلى منازلهم,,,ثمّ ودّع الملك وخرج ومضى بزرجمهر بن البختكان,ثمّ ودّع الملك وخرج ومضى برزجمهر بن البختكان,فلمّا فرغ برزويه من دعاء الملك خرج من عنده وخرج برزويه وخرج بزرجمهر ابن النختكان,,ثمّ ودّع الملك وخرج ومضى بزرجمهر ابن البختكان
195,c9888b6f-9261-4040-a605-316d237150be,Buzurgmihr Begins Composition,,,وشرع بزرجمهر في تأليف ذلك وترتيبه,وأخذ بزرجمهر في تأليف ذلك الباب وعمله,فأخذ بزرجمهر في وضعه الباب الذي أمره الملك به,,,وشرع في صنعة الباب,وشرع في صفة الباب,وأخذ في صناعة الكتاب وذلك الباب الذي أمر به الملك,ثمّ أخذ في صنعة الباب الذي أمره الملك به,وأخذ في ضعة الباب
196,532766eb-74fc-4055-b85b-c10f07cfd5d3,Contents Of Bu Chapter,ففعل ذلك ووصف برزجمهر برزويه من يوم دفعه أبواه إلى المعلّم ومضيّه إلى بلاد الهند,فوصف برزويه من أوّل يوم دفعه أبواه إلى المعلّم ومضيّه إلى بلاد الهند في طلب العقاقير والأدوية وكيف تعلّم خطوطهم ولغتهم وإلى أن بعثه أنوشروان إلى الهند في طلب الكتاب,ووصف برزوية من أوّل أمره من مبتدأ مولده واشتغاله بالعلوم إلى آخر أمره على أحسن نظام وألطف تأليف وأبلغ وصف وأبدع تصريف,فوصف فيه برزويه من أوّل ما وضعاه أبواه في التعليم وحرصهم على ذلك إلى أن بعثه أنوشروان إلى بلاد الهند في طلب الكتاب والعلوم فجاء بزرجمهر في ذلك كلّه أحسن نظم وتأليف وتشريف على ما كان أحرز من أمر برزويه وأدبه وفهمه وما ظهر له من استهانته الدنيا وقلّة اكتراثه بها,ووصف برزويه من أوّل ما أسلمه أبوه إلى التعلّم إلى أن مضى إلى الهند في طلب الكتاب ونظمه بأحسن نظام على ما قد كان عرف من أدب برزويه وحكمته وما ظهر منه في استهانته بالدنيا وقلّة اكتراثه بها,وأطنب في ذلك الباب واجتهد في إتقانه وترصيفه ونسبته إليه وذكر تنقّله من حال إلى حال وبحثه عن الأديان والتماسه طلب الحكمة,فأطنب في وضع الكتاب واجتهد في تأليفه,ووصف أمر برزويه من أوّل ما رفعه أبوه إلى المكتب في تعليمه الطبّ والحكمة إلى أن بعثه الملك إلى الهند بأحسن ما يقدر عليه من الوصف وذكر سيرته وزهده في الدنيا وتنقّله من حال إلى حال واستعفافه الدنيا ورغبته في {الآخرة},ووصف أمر بروزيه من أوّل ما دفعه أبوه إلى المكتب وفي تعليمه الطبّ والحكمة إلى أن بعثه الملك إلى الهند بأحسن ما يقدر عليه من الوصف وذكر سيرته وزهده في الدنيا وتنقّله من حال إلى حال واستعفافه للدنيا ورغبته في الآخرة فلمّا,ووصف أمر برزويه من أوّل ما دفعه أبوه في التعليم إلى أن بعثه الملك إلى الهند وجاء بذلك بأحسن ما يقدر عليه من الوصف بما قد كان عرف من أدب برزويه وسيرته وظهر للناس منه بتركه للدنيا وبغضه للدنيا وزهادته فيها ورغبته في الآخرة,ووصف برزويه من أوّله من حين دفعه إلى المعلّم وإلى أن بعثه الملك إلى الهند وعمل في ذلك بأحسن ما يقدر عليه من الوصف وأثنى عليه بما يعرف من أدبه وحسن سيرته وما ظهر للناس من رفضه الدنيا وزهادته فيها ورغبته في الآخرة وإلى صلاح ما سيّر إليه نفسه في المعاد,ووصف أمر برزويه من أوّل ما دفعه أبوه في تعليم الطبّ إلى أن بعثه الملك إلى الهند بأحسن ما يعذر عليه من الوصف وذكر سيرته وزهده في الدنيا وتنقّله من حال إلى حال واستخفافه بالدنيا ورغبته في الآخرة
197,bd745bff-4886-48fb-8714-47891bb662e5,Buzurgmihr Omits Nothing,ولم يدع من فضائل برزويه وأخلاقه ومذهبه أمرًا إلّا ونسبه وأتى به بأجود ما يكون من الشرح,ولم يدع من فضائل برزويه وحكمته وخلائقه ومذهبه أمرًا إلاّ ونسّقه وأتى به بأجود ما يكون من الشرح,ولم يدع من [تا] ترجمته شيئًا إلّا وجمعه في ذلك,ولم يدع حسن خلائق برزويه شيئًا إلّا جمعه في ذلك الشرح,فلم يدع شيئًا من خلائق برزويه ومذاهبه إلّا نسّقه وجابه بأجود ما يكون من الشرح الطويل,,,,,فلم يدع من خلائق برزويه وطباعه شيئًا,ولم يترك من أخلاق برزويه شيئًا إلّا وألّفه أحسن تأليف واختصره وأحكمه,
198,933e4da7-78a6-4dd5-9b01-3086d315afd6,Chapter Read Publicly,ثمّ أعلم الملك بفراغه فجمع أنوشروان أشراف قومه وأهل مملكته وأدخلهم إليه وأمر برزجمهر بقراءة الكتاب وبرزويه قائم إلى جنب برزجمهر وابتدأ يصف برزويه إلى أن انتهى إلى آخره,ثمّ أعلم الملك بفراغه منه فجمع أنوشروان أشراف قومه وأهل مملكته وأدخلهم إليه وأمر برزجمهر بقراءة الكتاب وبرزويه قائم إلى جانب برزجمهر وابتدأ بوصف برزويه حتّى انتهى إلى آخره,ولمّا أن فرغ منه أعلم الملك بذلك فجمع الحكماء والعلماء والوزراء والأكابر والقوّاد وخواصّ المملكة وأهل المناصب وجلس في دست مملكته لهم جلوسًا ظاهرًا وأمر بزرجمهر يقرأ الكتاب وبرزوية إلى جانب بزرجمهر فابتدأ بقراءة ترجمته في برزوية إلى آخره,ثمّ أعلم الملك بفراغه منه فجمع أنوشروان جميع العلماء والأشراف ومن دونهم قد خلوا إليه وأمر بزرجمهر بقراءة الكتاب وبرزوية قائم إلى جنبه فابتدأ بزرجمهر بقراءة مقدّمته ثمّ أخذ في وصف برزويه حتّى انتهى إلى آخره,ثمّ أعلم الملك بفراغه منه وأنّه جعله في أوّل باب في ذلك الكتاب يبتدئ به في قراءة الكتاب فجمع أنوشروان جميع العظماء والأشراف ومن دونهم فدخلوا إليه وأمر بزرجمهر بقراءته حتّى ينتهي إلى آخره,ثمّ استأذن على المَلك فقرأه بين يديه,حتّى إذا فرغ منه استأذن فدخل على كسرى فقرأه عليه,فلمّا فرغ بزرجمهر من ذلك أعلم أنوشروان المَلك فأمر أن {يجتمع} العلماء والرؤساء والأشراف والسوقة فحضروا وحضر برزويه وأمر بزرجمهر أن يقوم قائمًا فيقرأ ما صنع وألّف على كافّة من حضر فقام بزرجمهر على منبر عال على الناس وقرأ عليهم باب برزويه,فرغ برزجمهر من ذلك أعلم أنوشروان الملك فأمر أن يجتمع إليه العلماء والرؤوس والأشراف والسوقة فحضروا وحضر برزويه وأمر الملك برزجمهر أن يقوم قائمًا فيقرأ ما صنع وألّف على كافّة من حضر فقام برزجمهر على منبر عال على الناس وقرأ عليهم باب برزويه,*وأعلم الملك عند فراغه وأنّه وضعه في أوّل الكتاب فجمع أنوشروان الناس من العظماء والأشراف ودعا بزرجمهر بالكتاب فحضر برزويه فأمر بقراءته على رؤوس الناس فقال بزرجمهر *** بالكتاب ففتحه وقرأ باب برزويه المتطبّب على رؤوس الناس,وأعلم الملك بفراغه منه وأنّه بلغ فيه مراده فعند ذلك أمر الملك أن يُجمع الأشراف والحكماء وخاصّة الناس وعامّتهم وجلس لهم ودخلوا عليه وجاء بزرجمهر الحكيم بالكتاب بمحضر من برزويه قال وأمر الملك بقراءته على رؤوس الناس,فلمّا فرغ أعلم أنوشروان فجمع له العلماء والأشراف والسوقة وحضر برزويه وبزرجمهر جميعًا فأمر أنوشروان أن يقوم قائمًا فيقرأ ما صنع وألّف على كافّة من حضر فقال برزجمهر وقام على منبر عال على الناس وقرأ عليهم باب برزويه
199,6b9a20c3-bbbb-4c3c-a62c-2f86c25a466b,Bu Chapter Well Received,ففرح الملك بما أوتي به برزجمهر من الحكمة,ففرح الملك بما أتى به *برزجمهر من الحكمة والعلم ثمّ أثنى الملك وجميع من حضره على برزجمهر وشكروه ومدحوه,فسرّ الملك بذلك وتعجّب من بحضرته من بلاغته وعجائب حكمته وأثنوا عليه خيرًا وشكروا له ترجمته في برزوية ومداحه إيّاه من غير كذب ولا ادّعاء باطل,ففرح الملك بذلك وكلّ أهل المملكة بما أوتيه بزرجمهر من الحكمة العجيبة والعلم العزيز وما مدح به برزويه من غير كذب ولا إدّعاء باطل,ففرح الملك وجميع أهل المملكة بما أُوتي برزجمهر من الحكمة العزيزة وما مدح به برزويه من غير كذب منه وادّعاء باطل,فتعجّب كسرى ومن بحضرته منه,فتعجّب كسرى ومن بحضرته من ذلك,فلمّا فرغ منه عجب الملك من ذلك وجميع من حضر ممّا صنّف بزرجمهر من فضل وعقل وأدب وعلم وكمال وما اجتهد فيه من مدح برزويه من غير كذب ولا ادّعاء باطل,فلمّا فرغ منه عجب الملك من ذلك وجميع من حضر ممّا صنّف [من] برزجمهر من فضل وعقل وأدب وعلم وكمال وما اجتهد فيه من مدح برزويه من غير كذب ولا ادّعاء باطل,ففرح الملك ومن كان عنده بما أوتي بزرجمهر من العقل والعلم والأدب وبما اجتهد فيه من مدحه لبرزويه من غير كذب منه,فلمّا قرأه فرح الملك بذلك فرحًا شديدًا وابتهج ابتهاجًا عظيمًا ممَّا رأى من بزرجمهر الحكيم من الفضل والأدب والعمل الجزيل والفهم والعقل الوافر والحكمة وما اجتهد فيه من مدحه وحسن تأليفه وقصّة برزويه من غير كذب ولا دعوى باطلة,فلمّا فرغ منه عجب الملك ومن حضر ممّا أوتي بزرجمهر من فضل وعقل وأدب وعلم وكمال وممّا اجتهد فيه في فضل برزويه من غير كذب منه ولا ادّعى باطل
200,12970e92-70bc-4757-bffd-f6beecd96983,Kisra And Attendees Commend Buzurgmihr,وأثنى عليه وجميع من حضر عند الملك فشكروا برزجمهر على ما عمله وعلى *سعايته في ما فعله من اجتهاده في ذلك وجميع من حضر أثنى عليه وشكروه,,,وأثنى الملك وجميع من حضر على بزرجمهر وشكروا له ذلك ومدحوه بأفضل ما مُدح به أحدًا قبله,وأثنى الملك وجميع من حضر على برزجمهر وشكر له ذلك ومدحوه بأفضل ما مُدح به أحد قبله,,,,,,فأثنى عليه الملك وجميع الأشراف والحكماء والعلماء والأدباء والخاصّة والعامّة وشكروا له فعله ومدحوه وأثنوا عليه,
201,24a62c32-847d-42e8-aae0-640b309ac83d,Kisra Rewards Buzrgmihr,وأمر الملك أن يُعطى له مالًا جزيلًا وجواهر عظيمة وكسوات مفتخرة وأكرمه إكرامًا زائدًا وأجلسه على سرير من ذهب وشيّده على أشراف المملكة وأمر له بمال وأمر له بمال جزيل وكسوة وحُلي وأواني فلم يقبل من ذلك شيئًا غير كسوة من ثياب الملوك,وأمر له بمال عظيم وكسوة فاخرة فلم يقبل شيئًا غير الكسوة,وأفاض عليهما الملك من *ملابس [بس] الملك خلعًا فاخرة ورفع منزلتهما لديه وقرّبهما إليه,وأمر له الملك بمال عظيم وكسوة فاخرة وحليّ وأواني فلم يقبل من ذلك شيئًا غير الكسوة فإنّها كانت من ثياب الملوك وكان يلبسها ويفتخر بها,وأمر له الملك بمال كثير عظيم وكسوة فاخرة وحليّ وأواني فلم يقبل من ذلك شيئًا غير الكسوة فإنّها كانت من ثياب الملك وكان يفاخر بها أهل زمانه,,,فأمر له بجائزة سنيّة من المال,وأمر له بجائزة سنيّة من المال والحلل,فأمر له الملك بجائزة من المال والحلل فلم يأخذ منها شيئًا سوى الحلل فإنّه أخذها ليتجمّل بها ويفتخر بها على نظرائه لأنّها كانت كسوة الملك وخاصّة لباسه فوقف بين يدي الملك وتلك الحلّة عليه,وأمر الملك عند ذلك له بجائزة عظيمة من مال وحليّ ودرّ وجوهر وكسوة فما قبل شيئًا من ذلك إلّا كسوة فإنّه قبلها للشريف لأنّها كانت من كسوة الملك,وأمر له بجائزة عظيمة من المال والحلل
202,7de2eebd-cc9f-410f-b460-7d3d4b790f48,Burzoy Thanks Buzurgmihr,ثمّ شكر له ذلك برزويه وقبّل رأسه ويده,ثمّ شكر له برزويه وقبّل رأسه ويديه,,ثمّ شكر له ذلك برزويه وقبّل يديه,وشكر له برزويه وقبّل يديه,,,ثمّ قام إليه برزويه فقبّل رأسه وشكر صنيعه,ثمّ قام إليه بروزيه فقبّل رأسه وشكر صنيعه,فشكر له برزويه وقبّل رأسه ويديه,,
203,b3728123-6893-4924-9daf-e1e273891b95,Burzoy Thanks Kisra For Chapter,وأقبل برزويه على الملك وقال أدام الله لك المُلك والسعادة فقد بلغت بي وبأهلي غاية الشرف بما أمرت برزجمهر من صنعة الكتاب في أمري وإبقاء ذكري,وأقبل برزوية على الملك وقال له أدام الله لك السرور والكرامة فقد بلغت بي غاية الشرف بما أمرت برزجمهر من صنعة هذا الكتاب في أمري وإبقاء ذكري,,ثمّ أقبل برزويه على الملك وقال أدام الله لك أيّها الملك السرور والكرامة فقد بلغت غاية التشريف بما أمرت به بزرجمهر من صفة لهذا الكتاب وذكر أمرى وإبقاء ذكري,ثمّ أقبل برزويه على الملك فقال أدام الله لك أيّها الملك السلامة والكرامة فقد بلغني غاية الشرف والرتب بما أمرت به برزجمهر من صنعه هذا,,,وأقبل برزويه [[فقبّل رأسه]] على الملك فقال أدام الله لك الكرامة أيّها الملك قد بالغت في كرامتي بما صنعت وتمنّنت وشرّفتني ونوّهت باسمي وذُكرت ما دام هذا الكتاب في الدنيا,وأقبل برزويه على اللك فقال [[أدام]] أدام الله تعالى الكرامة أيّها الملك قد بالغت في كرامتي بما صنعت ومننت عليّ وشرّفتني ونوّهت باسمي وذكرت ما دام [في] هذا الكتاب في الدنيا,ثمّ أقبل برزويه على الملك وقال له أدام الله لك أيّها الملك الكرامة والجمال قد أكرمتني بما أمرت لبزرجمهر ابن النختكان بوضعه هذا الكتاب وقد أعظمت عليّ المنّة ممّا شرّفتني به ونوّهت باسمي وذكري ما دام هذا الكتاب في الدنيا,قال وشكر لبرزويه الملك ودعا له إذ بلّغه إلى حاجته ووصّله إلى غرضه,وقام إليه برزويه على الملك فقال أدام الله لك الكرامة فقد بالغت في إكرامي بما صنعت ومننّت وشرّفتني وتوهّمت باسمي وذكرى ما دام هذا الكتاب في الدنيا
204,19a76a43-a6b6-4363-b9fe-191980e4e2da,Burzoy Invokes Longevity For Kisra,,,,,,,,فأحسن الله عنّي جزاك أفضل ما جزى به أحدًا من عباده الذين اصطفى وأعانني على شُكرك ووَصَلَك من جزيل العزّ وعمّرك منها أعمار آبائك في فضل عيش وسرور وأعمّ عافية فإنّه سميع مجيب,فأحسن الله تعالى عنّي جزاءك أفضل ما جزى به أحدًا من عباده الذين اصطفى وأعانني على شكرك ووصل لك من جزيل العزّ وعمّرك منها إعمار آبائك في تفضّل عيش وسرور وأعمّ عافية فإنّه سميع بصير قريب مجيب,فأحسن الله عنّي جزاءك وأن *يأتيك بأحسن وأفضل وأكمل ما جزى به أحدًا من عباده ووصل ذلك بجزيل شرف الآخرة ورضوان الربّ فإنّه سميع قريب مجيب على ما يشاء قدير,,فأحسن الله عنّي جزائك في الدنيا والآخرة بأحسن وأفضل ما جزى به أحدًا من عباده الذين اصطفى وأعانني على شكرك ووصل ذلك بجزيل شرف الآخرة وعمّرك منتهي أعمار آبائك وأجدادك في أفضل سرور وأعمّ عاقبة فإنّه سميع قريب مجيب
205,4213c7e6-6ece-49dc-9d20-8b07cf557603,Burzoy Commends Buzurgmihr To Kisra,,,,,,,,وجزا الله بزرجمهر عنّي خيرًا وأحسن عنّي مكافأته إنّه وليّ ذلك والقادر عليه,وجزا الله تعالى برزجمهر عنّي خيرًا وأحسن عنّي مكافأته,وجزى الله بزرجمهر ابن النختكان خير الجزاء وأحسن عنّي مكافأته فقد عجز لساني عن تأدية شكرك أيّها الملك فلو أطنبت بكلّ شكر لكنت مقصّرًا والله وليّ ذلك قادر عليه,,*وجزا الله عنّي *بزرجمهر خير الجزاء وأحسن عنّى مكافأته فلو أطنبت فيه بكلّ ثناء طلب *مكافاءته لعجز لساني من ذلك
206,c505085a-5e13-416f-a8d3-6f3258ce2e16,Attendees Pleased With Historical Day,,,,,ثمّ انصرف جميع من أحضره الملك وقد أبقى برزويه لنفسه ذكرًا جيّدًا ما اختلف الجديدان,,,,,,وكان يومًا لم يُرى مثله فيما قبله ولا بعده لاجتماع العلماء فيه والفلاسفة وخواصّ الناس وعوامّهم وعظماء أهل مملكته ثمّ انصرفوا فرحين مسرورين لما قد رُزقوا من العلم والحكمة وفنون الأدب ومعرفة الأخبار والآثار,
207,8b6a1c8f-0031-4333-a8c0-ca4f8cd35592,Chapter Placed First,,,,,,,ودعا بكتاب كليلة ودمنة فوضع باب برزويه في صدر هذا الكتاب حياة منه لبرزويه فيما صنع وتحريضًا للعامّة والخاصّة في الدخول في طاعة الملوك والنزول عند أمرهم,,,,,
208,1c83da28-412e-40a0-b4cc-63290c83e241,Reader To Know Books Import,,,,,,فمن قرأ هذا الكتاب فليعرف السبب الذي وضع عليه كتاب كليلة ودمنة وحوّل من أرض الهند إلى أرض فارس وليعرف فضل الملوك وطاعتهم ويؤثرها على سائر الأعمال وليعلم أنّ الشريف من شرّفته الملوك ورفعته في دولتها,فمن قرأ هذا الكتاب فليعرف السبب الذي جُلب فيه كتاب كليلة ودمنة من بلاد الهند وليعرف فضل طاعة الملوك على سائر الأعمال وأنّ الشريف من شرّفته الملوك في دولتها,,,,,
209,f283cccc-1db7-40a1-95d1-0068d3a3fe9c,Reader To Know Books Aspect,,,,,,,فمن قرأ هذا الكتاب فليعرف الوجه الذي وُضع عليه فإنّه من لم يعرف ذلك لم يدر إلى أيّ غاية يجرى منها وأيّ شيء يُجتنى منه والله المُوفّق للصواب باب برزويه الطبيب,,,,,
210,9740ad00-c17f-41a4-8c8c-9e195a5e328d,End Of Chapter,,,,,,انقضى الباب باب برزويه الطبيب من كلام بزرجمهر بن التحتكان,,,,,,
211,ff12308e-8e07-44a6-9464-25e33be3f733,Each Chapt Covers Aspect,,,,,,,,,,,,