unit_order,unit_id,unit_title,I344,R2536,P400,P3465,P5881,P3475,P3473,R2407,BWII672,A4095,P3466,CCCP578,L8751,L4044,P3471
1,8ed98aa8-2cb8-49ad-b198-3012e46a7f5a,Chapter Title,باب السنّور والجرذ,باب السنّور والجرذ,باب الجرذ والسنّور,باب الجرذ والسنّور,باب الجرذ والسنّور,باب الجرذ والسنّور,الباب التاسع باب الجرذ والسنّور,الباب السابع وهو باب السنّور والجرذ,الباب السابع باب السنّور والجرذ,باب السنّور والجرذ,باب الجرذ والسنّور,باب الجرذ والسنّور,باب السنّور والجرذ وهو الباب العاشر,باب السنّور والجرذ,باب الجرذ والسنّور
2,e28d2615-9a0c-4c9a-8ede-c56a7c5827a9,Abstract,وهو باب من يصير أمر أعداؤه إلى الظفر به كيف يقدر على التخلّص منهم,,,,,,,وهو مثل من كثرت أعداؤه وكشفوه من كلّ جانب وأشرف على الهلاك فالتمس الخروج *بموالاة بعض الأعداء,وهو مثل من كثرت أعداؤه وكشفوه من كلّ جانب وأشرف على الهلاك فالتمس الخروج لموالاة بعض الأعداء,,,,,وهو مثل رجل كثر عدوّه واحترس من كلّ جانب فأشفق على نفسه وأيقن بالهلاك والتمس المخرج من ذلك بموالاة بعض العدوّ ومصالحته فسلم ممّا يتخوّف ووفى لمن صالح,وهو باب المبصر فرصة في مصالحة عدوّه والأخذ بالاحتراس منه
3,b28ab3b3-b8e2-4e42-8b46-d48dc3755e0d,The King Asks about Escaping Enemies,قال المَلك للفيلسوف قد سمعت مثل الرجل الذي يصير أمره إلى العجلة فاضرب لي مثل الذي تصير أعداؤه على الظفر به كيف يقدر أن يتخلّص منهم,قال المَلك للفيلسوف قد سمعت هذا المثل فاضرب لي مثل الرجل الذي يصير أعداؤه إلى الظفر به كيف يقدر على التخلّص منهم,قال المَلك للفيلسوف قد فهمت ما ذكرت من أمر الحكم والعقل وما لصاحبهما من المنفعة فاضرب لي مثل هذا الرجل إذا كثر أعداؤه وأشرف على الهلكة فالتمس المخرج بمصالحة بعضهم فسلم ممّا تخوّف ووفى لمن صالحه وأخبرني عن موضع الصلح كيف يكون !محال,قال دبيشلم الملك لبيدبا الفيلسوف قد سمعت هذا المثل فاضرب لي مثل رجل كثر أعداؤه وأحدقوا به من كلّ جانب فأشرف معهم على الهلاك فالتمس النجاة والمخرج بموالاة بعض أعدائه ومصالحته فسلم من الخوف وأمن ثمّ وفى لمن صالحه منهم,قال المَلك للفيلسوف قد فهمت ما ذكرت من أمر الحلم والعقل وما لصاحبهما من المنفعة والفضل فاضرب لي مثل رجل كثرت اعداؤه وقد أشرف على الهلكة منهم والتمس مصالحتهم لمَا يتخوّفه منهم وأخبرني عن موضع الصلح وكيف ينبغي أن يكون,قال المَلك للفيلسوف اضرب لي مثل رجل كثير الأعداء حصروه من كلّ جانب فأشرف على الهلاك فالتمس [[على]] المخرج بموالاة بعض ذلك العدوّ ومصالحته فسلم ممّا يتخوّف ووفّى لمن صالح كيف يلتمس موقع *الصلح,قال الملك ديشلم للفيلسوف قد سمعت هذا المثل فاضرب لي مثل الرجل إذا كثر أعداؤه وحصروه من كلّ جانب وأشرف على الهلاك فالتمس المخرج والخلاص من ذلك كلّه بمصادقة بعض أعدائه ومصالحته فسلم من الخوف ونجا من الهلاك ووفى لمن صالحه منهم واحترس في موضع الصلح كيف يلتمس الخلاص,قال الملك قد سمعت هذا المثل فاضرب لي مثل رجل كثرت أعداؤه وحصروه من كلّ جانب وأشرف على الهلاك فالتمس الخروج والخلاص من ذلك كلّه بموالاة بعض الأعداء ومصالحته فسلم من الخوف وكيف يلتمس ذلك,قال الملك ديشلم ملك الهند لقد سمعت مثل الناسك وابن عرس وهو مثل من يستعمل العجلة قبل الثبات والتأنّي وكيف كانت عاقبة أمره فاضرب لي مثل من كثرت أعداؤه وحصروه من كلّ جانب وأشرف على الهلاك فالتمس الخروج والخلاص من ذلك كلّه بموالاة بعض الأعداء ومصالحته فسلم من الخوف ووفا لمن صالح منهم واحترص في موضع الصلح وكيف يُلتمس ذلك,قال الملك للفيلسوف قد سمعت المثل الذي ضربت فاضرب لي الآن إن رأيت مثل رجل كثر عدوّه وحصروه من كلّ جانب فأشرف للهلكة فالتمس المخرج بموالاة بعض العدوّ ومصالحته فسلم ممّا يتخوّف ووفى لمن صالح منهم فأخبرني عن موضع الصلح وكيف يُلتمس ذلك,قال ديشليم الملك لبيدنا الفيلسوف قد فهمت هذا المثل فاضرب لي مثل رجل ضعيف وأعداؤه كثيرة *وحضروه من كلّ مكان فأشفى على الهلاك فالتمس الصلح لبعض أعدائه فسلم بذلك ووفى لمن صالح وأخبرني عن موضع الصلح كيف ينبغي أن يُلتمس,قال الملك للفيلسوف قد فهمت ما ذكرت من أمر العلم والعقل وما لصاحبهما من المنفعة والفضل فاضرب لي مثل رجل كثير أعداؤه وقد أشرف على الهلكة منهم والتمس مصالحتهم لما يتخوّفه منهم فأخبرني عن موضع الصلح وكيف ينبغي أن يكون,قال الملك قد فهمت مثل من لا يعجل بالأمر ويعمل بالتثبّت فاضرب لي إن رأيت مثل رجل كثر عدوّه وحصروه من كلّ جانب فأشرف علي الهلاك فالتمس المخرج بموالاة بعض العدوّ ومصالحته ووفا لمن صالح منهم فأخبرني عن موضع الصلح وكيف يُلتمس ذلك,قال الملك للعالم قد سمعت مثل من يعجّل في الأمور ويعمل بغير التثبّت فاضرب لي مثل الرجل الذي كثر أعداؤه واكتنفوه من كلّ جانب فأشرف على الهلاك والتمس المخرج منه بموالاة بعض ذلك الأعداء ومسالمته فسلم ممّا تخوّف ووفى لمن صالح فأخبرني عن الصلح كيف يُلتمس,قال الملك *للفيلسوف قد فهمت من أمر العقل والحلم وما لصاحبهما فيهما من المنفعة ومثل من يعجّل بالأمر ولا يعمل بالتثبّت فاضرب لي إن رأيت مثل رجل كثيرًا أعداؤه فقصدهم لمنازعة فصار أعداؤه إلى الظفر به فأشفى على الهلاك فالتمس المخرج بموالاة بعض العدوّ ومصالحته فسلم ممّا تخوّف ووفى لمن صالح وأخبرني عن موضع الصلح وكيف يُلتمس
4,8dff9975-7896-4767-8d61-84595927c558,The Philosopher Responds that Emotions Change,قال الفيلسوف إنّه ينبغي لمن ظفر به أعداؤه وصار إليهم أن يلتمس صداقة بعض أعدائه ويتّخذه خليلًا ويصالحه ليهزم بذلك ما يري عدوّه فإنّه من كلّ حين يصير الصديق صديقًا ولا العدوّ عدوًّا فإذا رأى العدوّ من عدوّه صداقة أو منفعة لم يقف على عداوته بل يرجع منه إلى الصداقة والصفاء,قال الفيلسوف إنّه ينبغي لمن ظفر به أعداؤه وصار إليهم أن يلتمس صداقة بعض أعدائه ويتّخذه خليلًا ويصالحه ليهزم به سائر أعدائه فإنّه ليس كلّ حين يكون الصديق صديقًا ولا العدوّ عدوًّا فإذا رأى الصديق من صديقه كراهة صار منه إلى العداوة وإذا رأى العدوّ من عدوّه منفعة لم يقف على عداوته بل يرجع إلى الصداقة والصفاء,<فقال> الفيلسوف إنّ العداوة والولاية ليس كلّها تدوم وتثبت وكثير من المودّة تتحوّل بغضًا وكثير من البغض يتحوّل مودّة عن حوادث العلل والأمور,قال الفيلسوف إنّ المودّة والعداوة لا يثبتان على حالة واحدة أبدًا وربّما حالت المودّة إلى العداوة وصارت العداوة ولاية ولهذا حوادث وعلل وتجارب,قال الفيلسوف إنّ العداوة والولاية لا تدوم ولا تثبت وكثير من المودّة يتحوّل بغضًا وكثير من البغضاء يتحوّل مودّة كلّ ذلك عن حوادث العلل والأمور وربّما صار الحبّ بغضًا والبغض حبًّا والعدوّ حبيبًا,قال الفيلسوف إنّ العداوة كلّها لا يثبت وتدوم وكثير من المودّة يتحوّل بغضًا كثير من العداوة يتحوّل صلحًا على حوادث الأمور والعلل,قال الفيلسوف إنّ العداوة والولاية والمودّة والبغض ليس كلّها تثبت وتدوم وكثير من الموّدة تتحوّل بغضًا وكذلك البغض يتحوّل مودّة عن حوادث الأمور وحركات المقدور والتجارب من ذوي الآراء,قال الفيلسوف إنّ العداوة والموالاة والمودّة والبغض ليس كلّها تثبت وتدوم وكثير محبّة تتحوّل بغضة وكثير بغض يتحوّل مودّة عن حوادث العلل والأمور والتجارب,قال بيديا الفيلسوف إنّ العداوة والموالاة والمودّة والبغض ليس كلّها تثبت وتدوم وكثيرًا من [من] المحبّة تتحوّل بغضة من حوادث العلل والأمور والتجارب,قال الفيلسوف إنّ العداوة والمودّة والبغضاء ليس كلّها تثبت وتدوم وكثير من المودّة يتحوّل بغضًا وكثير من البغض يتحوّل محبّة ومودّة عن حوادث العلل والأمور,قال الفيلسوف إنّ العداوة والولاية والمودّة والبغض ليس كلّها تدوم وتثبت وكثير من المودّة ربّما يتحوّل بغضًا وكثير من البغض يتحوّل مودّة عند حوادث العلل ومعارض الأمور,قال الفيلسوف إنّ العداوة والولاية لا تدوم ولا تثبت وكثير من المودّة يتحوّل بغضًا وكثير من البغضة تتحوّل مودّة عن حوادث العلل والأمور وربّما صار البغض حبًّا والحبّ بغضًا,قال الفيلسوف إنّ العداوة والمودّة والبغض ليس كلّها تلبث وتدوم وكثير من المودّة يتحوّل بغضًا وكثير من البغضاء يتحوّل مودّة عن حوادث العلل والأمور,قال العالم إنّ العداوة والولاية ليس كلّها تدوم وكثير من المودّة يحول بغضًا وكثير من البغضاء يحول مودّة عن حوادث الأمور والعلل,قال الفيلسوف إنّ العداوة والولاية والمودّة والبغض ليس كلّها تثبت وتدوم فكثير من المودّة تتحوّل بغضًا وكثير من البغضاء تتحوّل مودّة من حوادث العلل والأمور
5,cf2994dc-8253-4e79-8455-05d78345291f,The Intelligent Adapts to Situations,والعالِم يصبر عند الاضطرار إلى مصافاة أعدائه والذي لا يعلم تفسد عنه الوجوه في ذلك فلا يعرف له سببًا ولا وجهًا حتّى يهلك في العماء,والعالم هو الذي يصير عند الاضطرار إلى مصادقة أعدائه والذي لا يعلم تسنّد عنه الوجوه في ذلك ولا يعرف له سببًا ولا وجهًا حتّى يهلك في العماء,فذو الرأي يتحرّك لكلّ ما يطرأ عليه من ذلك عملًا من الطبع فيما قبل العدوّ,وذو الرأي يحدث لكلّ ما يحدث رأيًا جديدًا أمّا من قبل العدوّ فبالبأس وأمّا من قبل الصديق فبالاستئناس,,وذوو الرأي يجدون لكلّ حال من ذلك برأيهم وعلمهم ما يرجون نيل ما عند عدوّهم أو *الإياس ممّا عند صديقهم,,وذوي الرأي *لكلّ ما يحدث *وإن كان من الطمع بما قِبل العداوة التماس فيما عند الصديق,وذوي الرأي لكلّ ما يحدث وإن كان من الطمع بما قبل العداوة التماس بما عند الصديق,وذوى الرأي والعقل يهيّئ لكلّ ما حدث من ذلك رأيًا من الطبع فيما يحدث من ذلك قبل العدوّ ولا بأس فيما عند الصديق,وذو الرأي يحدث لكلّ حادث من ذلك رأيًا ويعدّ له عدّته عند الطمع فيما قبل العدوّ واليأس بما عند الصديق,,وذو الرأي يحدث لكلّما حدث من ذلك رأيًا من الطمع فيما قِبل العدوّ واليأس فيما عند الصديق,وذو الرأي يحدث لكلّ حدث من ذلك رأيه من طمع فيما قِبل العدوّ ويأس ممّا *عند,وذوي الرأي يُحدث من ذلك رأيًا من الطمع فيما قبل عذره واليأس ممّا عند صديقه
6,f41ab2e5-b602-4a67-83dc-35ed07a5f09d,Enmity Must Not Stop One from Requesting Help,,,,ولا تمنع عداوة ذا العقل من عاداه بالاستنجاد به على دفع مخوف أو جرّ مرغوب,ولا يمنع ذا العقل عداوة كانت في نفسه لأحد من أقاربه ولا من غيرهم لطلب ما عندهم إذا طمع فيه في دفع مخوف أو جرّ منفعة ولا يقصّر في الأخذ بالرأي في إحداث المواصلة,ولا تمنع ذلك الفعل عداوة كانت في نفسه لعدوّه من مقاربته والتماس ما عنده إذا طمع منه في دفع مخوف أو جرّ مرغوب فيه ولا يعدّ بالرأي في إحداث المؤانسة والموادعة,كذلك لالتماس المنافع ودفع المضارّ,ولا يمنع ذو العقل عداوة كانت لنفسه نافعة مقارنة والتماس ذلك من العدوّ إذا طمع منه في دفع مخوف أو حذر من خوف,ولا يمنع ذوي العقل عداوة كانت لنفسه نافعة مقارنة والتماس ذلك من العدوّ إذا طمع منه في دفع مخوف أو حذر [أو حذر] من خوف,ولا يمنعنّ ذا العقل عداوة كانت لعدوّه من مقاربته والتماس ما عنده إذا طمع منه في دفع مخوف ويُعمِل الرأي في إحداث المواصلة والموادعة,ولا يمنع ذا العقل عداوة كانت في نفسه لعدوّه من مقاربته والتماس ما عنده إذا طمع منه في دفع مخوف أو إجرار نفع ويُعمل الرأي في إحداث المواصلة والموادعة,ولا يمنع ذو العقل عداوة كانت في نفسه لأحد من أقربائه ولا غيرهم من طلب ما عندهم إذا طمع فيه في دفع مخوف أو جرّ منفعة ولا يقصّر في الأخذ بالرأي في إحداث المواصلة,فلا يمنعنّ ذلك ذو العقل عداوة كانت في نفسه لعدوّه من مقارنته والتماس ما عنده إذا طمع فيه في نفع مخوف أو جرّ مرغوب فيه ويعمل الرأي في إحداث المواصلة والموادعة,الصديق ولا يمنع ذي العقل عداوة كانت في نفسه لعدوّه من مقاربته والتماس ما عنده إذا طمع منه في دفع مخوف أو جرّ مرغوب ولا يعبأ مع ذلك بإحداث الرأي في المواصلة والموادعة,ولا يمنعنّ ذا العقل عداوة كانت في نفسه لعدوّه أو لغيره من مقاربته والتماس ماعنده إذا طمع منه في دفع مخوف أو جرّ *مرغوب فيه وإعمال الرأي في إحداث المواصلة والموادجة والموادعة
7,dc50bd0b-ef8a-4c7b-a566-b72be4792465,One's Disposition toward Friends and Foes Changes,,,,,,,,,,,,,,,فإنّه ليس <في> كلّ حين يكون الصديق صديقًا وليس في كلّ وقت ينجح الطلب وليس في كلّ ساعة يكون العدوّ عدوًّا لأنّه إذا رأى الصديق من صديقه كراهة صار منه إلى العداوة المفرطة وإذا رأى العدوّ من عدوّه منفعته لم يقف على عداوته بل يرجع منه إلى الصداقة والصفاء
8,dd5234fa-2b41-4d93-8053-31c30c0399a1,The Intelligent Man Could Make Friends or Foes ,,,,,,,,,,,,,,,وكل مودّة تحدث عن الطمع والاضطرار في عاجل فلن تثبت أن تحوّل وكذلك العداوة عن اليأس والرجاء والعالم هو يصير عند الاضّطرار إلى مصافاة أعدائه والذي لا يعلم عند الوجوه في ذلك ولا يعرف لها سببًا ولا توجّهًا حتّى يهلك في العناء
9,23bb585b-795e-48fc-91d9-f04dd640b7ed,The Resolute Attains His Need,,,,ومن عمل في ذلك بالحزم ظفر,فإنّه من أبصر ذلك وعمل بالحزم ظفر بحاجته وأدرك طلبته,,فمن عمل في ذلك بالحزم ظفر بحاجته ومن,ومن عمل في ذلك الحزم ظفر بحاجته,ومن عمل في ذلك الحزم ظفر بحاجته,ومن أبصر الرأي في ذلك فأخذ فيه بالظفر بحاجته,ومن أعمل رأيه في ذلك وأخذ بالحزم ظفر فيه بحاجته وخلص من ورطته,فإنّه من أخذ في تقصير ذلك وعمل فيه بالحزم ظفر بحاجته وأدرك طلبته,ومن أبصر الرأي في ذلك وأخذ فيه بالحرص ظفر بحاجته,فمن أبصر الرأي في ذلك وأخذ فيه بالحزم ظفر بحاجته,ومن أبصر في ذلك الرأي وأبصر فيه بالحزم ظفر بحاجته وأدرك طلبته
10,2f213521-7473-42cc-915b-d9327194a8c4, The Parable of the Cat and Rat Is Invoked,ومثل ذلك السّنور والجرذ الذي خلّص كلّ منهما صاحبه,ومثل ذلك مثل السنّور والجرذ الذين تخلّصا من الشرك بمصانعة كلّ واحد منهما صاحبه,*ومن المثل في ذلك مثل السنّور والجرذ الذين اصطلحا حين وقعا في الورطة والشدّة فكان في ذلك من صلحهم ما فيه *حياتهما,ومثل ذلك مثل الجرذ والسّنور حين وقعا في الورطة فنجيا باصطلاحهما جميعًا من الورطة الشديدة,ومن [[ذلك]] التمثيل في ذلك مثل الجرذ والسنّور اللذان اصطلحا لمّا وقعا في الورطة والشدّة وكان في ذلك صلاحهما جميعًا,ومن أمثال ذلك الجرذ والسنّور,أمثال ذلك مثل السنّور والجرذ الذي اصطلحا حين وقعا في ورطة وكان لهما رأي في خلاصهما جميعًا من الورطة الشديدة قال الملك,ومن أمثال ذلك مثل السنور والجرذ الذين اصطلحا حين وقعا في ورطة وكان لهما رأي في خلاصهما جميعًا من الورطة الشديدة,ومن أمثال ذلك مثل الجردون والسنّور الذين اصطلحا حين وقعا في ورطة وكان لهما رأي في خلوصهما جميعًا من ذلك الورطة الشديدة,ومن أمثال ذلك مثل الجرذ والسنّور الذين اصطلحا حين كان ذلك الرأي لهما صوابًا وكان في صلحهما صلاحهما جميعًا ونجاتهما من الورطة الشديدة,ومن أمثال ذلك مثل الجرذ والسنّور الذين اصطلحا حين وقعا في الورطة والشدّة وكان في ذلك خلاصهما جميعًا ممَّا وقعا فيه,ومن أمثال ذلك مثل الجرذ والسنّور اللذين اصطلحا لمّا وقعا في الورطة والشدّة وكان في ذلك صلاحهما جميعًا,ومن أمثال ذلك مثل السنّور والجرذ اللذّين اصطلحا فكان في ذلك صلاحهما جميعًا ونجاتهما من الورطة الشديدة,ومن المثل في ذلك مثل السنّور والجرذ اللذين اصطلحا حتّى كان ذلك الرأي لهما وكان في صلحهما خلاصهما من الورطة الشديدة التي كانا تورّطا فيها,ومن المثل في ذلك الجرذ والسنّور الذين اصطلحا حين كان لهما رأيًا عند وقوعهما في الورطة والشدّة بمصانعة كلّ واحد منهما صاحبه فكان من ذلك خلاصهما وصلاحهما جميعًا
11,05992b63-fc37-47b8-94d3-2fdae95f3b6f,The King Requests the Full Parable,قال المَلك وكيف كان ذلك قال الفيلسوف,قال المَلك وكيف كان ذلك قال الفيلسوف,فقال المَلك وكيف كان ذلك,قال الملك وكيف كان ذلك قال بيذبا,قال المَلك وكيف كان ذلك قال الفيلسوف,قال المَلك وكيف كان ذلك,وكيف كان ذلك قال الفيلسوف زعموا أنّه,قال الملك وكيف ذلك قال الفيلسوف,قال الملك وكيف كان ذلك قال الفيلسوف,قال الملك وكيف كان ذلك قال الفيلسوف,قال الملك وكيف كان ذلك قال الفيلسوف,قال الملك وكيف كان ذلك,قال الملك وكيف كان ذلك,قال الملك وكيف كان ذلك قال العالم,أنّه كان بأرض سرنديب
12,9b8d9ffb-5d99-4130-90f6-ed163fa442fe,The Rat and the Cat Live Next to a Tree,ذكروا أنّه كان في بعض البلدان شجرة تُدعى يتروس وكان من أسفلها سباع كثيرة وفي فروعها وكور الطير وكان في أصل تلك الشجرة جحر جرذ اسمه فردون,ذكروا أنّ شجرة في بعض البلدان عظيمة في أسفلها سباع كثيرة وفي فروعها وكور للطير وكان في أصل تلك الشجرة سنّور,قال الفيلسوف زعموا أنّه كان بأرض سرنديب شجرة في أصلها جرذ يُسمّى فريدون وإلى جانبها جحر سنّور يُسمّى روميّ,زعموا أنّ شجرة عظيمة كان في أصلها جحر سنّور يُقال له روميّ وقريبًا منه جحر جرذ يُقال له فريدون,زعموا أنّه كان بأرض سرنديب شجرة وكان في أصلها جحر جرذ يُسمّى روميّ,قال الفيلسوف زعموا أنّه كان بأرض كذا وكذا شجرة عظيمة كثيرة الأغصان في أصلها جحر جرذ يُسمّى أفريدون وقريب من ذلك جحر آخر لسنّور يُقال له روميّ,كان في مكان كذا *وكذا شجرة من التين وكان في أصلها جحر لسنّور يُقال له رومى وقريب منه جحر لجرذ يُقال له أفريدون,زعموا أنّه كان في مكان كذا وكذا شجرة من التين وكان في أصلها جحر لسنّور يُقال له روميّ وقريب منه جحر جرذ يُقال له أفريدون,زعموا أنّه كان في أرض الريّ شجرة من التين وكان في أصلها جحر لسنّور يُقال له رومي وقريب منه جحر جردون يُقال له أفريدون,زعموا أنّه كان بأرض سرنديب شجرة من الدوح وكان في أصلها حجر لجرذ يُقال له فريدون وجحر لسنّور يُسمّى روميّ,زعموا أنّه كان بمكان كذا وكذا شجرة من اليبروط عظيمة وكان في أصلها حجر جرذ يُسمّى فيروز وكان بالقرب من ذلك المكان مكان لسنّور يُقال له روميّ,قال فيلسوف زعموا أنّه كان بأرض سرنديب شجرة وكان في أصلها جرذ وكان إلى جانب الشجرة جحر سنّور يُسمّى رومي,قال الفيلسوف زعموا أنّه كان بمكان كذا وكذا شجرة من الدوح وفي أصلها جحر لسنّور يقال له روميّ وجحر لجرذ يقال له فرديون,زعموا أنّه كان بأرض كذا وكذا شجرة تُسمّى الهرود وكان في أصلها جحر جرذ يُسمّى أفريدون وكان قريبًا من ذلك المكان جحر سنّور يُسمّى رومي,قال الفيلسوف ذكروا أنّه كان بأرض سرنديب شجرة من النيرود وكانت عظيمة النبات وكان في حواشيها سباع كثيرة وفي فروعها وكور للطيور وفي أصل تلك الشجرة حجر جرذ يُسمّى فريدون وإلى جانبه حجر لسنّور يُقال له روميّ
13,3d513f01-783e-477d-8464-0733bb00936d,The Cat Is Caught,فكان الصيّادون ربّما التمسوا صيد الوحش قرب تلك الشجرة وأن صيّادًا نصب حبالًا فوقع فيها السنّور,وكان الصيّادون ربّما التمسوا صيد الوحوش والطير قرب تلك الشجرة وأنّ صيّادًا نصب حبائله ذات ليلة فوقع فيها السنّور,فكان القنّاص ربّما التمسوا صيد الوحوش والطير †فرىها وأنّ رجلًا من الصيّادين نصب حباله ذات يوم فوقع في السنّور,وكان الصيّادون كثيرًا يتداولون ذلك المكان يصيدون فيه الوحش والطير فنزل ذات يوم صيّاد فنصب حباله قريبًا من موضع روميّ فلم يلبث أن وقع فيه,وكانوا القنّاصين ربّما التمسوا صيد الوحش والطير من ذلك الموضع وأنّ رجلًا منهم نصب حبائله ذات ليلة فوقع فيها سنّور,وكان الصيادون ربّما التمسوا صيد الوحش والطير بذلك المكان وأنّ صيادًا نصب حباله ذات ليلة فوقع فيها روميّ,وكان الصيّادون ينتابون ذلك المكان لصيد الوحوش والطير وأنّ صيّاد نصب حبائله ذات يوم فوقع فيها [فوقع فيها] السنّور رومي,وكان الصيّادون يتناولون ذلك المكان لصيد الوحش والطير وأنّ صيّاد نصب أحباله ذات يوم فوقع فيها السنّور رومي,وكانوا الصيّادين يتناوبون ذلك المكان لصيد الوحش والطير وأنّ أحد الصيّادين نصب حباله ذات يوم فوقع فيها السنّور الرومي,وكان الصيّادون ربّما اجتازوا بذلك المكان يلتمسون صيد الوحش وأنّ صيّاد أمرّ ونصب حباله ذات يوم فوقع فيها روميّ,وكان الصيادون ربّما التمسوا صيد الوحوش والطير قرب تلك الشجرة وأنّ صيّادًا نصب حبائلًا له ذات يوم فوقع فيها السنّور,وكانوا قُنّاص تلك البلد كلّ يوم يلتمسوا الأوديّة والمواضع ليلتقوا لهم صيدًا لينتفعوا به فلمّا كان بعض الأيّام مرّوا بتلك الشجرة فوجدوا الطير والوحش يأوي إليها فصاروا يلتزمون ذلك المكان في كلّ وقت [[وكلّ ما]] قال فلمّا كان بعض الأيّام جاء رجل منهم فنصب حباله فوقع فيها ذلك السنّور الذي اسمه رومي قال وكان لمّا وقع السنّور في الحبائل,فكان الصيادين ربّما التمسوا صيد الوحوش والطير قرب تلك الشجرة وإنّ صيادًا مرّة نصب حبائلًا فوقع فيها روميّ,وكان ناس من الصيّادين قد اعتادوا تلك الشجرة لطلب الصيد فنصب صيّاد حبائله ذات ليلة فيما هنالك فوقع فيه السنّور,وكان الصيّادون يأتون الى هنالك التماسًا لصيد الوحوش والطيور فيصيدون وينصبون شباكهم وحبالهم ويدفنون الفخاخ والأشراك وغير ذلك وإنّ صيّادًا نصب حبائله ذات ليلة فوقع فيه روميّ
14,a722e18e-8067-46a5-9ee2-c745688633fa,The Rat Seeks Food,وخرج الجرذ يدبّ ليبتغي ما يأكل وهو مع ذلك حذرًا فتلفّت يمينًا وشمالًا فلمّا رأى السنّور في الحبائل فرح بذلك,فخرج الجرذ فدبّ يلتمس ما يأكل وهو مع ذلك حذر يلتفت يمينًا وشمالًا فلمّا رأى السنّور في الحبال فرح,وخرج الجرذ يدبّ في ابتغاء ما يأكل وهو يلتفت وينطر فلمّا رأى السنّور في الحبال فرح لذلك,فخرج الجرذ يدبّ ويبغي ما يأكل وهو حذر من روميّ فبينما هو يسعى إذ بصر به في الشرك فسُرّ واستبشر,فخرج الجرذ يطلب ما يأكل وهو خائف يلتفت يمينًا وشمالًا فرأى السنّور قد دخل في شبكة القانص فلمّا رآه في الحبائل فرح بذلك فرحًا شديدًا,وخرج الجرذ في ابتغاء ما يأكل وهو يتوقّى السنّور يمينًا وشمالًا فيصير بروميّ مقتنصًا في الحبال ففرح فرحًا شديدًا,وخرج الجرذ يسعى ليبغي ما يأكل وهو مع ذلك حذر يتلفّت وينتظر يمينًا وشمالا فلمّا رأى السنّور في حبائل الصيّاد فرح,وخرج الجرذ يسعى يبتغي ما يأكل وهو حذرًا يلتفت ليمين وشمال فلمّا رأى السنّور في حبال الصيّاد فرح,وخرج الجردون ليسعى على رزقته وهو يبتغي ما يأكل وهو مع ذلك حذرًا يتلفّت يمينًا وشمالًا فلمّا رأى السنّور في قبضة الصيّاد فرح,وخرج الجرذ يبتغي ما يأكل وهو مع ذلك حذر يتلفّت وينظر فلمّا رأى السنّور مقتنصًا في الحبال فرح,وخرج الجرذ يدبّ ليبتغي ما يأكل وهو مع ذلك حذر يتلفت وينظر فلمّا رأي السنّور مقتنصًا في الحبائل فرح بذلك,خرج الجرذ يلتمس له شيئًا يقتات به وصار الجرد لمّا رأى السنّور في الحبائل خائفًا على نفسه وهو يلتفت يمينًا وشمالًا ثمّ نظر السنّور في الحبائل ففرح فرحًا شديدًا كأنّه قد وقع بفرصة,فخرج الجرذ ليبتغي ما يأكل وهو مع ذلك حذر يتلفّت وينظر فرأى السنّور مقتنصًا في الحبال ففرح,وخرج الجرذ يدبّ ويطلب بعض ما يصلحه وهو مع ذلك ينظر ويلتفت ويحذر فبينما هو يمشي اذ رأى السنّور *مقتنصًا في الحبائل ففرح بذلك,وخرج فريدون من جحره كما كان يخرج لابتغاء ما كان يأكل وهو مع ذلك حذر يلتفت وينظر فبينما هو في ذلك المكان إذ رأى السنّور قد ولج في الحبائل مقتنصًا ففرح بذلك
15,1505dede-f614-426d-8c7b-8364589df51c,Foes Surround the Rat,ثمّ إنّه التفت فرأى ابن عرس فذكر له ونظر فوقه فإذا بومة فوق غصن من أغصان تلك الشجرة تراقبه لتخطفه فخاف إن ينصرف راجعًا أن يثبت عليه ابن عرس وإن ذهب يمينًا أو شمالًا أن تخطفه البومة وإن تقدّم أمامه أن يفترسه السنّور,ثمّ التفت فأبصر ابن عرس قد اتّبعه وكمن له ونظر فوقه فإذا بومة على الشجرة ترصده فخاف إن انصرف راجعًا أن يثب عليه ابن عرس وإن ذهب يمينًا أو شمالًا أن تختطفه البومة وإن تقدّم فالسنّور أمامه,ثمّ نظر خلفه فإذا هو بابن عرس قد اتّبعه فكمن له ونظر فوق الشجرة فإذا هو ببومة ترصده فخاف إن هو انصرف أن يثب عليه ابن عرس وإن ذهب يمينًا وشمالًا أن تخطفه البومة وإن هو تقدّم أن يأخذه السنّور,ثمّ التفت فرأى خلفه ابن عرس يريد أخذه وفي الشجر بومًا يريد اختطافه فتحيّر في أمره وخاف إن رجع وراءه أخذه ابن عرس وإن ذهب يمينًا أو شمالًا اختطفه البوم وإن تقدّم أمامه افترسه السنّور,ونظر خلفه فإذا بابن عرس قد تبعه وكمن له وكمنت له أيضًا بومة على شجرة وهو يرصده يريد اقتناصه فخاف إن هو انصرف أن يثب عليه ابن عرس وإن هو ذهب يمينًا أو شمالًا أن تختطفه البومة فبقي متحيّرًا في أمره واقفًا لا يدري كيف يصنع,والتفت خلفه فرأى ابن عرس وتبعه وكمن له ونظر فوقه فإذا هو ببومة ترصده على رأسه فخاف إن هو رجع ورآه أن يثب عليه ابن عرس وإن ذهب يمينًا وشمالًا أن يختطفه البومة وإن تقدّم فالسنّور أمامه,ثمّ التفت خلفه فرأى ابن عرس قد تبعه وكمن له ونظر فوقه فرأى بومة على شجرة ترصده فخاف إن انصرف راجعًا يثب عليه ابن عرس وإن ذهب يمينًا أو شمالا يختطفه البومة وإن تقدّم فالسنّور أمامه,ثمّ التفت لخلفه فرأى ابن عرس قد تبعه وكمن له ونظر فوقه فرأى بومة على شجرة ترصده فخاف إن ينصرف راجعًا فيثب عليه ابن عرس وإن ذهب يمينًا أو شمالًا تخطفه البومة وإن تقدّم فالسنّور أمامه,ثمّ التفت خلفه فرأى ابن عرس قد تبعه وكمن له ونظر فوقه فرأى بومة على الشجرة ترصده فخاف إن ينصرف راجعًا فيوثب عليه ابن عرس وإن ذهب يمينًا أو شمالًا لا تخطفه البومة وإن تقدّم فالسنّور قدّامه,ثمّ التفت خلفه فأبصر ابن عرس قد تبعه فنظر فوقه فإذا بومة على شجرة ترصده فخاف إن انصرف راجعًا أن يثب عليه ابن عرس وإن ذهب يمينًا أو شمالًا أخذته البومة وإن تقدّم فالسنّور أمامه,ثمّ التفت خلفه فأبصر ابن عرس قد تبعه وكمن له ونظر فوقه فإذا بومة في الشجرة ترصده فخاف إن انصرف راجعًا أن يثب عليه ابن عرس وإن ذهَب يمينًا وشمالًا أن تخطفه البومة وإن هو تقدّم أمامه أكله السنّور,عليه ابن عرس وإن هو تقدّم أن يأخذه السنّور فبينما هو فرحان إذ نظر إلى خلفه فإذا هو بابن عرس ثمّ رفع طرفه نحو الشجرة فإذا هو ببومة على الشجرة فخاف على نفسه إن هو انصرف وثب,ثمّ التفت خلفه فأبصر ابن عرس قد تبعه وكمن له ونظر فوقه فإذا بومة على الشجرة ترصده فخاف إن انصرف راجعًا أن يثب عليه ابن عرس وَإن ذهب يمينًا أو شمالًا أن تخطفه البومة وإن تقدّم فالسنّور أمامه,ثمّ التفت الجرذ خلفه فنظر ابن عرس قد كمن له ثمّ رفع رأسه نحو الشجرة فإذا هو ببومة على الشجرة ترصده فخاف إن انصرف الى جحره أن يثب عليه ابن عرس وإن ذهب يمينًا أو شمالًا أن تختطفه البومة وإن تقدّم فالسنّور أمامه,ثمّ التفت خلفه فأبصر بن عرس قد تبعه وكمن له ولمّا رفع بصره رأى في غصن من أغصان الشجرة بومة تراقبه لتأكله فخاف إن هو إنصرف راجعًا أن يثب عليه بن عرس فيأكله وإن تحرّف يمينًا أو شمالًا ان تختطفه البومة وإن تقدّم فالسنّور أمامه مفترسه
16,c8d0b54f-e304-489c-8084-e751e699a227,The Rat Weighs His Predicament ,فقال الجرذ ينبغي أن أستعين بالحِلم والتودّد والاحتيال لهذا الأمر حتّى أتخلّص منه,فقال الجرذ ينبغي إليّ أن أستعين بالحلم والمودّة والاحتيال لهذا الأمر حتّى أتخلّص منه,فقال هذه بلايا اكتنفتني وشرور قد تظامرت عليّ ولا يرجع إلّا لعقلي وحيلتي فلا تكوننّ من شأني الدهش ولا يذهب قلبي شعاعًا,فقال في نفسه هذا بلاء قد اكتنفني وشرور تظاهرت عليّ ومحن قد أحاطت بي وبعد فمعي عقلي فلا يفزعني أمري ولا يهولنّني شأني ولا يلحقني الدهش ولا يذهب قلبي شعاعًا,فقال الجرذ هذه بلايا قد اكتنفتني وأمور قد تظاهرت عليّ ولا يُفرج لي إلّا بعقلي ولطف حيلتي وجودة ذكائي وفطنتي ولا يكون من شأني الدهش ولا يذهب قلبي خوفًا,فقال الجرذ إنّ هذه بلايا قد اكتنفتني وشرور لقد تواترت ولا مفرغ لي إلّا عقلي فلا يكوننّ من شأني الدهش ولا أدع بجهدي أن يذهب نفسي هذا,فقال في نفسه هذا بلاء وشرّ ما فوقه مزيد وقد أُحيط بي من كلّ جهة ولا مفزع لي إلّا إلى عقلي وحيلي وإعمال الفكرة في النجاة وإلّا ذهبت هدرًا,فقال في نفسه هذا بلاء وشرّ قد تظاهرن عليّ فما بقي لي إلّا أتفرّغ لعقلي وحيلي,فقال في نفسه هذا بلاء وشرّ قد تظاهرن عليّ فما بقي لي إلّا أن أتفرّغ إلى عقل وحيل فلا يكوننّ من حالي إلّا العدم إذا لم أروّق ذهن عقلي وأجعل شعاعه إلى لبّي,فقال الجرذ هذا بلاء قد اكتنفني وشرار قد تظاهرت عليّ ولا مفزع لي إلّا إلى عقلي وحيلتي فلا يكوننّ الدهش من شأني ولا يذهبنّ قلبي شعاعًا,فقال هذه بلايا قد اكتنفتني وشرور قد تظاهرت عليّ ولا مفرغ لي إلاّ عقلي وحيلتي وليس ينبغي أن يغلب عليّ الدهش ولا يذهب عقلي شعاعًا,فقال هذه بلايا اكتنفتني وشرور قد تظاهرت عليّ ولا مفزع لي إلّا حيلتي وعقلي فلا يكوننّ من شأني الدهش ولا يذهب قلبي شعاعًا,فقال هذا بلاء قد اكتنفني وشرور قد تظاهرت عليّ ولا مفزع إّلا إلى حيلتي فلا يكوننّ منّي الدهش ولا يذهب قلبي شعاعًا,فقال الجرذ عند ذلك اكتنفتني وتظاهرت عليّ أمور نغّصت عليّ سروري بما ألقي على السنّور ولا أرى مفزعًا إلّا إلى الله تعالى وأن اعمل بعقلي وحيلتي فأوّل ذلك أن لا يكون شأني الدهش فيذهب عقلي شعاعًا,فقال هذا بلاء قد أكنفني وشرور قد تظاهرت عليّ ولا مفزع لي إلاّ إلى عقلي وحيلتي فلا يكوننّ من شأني الدهش ولا يذهبنّ قلبي شعاعًا ثمّ يُقال لي استعين بالعلم والتودّد لإحياء النفس حتّى أتخلص من هذا الأمر
17,8f48103d-687b-48de-8984-82b0bbfcc9da,Intelligence Is Revealed in Crises,,,,,,,,,لأنّ العاقل لم يبين عقله إلّا في الشدائد,,,,,,
18,0b9c6aa9-07b5-475a-beaa-03866ae6f72d,The Intelligent Always Keeps Alert,,,فإنّ العاقل لا يتفرّق عليه [[عقله]] رأيه ولا يعرب عنه عقله على حال,فالعاقل لا يفرق عنه رأيه ولا يغرب عنه ذهنه على حال,فإنّ العاقل لا يُعرف إلّا عند رأيه ولا يزول عنه عقله على كلّ حال,وإنّ العاقل لا يتفرّق عنه رأيه ولا تذهب عليه عقله على حال,وإنّ العاقل لا يتفرّق عليه أمره ولا يعزب عنه حاله,والعاقل لا يغرب عليه حاله,,فإنّ العاقل لا يتفرّق عليه رأيه ولا يعزب عنه عقله على حال,فإنّ العاقل لا يتفرّق عليه رأيه ولا يغرب عنه عقله على حال,فإنّ العاقل لا يفترق عليه رأيه ولا ينصرف عنه عقله على حال,فإنّ العاقل لا يتفرّق *رأيه ولا يغرب عنه عقله على حال,فإنّ العاقل لا يتفرّق عليه رأيه ولا يغرب عنه عقله على حال وإنّما ذوي العقول كالبحر الذي لا يُدرك غوره,فإنّ العاقل لا يتفرّق عليه رأيه ولا يغرب عنه عقله على حال
19,2a49ee2c-5ddc-439a-8e0c-642e8ca711f3,Intelligence Is Like the Sea,فإنّ قلوب العلماء بحور غميقة وهم يعلمون بها ما بين الخلّتين,فإنّ قلوب العلماء بحر عميق لا يُدرَك غوره,ولكن النبل في هذا كالبحر الذي <لا> يُدرك غوره,وإنّما العقل شبيه بالبحر الذي لا يُدرك غوره,وإنّما عقول ذوي النبل كالبحر الذي لا يُدرك غوره,وإنمّا عقول ذوي العقول كالبحر لا يُدرك غوره,وإنّما عقل ذوي العقول كالبحر الذي لا يُدرك غوره,وإنّما عقل ذوي العقول كالبحر الزاخر الذي لا يُدرك غزره,لأنّ عقل ذوي العقول كالبحور الزخرة الذي لا يُدرك قراره,وإنّما عقول ذوي الرأي كالبحر الذي لا يُدرك غوره,وإنّما عقول ذوي العقول كالبحر الذى لا يُدرك غوره,وإنّما عقول ذوي الألباب كالبحر الذي لا يُدرك غوره,وإنّما عقول ذوي الرأي كالبحر الذي لا يُدرك غوره,,وإنّما عقول ذوي الرأي والنبل كالبحر العميق الذي لا يُدرك غوره وهم يعلمون بهاتين الخصلتين
20,786b0613-3211-4ac8-abe0-922c77517e90,Situations Do Not Blind the Intelligent,ولا يتّقون بدوام الحياة لهم أيام الرخاء ولا يستسلمون للشرّ والبلاء في الشدائد,ولا يبلغ البلاء من ذوي العقول مجهود عقولهم ولا الرجل ينبغي له أن يبلغ مبلغًا يشكّه فيه ويعمى عليه,ولا يبلغ البلاء من ذوي الرأي ولا سيّما مجهود عقله فيهلكه والرجاء منه مبلغًا,ولا يبقى ذو الرأي مجهودًا ولا ينبغي للرجل أن يبلغ به رأيه مبلغًا يعمي عليه أمره,,ولا يبلغ البلاء من ذي الرأي مجهود عقله فيهلكه ولا الرجاء بلغ منه مبلغًا يبطره ويشكره ويعي عليه أمره,,ولا يبلغ من ذوي الرأي عقله فيهلكه,وإلّم يروّق ذهنه ذوي العقل وإلّا يهلكه,ولا يبلغ البلاء من ذي الرأي مجهود عقله فيهلكه ولا للرخاء يبلغ منه مبلغًا ينظره ويشكره ويعمي عليه أمره,ولا يبلغ البلاء من ذي الرأي مجهوده فيهلكه ولا الرجاء ينبغي له أن يبلغ منه مبلغًا ينظره ويسكره ويعمي عليه أمره وينبغي لي أن أستعمل عقلي,ولا يبلغ البلاء من ذي رأي ما يذهل عقله فيهلكه,ولا يبلغ البلاء من ذي الرأي مجهود عقله ولا الرجاء ينبغي له أن يبلغ منه مبلغًا ينظره ويشكره ويعمي عليه أمره,وليس البلاء ببالغ من ذي الرأي مجهود يحمله حتّى يهلكه ولا الرجاء ببالغ منه مبلغًا يبطره ويعمي عليه أمره,أنّه لا يبلغ البلاء من ذوي الرأي مجهود عقله فيهلكه ولا الرجاء يبلغ منه مبلغًا يبطره ويشكره وتعمي عليه أموره
21,65d548ad-2527-4090-af4a-af93b61c4a31,The Rat Decides on a Pact with the Cat,وقد نظرت فلا أعلم حيلة في هذا الشرّ ولا نجاة ممّا أنا فيه إلّا مصالحة هذا السنّور فإنّه قد أصابه من الشرّ ما لا يستطيع أحدًا أن يقدر يخلّصه منه غيري فلعلّ السنّور أن يصالحني لنفع نفسه فأتخلّص منه أيضًا من هذا الشرّ الذي أنا فيه ومشرف عليه,أمره ثمّ قال لا أرى حيلة أبلغ من التماس صلح السنّور فإنّه قد أصابه من الشرّ ما لا يستطيع أحد أن يخلّصه منه غيري فلعلّه يصالحني لنفع نفسه فأتخلّص به أيضًا من هذا !الشرف الذي أنا مشرف عليه,ولا أرى حيلة أحسن من التماس صلح السنّور فإنّه قد نزل به فادح ولعلّي عنّي وطمع في معيشتي ولعلّه يكون في ذلك لي وله نجاة,ولست أرى لي من هذا البلاء مخرجًا إلّا مصالحة السنّور فإنّه قد نزل به من البلاء مثل ما قد نزل بي أو بعضه ولعلّه إن سمع كلامي الذي أكلّمه به ووعي عنّي فصيح خطابي ومحض صدقي الذي لا خلاف فيه ولا خداع معه فهمه وطمع في معونتي إيّاه فنتخلّص جميعًا,ولا أرى رأيًا أفضل من أن ألتمس صلح السنّور فإنّه قد نزل به مثلما نزل بي ولعلّي أقدر على خلاصه من ذلك ولو أنّه قد سمع ما أنا قائل له من الكلام الصحيح الذي لا خداع فيه لعلّه يفهمه عنّي ويسلّم بذلك لصلحي ولعلّ <أن> يكون في ذلك لي وله نجاة,ثمّ قال إنّي لا أرى حيلة أمثل ولا أصلح من مصالحة السنّور إذ قد نزل به البلاء فلعلّي أقدر على خلاصه ولعلّه أن لو قد سمع منّي من الكلام الصادق الصحيح الذي لا خداع فيه أن يفهم ويسمع منّي ويثق بمعونتي له ويسلس لذلك الصلح ولعلّه من السنّور بصلاح,وإنّه لا ينبغي لي إلّا صلح السنّور فإنّه قد نزل به من البلاء مثل الذي بي ولعلّه لو سمع كلامي الذي أكلّمه من القول الصحيح الصادق الذي لا خداع فيه أن يفهم عنّي ويطمع في معونتي ويستبشر بصلحي ولعلّه أن يكون لي وله خلاص ممّا نحن فيه,ولا ينبغي لي إلّا صلح السنّور فإنّه قد نزل به من البلاء مثل الذي نزل بي ولعلّه لو سمع كلامي الذي أكلّمه من القول الصحيح الصادق الذي لا خداع فيه أن يفهم عنّي وأن يطمع في معونتي ويستبشر بصلحي ولعلّه أن يكون لي وله في ذلك خلاص ممّا نحن فيه,وأحسن ما يكون من عقلي الآن إلّا صلح السنّور فإنّه قد نزل به من البلاء مثل ما بي ولعلّه لو سمع كلامي الذي أكلّمه به من القول الصحيح الصادق الذي لا خداع فيه ولا فساد ينافيه أن يفهم منّي وأن يطمع في معونتي إيّاه ويستبشر بصلحي ولعلّ أن يكون لي وله في ذلك نجاة ممّا نحن فيه,ثمّ قال لا أرى حيلة أمثل من التماس صلح السنّور فإنّ السنّور قد نزل به بلاء ولعلّي أقدر على صلاحه ولعلّه لو قد سمع منّي ما أكلّمه به من الكلام الصحيح الذي لا خداع فيه أن يفهم عنّي ويطمع في معونتي ويستلين لذلك بصلحي ولعلّي يكون له ولي في ذلك نجاة,ثمّ قال لا أرى في حيلة أفضل من التماس صلح السنّور فإنّ السنّور قد نزل به من البلاء ما لا يستطيع أحد أن يخلّصه غيري ولعلّه لو قد [[قد]] سمع منّي ما أكلّمه به من الكلام الصادق الذي لا خداع فيه أن يفهم عنّي ويطمع في معونتي فيصالحني لنفع نفسه فيكون لي وله في ذلك خلاص,ولا حيلة أمثل من التماسي صلح السنّور فإنّه قد نزل به قادح ولعلّي أقدر على تخليصه ولو قد سمع ما أنا قائل له من الكلام الصحيح الذي لا خداع فيه لفهمه عنّي وطمع في [[مودّتي]] معونتي ولعلّه يكون لي وله في ذلك نجاة,ثمّ قال لا حيلة أمثل من التماس صلح السنّور فإنّ السنّور قد نزل به بلاء ولعلّي أقدر على خلاصه وإنّه لم يستمع منّي ما أكلّمه به من الكلام الصحيح الصادق الذي لا خداع فيه أن يفهم عنّي ويطمع في معونتي ويسايس بذلك في صلحي ولعلّه يكون لي وله خلاص في ذلك,ثمّ قال في نفسه لا أرى حيلة أمثل من التماس صلح السنّور وقد نزل به بلاء شديد وأنا أقدر بإذن الله تعالى على خلاصه ولعلّه لو قد سمع ما أريد أن أكلّمه به من صحيح الكلام الذي لا خداع فيه ولا مماكرة ولا تقريعًا أن يفهم عنّي ويعرف منفعة ما أصف له وأدعوه فلعلّ يطمع في معونتي إيّاه في خلاصه فيصالحني فعسى أن يكون له ولي في ذلك صلاح وخلاص,وقد نظرت فلا أعلم لي حيلة في هذا الشرّ والنجاة منه أمثل من التماس صلح السنّور فإنّه قد نزل به بلاء فادح وأصابه من الشرّ مالا يستطيع أحد أن يخلّصه منه غيري ولعلّه لو قد يسمع منّي ما أنا قائل له من الكلام الصحيح الصادق الذي لا خداع فيه أن يفهم عنّي ويطمع في معونتي ويسكن لذلك بصلحي لنفع نفسه فأتخلّص به أيضًا من هذا الشرّ الذي أنا مشرف عليه ويكون له ولي في ذلك نجاة
22,b62e8a87-9c68-40f2-81f5-b44a4ecdf321,The Rat Comes Up to the Cat,ثمّ نادى السنّور وقال كيف أنت أيّها السنّور,ثمّ دنا من السنّور فقال له كيف حالك,ثمّ دنا منه فقال له كيف حالك,ثمّ أنّ الجرذ دنا من السنّور فقال له كيف حالك,قال ثمّ دنا الجرذ من السنّور فقال له كيف أصبحت وكيف حالك,ثمّ دنا من السنّور قال له كيف حالك,ثمّ إنّه دنا من السنور فقال له كيف حالك,ثمّ إنّه دنا من السنّور وقال له كيف حالك,ثمّ إنّه دنا من السنّور وقال له كيف حالك,ثمّ دنا منه فقال كيف حالك,,ثمّ إنّ الجرذ دنا من السنّور فقال له كيف,ثمّ دنا من السنّور فقال كيف حالك,ثمّ دنا من السنّور فقال له كيف حالك,ثمّ دنا من السنّور فناداه فقال أيّها السنّور كيف حالك
23,a66a2ffc-f6d7-44a8-83fa-dfa57a44956b,The Cat Acknowledges Being Trapped ,فقال السنّور ها أنت ترى ما أنا فيه من الضيق فما موضع مسلكك إيّاي,فقال كالذي تهواه من الضنك والضيق فما مساءلتك إيّاي,قال له السنّور كالذي تهوى في الضيق والضنك,قال كما تحبّ في ضنك وضيق,قال له السنّور وما حال من هو في الضيق,اثنين أحدهما أن لا يثق به والآخر,قال كالذي يحبّ الصيّاد,قال كالذي تحبّ من الصيّاد,قال له كالذي تحبّ من الصيّاد,فأجابه السنّور كالذي تهوى في الضنك والضيق,أفضل من التماس صلح السنّور فإنّ السنّور قد نزل به,حالك فقال كالذي ترى وتهوى في الضيق والضنك,قال كالذي تهوى في الضيق والضنك,قال السنّور حالي ما تهوى من الضيق والضنك,قال كالذي تراه في الضيق والضنك وقد تراني كذلك فما مساءلتُك إيّاي
24,d49ef126-c512-4c85-b2e4-8a8fd4f565f7,The Rat Resolves to Be Sincere,,,,,قال الجرذ في نفسه والله لا أكذّبه شيئًا ممّا في ضميري,,,,,,,,,,
25,cd7fe811-83d4-46ba-94f5-5ca14991330c,The Rat Points Out Their Common Problem,قال الجرذ لا أكذب فإنّ الكذب مكروه ولربّما كنت أحبّ أن يضيق عليك أمرك ويقرب منك أجلك ولكنّه قد نزل بي من الشرّ ما لا *يسرّني معه ضيق مكانك وليس أحد أقدر على تخليصي من هذه الأمور الذي أنا فيه ومن الهول الذي أشرفت عليه منك وأنت أيضًا ليس أحد هو أقدر على تخليصك من هذا المكان منّي,قال الجرذ لا أكذب فإنّ الكذب مكروه عند العلماء وربّما كنت أحبّ أن يضيق عليك أمرك ويقرب منك أجلك ولكنّي قد نزل بي من الشرّ ما لا يسرّني أن يضيق مكانك ولا موتك وليس أحد أقدر منّي على خلاصك,قال الجرذ لعمري لقد كان يسوءني ما يسرّك ولربّما كنت أحبّ يضيق عليك أمرك ويقرب منك أجلك ولكنّه قد نزل بي من الشرّ ما لا يسرّني معه ضيق مكانك ولا موتك وأنت أيضًا ليس أحد أقدر على تخليصك من هذا المكان منّي,قال وأنا اليوم شريكك في البلاء ولست أرجو لنفسي خلاصًا إلّا بالذي أرجو لك من الخلاص وكلامي هذا ليس فيه كذب ولا خديعة,قال الجرذ والله قد كنت وأنا مخلصًا يسرّني ما صنعوه لكنّني قد شاركتك في البلاء فلست أرجو لنفسي خلاصًا إلّا بالذي أرجوه لك فأعطفني ذلك عليك,قال الجرذ لعمري لقد كنت يسرّني ما ساءك وأرى ما أضاق عليك سعة ولكنّي قد شاركتك في البلاء فلا أرجو لنفسي حالًا أتخلّص بها إلّا بما أرجو لك به الخلاص,فقال الجرذ لا أكذّبك لعمري وإنّي لحزين لما ساءك وما أراه من الضيقة عليك ليس بسعة ولا راحة عليّ وإنّي لشريكك في البلاء ولا أرجو لنفسي الخلاص إلّا *بما أرجوه لك من الخلاص فهو الذي عطّفني عليك,قال الجرذ ولا أكذب إنّي كلّما أراه ضُيّق عليك فهو لي سعة وراحة لكنّني اليوم شريكًا في البلاء ولا أرجو من ذلك لنفسي خلاصًا إلّا الذي أرجو لك من الخلاص فهو الذي عطّفني,قال الجرذ فإنّي أحدّثك ولا أكذب لعمري إنّني إذا رأيت عليك ضيقًا يكون عليّ سعة وراحة ولكنّني اليوم شريكًا معك في البلاء ولا أرجو من ذلك خلاصًا ولكنّ عقلي أمرني بخلاصك وإنّني قادر على ذلك بحول الله وقوّته فهو الذي عطّف قلبي عليك,قال الجرذ لا تكذيب لك لعمري لقد كان يسرّني ما ساءك وأرى ما ضُيّق عليك لي سعة ولكنّي اليوم قد شاركتك في البلاء فلا أرجو لنفسي خلاصًا إلّا بالأمر الذي أرجو لك به الخلاص فذلك الذي عطّفني عليك,قال الجرذ {إنّي أحدّثك حديثًا} لا أكذب فيه لعمري قد كنت أوّلًا يسرّني ما ساءك وأرى ما ضيّق عليك لي سعة ولكنّي اليوم قد شاركتك في البلاء وقد نزل بي من الضنك ما لا يسرّنى به موتك فأنا شريكك ولست أرجو خلاصًا إلاّ بالذى أرجو لك فيه الخلاص فذلك هو الذي عطّفنى عليك وأنت أيضًا فليس أحد أقدر على معونتك وتخليصك من هذه الورطة منّي,فقال الجرد لا كدت لعمري لقد كنت وأنا يسرّني ذلك وكلّما يسوءك وأرى ما ضيّق عليك لي سعة ولكن قد شاركتك في البلاء فلست أرجو لنفسي خلاصًا إلّا بالذي أرجو لك به فقد عطفني لك عليك,قال الجرذ قد لعمري كنت وأنا ليسرّني ما ساءك وإنّ ما ضُيّق عليك سعة لي ولكنّي اليوم قد شاركتك في البلاء فلا أرجو لنفسي خلاصًا إلّا بالأمر الذي أرجو لك به الخلاص فذلك الذي عطّفني عليك,قال الجرذ لا كذب لقد كان قبل اليوم كنت وأنا يسرّني ما ساءك وأرى ما ضُيّق عليك سعة ولكن قد شاركتك اليوم في البلاء فلست أرجو لنفسي خلاصًا إلّا بما فيه خلاصك فعطّفني ذلك عليك,قال الجرذ لا أكذب فإنّ الكذب مكروه لعمري لقد كنت وأنا يسرّني ما ساءك وأرى ما ضيّق عليك لي سعة وأشتهي مع ذلك حضور أجلك ولكنّي لقد شاركتك في البلاء وقد نزل بي من الشرّ ما لا يسرّني معه ضيق مكانك ولست أرجو لنفسي خلاصًا إلاّ بالذي أرجوه لك وأنت أيضًا ليس أحد يقدر عليك ولا على تخليصك من هذا المكان غيري وأنا على شرف حتف من ابن العرس والبومة فذلك الذي عطفني عليك
26,919f8eba-f500-4648-bdbe-353e25737b67,The Rat Proves His Sincerity,وأنا على شرف حذر من ابن عرس والبومة فإنّهما يرصدان وأنا ضعيف لا أطيق دفعها فإن كنت أنت أمنتني من نفسك وضمنت لي الخلاص من غيرك ممّن قد اكتنفني ورصدني أنقذتك ممّا أنت فيه وخلّصتك من وثاقك فانتهز ذلك *وعاونّي على خلاصك وخلاص نفسي,وأنا حذر من ابن عرس والبومة فإنّهما يرصداني وأنا ضعيف لا أقدر على دفعهما فإن أنت آمنتني من نفسك وضمنت لي الخلاص من غيرك قد أخافني وأرصدني أنقذتك ممّا أنت فيه وخلّصتك من وثاقك فانتهز ذلك وعاونّي على خلاصك وخلاص نفسي,وإنّما على †ىعرف †حدر من ابن عرس والبومة فإنّما يرصداني وأنا ضعيف لا أطيق دفعهما فإن أنت أمّنتني من نفسك وضنت لي الخلاص من غيرك مّمن قد اكتنفني ورصدني أنقذتك ممّا أنت فيه وخلّصتك من وثاقك فاغتنم ذلك,وابن عرس ها هو كامن لي والبوم يرصدني وكلاهما لي ولك عدوّ فإن أنت جعلت لي الأمان قطعت حبائلك وخلّصتك من هذه الورطة فإذا كان ذلك تخلّص كلّ واحد منّا بسبب صاحبه,وستعلم مقالتي لك أنّها ليست بزور ولا باطل فأنت تدري مكان ابن عرس كامنًا لي والبومة على الشجرة تريد اختطافي وكلاهما لي ولك عدوّ وهما بعد ذلك يخافانك ويتّقيانك فإن رأيت أن تؤمّنّي حتّى أقطع لك حبائلك وأخلّصك ممّا أنت فيه فعلت فإنّه ليس أحد أبعد من الخير من اثنين منزلتهما واحدة وصفاتهما,إذا دنوت منك فأنجو منهما فإنّي سأقطّع حبائلك وأخلّصك ممّا أنت فيه فاطمأنّ لما ذكرت لك وثق به وستعرف صدق مقالتي أنّه ليس فيها كذب ولا مخادعة فقد ترى مكان ابن عرس كامنًا لي ومكان البومة تريد اختطافي وكلاهما لك ولي عدوّ وهما يخافانك ويتّقيانك فإن أنت جعلت لي أن تؤمّنني,وستعرف مقالتي إن يكن فيها كذب أو خديعة وقد ترى مكان ابن عرس وهو كامن لي والبومة على الشجرة تريد اختطافي وكلاهما عدوّ لي ولك فإن رأيت أن تجعل لي ذمامًا وعهدًا إن أنا دنوت منك أن تؤمّنني على نفسي [وا] وأنجو بذلك وأنا قاطع حبالك ومخلّصك ممّا أنت فيه *فاطمئنّ إلى ما ذكرت لك وثق به منّي فإنّه ليس أحد يخشى من اثنين منزلهما واحد وأجناسهما مختلفة أحدهما من لا يُؤمّن به والآخر من لا يُوثق به إلّا تمسّك [بما] بمن مالت نفسه إليه منهما,وستعرف مقالتي إن يكون فيها كذب وخديعة وقد ترى مكان ابن عرس كامنًا لي والبومة على الشجرة تريد اختطافي وكلاهما عدوّان لي ولك فإن رأيت أن تجعل لي ذمامًا إن أنا دنوت منك أن تؤمّنّي فأنجو بذلك منهما وأنا قاطع حبالك ومخلّصك ممّا أنت فيه فاطمئنّ إلى ما ذكرت لك *وثق به منّي,وستعرف مقالتي أنّ ما فيها كذب ولا خلل ولا خديعة وقد ترى مكان ابن عرس كيف كامنًا لي والبومة على الشجرة تريد *اختطافي وكلاهما عدوّان لي فإن رأيت أن تجعل لي عهدًا وميثاقًا إن أنا دنوت منك كي أقرض حبالك وأخلّصك تؤمنّي على نفسي فننجوا بذلك منهما وأخلّصك ممّا أنت فيه من الضنك فاسمع منّي واطمئنّ إليّ بما ذكرته لك وثق به منّي,وستعرف في مقالتي أن ليس فيها ريب ولا مخادعة فإنّه قد ترى مكان ابن عرس كامنًا لي والبومة تريد اختطافي وكلّهم لي ولك عدوّ وهما يخافانك ويهابانك فإن أنت جعلت لي أن تؤمّنّي إن أنا دنوت منك فأنجو بذلك منهم فإنّي مخلّصك ممّا أنت فيه فاطمئنّ إلى ما ذكرت وثق بي,وستعرف صدق مقالتي وأنّه ليس فيها كذب ولا مخادعة قد ترى مكان ابن عرس كامنًا لي ومكان البومه تريد اختطافي وكلاهما لي عدوّ وهما يخافاك ويتّقيانك فإن أنت أمّنتني وعاهدتني ألّا تقتلني دنوت منك وقطعت حبالك وخلّصتك ممّا أنت فيه ونجوت بذلك فاطمئنّ إلى ما ذكرت وثق به منّي,وستعرف مقالتي أنّها ليست بزور ولا خِلابة ولا خديعة فإنّك ترى مكان ابن عرس كامنًا لي والبومة تريد اختطافي وكلاهما لي ولك عدوّ وهما يخافانك ويتّقيانك فإن جعلت لي أن تؤمّنّي إذا دنوت منك فأنجو منها بك وأقطع حبالك ثمّ أخلّصك ممّا كنت أنت فيه فعلت,وستعرف مقالتي أنّه ليس فيها كذب ولا مخادعة قد ترى مكان ابن عرس كامنًا لي ومكان البومة تريد اختطافي وكلاهما لي ولك عدوّ وهما يخافانك ويتّقيانك وإن أنت جعلت لي إن أنا دنوت منك أن تؤمّنني فأنجو بذلك منهما فأنا قاطع حبائلك ومخلّصك ممّا أنت فيه فاطمأنّ إلى ما ذكرت لك وتؤمّنني به,وستعرف في مقالتي صدقها وأنّه لا مخادعة فيها انظر أترى مكان ابن عرس كامنًا ومكان البومة مشرفة وكلاهما لي ولك عدوّ غير أنّهما لك خائفان فإن أنت أمّنتني وحلفت وجعلت لي أن تمنعني ممّا تمنع به نفسك دنوت منك فقطّعت حبائلك وخلّصتك ممّا أنت فيه فثق بما أقول واطمئنّ إليه,وستعرف من مقالتي أنّها ليست بزور ولا خديعة ولا *محايلة فقد ترى مكان بن عرس كامنًا لي ومكان البومة تريد اختطافي وكلاهما لي ولك عدوّ وهما يخافانك ويتّقيانك وأنا ضعيف لا أطيقهما فإن أنت أمّنتني من نفسك وضمنت لي الخلاص من غيرك ممّن قد اكتنفني وأرصدني أنقذتك ممّا أنت فيه وقطعت حبالك وخلّصتك من وثاقك فكما إنّي أحبّ بحياتي حياتك فكذلك أنت حقيق أن تحبّ بحياتك حياتي فاطمئنّ إلى ما ذكرت لك وثق به منّي
27,e5413dbc-0717-4980-a6ac-a3288a02785a,People Fail without Mutual Trust,,,,,فإنّه ليس أحد أبعد من الخير من اثنين منزلتهما واحدة وصفاتهما مختلفة فأحدهما لا يثق بالآخر,فإنّه ليس أجد أبعد من الخير من اثنين أحدهما أن لا يثق به والآخر أن تكون لا يثق بأحد,,فإنّه ليس أحد !أحسن من اثنين منزلتهما واحدة وأجناسهما مختلفة أحدهما لا يُؤمن به والآخر ممّا لا يثق به,فإنّه ليس أحد !أحسن من اثنين منزلتهما واحدة وأجناسهما مختلفة أحدهما من لا يُؤمن به والآخر ممّا لا يثق به,فإنّه ليس أحد أبعد من الخير من اثنين منزلتهما واحدة وصفتهما مختلفة أحدهما من لا يثق بأحد والآخر من لا يثق به أحد,فإنّه ليس أحد أبعد من الخير من اثنين منزلتهما واحدة وصفتهما مختلفة أحدهما من لا يثق بأحد والآخر من لا يثق به أحد,فإنّه ليس أحد أبعد من الخير من اثنين منزلتهما واحدة وصفتهما مختلفة وأحدهما لا يثق والآخر لا يُوثق به,فإنّه ليس أحد أبعد من الخير من اثنين *منزلتهما واحدة وصفتهما مختلفة أحدهما من لا يثق به أحد والآخر من لا يثق بأحد,فإنّه ليس أحد أبعد من الخير إلّا اثنان منزلتهما واحدة وصفتهما مختلفة أحدهما من لا يثق بأحد والآخر من لا يثق به أحد,فإنّه ليس أحد أبعد من الخير من اثنين منزلتهما واحدة وصنعتهما مختلفة وآحدهما لا يثق به آخر
28,8e5140d3-e06e-49fa-ab7f-88ca274049d1,The Rat Promises Faithfulness,,,,,ولك عندى بما جعلت الوفاء على نفسي فاقبل قولي ونصحي وعجّل ذلك قبل مجيء القانص,ولك عندي الوفاء بما جعلت لك على نفسي فاقبل منّي واسترسل إليّ ولا تؤخّر الثقة بي,وقد بذلت لك ما عندي من الوفاء وقرنت حياتي بحياتك فاقبل منّي واسترسل إلى قولي ولا تؤخّر ذلك,ولك الوفاء عندي بما جعلت من نفسي فاقبل منّي واسترسل إلى قولي ولا تؤخّر ذلك,ولك الوفاء عندي بما جعلت من نفسي فاقبل منّي وأصغي إلى كلامي ولا تؤخّر ذلك لأنّ في تأخيرك هلاكك وهلاكي أيضًا,ولك عندي الوفاء بما جعلت لك من نفسي فاقبل منّي واسترسل إليّ وعجّل ذلك ولا تؤخّر,ولك عندي الوفاء بما جعلت لك من نفسي فاقبل ذلك منّي واسترسل إليّ ولا تؤخّر الأمر ما استطعت,ولك عندي الوفاء بما جعلت لك على نفسي فاقبل مني واسترسل إلىّ وعجّل ذلك,ولك الوفاء عندي بما جعلت لك من نفسي فاقبل منّي واسترسل إليّ ولا تؤخّر,وإنّ لك عندي الوفاء بما جعلت لك من نفسي فاقبل منّي واسترسل إليّ ولا تؤخّر العمل فلعلّ الصيّاد يأتيك فتلقى ما تكره وأقع فيما لا أحبّ,ولك عندي الوفاء بما جعلت لك على نفسي فاقبل منّي واسترسل إليّ وعجّل ذلك ولا تؤخّر
29,9df23ced-7abd-4df3-9b2d-f5e089acd64f,The Intelligent Does Not Postpone Action,,,,,فإنّ العاقل لا يؤخّر عمله,فإنّ العاقل لا يؤخّر علمه,فإنّ العاقل لا يؤخّر عمله,فإنّ العاقل لا يؤخّر عمله,فإنّ العاقل لا يؤخّر عمله,فإنّ العاقل لا يؤخّر عمله,فإنّ العاقل لا يؤخّر عمله في حينه,فإنّ العاقل لا يؤخّر عمله,فإنّ العاقل لا يؤخّر عمله,فإنّ العاقل لا يؤخّر عمله,فإنّ العاقل لا يؤخّر عمله
30,eb4a0dd4-9931-4bf4-9776-57190cbc3d2e,The Cat Should Desire Common Rescue,,فإنّه كما أحببت بحياتي حياتك فلذلك أنت أيضًا حقيق أن تحبّ بحياتي حياتك وخلاصي وخلاص نفسك,وعاونّي في خلاصك وخلاص نفسي فإنّي كما أحببت بحياتي حياتك فكذلك أنت حقيق أن تحبّ بحياتك حياتي وخلاص نفسي,,لأنّ كلّ واحد منّا إنّما ينجو بصاحبه,ولتطب نفسك ببقائي كما طابت نفسي ببقائك,ولتطب نفسك ببقائي كما طابت نفسي ببقائك فإنّ كلّ واحد منّا لا ينجو إلّا بصاحبه,ولتطب نفسك ببقائي كما طابت نفسي ببقائك فإنّ كلّ واحد منّا لا ينجو إلّا بصاحبه,ولتطب نفسك ببقائي كما طابت نفسي ببقائك,ولتطب نفسك ببقائي كما طابت نفسي ببقائك,فلتطِبْ نفسك ببقائي كما طابت نفسي ببقائك فإنّ كلّ واحد منّا إنّما ينجو بصاحبه,ولتطب نفسك ببقائي كما طابت نفسي ببقائك,ولتطبْ به نفسك ببقائي كما طابت نفسي ببقائك فإنّ كلّ واحد منّا ينجو بصاحبه,ولتطب نفسك ببقائي كما طابت نفسي ببقائك فإنّ كلّ واحد منّا سبب خلاصه بصاحبه بعون الله تعالى,ولتطب نفسك ببقائي كما طابت نفسي ببقائك فإنّ كلّ واحد ينجو بصاحبه
31,bdd68c89-7a27-4565-99fa-daffa41b9795,Sailors Depend on Ships and Vice Versa,وكما أنّ نجاة الناس من البحر بالسفن ونجاة السفن بالناس,كما أنّ نجاة الناس من البحر بالسفينة ونجاة السفينة بالناس,وكما أنّ نجاة الناس من البحر بالسفن,كالسفينة والركّاب في البحر فبالسفينة ينجون وبهم تنجو السفينة,كأصحاب السفينة الذي نيّاتهم كلّها واحدة,فإنّ كلّ واحد منّا ينجو بصاحبه كالسفينة والركّاب في البحر فالسفينة تنجي الركّاب وهم منجون السفينة,كالسفينة والركّاب في البحر فنجاة الركّاب بالسفينة ونجاة السفينة بالركّاب,كالسفينة والركّاب في البحر فنجاة الركّاب بالسفينة ونجاة السفينة بالركّاب,فإنّ كلّ واحد منّا لا ينجو إلّا بالآخر كالسفينة والركّاب في البحر فنجاة الركّاب بالسفينة ونجاة السفينة بالركّاب,فإنّ كلّ واحد منّا ينجو بصاحبه كالسفينة والركّاب في البحر فبالسفينة تخرج الركّاب وبالركّاب تخرج السفينة,كالسفينة في البحر إنّما تنجو بالركّاب وبالسفينة ينجو الركّاب,فإنّ كلّ واحد منّا ينجو بصاحبه كالسفينة والركّاب يتخلّص بها أهلها ثمّ تخرج بهم فيتخلّص,كالسفينة والركّاب في البحر بالسفينة تخرج الركّاب من البحر وبهم تخرج السفينة,كما أنّ السفينة والركّاب في البحر تخرج السفينة بالركّاب وبهم تخرج السفينة,كما أنّ نجاة الناس من البحر بالسفن إذا ركبوها ونجاة السفن بالناس إذا صوّبوها
32,e3559fe0-79b6-4654-a7c6-9d159b842425,Cooperation Ensures Delivery for Both,فكذلك ترجو أن نصير إليه بالتعاون إلى الخلاص جميعًا من هذه البليّة,فلذلك نرجو أن نصير بالتعاون إلى الخلاص جميعًا من هذه البليّة,فكذلك نرجو أن نصير بالتعاون إلى الخلاص جميعًا من هذه البليّة,,,,,,,,كذلك أيضًا بالتعاون منّي ومنك نرجو الخلاص من هذه البليّة,,,,كذلك نصير بالتعاون إلى الخلاص جميعًا من هذه البليّة
33,745a4a65-ddd4-4b9d-aa60-08523f7ffa73,Everything Happens According to Fate,,,,,,,,,,,,,,وكلّ ذلك تأتي عليه مقادير بما هو آت,
34,514bcba7-8746-4c01-9b13-98be4bd3dc2a,The Cat Puts His Trust in the Rat,فلمّا سمع السنّور ذلك من الجرذ علم أنّه صدق وقال له صدقت وقلت بالحقّ فانظر في الخلاص الذي نتخلّص به جميعًا فافعله فإنّي أفعل ما قلت لك وأحفظ لك هذه النعمة آخر الأبد وأحرص على مكافأتك بها,فلمّا سمع السنّور ذلك من الجرذ علم أنّه قد صدق وقال له صدقت وقلت الحقّ فأنظر إلى الصلح الذي نتخلّص به جميعًا من هذه البليّة فأفعله فإنّي أحفظ لك هذه النعمة آخر الأبد وأحرص على مجازاتك ومكافأتك بها,فلمّا سمع السنّور ذلك من الجرذ علم أنّه قد صدق وقال له صدقت وقلت الحقّ فأنظر الصلح الذي نتخلّص به جميعًا من هذه البليّة فأفعله فإنّي أحفظ لك هذه النعمة آخر الأبد وأحرص على جزائك ومكافأتك,فلمّا عرف السنّور مقالة الجرذ عرف أنّه صادق فقال له إنّ قولك هذا لشبيه بالحقّ وأنا أيضًا راغب فيما أرجو لك ولنفسي به الخلاص ثمّ أنّك إن فعلت ذلك سأشكرك ما بقيت,قال فلمّا سمع السنّور مقالته فرح بذلك فرحًا عظيمًا وعرف أنّه صادق في مقالته فقال له السنّور إنّي أرى قولك شبيهًا بالحقّ فأنا راغب إليك في هذا الصلح الذي أرجو فيه البقاء لي ولك ثمّ شكر له وجزاه,فلمّا سمع السنّور مقالة الجرذ عرف أنّه صادق وسرّه وقال أرى كلامك شبيهًا بالحقّ والصدق وأنا راغب في هذا الصلح الذي أرجو لنفسي ولك به الخلاص ثم أشكر ما بقيت وأجزيك به أحسن الجزاء,فلمّا سمع السنّور كلام الجرذ وما بذله من الودّ قال السنّور اعلم أنّ قولك شبيهًا بالحقّ وأنا عارف ذلك وأرجو لك ما أرجوه لنفسي من الخلاص ثمّ سأشكر لك ذلك ما بقيت وأجزيك أحسن الجزاء علم أنّه صادق,فلمّا سمع السنّور كلام الجرذ وما بذله من الودّ علم أنّه صادق وقال له أعلم أن قولك حقّ وأنا عارفه وأرجو لك ما أرجوه لنفسي من الخلاص ثمّ أشكر ذلك لك ما بقيت وأجازيك بأحسن الجزاء,فلمّا سمع السنّور كلام الجردون وما بذله من النصيحة والودّ علم أنّه صادق بقوله فقال أعلم أنّ قولك شبيه بالحقّ وأنا عارفه منك وأرجو لك ما أرجوه لنفسي من الخلاص ثمّ سأشكر ذلك لك ما بقيت حيًّا وأجازيك بأحسن الجزاء,فلمّا سمع السنّور بمقالة *الجرذ سُرّ بها وعرف أنّه صادق فقال للجرذ أرى قولك شبيهًا بالحقّ والصدق فأنا راغب في هذا الصلح الذي أرجو لنفسي ولك فيه الخلاص ثمّ لأشكر لك ذلك ما بقيت *وأجازيك به أحسن الجزاء,فلمّا سمع السنّور كلام الجرذ عرف أنّه صادق فسرّه ذلك ووثق بقوله وقال للجرد أرى قولك هذَا شبيهًا بالحقّ والصدق فأنا قابل هذا الصلح الذي أرجو لنفسي ولك به الخلاص ثم سأشكر لك ذلك ما بقيت وأجازيك أحسن الجزاء فتعاقدا على ذلك,فلمّا سمع السنّور مقالته سرّه وعرف أنّه صادق فيها فقال له أرى قولك شبِهًا بالحقّ وأنا أرغب في هذا الصلح الذي أرجو لي ولك فيه البقاء ثمّ سأشكرك وأجازيك بأحسن الجزاء وأنت مشكور وأكون أنا في ذلك مأمون العاقبة من جانبك لا خائف منك ولا مذعور,فلمّا سمع السنّور مقالة الجرذ عرف أنّه صادق وسرّه ذلك وقال للجرذ إنّ قولك شبيهًا بالحقّ والصدق فأنا راغب في هذا الصلح الذي أرجو لنفسي ولك فيه الخلاص ثمّ سأشكر لك ذلك ما بقيت وأجازيك به أحسن الجزاء,فلمّا سمع السنّور مقال الجرذ عرف صدقه وسُرّ بذلك وقال للجرذ إنّك على قولك فورًا لا أشكّ في صدقك عندي فيه فأنا قابل هذا الصلح الذي أرجو لنفسي ولك به الخلاص وسأشكر ذلك لك أيّام حياتي ومجازيك به أحسن الجزاء,فلمّا سمع السنّور مقالة فريدون سرّ بها وعلم أنّه قد صدق قال لأفريدون أرى قولك شبيهًا بالحقّ والصدق أنا راغب في هذا فانظر الصلح الذي نتخلّص به جميعًا من هذه البليّة وأرجو إلى ذلك فيه من البقاء فافعله فإنّي أحفظ لك هذه النعمة إلى الآخر الأبد وسأشكر لك ذلك وأجازيك على ذلك أحسن الجزاء
35,4287443c-22f5-4237-91e7-10f5ae631db4,The Rat Explains the Strategy,قال الجرذ دعني أدنو منك فإنّ البومة وابن العرس إذا أبصرانا مصطلحين انصرفا فإذا أمنت منهما قطعت وثاقك وأنا آمن,قال الجرذ دعني أدنو منك فإنّ البومة وابن عرس إذا أبصرانا مصطحبين انصرفا عنّا فإذا أمِنت منهما قطعت وثاقك وأنا آمن,قال الجرذ دعني أدنو منك فإنّ البومة وابن عرس إذا أبصرانا مصطلحين انصرفا عنّا فإذا أمنت منهما قطعت وثاقك وأنا آمن,,خيرًا قال له الجرذ أمّا أنا إذا دنوت فلتُظهر منك ما يراه ابن عرس والبومة ما يعرفان به صلحنا ويرجعا خائبين,قال الجرذ إذا دنوت منك فأبدِ لابن عرس والبومة ما يعرفان به صلحنا وقد آيسا منّا ثم أقبل على تقريض حبائلكم,قال الجرذ فإذا دنوت منك ورأى ابن عرس والبومة قد تحقّقا صلحنا فتفرّقا عنّا فتحالفا على الصلح,قال الجرذ فإذا دنوت منك ورأى ابن عرس والبومة صلحنا يتفارقان عنّي,قال الجرذ فإذا دنوت منك ورأى ابن عرس والبومة [مثل] ما يعرفان صلحتنا وكيد فيفترقان عنّي,قال الجرذ فإذا دنوت منك فلتُر ابن عرس والبومة ما يعرفان به صلحنا فينصرفان آيسين وأقبل أنا على قرض الحبال,ثمّ قال الجرذ للسنّور إذا أنا دنوت منك فأري ابن عرس والبومة منك ما يعرفان به صلحنا فينصرفان آيسين ثمّ أقبل أنا على قطع حبائلك وأنا آمن,قال فلمّا تكلّم السنّور بهذا الكلام إلى آخره التفت إليه الجرد وقال له فأنا إذا دنوت منك !فلتروني ابن عرس والبومة فيعرفان عند ذلك صلحنا فيرجعان عنّا آيسين منّا فقال الجرد صدقت في ذلك,قال الجرذ فإذا دنوت منك فلتُري ابن عرس والبومة منك ما يعرفان به صلحنا فينصرفان آيسين وأقبل على قرض حبالك,قال الجرذ فإذا دنوت منك فضمّني إليك والطف بي فإنّه إذا رأى ابن عرس والبومة منك ما يعرفان به صلحنا انصرفا عنّا وأقبلت على قرض حبائلك,قال الجرذ دعني أدنو منك فإنّ البومة وابن عرس إذا بصرا !تواريا منك ما !تعرفنا به صلحنا انصرفا له عنّا آيسين فإذا أمنت منهما أقبلت على قرض حبائلك وأنا آمن
36,342d242d-98c3-4db1-86ec-39190134670c,The Rat Explains the Detail of the Last Rope,,,,قال الجرذ فإنّي سأدنو منك فأقطع الحبائل كلّها إلّا حبلًا واحدًا أبقيه لأستوثق لنفسي منك,,,,,,,,,,,
37,cc8ab2db-90a1-4e12-9594-9b5f54ff0fd1,The Cat Accepts the Pact,,,,,,,,,,,,,,قال السنّور أفعل ذلك ونعمة,
38,21c63eae-be9e-4444-a744-8d4bb6ff6aa7,The Cat Fulfills His Part,ففعل ذلك السنّور [منه] فدنا منه,ففعل ذلك السنّور وآمنه ودنا منه,ففعل ذلك به السنّور وأمّنه ودنا منه,,قال ففعل السنّور ذلك فأظهر له فرحًا وسرورًا,ثمّ دنا الجرذ من السنّور فأخذه والتزمه وقرّبه منه,,فدنا منه وصالحه,فدنا منه وصالحه,فلمّا دنا الجرذ من السنّور أخذه فالتزمه,فلّما دنا الجرذ من السنّور أخذه السنّور فالتزمه ورحّب به وصافحه,فلمّا قرب الجرد إلى السنّور يريد أن يفعل ما أمره السنّور,فلمّا دنا الجرذ من السنّور أخذه فالتزمه,فدنا منه الجرذ فالتزمه السنّور وصالحه وسُرّ به,ففعل ذلك به السنّور وأمّنه فلمّا دنا الجرذ من السنّور أخذه فالتزمه
39,d6650bc0-5f17-4f98-9464-694f770af661,The Foes Leave Frustrated,فلمّا أبصرت البومة وابن العرس ذلك انصرفا من ذلك المكان,فلمّا أبصر ذلك البومة وابن عرس انصرفا من ذلك المكان,فلمّا أبصر ذلك ابن عرس والبومة انصرفا من ذلك المكان,ثمّ أنّ البوم وابن عرس لمّا رأيا دنوّ الجرذ من السنّور أيسا منه وانصرفا,,فلمّا عاين ابن عرس والبومة ذلك انصرفا خائبين,فلمّا عاين ابن عرس والبومة ذلك منهما آيسا منهما وانصرفوا خآئبين,فلمّا عاين [[عر]] ابن عرس والبومة ذلك منهما آيسا وانصرفا خائبين,فلمّا عاين ابن عرس والبومة ذلك منهما أيسا وانصرفا خائبين,فلمّا رأت البومة وابن عرس ذلك انصرفا خائبين,فلمّا رأى ابن عرس ذلك والبومة انصرفا آيسين الجرذ [[وانصرفا]] {ورجعا} خائبين,ورأوه البومة وابن عرس انصرفا خائبين,فأيس ابن عرس والبومة منه وانصرفا خائبين,فلمّا رأى ابن عرس والبومة ذلك يئسا وانصرفا خائبين,وأبصر ذلك البومة وابن عرس انصرفا من ذلك المكان خائبين
40,25ba6992-3417-41bd-8f13-b6030fb20e50,The Rat Approaches to Cut the Rope,وأخذ الجرذ في قرض الشبكة فجعل يقطع سلكًا,وأخذ الجرذ في قطع الشرك فجعل يقطع سلكًا سلكًا,,,فلمّا دنا منه الجرذ وأخذ في تقريض رباطه وقطع حبائله,وأخذ الجرذ في تقريض حبائل السنّور,والبومة ذلك منهما آيسا منهما وانصرفوا,فأقبل إلى تقريض الحبال عنك,فأقبل الجرذ على تقريض الحبال,وأخذ الجرذ في قطع حبائل السنّور,,قال فدنا منه الجرد وأخذ في تقريض رباط السنّور,,,
41,1c0b33ac-c52c-466c-a48c-0b0fcb298523,The Rat Begins to Cut the Rope,,,وأخذ الجرذ في قطع الشرك فجعل يقطعه سلكًا سلكًا,ثمّ أخذ في تقريض حبائله,,,له مالي أراك غير مجدّ,فأخذ الجرذ في قرض أحبال السنّور,فأخذ الجرذ في تقريض الحبال المشربك بها السنّور,,وأخذ الجرذ في قطع رباط السنّور فجعل يقطعه قليلًا قليلًا,,وأخذ الجرذ في قرض رباط السنّور,وأخذ الجرذ في قطع حبائل السنّور,وأخذ الجرذ في قرض رباط السنّور فجعل يقطعه سلكًا سلكًا
42,8c2b46dd-8c53-4b7d-b6ca-1ff4d049f92e,The Cat Deems the Rat's Efforts Slow,فلمّا رأى السنّور أنّ الجرذ ليس †يجاذني قطع للشرك قال له يا خليلي ما ينفعك من الانكماش والفراغ لعلّ الذي ينفعك من ذلك أنّك قرضت إلى حاجتك من الأمن,فلمّا رأى السنّور الجرذ ليس بجادّ في قطع الشرك قال له يا خليلي ما يمنعك من ذلك إنّك قد صرت إلى حاجتك من الأمن,فلمّا رأى السنّور الجرذ ليس بجادّ في قطع الشرك قال له يا خليلي ما منعك أن تجتهد في قطع الشرك له والفراغ لعلّ الذي يمنعك من ذلك أنّك قد صرت إلى حاجتك من الأمن,ثم أن الجرذ أبطأ على روميّ في قطع الحبائل فقال له ما لي لا أراك مجدًّا في قطع حبائلي فإن كنت قد ظفرت بحاجتك فتغيّرت عمّا كنت عليه في حاجتي,وطال ذلك على السنّور فقال ما أراك إلّا فترت في أمري بخلاف ما كنت عليه وتوانيت في أمري,قال له السنّور وما أراك جادًّا في قطع رباطي فإذا كنت أصبت حاجتك تحوّلت كما كنت لي عليه وتوانيت فيه,فاستبطأه السنّور وقال له مالي أراك غير مجدّ في قطع حبالى رباطي فإن كنت قد ظفرت بحاجتك وتبدّلت عمّا كنت فيه وتوانيت في حاجتي,فاستبطأه السنّور وقال له ما أراك جادًّا في قطع أحبالي ورباطي ولمّا ظفرت بحاجتك تبدّلت عمّا كنت عليه وتوانيت في حاجتي,فاستبطأه السنّور وقال له ما أراك جادًّا في قطع حبالي ورباطي فإن كنت ظفرت بحاجتك وندمت عمّا أنت عليه وتريد تتوانى في حاجتي,فاستبطأه السنّور وقال للجرذ ما أراك جادًّا في قطع رباطي فإن كنت حين ظفرت بحاجتك تبدّلت عمّا كنت عليه وتوانيت في حاجتي,فلّما رأى السنّور أنّ الجرذ غير مجتهد في قطع الشرك استبطأه وقال ما أراك جادًّا في قطع رباطي فإن كنت حين ظفرت بحاجتك تغيّرت عمّا كنت عاهدتني عليه وتواخيت فيّ,فاستبطأه السنّور وقال له ما أراك جادًّا فإن كنت قد ظفرت بحاجتك فتحوّلت عمّا كنت عليه وتوانيت في هذا الأمر,فاستبطأه السنّور وقال ما أراك جادًّا في قطع رباطي فإن كنت حين ظفرت بحاجتك تبدّلت عمّا كنت عليه وتوانيت في حاجتي,فاستبطأه السنّور في قطع الحبائل وقال مالي أراك كأنّك لست تجدّ في قطع حبائلي فإن كنت لمّا ظفرت بحاجتك تغيّرت عمّا كنت عليه وتوانيت في حاجتي,فلمّا رأى السنّور أنّ الجرذ ليس بجادّ في قطع الشرك استبطأه السنّور وقال له يا خليلي ما أراك جادًّا في قطع رباطي وما الذي يمنعك من الانكماش والفراغ لعلّ الذي يمنعك من ذلك أنّك قد صرت بي إلى حاجتك من الأمن فإذا كنت حين ظفرت بحاجتك تبدّلت وتحوّلت عمّا كنت عليه وتوانيت في أمري وقصّرت في حاجتي
43,aedf54df-c554-4747-a6e3-518c9df7d3c7,The Noble Must Help,فإن كان ذلك فليس ذلك من فعل الصالحين,إن كان ذلك كذلك فليس ذلك من فعل الصالحين,*وإن كان ذلك كذلك فليس ذلك من فِعل الصالحين,فإنّ الكريم لا يتوانى في حقّ صاحبه,فليس يُجمل هذا بالكريم ولا يليق به ذلك ولا ينبغي له أن يقصّر في حاجة صاحبه إذا كان مقتدرًا عليها,فليس هذا للكريم بخلق أن يتوانى في حاجة صاحبه إذا قدر عليها,أنّه صادق,فليس هذا فعل الكريم الوفيّ ولا الخليل الصادق يتوانى في حاجة صاحبه إذا قدر عليها,فليس هذا من فعل الكرام الذي يوفون بالعهود ولا فعل الخليل الوفيّ الصادق ولا صاحب الودّ يتوانى في حاجة صاحبه إذا قدر عليها,فليس هذا *للكريم بخلق أن يتوانى في حاجة صاحبه إذا استمكن من حاجة نفسه,فليس هذا الكريم بخليق أن يتوانى في حاجة صاحبه إذا هو قضى حاجة نفسه,فليس هذا للكريم بخلق ولا يجمل به أن يقصّر في حاجة صاحبه إذا قدر عليها,فليس هذا للكريم بخلق أن يتوانى في حاجة صاحبه إذا تمكّن من حاجة نفسه,فما ذلك من فعل الصالحين ولا من أخلاق أهل الكرم ولا من صنع أهل الوفاء,فليس هذا من الكريم بُخلق ولا من فعال الصالحين ولا يُجمل بأحد أو *يتوانى أو يقصّر في حاجة صاحبه إذا قدر عليها عند فراغه من حاجته لنفسه
44,81c5dffc-1b3e-44ec-93dd-725bf2dedd37,The Cat States the Rat's Duty of Reciprocation,,,,وقد كان لك في سابق مودّتي من الفائدة والنفع ما قد رأيت وأنت حقيق أن تكافئني بذلك,وقد كان لك في مودّتي من عاجل النفع والاستنقاذ من الهلكة ما قد رأيت ويجب عليك أن تكافئني,وقد كانت لك في مودّتي في العاجل منفعة ونجاة من الهلكة وأنت حقيق أن تكافئني بذلك,ولقد كان لك في عاجل مودّتي من الأمن والنفع والنجاة من الهلكة ما قد رأيت وأنت حقيق أن تكافيني بذلك,ولقد كان لك في عاجل مودّتي من الأمن والنفع والخلاص من الهلكة ما قد رأيت ويجب تكافئني بذلك,ولقد كان لك في عاجل مودّتي من الأمن والنفع والخلاص من الهلكة ما قد رأيت فالواجب عليك أن لا تكافئني بضدّ ذلك,وقد كان لك في مودّتي من عاجل المنفعة والاستنقاذ من الهلكة ما قد رأيت وأنت حقيق أن تكافئني,وقد كان لك في عاجل مودّتى من النفع والخلاص من الهلكة ما قد رأيت وأنت حقيق أن تكافئنى بذلك,وقد كان لك في مودّتي عاجل النفع والاستنقاذ من المهلكة ما قد رأيت وأنت حقيق أن تكافئني بذلك,وقد كان لك في عاجل مودّتي من النفع والاستنقاذ من الهلكة ما قد رأيت وأنت حقيق أن تكافئني,فقد كان لك في عاجل مودّتي من النفع والخلاص من الهلكة ما قد رأيت فأنت حقيق أن تكافئني بذلك,وكان لك في ودّي من عاجل النفع والاستنقاذ من الهلكة ما قد رأيت وأنت حقيق أن تُكافأ بذلك
45,2490226c-c032-45f5-bf95-fbf70dd1864a,The Rat Should Forget Enmity,وإن كنت تذكر العداوة القديمة فلست حقيقًا أن تفعل ذلك بعد بلائي عندك التي مثله ودونه يُشكر فتثبت على الحقد,إن كنت تذكر العداوة القديمة فلست حقيقًا أن تفعل ذلك مع حسن بلائي عندك الذي مثله ودونه يُشكر فيثبت على حقد,وإن كنت تذكر العداوة القديمة فلست حقيقًا أن تفعل ذلك مع بلائي عندك الذي مثله ودونه شكر,ولا تذكر العداوة التي بيني وبينك فالذي حدث بيننا يمحو ما سلف من الضغينة ويثني كلّ واحد عمّا وقر في نفس صاحبه,ولا تذكر عداوة ما بيني وبينك من قبل ذلك فأمّا ما حدث بيننا أهل أن يُستكمل وتُرعى ذمامه,وأن لا تذكر عداوة ما بيني وبينك فإنّ الذي تجدّد بيننا من المودّة يمحو الخلال الكثيرة من الإساءة المتقدّمة,ولا تذكرنّ شيئًا من سالف العداوة بيني وبينك فإنّ الذي تجدّد ما بيننا من المودّة والعهد والذمام لحقيق أن ينسيك ذلك,ولا تذكر شيئًا من سالف عداوة بيني وبينك فإنّ ما حدث بيننا من المودّة ينسيك ذلك,فلا تتذكّر شيئًا من سالف العداوة الذي بيني وبينك فإنّ الذي حدث بيننا من المودّة والإخاء لحقيق أن ينسيك ذلك,ولا تذكر عداوة ما بيني وبينك فإنّ ما حدث بيننا حقيق أن ينسيك ذلك,ولا تذكر شيئًا من سالف العداوة فإنّ الذي حدث بيني وبينك من الصلح حقيق أن ينسيك ذلك معما في الوفاء من الفضل وما في الغدر من سوء العاقبة,ولا تذكر عداوة ما بيني وبينك فإنّ ما حدث بيننا أهل أن يُستكمل,ولا تكرّر عداوة كانت بيني وبينك,وألّا تذكر سالف العداوة بيننا فإنّ الذي حدث بيني وبينك من الصلح <أهل> أن ينسيك ذلك مع ما في الوفاء من الفضل والأجر وما في الغدر من سوء العاقبة,وإن كنت تذكر العداوة القديمة فلست حقيقًا أن تفعل ذلك مع بلائي عندك الذي مثله ودونه يُشكر فإنّ ما حدث بيننا أهل <أن> يُستكمل وأن يُعتزل الحقد معه
46,907e4afc-2fea-404e-bdd2-7dbea601eee1,Good Deeds Erase Bad Deeds,فإنّ الصالحين ليسوا بذوي حقد ولكنّهم أهل شكر والحسنة الواحدة عندهم تمحو سيّئات كثيرة,فإنّ الصالحين ليسوا بذوي حقد ولكنّهم أهل الشكر والحسنة الواحدة تمحو عنهم سيّئات كثيرة,والحسنة الواحدة تمحو عندهم سيّئات كثيرة,,لأنّ الكريم لا يُلقى إلّا شكورًا غير حقود ولا حسود تنسيه الخلّة الواحدة من الإحسان الأمور الكثيرة من الإساءة,,وإنّ الكريم لا يكون إلّا شكورًا غير حقود تنسيه الخلّة الواحدة من الإحسان الخلال الكثيرة من الإساءة,والكريم لا يكون غير شكور ويكون غير حقود الخلّة الواحدة من الإحسان تنسّيه الخلال الكثيرة من الإساءة,وإنّ الأصيل لا يكون إلّا شكورًا غير حقود تنسيه الخلّة الواحدة من الإحسان الخلال الكثيرة من الإساءة,وأنّ الكريم لا يكون إلّا شكورًا غير حقود تنسيه الخلّة الواحدة من الإحسان الخلال الكثيرة من الإساة,فإنّ الكريم لا يكون إلّا شكورًا غير حقود تنسيه الخلّة الواحدة من الإحسان الخلال الكثيرة من الإساءة,فإنّ الكريم لا يُلقى إلاّ شكورًا غير حقود *تنسيه الخلّة الواحدة من الإحسان الأمور الكثيرة من الإساءة,وأنت حقيق أن تنسيك الخلّة الواحدة من الإحسان الخلال الكثيرة من الإساءة,فإنّ الكريم لا يكون إلاّ شكورًا غير حقود تنسيه الخلّة الواحدة ممّا يسرّه الخلال الكثيرة مما *ساءه,فإنّ الصالحين ليسوا بذوي حقد وإنّ الكريم لا يلقى إلاّ شكورًا غير حقود تنسيه الخلّة الواحدة تمحو عندهم كثيرة من السيّئات
47,4f520db5-2db5-4e69-8daa-95ea9644ca1f,The Punishment of Betrayal Comes Swiftly,,,,وأعجل عقوبة الكاذب الغدر ومن تُضرّع إليه وسُئل العفو فلم يعف فقد غدر,وأعجل العقوبة عقوبة العدوّ والأيمان الكاذبة وأخسّ الناس من إذا تُضرّع إليه أو سُئل لم يعف ولم يغفر,وأعجل العقوبة عقوبة القدر واليمين الكاذبة ومن أرخى سبيل العفو كمن لم يعف ولم يرحم,وإنّّ أعجل العقوبة عقوبة الغدر واليمين الكاذبة ومن إذا تضرّع إليه الصديق لم يقبل وسُئل العفو فلم يعفو,وأعجل العقوبة عقوبة الغدر واليمين الكاذبة ومن إذا سُئل وتُضرّع إليه لم يعفو,وأعجل العقوبة عقوبة الغدر واليمين الكاذبة ومن إذا تُضرّع إليه ويُسأل العفو فلم يعفو فذاك فجور كفور,وأعجل العقوبة عقوبة الغدر واليمين الكاذبة ومن إذا تُضرّع إليه *وسُئل العفو لم يعف ولم يصفح,وقد كان يُقال إنّ أعجل العقوبة عقوبة الغدر واليمين الكاذبة ومن إذا تضرّع إليه الملهوف أو سأله المذنب العفو والتجاوز لم يعف ولم يغفر وهو يجد إلى ذلك سبيلًا وإنّه ليس بحافظ أخلاق الصالحين من لا يعمل أعمالهم,وأعجل العقوبة عقوبة الغدر واليمين الكاذبة ومن إذا تضرّع إليه وسأل العفو لم يصفح ولم يعف,وأعجل العقوبة عقوبة الغدر في الأيمان الكاذبة ومن إذا تُضرّع إليه وسُئل العفو لم يعف,وأعجل العقاب عقاب الغدر والأيمان الكاذبة ومن إذا تُضرّع إليه وسُئل العفو لم يرحم ولم يعف ولم يغفر,ومن أعجل العقوبة عقوبة العدوّ واليمين الكاذبة والبغي ومن إذا تُضرّع إليه وسُئل العفو لم يصفح ولم يعف ولم يغفر
48,0592a93a-84f3-4637-a652-925b35370e6d,The Rat Must Fulfill the Pact,وكما أنّك أسرعت في خلاصك فكن أنت أيضًا في الاجتهاد في خلاصي,وكما أنّي أسرعت في خلاصك كذلك فكن أنت في خلاصي,وكما أنّي أسرعت في خلاصك فلذلك فلتكن أنت في الاجتهاد في خلاصه,,,,,,,,وكما أسرعت أنا في خلاصك ومعونتك فكذلك أنت حقيق بالاجتهاد في خلاصي من هذا الوثاق,,,,وكما أنّي أسرعت في خلاصك فكذلك كن أنت أيضًا في الاجتهاد في خلاصي
49,f093b5ad-9121-435d-8054-a7d95b327a27,The Two Kinds of Friends,قال الجرذ إنّ الأخلّاء خليلان فأحدها الخليل الصافي والآخر الخليل المؤاخي صاحبه على حال الاضطرار إلى ذلك فالخليل الصافي ينبغي له أن يؤثر خليله على نفسه وأهله وماله,قال الجرذ إنّ الأخلّاء خليلان فأحدهما الخليل المصافي والآخر المؤاخي صاحبه على حال الاضطرار إلى ذلك فالخليل المصافي ينبغي له أن يؤثر خليله على نفسه وماله وأهله,قال الجرذ إنّّ الأخلّاء خليلان وأحدهما الخليل المصافي ينبغي الذي يؤثر خليله على نفسه وأهله وماله,قال الجرذ إنّ الصديق صديقان طامع ومضطرّ وكلاهما يلتمسان المنفعة ويحترسان من المضرّة فأمّا الطامع فيسترسل إلى الصديق ويعمل له في جميع الأحوال,قال له الجرذ إنّ الأصدقاء صديقان طائع ومضطرّ وكلاهما يلتمسان المنافع ويحترسان من المضارّ فأمّا الطائع منهما فيُسترسل إليه ويُعمل له جميع ما يريده,قال الجرذ إنّ الصديق صديقان طائع ومضطرّ وكلاهما يلتمس المنافع ويحترس من المضارّ فأمّا الطائع منهما فاسترساله إليه,قال الجرذ الصديق صديقان صديق طائع وصديق مضرّ وكلاهما يلتمس المنافع ويحترز من المضارّ فأمّا الطائع منهما فالمرء لمسترسل إليه في جميع الأحوال,قال الجرذ إنّ الصديق صديقان صديق طامع وصديق مضطرّ وكلاهما يلتمسوا النافع ويحترسوا من الضارّ فأمّا الطامع فالمسترسَل إليه في كلّ حال,قال الجرذ إنّ الصديق صديقان صديق طامع وصديق مضطرّ وكلاهما يلتمس المنافع ويحترص من الضرّ فأمّا الطامع منهما فالمسترسَل إليه في كلّ حال,قال الجرذ الأصدقاء صديقان طائع ومضطرّ وكلاهما يلتمس المنافع ويحترس من المضارّ فأمّا الطائع منهما فيُسترسل إليه ويُوثق به على كلّ حال,قال الجرذ إنّ الصديق صديقان طائع ومضطرّ وكلاهما يلتمس المنافع ويحترس من المضارّ فأمّا الطائع منهما فليسترسل إليه ويؤمن على كل حال,قال الجرذ إنّ الأصدقاء صديقان طائع ومضطرّ وكلاهما يلتمس المنافع ويحترس من المضارّ فأمّا الطائع فيُسترسل إليه على كلّ حال,قال الجرذ إنّ الصديق صديقان طائع ومضطرّ وكلاهما يلتمس المنافع ويحترس من المضارّ فأمّا الطائع منهما فيُسترسل إليه ويُعمل له على كلّ حال,قال الجرذ إنّ الصديق صديقان طائع ومضطرّ وكلاهما يلتمس المنافع ويحترس عن المضارّ فأمّا الطائع فيُسترسل ويُعمل <له> على كلّ حال,قال الجرذ إنّ الأخلّاء خليلان فأحدهما الخليل الطائع المصافي والآخر المؤاخي صاحبه على حال الاضطرار إلى ذلك وكلاهما يلتمس المنافع ويحترس من المضارّ فأمّا الخليل المصافي فينبغي له أن يؤثر خليله على نفسه وأهله وماله ويسترسل إليه ويعمل له على كلّ حال
50,367c3555-ee49-4e64-9b2a-7098891ed76d,Trusting a Foe Is Like Eating Bad Food,يكون صلحه ذلك كالذي يأكل العظام فيتبع هوى نفسه فتضعف عن هضمه قوّته †وحقدته,يكون صلحه كالذي يأكل ما يتبع فيه هوى نفسه فتضعف عن هضمه معدته,يكون صلحه ذلك كالذي يأكل مع من يتبع هوى نفسه فتضعف عن *هضمه معدته,,,,,,,,,,,,نفسه فتضعف عن هضمه معدته
51,1dfdfde6-d1cc-4dd9-bba3-ed42fc4098f0,The Intelligent Trades Favors,,,,ولا يزال العاقل يرمي بعض حاجاته ببعض لالتماس النفع الحاصل منها,ولا يزال العاقل يريهم منه بعض حاجته لما يخاف,فلا يزال العاقل [[فيها]] يرتهن منه بعض حاجته,ولا يزال العاقل يرتهن منه ببعض حاجته لبعض ما بقي وليس غلبة التواصل بعد النجاة إلّا لالتماس عاجل النفع,,ولا يزال العاقل مرتهن معه بعض حاجته لبعض ما بقي,فلا يزال العاقل يرتهن منه بعض حاجته ببعض ما يتّقي وما يخاف,فلا يزال العاقل يرتهن منه بعض حاجته ببعض ما يبقي ويخاف,فلا يزال العاقل يرتهن منهنّ بعض حاجته لما يخاف,ولا يزال العاقل يرتهن منه بعض حاجته ببعض ما قد تبقّى ويخاف,ولا يزال العاقل يرتهن بعض حاجته منه ببعض ما يتّقى ويخاف,ولا يزال العاقل يرتهن منه بعض حاجته ببعض لما يخاف ويتّقي
52,08a53201-d8bf-4247-8298-227071bc0741,The Intelligent Protects Himself,ولكن ينبغي للعاقل أن يحفظ لسانه وإنّ الذي يصالح العدوّ ويثق العدوّ ويعمل عمله ولا يحفظ نفسه منه,ولكن ينبغي للعاقل أن يحفظ نفسه [[يكون صلحه كالذي يأكل]] فإنّ الذي يصالح العدوّ ويثق به ويعمل عمله ولا يحفظ نفسه,ولكن ينبغي للعاقل أن يحفظ لسانه فإنّ الذي يصالح العدوّ ويثق به ويعمل عمله ولا يحفظ نفسه,,,,,,,,,,,,ولكن ينبغي للعاقل أن يحفظ نفسه فإنّ الذي يصالح العدوّ ويثق به ويعمل عمله أو يحفظ هوى
53,1cb7e744-a12c-4bcd-938b-667cef2d81f2,Forced Friendship Does Not Last,وأمّا الخليل الذي اضطرّ إلى مودّة صاحبه فربّما تمّت المودّة بينهما وكثيرًا ما تنفسخ فلا تهنأ ولا تتمّ,وأمّا الخليل الذي يضطرّه إلى مودّته فربّما تمّت وتمّت العداوة والمودّة بينهما وكثيرًا ما تنفسخ فلا تتمّ ولا تنمو,وأمّا الخليل الذي اضطرّ إلى مودّة صاحبه فربّما ثبت وتمّت المودّة بينهما وكثيرًا ما ينفسخ فلا ينمي ولا يتمّ,وأمّا المضطرّ ففي بعض الأحوال يسترسل وفي بعضها يتعزّز,وأمّا المضطرّ فإنّ له أحوالًا لا يُطمأنّّ إليه فيها,وأما المضطرّ من الإخوان فإنّ له أحوالًا لا يُسترسل إليه فيها وأخرى يبقى فيها,وأمّا المضطرّ فإنّ له أحوالًا يُسترسل إليه فيها,وأمّا المضطرّ فله أحوال يُسترسل إليه فيها,وأمّا المضطرّ فله أحوال يُسترسل إليه فيها وأخر يبقى,وأمّا المضطرّ فإنّ له حالات يُسترسل إليه فيها وحالات يُتّقى فيها,وأمَّا المضطرّ فإنّ له حالان يُسترسل اليه فيها وحالان يُتّقى فيها,وأمّا المضطرّ فإنّ له أحوالًا لا تطمئنّ إليه فيها وآخر تبقى,وأمّا المضطرّ فإنّ له حالات يُسترسل إليه فيها وحالات تبقى فيها,وأمّا المضطرّ فإنّ له حالة يُسترسل إليه فيها وأخرى أن يُحترس منه فيها,وأمّا الخليل الذي اضطرّ إلى مودّة صاحبه فإنّ له أحوالًا يُطمئنّ إليه فيها وحالات يُتّقى فيها وربّما تمّت المودّة بينهما وكثيرًا ما تنفسخ ولا تنمو
54,291df1aa-6cd4-4151-bc6b-7f664ccd1127,Friendship Is Pursued For a Need,,,,,منه وليس عامّة التواصل من الخلق إلّا التماس عاجل المنافع وما يُرجى منها,وليس يجب عليه التواصل والمحابّ بين الخلق لا التماس العاجل النفع ومرجوّه,,,وليس عليه التواصل بعد النجاة إلّا لالتماس عاجل النفع وموجوده,وليس عامّة التواصل والتحابب بين الناس إلّا التماس عاجل النفع,وليس عامّة التواصل والتحابب بين الناس إلاّ لالتماس عاجل النفع ومرجوّه,وليس عامّة التواصل والتجارب من الخلق إلّا لالتماس عاجل النفع ومؤخّره,وليس التواصل والتحابب بين الخلق إلّا لالتماس عاجل النفع أو,وليس عامّة التواصل من المتواصلين إلّا لطلب عاجل النفع وما هو له,وليس عامّة التواصل والتحابّ بين الخلق إلّا لالتماس عاجل النفع أو مرجوّه
55,217a0ba1-f2ce-42e5-939f-7a0c1f37bc49,The Rat Acknowledges His Remaining Obligation ,وقد فضّلت عملي وبقي عليّ,وقد خلّصت عملي وبقي ما عليّ,,,,,,,,,,,,,وقد قضيت عملي وبقي ما عليّ
56,e147a3be-cc27-4c57-b663-7b2e65603f33,The Rat Explains the Reasons for Self-Protection,,,,,وأنا واف لك بما قلت ومحترس لئن يصيبني منك مضرّة,وأنا موف لك بما جعلت لك على نفسي ومحترس في ذلك منك أن يصيبني ما هو ألجأني إلى مصالحتك,وأنا واف لك بما جعلته لك منّي ومحترز في ذلك من أن يصيبني,وأنا وافي لك بما جعلت لك منّي ومحترس في ذلك أن يصيبني,وأنا وافي لك بما جعلت لك منّي ومحترص في ذلك أن يصيبني,وأنا واف لك بما جعلت على نفسي ومحترس من أن يصيبني منك ما هو الذي ألجاني إلى صلحك,وأنا واف لك بما قلته ومحترس مَع ذلك من أن يصيبني منك ما هو ألجأني إلى صلحك وألجأك إلى قبول ذلك منّي,وأنا موف لك بما جعلت لك على نفسي ومحترس من أن يصيبني منك ما هو ألجأني إلى صلحك,مؤخّره وأنا أوافي لك بما جعلت لك ومحترس من ذلك أن يصيبني منك ما ألجأني إلى صُلحك,وأنا واف لك فيما جعلت لك ومحترس منك مع ذلك من حيث أخافك أن يصيبني منك مثلما تخوّفته ممّا ألجأني إلى مصالحتك وألجأك إليّ فثق بذلك,وأنا واقف لك بما جعلت لك ومحترس في ذلك من أن يصيبني منك ما هو ألجأني إلى صلحك
57,ccc10ba3-64bf-4078-9f93-4fd1d75808c0,The Rat Resumes Cutting the Rope,,,,ثمّ أنّ الجرذ أخذ في قطع حبائل السنّور,,,,,,,,,,,
58,be88d988-29a6-4a80-bb16-d5fa65f5194a,Ill-Timed Harvest,,,,,,,ما أصاب الجاني للثمر في غير وقته,ما أصاب جاني التمر في غير وقته,ما أصاب جاني الثمر في غير وقته,,,,,,
59,d1867dd0-552e-4617-8a5d-bb44d5cd1d14,Everything Has Its Time,ولكلّ عمل حين ينبغي أن يُعمل فيه,ولكلّ عمل حين ينبغي أن يُعمل فيه,,,,فإنّ لكلّ عمل [عمل] خيرًا,فإنّ لكلّ عمل وقت,فإنّ لكلّ عمل حين,فإنّ لكلّ عمل حينًا,فإنّ لكلّ عمل حينًا,فإنّ لكلّ عمل حينًا,فإنّ لكلّ عمل !حباله,فإنّ لكلّ عمل حينًا,فإنّ لكلّ عمل حين يُعمل فيه ولا يُجاوز به حينه,ولكلّ عمل حين ينبغي أن يُعمل به فيه
60,9be666f4-4981-40d8-b6ac-0cbbe2bf07e5,Bad Timing Brings Failure,ومن لم يعمل العمل في حينه لم ينتفع بثمرة عمله,ومن لم يعمل العمل في حينه لم ينتفع بثمرة عمله,,,,,وما لم يكن في وقته وحينه فلا عاقبة له,وما لم يكن في حينه فلا عاقبة له,وما لم يكن في حينه فلا عاقبة له,وإن لم يكن في حينه فلا عاقبة له,وما لم يكن في حينه فلا عاقبة له,,وما لا يكن في حينه فلا عاقبة له,,وما لم يكن العمل في حينه لم يُنتفع بثمرة *عمله وما لا ينتفع بثمرة عمله فلا عاقبة له
61,aa280264-42d0-431e-989e-858ef6b86f17,The Rat Explains Not Cutting the Last Rope,وأنا قاطع وثاقك وتاركًا سلكًا واحدًا لا أقطعه أرتهنك به لتقطعه أنت حتّى لا تستطيع إدراكي إذا أفلتّ من الوثاق,وأنا قاطع وثاقك وتارك سلكًا واحدًا أرتهنك به لتقطعه أنت حتّى لا تستطيع إدراكي إذا نجوت من الوثاق,وأنا قاطع وثاقك وأترك سلكًا واحدًا أرتهنك به لتقطعه أنت حتّى لا تستطيع إدراكي فإذًا نجوت من الوثاق,,وَأنا قاطع حبائلك لكنّي تارك منها عقدة لا أقطعها إلّا في الساعة <التي> أعرف أنّك عنّي فيها مشغول,وأنا قاطع حبائلك في حينها غير أنّي تارك عقدة أرتهنها منك فلا أقطعها إلّا في الساعة التي أعرف فيها أنّك مشغول عنّي,وأنا قاطع حبالك لحينها غير أنّي تارك منها عقدة واحدة أرتهنك بها ولا أقطعها إلّا في الساعة التي أعرف إنّك بها عنّي مشغول,وأنا قاطع حبالك لحينها غير أنّي أعرف أنّك مشغول عنّي فيها,وأنا قاطع حبالك لحينها غير أنّي أعرف أنّك عنّي فيها مشغول,وأنا قاطع حبائلك لوقتها غير أنّي تارك عقدة واحدة أرتهنك بها فلا أقطعها إلّا في الساعة التي أعرف أنّك عنّي فيها في شغل,وأنا قاطع حبائلك كلّها غير أنّي تارك عقدة واحدة أرتهنك بها فلا أقطعها إلاّ في الساعة التي أعلم أنّك فيها عنّي مشغول لا تستطيع إدراكي إذا نجوت من الوثاق,وأنا قاطع حبالك لوقتها ولكنّي تارك منها عقدة أرتهنك بها ولا أقطعها إلاّ في الساعة التي أعلم أنّك فيها عنّي مشغول,وأنا قاطع حبائلك لحينها غير أنّي تارك عقدة أرتهنها منك فلا أقطعها إّلا في الساعة التي أعلم أنّك عنّي فيها مشغول,فأنا قاطع حبائلك لحين القطع وتارك منها عقدة أرتهنك بها ولا أقطعها إلّا في الساعة التي أعرف أنك تشتغل نفسك فيها عنّي وذلك عند مقابلة الصيّاد,وأنا قاطع حبائلك لحينها والوقت الذي يُرجى لك فيه درك الخلاص غير أنّي تارك عقدة واحدة أرتهنها منك رهينة فلا أقطعها إلّا في الساعة التي أعلم أنّك عنّي فيها مشغول
62,265a3999-8639-4a3c-adf3-8ed6c599660c,The Rat Cuts All but One Rope,,,,,,ففعل ذلك,ففعل ذلك,ففعل ذلك,ففعل ذلك,ففعل ذلك,ففعل ذلك,,ففعل ذلك,فقطع الجرذ الحبائل إلّا عقدة واحدة ثمّ لزم مكانه تكرّمًا ووفاء,ففعل ذلك
63,f9ea4cc5-f504-4bcd-8ad2-0bc0c3224bfe,The Huntsman Approaches,فلمّا أصبحا وجاء الصيّاد إلى ذلك المكان,فلمّا أصبحا وجاء الصيّاد إلى ذلك المكان,فلمّا أصبحا وجاء الصيّاد إلى ذلك المكان,فبينما هو كذلك إذ وافى الصيّاد,قال فلمّا أصبحا إذا هما بالصيّاد قد أقبل من بعيد,حتّى إذا هما بالصيّاد قد أقبل من بعيد,حتّى إذا هما أصبحا أتاهما الصيّاد,حتّى إذا هما أصبحا أتاهما الصيّاد فحين *رأوه مقبلًا من بعيد,حتّى إذا هما أصبحا أتاهما الصيّاد,وباتا يتحادثان حتّى إذا أصبحا إذا هما بالصيّاد قد أقبل من بعيد,فلمّا أصبحا إذا هما بالصيّاد قد أقبل من بعد,قال فلمّا أصبحا الجرذ والسنّور وجدا الصيّاد من بعيد فقال الجرد,فلمّا أصبحا إذا هما بالصيّاد قد أقبل من بعيد,حتّى إذا أصبحا أقبل الصيّاد من بعيد,حتّى إذا أصبحا إذا هما بالصيّاد قد أقبل من بعيد
64,ed1ad7e4-8df4-4132-a3c6-d928355998bb,The Cat Expects to Die,استقبل السنّور,استقلّ السنّور,استقبل السنّور,,,,,,,,فلمّا رآه السنّور استشعر الهلكة,,,فلمّا رآه استسلم للموت,فلمّا أبصر به السنّور استبسل ونظر إلى الجرذ
65,d47ac39b-704b-424e-8f93-48be02022c87,The Cat Requests Fulfillment,,,,فقال له السنّور الآن جاء الجدّ في قطع حبائلي,,,,,,,,,,وقال هذا الوقت الذي أخّرت له قطع السلك فلم تدن,
66,38dcab3d-9849-4aa0-a72c-ae878ae8b677,The Rat Resolves to Cut the Last Rope,,,,,فقال الجرذ الآن قد جاء موضع الجدّ في قطع ما بقي من حبائلك,قال الجرذ الآن جاء موضع الجدّ في قطع ما بقي,فحين رآه من بعيد مقبلًا قال الجرذ الآن الصيَّاد قد أقبل وهذا وقت الجدّ والاجتهاد في قطع حبالك,قال الجرذ الآن هذا موضع الجدّ في قطع حبالك,فحين رأياه مقبلًا من بعيد قال الجرذ الآن هذا موضع الجدّ في قطع حبالك,فقال الجرذ الآن جاء موضع الجدّ في قطع بقيّة حبائلك,فقال الجرذ الآن جاء مكان الجدّ في قطع ما بقي من حبائلك,للسنّور الحين حين جاء موضع الحذر سأجدّ في قطع ما بقي من حبالك,فقال الجرذ الآن جاء موضع الجدّ في قطع حبائلك,,فقال له الجرذ ليطمئنّ قلبك إلى وفائي الآن حين جاء موضع الجدّ في قطع ما بقي من حبائلك
67,6b296c7d-611a-45cd-bb88-625badb1fa17,The Rat Fulfills the Pact,,,,فأجهد الجرذ نفسه في القرض حتّى إذا فرغ,فلم يدنوا منهما الصيَّاد حتّى فرغ الجرذ من قطعهما على سوء ظنّ السنّور به,فلم يدن الصيّاد منهما حتّى فرغ من قطع الحبال على سوء ظنّ من السنّور ودهش,ثمّ شرع في قرض العقد فلم يقرب الصيّاد منهما حتّى فرغ من قرضها على سوء ظنّ من السنّور ودهش منه ومن خوفه من الصيّاد,فلم يقرب إليهما الصيّاد حتّى كان قطع تلك الحبال,فلم يقربهما الصيّاد حتّى فرغ من قطع تلك الحبال على سوء ظنّ من السنّور,فقطع حبائله ولم يدن منهما الصيّاد حتّى فرغ الجرذ على سوء ظنّ من السنّور ودهش,فلم يدنو الصيَّاد حتّى فرغ الجرذ من قطع الحبائل على سوء ظنّ من السنّور ودهش منه,فلم يدن منهما الصيّاد حتّى فرغ الجرذ من قطع بقيّة الحبال الذي كان السنّور موثوق بها وقد قطعها على سوء ظنّ منه وخائف منه أن يمكر به لعلّمه أنّه غادر لا أمانة له,فلم يدنو الصيّاد حتّى فرغ الجرذ على سوء ظنّ من السنّور ودهش,فأخذ الجرذ في قطع السلك فلم يدنو الصيّاد منهما حتّى قطعه على سوء ظنّ من السنّور ودهش وخوف من الهلكة,فلم يدن الصيّاد حتّى فرغ الجرذ على سوء ظنّ من السنّور ودهش
68,dfa71f27-5d70-4df6-8053-da95d7263b67,The Cat Breaks from the Last Rope,ونظر إلى الجرذ وقد ترك السلك الواحد فلم يقطعه فجذب الشرك الواحد وهو لا يطمع في قطعه فانقطع السلك,فجذب السلك وهو لا يطمع في قطعه فانقطع السلك,ونظر السنّور الى الجرذ وقد ترك السلك ولم يقطعه فجذب الشرك وهو لا يطمع قطعه فانقطع السلك,,,,,,,,,,,,
69,a48385e0-44da-4552-98b8-2190ab89accf,The Cat and the Rat Escape,ونجوا جميعًا فصعد السنّور في الشجرة ودخل الجرذ في الجحر وانطلق الصيّاد ممّا هنالك,ونجوا جميعًا فصعد السنّور الشجرة ودخل الجرذ في جحره وانطلق الصيّاد بما هنالك,ونجوا جميعًا فصعد السنوّر إلى الشجرة ودخل الجرذ الجحر وانطلق الصيّاد ممّا هنالك,وثب السنّور إلى الشجرة على دهش من الصيّاد ودخل الجرذ بعض الأحجار وجاء الصيّاد فأخذ حباله مقطّعة ثمّ انصرف خائبًا,قال فلمّا رآه السنّور وثب مسرعًا وصعد فوق الشجرة واختفى الجرذ في جحره فأخذ الصيّاد حبائله مقطّعة,فأفلت السنّور حصرًا إلى الشجرة فصعده وانجحر الجرذ وأخذ الصيّاد حباله مقطّعة فانصرف خليًّا,فلمّا فرغ من ذلك وثب السنّور إلى الشجرة والجرذ إلى جحره فأخذ الصيّاد حباله مقطّعة ورجع خائبًا,فانصرف السنّور إلى الشجرة والجرذ إلى جحره فأخذ الصيّاد حباله مقطّعة وانصرف خائبًا,فانصرف السنّور إلى الشجرة والجرذ إلى جحره ***,فلمّا أفلت عدا إلى الشجرة فصعدها ودخل الجرذ الحجر فأخد الصيّاد حبائله مقطّعة وانصرف خائبًا,فلمّا فرغ عدا السنّور إلى الشجرة فصعدها وانجحر الجرذ وأخذ الصيّاد حبائله وشبكته وانصرف خائبًا,فلمّا قطع بقيّة حباله وعلم السنّور أنّه خلص من الحبال مرّ هاربًا داهشًا إلى الشجرة فصعدها وانحجر الجرذ في حجره وأخذ الصيّاد حباله مقطّعة وانصرف حزينًا,فلمّا فرغ عدا إلى الشجرة وصعدها وانجحر الجرذ وأخد الصيّاد حبائله مقطوعة,فلما فلت السنّور أقبل لا يلتفت الى شيء عدوًا إلى الشجرة وصعدها وانجحر الجرذ وأخذ الصيّاد حبائله مقطّعة وانصرف خائبًا,فلمّا أفلت السنّور غدا إلى الشجرة فصعدها وانجحر الجرذ إلى جحر وأخذ الصيّاد حبائله المتقطّعة وانصرف خائبًا
70,fd754d0f-996d-40f9-b2d8-0ffc36fa1dd3,The Cat Calls Back the Rat,ثمّ إنّ الجرذ أراد الخروج من الجحر فرأى السنّور فلم يقربه فصاح به السنّور,ثمّ إنّ الجرذ [[اخر]] أراد الخروج من الجحر فرأى السنّور فلم يقربه فصاح به السنّور,ثمّ إنّ الجرذ أراد الخروج من الجحر فرأت السنّور فلم تقربه فصاح به السنّور,ثمّ أنّ الجرذ خرج بعد ذلك وكره أن يدنو من السنّور فناداه السنّور أيّها الصديق الناصح ذو البلاء الحسن,وخرج الجرذ من جحره فرأى السنّور قد نزل من الشجرة فكره الجرذ أن ينفر منه فناداه السنّور هلمّ إليّ أيّها الصديق الصالح,ثمّ إنّ الجرذ خرج من جحره في ابتغاء ما يأكله فرأى السنّور من بعيد فكره أن يدنو منه وناداه السنّور أيّها الصديق ذو البلاء الحسن,وخرج الجرذ بعد ذلك من جحره فرأى السنّور من بعيد فكره أن يدنو منه وناداه السنّور أيّها الصديق الذي أبذل جهده بالإحسان,وخرج الجرذ بعد ذلك من جحره فرأى السنّور من بعيد فكره أن يدنو منه فناداه السنّور من بعيد أيّها الصديق المحسن,*** فرأى السنّور من بعيد فكره أن يدنو منه فنادى السنّور أيّها الصديق المحسن,وخرج الجرذ بعد ذلك من جحره فرأى السنّور من بعيد فكره أن يدنو منه وناداه السنّور أيّها الصديق ذو البلاء الحسن,وخرج الجرذ بعد ذلك من جحره فرأى السنّور من بعيد فكره أن يدنو منه فناداه السنّور أيّها الصديق ذا البلاء الحسن عندي,وخرج الجرد بعد ذلك فرأى السنّور فكرِه أن يتقرّب منه فناداه السنّور هلمّ أيّها الصديق ذو البلاء الحسن,وخرج الجرذ بعد ذلك من حجره فرأى السنّور من بعيد فكره أن يدنو منه فناداه السنّور أيّها الصديق ذي البلاء الحسن,ثمّ إنّ الجرذ خرج بعد ذلك من جحره فرأى السنّور من بعيد وكره الدنوّ منه وناداه السنّور فقال أيّها الصديق الذي بلاؤه عندي حسن,ثم إنّ الجرذ خرج بعد ذلك من جحره فرأى السنّور من بعيد فكره أن يدنو منه ولم يقربه فناداه السنّور أيّها الصديق ذوا البلاء الحسن المنعم عليّ
71,facede21-ce8d-491f-8f86-1791e273c8dd,The Rat Refuses the Call,,,,,فقال له الجرذ لا سبيل لي على الدّنو منك,,,,,,,,,,
72,765c2f1d-6635-42f8-853d-bf39798e246f,The Cat Reminds the Rat of their Friendship,لم <لا> تدنو منّي يا خليلي المنعم عليّ,لم لا تدنو يا خليلي,لم لا تدنو منّي يا خليلي المنعم,ما منعك من الدنوّ إليّ لأجازيك بأحسن ما أسديت إليّ هلمّ إليّ ولا تقطع إخائي,قال له السنّور ومالذي يمنعك منّي حتّى أجازيك بما صنعت معي فلا تقطع ما بيني وبينك من الصداقة والمودّة,ما يحبسك من الدنوّ منّي لأجزيك بأحسن ما أبليتني هلمّ إليّ ولا تقطع إخائي,ما يمنعك من الدنوّ منّي لأجازيك بأحسن ما أنلتني هلمّ إليّ ولا تقطع إخائي,ما يمنعك من الدنوّ منّي لأجازيك بأحسن ما أفلتني منه هلمّ إليّ ولا تقطع إخائي,ما يمنعك من الدنوّ منّي حتّى أجازيك بأحسن الجزاء كما أفلتّني من قنّاصي هلمّ إليّ ولا تقطع *أخوّتي,ما يمنعك من الدنوّ مني لأجزيك بأحسن ما أبديتني هلمّ إليّ ولا تقطع إخائي,ما يمنعك من الدنوّ منّي لأجازيك بأحسن ما أبليتني هلمّ إليّ ولا تقطع إخائي,ما منعك من الدنوّ منّي فأجازيك بما أبليتني فتعال إليّ ولا تقطع إخائي,ما يمنعك من الدنوّ لأجزيك بأحسن ما بليتني هلمّ إليّ ولا تقطع إخائي,ما يمنعك من الدنوّ منّي فأجزيك بأحسن ما أوليتني هلمّ إليّ ولا تقطع إخائي,ما يمنعك من الدنوّ منّي لأجزيك بأحسن ما أبليتني وأطعمك ثمرة عملك فادن منّي ولا تخف فما نفسي بأعزّ عليّ من نفسك فهلمّ إليّ ولا تقطع إخائي
73,ae975bba-ec92-45d1-afaa-1c77691917b8,If One Gives Up a Friend One Loses Out,,,,فإنّه من اتّخذ صديقًا وقطع إخاءه وأضاع صداقته حُرم ثمرة إخائه,فإنّه من اتّخذ صديقًا ثمّ أضاعه حُرم ثمرة الإخاء ورفضوه أهل مودّته,فإنّه من اتّخذ صديقًا فأضاع صداقته حُرم ثمرة الإخاء وليس من منفعة إلّا هي للصديق,فإنّه من اتّخذ صديقًا ثمّ أضاع صداقته حُرم ثمرة إخائه وليس ممّن ينال من منفعة الإخوان,فإنّه من اتّخذ صديقًا ثمّ أضاع صداقته حُرم ثمرة إخائه وليس ينفعه من الخلّان أحد,فإنّه من اتّخذ صديقًا ثمّ أضاع صداقته حُرم ثمرة إخائه وليس ينفعه من الإخوان أحد,فإنّه من اتّخذ صديقًا ثمّ أضاع ودّ إخائه حُرم ثمرة الإخاء وأيس من منفعة الإخوان,فإنّه من اتّخذ صديقًا وقطع أخاه حُرم ثمرة الأصدقاء والإخاء وأيس من نفعه الإخوان والأصدقاء,فإنّه من اتّخذ صديقًا ثمّ أضاع إخاءه حُرم ثمرة الإخاء وأيس منه أهل مودّته,فإنّه من اتّخذ صديقًا وأضاع صداقته حُرم ثمرة الإخاء وأيس من نفعه الإخوان,فإنّه من اتّخذ صديقًا ثمّ أضاع حفظه وصداقته وقرب مودّته حُرم ثمرة الإخاء ومنفعته ويئس من منفعة الإخوان,فإنّه من اتّخذ صديقًا ثمّ أضاع ربّ إخائه وصداقته حُرم ثمرة الإخاء وأيس من نفعة الإخوان ولم يطمئنّ إليه أهل مودّته
74,3119ff49-7b90-4b7d-86e1-b9b8d06af38b,The Cat Suggests a Reward,فإنّي أحبّ أن أكافئك على إحسانك إليّ وأطعمك ثمرة عملك فادن منّي,فإنّي أحبّ أن أكافئك على إحسانك إليّ وأطعمك ثمرة عملك فادن منّي,فإنّي أحبّ أن أكافئك على إحسانك وأطعمك ثمرة عملك فادن منّي,واعلم أنّ ما قبلي لك مبذول,فأنت الذي لا تُنسى مودّتك وفضلك وأنت حقيق أن تلتمس مكافأتك,ويدك عندي البيضاء,وإنّ لك عندي يد لا تُنسى وأنت حقيق أن تلتمس مكافأة ذلك منّي ومن إخواني وألزامي,وأنت لك عندي جميلًا لا يُنسى فيجب أنت أن تلتمس مكافأة ذلك منّي ومن إخواني,وإنّ لك عندي جميلًا لا يُنسى وأنت حقيق عليك أن تلتمس مكافأة ذلك منّي ومن إخواني وألزامي,وإنّ يدك عندي اليد التي لا تُنسى فأنت حقيق أن تلتمس مكافأة ذلك منّي ومن إخواني وأصدقائي,وإنّ يدك عندي لا تُنسى وأنت حقيق أن تلتمس مكافأة ذلك منّي ومن إخوانى وأصدقائي,فإنّ يدك عندي اليد التي لا تُنسى وأنت حقيق أن تلتمس مكافأتي إيّاك بذلك *ومجازاة إخواني وأصدقائي لك,وإنّ يدك عندي اليد التي لا تُنسى وأنت حقيق أن تلتمس مكافأة ذلك منّي ومن صداقتي,ويدك عندي بيضاء لا تُنسى وأنا حقيق بالتماس مكافأتك فإنّك ما بقيت,وإنّ يدك عندي اليد التي لا تُنسى وإنّ والله أنت حقيق أن يلتمس مكأفأتي إيّاك بذلك ومجازاة إخواني وأصدقائي لك به
75,4bccc948-093c-4dcf-9c96-6df3e3232692,The Cat Reassures the Rat,ولا تخف فما نفسي بأعزّ عليّ من نفسك وحلف له أن لا يبغيه شرّ,ولا تخف فما نفسي بأعزّ عليّ منك وحلف له أن لا يبغيه سوءًا,ولا تخف فنفسك أعزّ عليّ من نفسي وحلف له أن لا يبغيه سوءًا,,فلا تخاف منّي واعلم أنّ جميع ما لي مبذولا لك ثمّ حلف السنّور وأشهد على نفسه الله سبحانه وتعالى على ذلك,فلا تخافنّ منّي شيئًا واعلم أنّ ما قبلي لك مبذول ثمّ حلف واجتهد,فلا تخافنّ منّي شيئًا واعلم أنّ كلّما قبلي فهو لك مبذول ثمّ حلف له أيمانًا مغلّظًا [وا] واجتهد غاية الاجتهاد,فلا تخفي منّي شيئًا لأنّ كلّما لي فهو لك مبذول ثمّ حلف له بأيمان عظيمة واجتهد غاية الجهد,فلا تخف منّي شيئًا واعلم أنّه كلّ ما هو من قبلي فهو لك مبذول ثمّ حلف له بأيمان عظيمة واجتهد غاية الاجتهاد,فلا تخافنّ منّي شيئًا واعلم أنّ ما قبلي لك مبذول ثمّ حلف له واجتهد على تصديق ما قال,فلا تخافنّ منّي شيئًا واعلم أنّ ما قبلي لك مبذول ثمّ حلف واجتهد على صدقه فيما قال,فلا تخافنّ مني شيئًا فاعلم إنّ ما قيل لك مبذول ثمّ إنّه حلف له واجتهد على صدقه,فلا تخافنّ شيئًا واعلم أنّ ما قِبلي لك مبذول ثمّ حلف واجتهد على أن يصدّقه بما قال,فلا تخافنّ منّي غدرًا *وإنّ ما قِبلي لك مبذول ثمّ حلف له على ذلك واجتهد في,فلا تخافنّ منّي شيئًا واعلم أنّ ما في قلبي وعندي لك مبذول واجتهد على أن يصدّقه بما قال وحلف له أن لا !يبقه سوءًا
76,3b84fefd-5a0c-47ce-ace9-c9082653d313,The Treatment of Friends or Foes,قال الجرذ إنّ الذي لا يحسن مداراة الأعداء والأصدقاء أضرّ بنفسه وأهلكها,فقال الجرذ إنّ الذي لا يحسن *مداراة الأعداء والأصدقاء أضرّ بنفسه ويهلكه,فقال الجرذ إنّ الذي لا يحسن مداراة الأعداء والأصدقاء أضرّ بنفسه وأهلكها,,,والذي لا يحسّ مداواة الخليل بعد العداوة وبعد الصداقة فجعل الخليل عدوًّا فقد مكّن نفسه من عدوّه,,,,,,,,وإنّ الذي لا يحسن مداراة الخليل بعد العداوة ولا مصانعة العدوّ بعد الصداقة يجعل الخليل عدوًّا ويمكّن من نفسه العدوّ,قال الجرذ إنّ الذي لا يحسن مداراة الأعداء والأصدقاء يضرّ نفسه ويهلكها والعداوة والصداقة مواضع وأقدار ينبغي للعاقل أن يجري فيها على ما ينبغي منها
77,874b7e8c-b015-49ee-a256-30d8c6f754b3,The Rat Distinguishes Hidden from Overt Enmity,,,,فناداه الجرذ رُبّ صداقة ظاهرة باطنها عداوة كامنة وهي أشدّ من العداوة الظاهرة,فقال له الجرذ ربّ عداوة باطنة ظاهرها صداقة وهي أشدّ ضرًّا من العداوة الظاهرة,فأجابه الجرذ وقال إنّه ربّ عداوة باطنة ظاهرها صداقة وهي أشدّ ضررًا من العداوة الظاهرة,فأجابه الجرذ إنّ كلّ *صداقة ظاهرة باطنها عداوة فهي أشدّ من العداوة الظاهرة,فأجابه الجرذ إنّ كلّ صداقة ظاهرة باطنها عداوة فهي أشدّ من العداوة الظاهرة,فأجابه الجرذ إنّ كلّ صداقة ظاهرة باطنها العداوة فهي أشدّ من العداوة الظاهرة,فأجابه الجرذ أنّه ربّ عداوة باطنة ظاهرها صداقة وهي أشدّ ضرًّا من العداوة الظاهرة,فقال الجرذ إنّه ربّ عداوة باطنة ظاهرها صداقة وهي أشدّ ضررًا وأبلغ من العداوة الظاهرة,فقال الجرذ أنّه ربّ عداوة باطنة ظاهرها صداقة وهي أشدّ ضررًا من العداوة الظاهرة,فأجابه الجرذ إنّه ربّ عداوة باطنة ظاهرها صداقة وهي أشدّ من العداوة الظاهرة,اليمين فأجابه الجرذ فقال له إنّه ربّ صداقة باطنها عداوة وهي أشدّ ضرًّا من العداوة الظاهرة,وربّ عداوة باطنة ظاهرها صداقة هي أشدّ من العداوة الظاهرة
78,eafd61bd-6c64-4732-bc5e-51d44bdf720e,Hypocricy Is the Worst Danger,,,,,,وأنّ المظهر بلسانه من النصح خلاف ما يضمر من الغشّ فهو أعدى عدوّ ولا سيّما إذا كانت عداوته جوهريّة وإنّما دعاه إلى المخاللة حاجة اضطرّته إلى عدوّه,,,,,,,,والمظهر بلسانه من النصح خلاف ما يواري ضميره من الغشّ فهو أعدى عدوّ ولا سيمّا إذا كانت عداوته جوهريّة فإنّه *إنّ ما دعا إلى المخاللة والمصاحبة حاجة اضطرّته إلى,
79,d7476ec6-31f5-4c03-b638-b6d8648de1ce,Riding an Elephant's Tusk,,,,التي موقعها موقع الرجل الذي يركب ناب الفيل المغتلم ثمّ يغلبه النعاس فيطيح ويهلك,فمن لم يحترس منها وقع موقع الرجل الذي يركب ناب الفيل ثمّ يغلبه النعاس فيسقط من عليه,ومن لم يحترس منها وقع موقع الرجل يركب ناب الفيل المغتلم ثمّ يغلبه النعاس,ومن لم يحترس منها فهو كالرجل الذي ركب على ناب الفيل فغلبه النعاس,ومن لم يحترس منها وقع في موضع الرجل الذي ركب ناب الفيل فغلبه النعاس,ومن لم يحترص منها وقع في موضع الرجل الذي ركب ناب الفيل فغلبه النعاس فأهلكه,ومن [ومن] لم يحترس منها وقع في موقع من يركب ناب الفيل المغتلم ثمّ يغلبه النعاس,ومن لم يحترس منها وقع موقع الرجل الذي يركب ناب الفيل المغتلم ثمّ يغلبه النعاس فيستيقظ تحت فراسن الفيل فيدوسه فيقتله,ومن لم يحترس منها وقع موقع الرجل الذي ركب ناب الفيل ثم تغلّبه النعاس,ومن لم يحترس منها وقع في موقع الرجل الذي يركب ناب الفيل المغتلم ثمّ يغلبه النعاس فيقع تحت فراسن الفيل *فيطأه فيقتله,عدوّه فمن لم يحترس من هذا كان كالراكب على ناب فيل مغتلم فينام,ومن لم يحترس منها وقع فيها موقع الرجل الذي ركب باب الفيل المغتلم ثمّ يغلبه النعاس
80,42d1ffe4-eb56-40d2-be3d-ed1b16cfc697,An Enemy Is Befriended in Times of Need,,,,وإنّما سُمّي الصديق صديقًا لما يُرجى من نفعه وسُمّي العدوّ عدوًّا لما يُخاف من ضرره والعاقل إذا رجا نفع العدوّ أظهر له الصداقة,وإنّما سُمّي الصديق صديقا لما يُرجى من نفعه والعدوّ عدوًّا لما يُخاف من ضرّه والعاقل إذا رجا نفع العدوّ أبدى له الصداقة وإذا خاف العدوّ أبدى له العداوة,وإنّما سُمّي الصديق صديقًا لما يُرجى من نفعه والعدوّ عدوًّا لما يُخاف من ضرّه فإنّ العاقل إذا رجا نفع عدوّه أظهر له الصداقة وإذا خافه أظهر له العداوة,ثمّ إنّ الصداقة لما يُرجى نفعه من العدوّ الذي يُخاف ضرّه إنّما تكون في حينها والعاقل إذا رجا نفع العدوّ واضطرّ إليه بذل له الصداقة وإن خاف ضرّ الصديق واستغنى عنه أظهر له العداوة,ثمّ إنّ الصداقة لما يُرجى نفعه من [من] الهدّ والذي يُخاف ضرّه إنّما تكون في حينها والعاقل إذا رجا نفع العدوّ وبذل له الصداقة وإن خاف من الصديق أظهر له العداوة,ثمّ إنّ الصداقة لم يُرجى نفعه من العدوّ الذي يُخشى ضرره إنّما تكون في حينها والعاقل إذا رجا نفع العدوّ وبذل له الصداقة وإن خاف من الصديق أظهر له العداوة ضرورة,وإنّما سُمّي الصديق صديقًا لما يُرجى من نفعه وسُمّي العدوّ عدوًّا لما يُخاف من ضرره فإنّ العاقل إذا رجا نفع العدوّ ظهّر له الصداقة وإذا خاف ضرّ الصديق أظهر له العداوة,وإنّما سُمّي الصديق صديقًا لما يُرجى من نفعه والعدوّ عدوًّا لما يُخاف من ضرّه والعاقل إذا رجا نفع العدوّ أظهر له الصداقة وإذا خاف ضرّ الصديق أظهر له العداوة,وإنمّا سمّي الصديق صديقًا لمّا يُرجى من نفعه والعدوّ عدوًّا لمّا يُخاف من ضرره فالعاقل إذا رجا نفع العدوّ أبدى له الصداقة وإذا خاف شرّ الصديق أبدى له العداوة,وإنّما سُمّي الصديق صديقًا لما يُرجى من نفعه والعدوّ عدوًّا لما يُخاف من ضرّه والعاقل إذا رجا العدوّ أظهر له الصداقة وأمّا إذا خاف من الصديق أظهر له العداوة,وإنّما سُمّي الصديق صديقًا لما يُرجى من منفعته والعدوّ عدوًّا لما يُخاف من ضرّه فالعاقل إذا رجا نفع العدوّ أظهر له الصداقة وإذا خاف ضرّ الصديق له أظهر له العداوة,وإنّما يُسمّى الصديق صديقًا لما يُرجى من نفعه والعدوّ عدوًّا لما يُخاف من ضرّه فإنّ العاقل إذا رجا نفع العدوّ وأبدى له الصداقة وإذا خاف ضرّ الصديق أظهر له العداوة
81,07492cb2-a721-4aee-ac30-1035360c1ddd,One Should Not Befriend an Enemy Indefinitely,وللعداوة وللصداقة مواضع <لا> ينبغي للعاقل أن يوافي أخًا قد كان له عدوًّا *إلّا على حال ضرورة,*وللعداوة والصداقة مواضع <لا> ينبغي للعاقل أن يؤاخي أخًا قد كان له عدوًّا إلّا على حال ضرورة,وللعداوة والصداقة موضع ينبغي للعاقل أن يتصرّف فيها على ما ينبغي منها ولن ينبغي ... *يؤاخي أخًا كان له عدوًّا إلّا على حال الضرورة,,,,,,,,,,,,ولا ينبغي للعاقل أن يؤاخي أخًا قد كان له عدوًّا لا على حال ضرورة
82,3940f503-fe5a-405f-91dc-59b1677eb548,Young Cattle Only Nurse for a While,فإنّ أولاد الدوابّ تتبع أمّهاتها,وإنّ أولاد الدوابّ تتبع أمّهاتها,فإنّ أولاد الدوابّ تتبع أمّهاتها في حال رضاعتها فإذا استغنت عن الرضاع افترقت عن أمّهاتها,ألا ترى تتابع البهائم أمّهاتها رجاء ألبانها فإذا انقطع ذلك انصرفت عنها,أولا ترى أولاد البهائم يتّبعها بنوها رجاء منها ألبانها فإذا انقطع ذلك اللبن انصرفت عنها وتركتها,وترى البهائم يتبعها أولادها رجاء ألبانها فإذا انقطع ألبانها انقطع الأولاد عنها,ألا ترى تتبّع البهائم لأمّهاتها رجاء ألبانها فإذا انقطع ذلك رجعت عنها,ألا ترى تتابع البهائم لأمّهاتها رجاء لألبانها فإذا انقطع ذلك انصرفت عنها,ألم ترى تتابع البهائم إلى أمّهاتها رجاء ألبانها فإذا انقطع اللبن انصرفت عنها,أولا ترى أولاد البهائم تتّبع أمّهاتها رجاء ألبانها فإذا انقطع ذلك انصرفت عنها,أولا ترى أنّ الأولاد تتبع أمّهاتها رجاء ألبانها فإذا انقطع ذلك اللبن انصرفت عنها,أو لا ترى أولاد البهائم تتبعها رجاء ألبانها فإذا انقطعت انصرفت عنها,أوَلا ترى متابيع البهائم إنّما تتبع أمّهاتها رجاء ألبانها فإذا قُطع ذلك انصرفت عنها,ألا ترى البهائم إنّما تتبعها أولادها رجاء *غذائها فإذا انقطع ذلك انصرفت عنها,أو لا ترى من ?بيع البهائم إنّما تتّبع أمّهاتها في حين رضاعها رجاء لألبانها وحاجتها إليها فإذا استغنت عن الرضاع انقطعت عن أمّهاتها وانصرفت عنها
83,ac5e3d06-07f5-4f5a-9b7b-cb8ddaa2c500,Clouds and Rain Come and Go,,,,,وكما أنّ السحاب يتهيّأ ساعة وينقطع ساعة أخرى ويمطر مرّة ويمسك مرة أخرى,,وكما أنّ السحاب يتهيّأ ساعة وينقطع أخرى,وكما أنّ السحاب يتهيّأ ساعة وينقطع أخرى,وكما أنّ السحاب يتهيّأ ساعة وينقطع أخرى,وكما أنّ السحاب يلتئم ساعة وينقطع أخرى ويهمي ساعة ويمسك أخرى,وكما أنّ السحاب يتهيّأ مرّة وينقطع أخرى ويقطر ساعة ويمسك أخرى,وكما أنّ السحاب يتهيّأ ساعة ثمّ ينقطع ويظهر مرّة ويغيب أخرى,وكما أنّ السحاب يتهيّأ ساعة وينقطع أخرى,وكما أنّ السحاب ينشقّ ساعة وينقطع أخرى ويمطر ساعة ويقلع اخرى,وكما أنّ السحاب يتهيّأ ساعة وينقطع أخرى ويمطر ساعة ويمسك أخرى
84,b3477c73-130b-462f-aece-7c2fa94c9ccb,The Intelligent Adapts,,,,,فكذلك العاقل تتغيّر أحواله مع متلوّنات الأمور على اختلاف أخلاق الأصحاب فيرضى مرّة ويسخط أخرى ويتجلّد مرّة ويشتكي أخرى,كذلك العاقل يتلوّن مع متلوّنات الأمور,كذلك الصديق يتكوّن مع الأمور على اختلاف أحوال الأصحاب فينشط مرّة وينقبض أخرى,كذلك الصديق يتلوّن مع الأمور على اختلاف أحوال الأصحاب فينبسط مرّة وينقبض أخرى ويتجلّد مرّة ويشكو أخرى,كذلك الصديق يتلوّن مع الأمور على اختلاف أحوال الأصحاب فينبسط مرّة وينقبض أخرى ويتجلّد مرّة ?ويشكما أخرى,كذلك العاقل يتلوّن مع متلوّنات الأمور عن اختلاف أحوال الأصحاب فينبسط مرّة وينقبض أخرى ويسترسل مرّة ويحترس أخرى,كذلك العاقل يتلوّن تلوّن الأمور على اختلاف أحوال الأصحاب فيستيقظ مرّة وينقبض أخرى ويسترسل مرّة ويحترس أخرى ويرضى مرّة ويسخط أخرى ويتجلّد مرّة ويشتكي أخرى,فكذلك العاقل يغّير أحواله مع متلونات الأمور على اختلاف أخلاق الأصحاب فينبسط مرّة ثمّ ينقبض أخرى ويسترسل مرّة وينقبض أخرى ويرضى مرّة ويسخط أخرى,كذلك العاقل يتلوّن مع متلوّنات الأمور على اختلاف الحالات بين الإخوان والأصحاب فينبسط مرّة وينقبض أخرى ويسترسل مرّة ويحترس أخرى ويرضى مرّة ويسخط أخرى ويلحد مرّة ويستكين أخرى,كذلك العاقل يتلوّن على إخوانه بمتلوّنات الأمور على اختلاف حالات الأصحاب فينبسط تارة وينخفض أخرى ويسترسل ساعة ويحترس أخرى ويرضى تارة ويسخط أخرى ويتجلّد تارة ويستكين أخرى,كذلك العاقل تتغيّر أحواله وتتلوّن مع تلوّنات الأُمور عن اختلاف أخلاق الأصحاب فينبسط مرّة وينقبض أخرى ويسترسل مرّة ويحترس أخرى ويرضى مرّة ويسخط أخرى ويتجلّد مرّة ويستكين أخرى
85,7ba38ab1-0ecf-484c-aa8d-aea90eff10dd,Enmity Turns into Friendship in Times of Need,والرجل إذا كان عدوًّا ثمّ صار خليلًا في سبب منفعة تنقطع خلّته إذا انقطعت منفعته ويصير إلى العداوة [[وأنت لي عدوّ,والرجل إذا كان عدوًّا ثمّ صار خليلًا في سبب منفعة ينقطع إخاؤه إذا انقطعت منفعته ويصير إلى عداوته,والرجل إذا كان عدوًّا ثمّ صار خليلًا في سبب منفعة تنقطع خلّته إذا انقطعت منفعته وتصير الى عداوة,فأمّا العداوة التي أحدثت الصداقة فالحاجة تحمل على ذلك,وربّما قطع المرء على صديقه بعض ما كان يصله به وربّما أحدث صداقة لعدوّه لحاجة حملها عليه فإذا ذهب [[المرء]] الأمر الذي كان منه تحوّل صفاؤه عداوة فعاد إلى أصل أمره,ومن لم يحترس صار إلى أصل أمره,وربّما انقطع الصديق عن صديقه لقطعه بعض ما كان يصله به فلم يخف شرّه لأنّ أصل أمره كانت صداقة حملته *الحاجة إلى ذلك فإذا انقضى الأمر الذي أحدثها صار أصل أمره,وربّما انقطع الصديق عن صديقه لقطعه بعض ما كان يصله به فلم يخف شرّه لأنّ أصل أمره كان صداقة حملته الحاجة إلى ذلك فإذا انقضى الأمر الذي أحدثها صار ***,وربّما انقطع الصديق عن صديقه لقطعه بعض ما كان يصله به فلم يخفي شرّه لأنّ أصل أمره كان صداقة حملته الحاجة على ذلك فإذا انقضى الأمر الذي أحدثها صار الأمر,وربّما قطع المرء عن صديقه بعض ما كان يصله بفضله فلم يخف شرّه لأنّ أصل أمره لم يكن عداوة فأمّا من كان أصل أمره عداوة وتحدث صداقته لحاجة حملته على ذلك فإنّه إذا ذهب الأمر الذي أحدث ذلك صار إلى أصل أمره,وربّما قطع الصديق عن صديقه بعض ما كان يصله فلم يخف شرّه لأن أصل أمره لم يكن عداوة فأمّا من كان أصل أمره عداوة جوهريّة ثمّ أحدث صداقة لحاجة حملته على ذلك فإنّه إذا زالت الحاجة التي حملته على ذلك زالت صداقته فتحوّلت عداوة وصار إلى أصل أمره,وربّما قطع المرء عن صديقه بعض ما كان يصله به فلا يخاف ضرّه لأنّ أصل أمره لم يكن عداوة وربّما أحدث المرء صداقة لعدوّه لحاجة حملته عليها فإذا ذهب الأمر الذي كان منه ذلك تحوّلت صداقته عداوة,وربّما قطع صديقه ما كان يصله به فلا يخف شرّه لأنّ أصل أمره *** عداوة ثمّ أحدث صداقة لحاجة حملته على ذلك,وربّما قطع الصديق عن صديقه بعض الحوادث فلم يخف شرّه لأن أصل أمره لم يكن عداوة فأمّا من كان أصل أمره عداوة ثمّ أحدث صداقة لحاجة حملته على ذلك فإنّه إذا ذهب الأمر الذي حمله على ذلك تحوّل عداؤه وصار إلى أصل أمره,وربّما قطع المرء عن صديقه بعض ما كان يصله به فلا يخاف شرّه ولا خيره لأنّ أصل أمره لم يكن عداوة والرجل الذّي كان عدوًّا ثمّ صار صديقًا خليلًا في سبب منفعته تنقطع خلّته وصحبته إذا انقطعت منفعته ويتحوّل صفاؤه ويصير إلى أصل أمره
86,15a98b33-4135-4034-bc4c-efe7b3042df5,Heated Water Cools Down,ومثل ذلك]] كالماء الذي يسخن بالنار فإذا فُرّق بينه وبين النار عاد إلى البرودة,كالماء السخن إذا فرّق بينه وبين النار عاد إلى أصله البرودة,كالماء الذي يُسخّن بالنار فإذا فرق بينه وبين النار عاد الى البرد,,كالماء الذي يُسخّن بالنار فإذا رُفع عنها عاد باردًا كما كان,كالماء الذي يُسخّن بالنار فإذا رُفع عنها عاد باردًا,كالماء الذي يُسخّن بالنار فإذا دفع عنها صار باردًا إلى أصله,كالماء الذي يُسخّن بالنار فإذا رُفع عنها عاد باردًا إلى أصله,كالماء الذي يُسخّن بالنار فإذا انقطعت الحرارة عنها عادت باردة إلى أصلها,كالماء الذي يُسخّن بالنار فإذا رُفع عنها عاد باردًا,كالماء الذي يُسخّن بالنار فإذا رُفع عنها عاد باردًا,فصار أمره كالماء الذي يسخن بالنار فإذا وقع عليها صار,فإنّه إذا ذهب الأمر الذي أحدث ذلك صار إلى أصل أمره كالماء الذي يُسخّن بالنار فإذا وقع عليها كان باردًا,كالماء الذي يُسخّن بالنار فإذا رُفع عنها عاد باردًا,كالماء الذي يسخّن بالماء فإذا فُرّق بينه وبينها عاد إلى أشدّ ما كان عليه من شدّة البرودة
87,27110ffa-ffc2-4ced-ab0a-d1911e1761b5,The Cat Is the Rat's Worst Enemy,وأنت لي عدوّ مثل ذلك فكيف تستقيم أن تكون الخلّة بيننا,فأنت لي عدوّ وأنا لك عدوّ ومثل ذلك وكيف يستقيم أن تكون الخلّة بيننا والإخاء,وأنت لي عدوًّا وأنا لك مثل ذلك وكيف تستقيم الخلّة بيننا,,فلا شيء أعدى إليّ منك,ولا عدوّ أضرّ من عداوتك,,فلا عذر لي,فلا عذر لي,فلا عدوًّا أضرّ لي منك,وليس من أعدائي عدوّ أضرّ لي منك,باردًا ولا شيء أضرّ لي عداوة منك,ولا عدوّ أضرّ عداوة منك بعد ما كان بيننا من الودّ والصفاء ما قد كان وبعد ائتلافنا واسترسال بعضنا إلى بعض,فمن كانت عداوته جوهريّة فليس المصاحبة له برأي الأريب إلّا لحاجة إليه ولا عدوّا أضرّ لي عداوة منك,ولا شيء أضرّ لي عداوة منك وأنا لك على ذلك مبغض وكيف تستقيم أن تكون الخلّة بيننا وأنت الآكل وأنا المأكول منّي [قولك] ومن لحمي
88,68a462f9-7139-44b2-9137-0109069d07eb,The Rat's Need for Friendship Has Gone,,,وقد اضطرّتني وإيّاك حاجة للمصالحة فقد مضى الأمر الذي احتجت إليّ فيه واضطرّ إليك فأخاف أن يكون مع ذهابه رجوع العداوة بيني وبينك,,وقد كان اضطرّتني وإيّاك الحاجة وهي التي أحدثت بيني وبينك هذه الصداقة وقد مضى الأمر الذي احتجت فيه إليّ واحتجت فيه إليك وأنا أخاف على روحي منك ومن عداوة ما بيني وبينك,وقد اضّطررتني وإيّاك حاجة أحدنا إلى صاحبه إلى ما أحدثنا من المصالحة فقد ذهب الأمر الذي احتجت إليّ فيه واحتجت إليك فيه فأخاف أن تعود العداوة,وكان قد اضطرّني وإيّاك حاجة أحدثت بيننا صلحًا وقد ذهبت تلك الحاجة وانقضى ذلك الأمر وأخاف أن يكون مع ذهابه عود العداوة,وقد اضطرّني وإيّاك حاجة وانقضى ذلك الأمر وأخاف أن يكون مع ذهابه عود العداوة,وقد !اضّرّني وإيّاك حاجة وانقضى ذلك الأمر وأخاف أن يكون مع ذهابه عود العداوة,وقد كان اضطرّني وإيّاك أمر أخرجنا إلى ما صرنا إليه من المصالحة وقد ذهب الأمر الذي احتجت إليّ واحتجت إليك فيه وأخاف أن يكون مع ذهابه عود العداوة بيني وبينك,وقد اضطرّني وإيّاك حاجة إلى ما حدثنا من المصالحة وقد ذهب الأمر الذي احتجت إليّ واحتجت إليك فيه وأخاف أن يكون مع ذهابه عودة العداوة,وقد اضطرّني وإيّاك حالة أحدثنا !لنا المصلحة وقد مضى الأمر الذي احتجت فيه إليّ واضطررت فيه إليك وأخاف أن يكون مع ذهابه إحياء العداوة بيني وبينك,وقد اضطرّتني إليك الحاجة فأحدث كلّ واحد منّا إلى صاحبه ما أحدثنا من المصالحة فقد ذهب الأمر الذي احتجت إليّ فيه واحتجت إليك فيه فأخاف أن يكون مع ذهابه عود العداوة,وقد اضطرّتني وإيّاك حاجة ونازل بلاء ألجأني إلى المصالحة لننتفع بعضنا ببعض فقد ذهب الأمر الذي احتاج كلّ واحد منّا إلى صاحبه وأخاف أن تعود العداوة إذا ذهب ذلك الأمر,وقد اضطرّتني وإيّاك حاجة اضطرّت كلّ واحد إلى صاحبه وأحدثت لها المصالحة فقد ذهب الأمر الذي احتجت فيه إليّ واضطررت فيه إليك فأخاف أن يكون ذهابه عود العداوة بيني وبينك
89,6ec8bb5a-58eb-4494-97a2-592f91bacfb4,The Weak Must Avoid the Strong,,,ولا خير للضعيف في قرب العدوّ القويّ ولا الذليل في الدنوّ من العزيز,,فلا خير للضعيف في قرب العدوّ القويّ,ولا خير للضعيف في قرب القويّ ولا للذليل في قرب العزيز,ولا خير للضعيف في قرب العدوّ القويّ,ولا خير للضّعيف في قرب العدوّ والقويّ,ولا خير للضعيف في قرب العدوّ القويّ,ولا خير للضعيف في قرب العدوّ القويّ ولا الذليل في قرب العدوّ العزيز,ولا خير للضعيف في قرب العدوّ القويّ ولا للذليل في قرب العدوّ العزيز,ولا خير للضعيف في قرب العدوّ القويّ ولا للذليل في الدنوّ من العزيز,فلا خير للضعيف في قرب العدوّ القويّ ولا الذليل في قرب العدوّ العزيز,ولا خير للضعيف في قرب العدوّ القويّ العزيز,ولا خير للعاقل في قرب ضدّه القويّ ولا خير للضعيف في قرب العدوّ القويّ ولا الذليل في الدنوّ من العدوّ والعزيز
90,b2f29829-7756-44c9-b3b5-c6958df39e6a,The Cat Desires the Rat for Food,وأنا لا أعلم أنّ لك إليّ حاجة,وأنا أعلم أن ليس لك حاجة إلّا أكلي,وأنا أعلم أنّ ليس لك حاجة إلاّ أكلي,,ولا أعلم إن بقي لك حاجة قبلي إلّا أكلي,ولا أعلم لك حاجة إلّا أن تريد أكلي,ولا أعلم لي إليك حاجة ولا لك إليّ حاجة إلّا أن تريد أكلي,ولا أعلم لي إليك حاجة ولا لك إليّ حاجة إلّا أن تريد أكلي,ولا أعلم لي إليك حاجة ولا لك لي حاجة إلّا أن تريد أكلي,ولا أعلم لك فيّ حاجة إلّا أن تريد أكلي,ولا أعلم لك قبلي حاجة إلّا أن تكون تريد أكلي,ولا أعلم لى منك حاجة إلّا أن تكون تريد أكلي,ولا أعلم أنّ لي إليك حاجة ولا لك إليّ حاجة إلّا أن تريد أكلي,ولا أعلم لك قِبلي حاجة إلّا أن تريد أكلي,ولا أعلم لك قبلي حاجة إلّا أنّك تريد أن تأكلني
91,06d2375d-6ea4-4f98-a177-36a2fc95d2fe,The Prudent Rat,,,,,فلا أطمئنّ إليك أبدًا,ولا أرى الثقة بك,ولا أدري بك ثقة ولا أراه,ولا أدري الثقة بك,ولا أدري الثقة بك,ولا أرى الثقة بك,ولا الثقة بك,فلا أرى لي الثقة بك,ولا أرى الثقة بك,,ولا أرى لي الثقة بك
92,9a972061-f3b4-4b1d-8a64-2861566f2c8e,The Cautious Weak Is Better Than Deluded Strong,,,,,,فإنّي قد علمت أنّ الضعيف هو أقرب أن يسلم من العدوّ والقويّ إذا احترس منه ولم يغترر به والقويّ إذا اغترّ بالضعيف واسترسل إليه,,فإنّي قد علمت أنّ الضعيف هو أقرب إلى أن يستأمن العدوّ القويّ إذا احترس منه ولا يقربه بل استرسل إليه,فإنّي قد علمت أنّ الضعيف هو أقرب إلى أن يستأمن العدوّ القويّ إذا حرس نفسه واحترز منه ولا يقربه واسترسل إليه,فإنّي قد علمت أنّ الضعيف هو أقرب إلى أن يسلم من العدوّ القويّ إذا هو احترس منه ولم يغترر به من القويّ إذا اغترّ بالضعيف واسترسل إليه,فإنّي قد علمت أنّ الضعيف المحترس من العدوّ القويّ أقرب إلى السلامة من القويّ [[المغترّ]] اذا اغترّ بالضعيف واسترسل إليه,فإنّي قد علمت أنّ الواهن هو أقرب إلى أن يسلم من الشديد إذا احترس منه ولم يغترّ به من القوي إذا آمن وأغترّ بالضعيف واسترسل إليه,لأنّي قد علمت أنّ الضعيف هو أقرب من أن {لا} يسلم من العدوّ القوي إذا احترس منه ولم يغترر به,ولا أظنّ بك إلّا شرًّا فيما تدعوني به إلى نفسك من لطيف المنطق ولا أرى رأيًا في الثقة بك وقد يُقال إنّ الضعيف المحترس بإذن الله من العدوّ أقرب إلى السلامة من القويّ المغترّ بالضعيف من الأعداء,فإنّي قد علمت أنّ الضعيف الواهن هو أقرب إلى أن يسلم من العدوّ القويّ إذا احترس منه ولم يغترّ به من القويّ إذا أمن الضعيف واغترّ به واسترسل إليه
93,89388b76-4977-4344-848c-d880340cf3c3,The Intelligent Escapes Forced Friendship,,,,,فالعاقل يصالح عدوّه ويصانعه إذا اضطرّ إليه ويظهر له ودّه ويريه من نفسه الثقة إذا لم يجد من ذلك كلّه بدًّا ويعجّل الانصراف عنه والترك إذا وجد إلى ذلك سبيلًا,فالعاقل يصانع عدوّه إذا اضطرّ إليه,والعاقل يصالح عدوّه إذا اضطرّ إليه ويظهر له الودّ ويريه من نفسه الاسترسال ***,وإلّا العاقل يصالح عدوّه إذا اضطرّ إليه ويظهر له ودّه ويريه من نفسه الاسترسال ولا يكاد يسلم إذا لم يجد بذلك بدًّا,وإلّا العاقل يصالح عدوّه إذا !اضطرر إليه ويظهر له ودّه ويريه من نفسه الاسترسال ولا يكاد يسلم إذا لم يجد من ذلك بدًّا,والعاقل يصانع عدوّه إذا اضطرّ إليه فيظهر له ودّه ويريه من نفسه الاسترسال ***,والعاقل يصلح عدوّه إذا اضطرّ إليه ويصانعه ويظهر له ودّه ويريه من نفسه الاسترسال إليه إذا لم يجد من ذلك بدًّا ثمّ يعجّل الانصراف عنه حين يجد إلى ذلك سبيلًا,والعاقل يصالح عدوّه إذا اضطرّ إلى ذلك ويصانعه ويظهر له ودّه ويريه من نفسه استرسالًا إليه إذا لم يجد بدًّا ويجعل الانصراف عنه إذا وجد إلى ذلك سبيلًا,والعاقل يصانع عدوّه إذا اضطرّ إليه ويظهر له ودّه ويريه من نفسه الاسترسال إذا لم يجد من ذلك بدًّا ويجعل الانصراف عنه,والعاقل يصانع عدوّه ويظهر ودّه ويريه من نفسه الاسترسال إليه إذا لم يجد من ذلك بدّا ويعجّل الانصراف عنه إذا صار عنه غنيّا,والعاقل يصانع عدوّه ويظهر له الصلح مع بذل ودّه ويريه من نفسه الثقة به إذا لم يجد من ذلك به أو يُعجل الانصراف عنه والترك له إذا وجد إلى ذلك سبيلًا وعنه محيدًا وغنى
94,0e2099fa-f78a-4e25-b828-5ae6d0bb1da1,Trusting Quickly Is Risky,,,,واعلم أنّ صريع الاسترسال لا تُقال عثرته,,وإنّ صريع الاسترسال لا يكاد يستقبل صرعه,لا يكاد يسلم من صرعته,,واعلم أنّ صريع الاسترسال من صرعه,*** لا يكاد يستقيل عثرته,وقد قيل إنّ سريع الاسترسال لا يكاد يستقيل عثرته,ويعلم أن صريع الاسترسال لا يكاد أن يستقيل عثرته,,واعلم أنّ سريع الاسترسال لا يكاد يستقيل عثرته,واعلم أنّ صريع الاسترسال لا يكاد يستقيل عثرته ولا يستدرك صرعته
95,d85d6b0f-c783-4831-9f9f-498872c1b718,The Intelligent Distrusts Forced Friendship,,,,والعاقل يبقي لمن صالحه من عدوّه بقيّة من نفسه ولا يثق به كلّ الثقة,,والعاقل يفي لمن صالح بما جعل له ولا يثق لنفسه بمثل ذلك من أحد,والعاقل يفي لمن صالح بما جعل له موثقًا لذلك من نفسه ولا يثق بذلك من أحد,*والعاقل يتّقي لمن صالح بما جعل له موثق بذلك من نفسه ولا يثق بذلك من أحد ولا يؤثر على البعد من عدوّه <ما> استطاع,والعاقل يبقى لمن صالح بما جمع له من جعل المواثيق بذلك من نفسه ولا يثق بذلك من أحد,والعاقل يفي لمن صالح بما جعل له ويثق بذلك من نفسه ولا يثق لها بمثل ذلك من أحد,والعاقل يفي لمن صالح بما جعل له من نفسه بمثل ذلك من أحد,وهو يفي لمن يصالح بما جعل فيثق بذلك من نفسه ولا يثق بمثل ذلك من أحد,والعاقل يفي لمن صالح بما جعل له ولا يثق لنفسه بمثل ذلك من أحد,إذا كان يثق من نفسه بالوفاء ولا يثق لها بمثل ذلك,والعاقل لمن يفي صالح بما جعل له ويثق لنفسه بمثل ذلك من غيره
96,74115d9e-1d73-4d00-9de9-65521290b093,The Intelligent Must Leave Forced Friendship,,,,,,,,,,,,,,وقد قالت العلماء إنّه ينبغي للعاقل أن يصالح العدوّ الجريء ويحمل التضرّع إليه في حسن الحاجة وأن يتجنّبه في حال الغنى عنه ولا يثق به,
97,64e2ad84-614f-4495-9d2c-0c361f0cdc80,The Best Thing Is Distance From the Enemy,,,,ولا يأمنه على نفسه مع القرب منه والبعد عنه ما استطاع,,ولا يؤثر إلّا البعد من عدوّه ما استطاع,ولا يؤثر على البعد من عدوّه شيئًا ما استطاع,والبعد لك من الصيّاد والبعد لي منك أحزم الرأي,ولا يؤثر على البعد من عدوّه <ما> استطاع,ولا يؤثر على البعد من عدوّه ما استطاع شيئًا,ولا يؤثر على الاحتراس,ولا يؤثر على البعد من عدوّه ما استطاع,ولا يؤثر على البعد من عدوّه ما استطاع,وكان يُقال لا تؤثر على البعد من عدوّك سالمًا ما استطعت,ولا يؤثر على النأي والبعد من عدوّه ما استطاع شيئًا
98,8360da13-9e53-4591-ad77-a3b65ef83363,Staying Away from the Enemy is the Best Judgment,,,,,,فالبعد لك من الصيّاد ولي منك أجزم,والبعد لك من الصيّاد والبعد لي منك أحزم الرأي,وأنا أودّك من بعيد,والبعد لك من الصيّاد كالبعد لك منّي هو أحزم الرأي,والبعد لك من الصيّاد والبعد لي منك من أحزم الرأي,والبعد لي من قربك أحزم الراي,فالبعد لك من الصيّاد حزم والبعد لي منك حزم,فالبعد لك من الصيّاد أصلح والبعد لي منك أحزم الرأي,ولا شيء من السلامة لي في نفسي منك ولك بالوفاء بعهدك أحزم من أن أباعد نفسي منك وكذلك لا أرى لك شيئا أسلم لنفسك من التباعد من الصيّاد في السلامة,فالبعد لك من الصيّاد والنأي لي منك أحزم الرأي وأكبر الأشرار
99,1ab189cb-0b47-48fd-8a6f-6b44c0bad574,The Rat Will Love the Cat from Afar,,,,وأنا أودّك من بعد,وأنا أودّك من بعيد,وأنا أودّك من بعيد,وأنا أودّك من بعيد,ولا عليك أن تجازيني بمثل ذلك,وأنا أودّك من بعيد,وأنا أودّك من بعيد,وأنا أودّك من بعيد وأحبّ لك البقاء والسلامة ما لم أكن أحبّه لك قبل اليوم,والرأي لي أن أودّك من بعيد,وأنا أودّك من بعيد,,وأنا أودّك مع بعد مكاني منك
100,b74e0835-b671-400d-b926-f230a977dd47,The Rat Does Not Need a Reward,,,,ولا عليك أن تجازيني على صنيعي,,لا عليك أن تجزيني بمثل ذلك إن رأيت,ولا عليك أن تجازيني بمثل ذلك,ولا سبيل إلى اجتماعنا والسلام,ولا عليك أن تجازيني بمثل ذلك,ولا عليك أن تجزيني بمثل ذلك إن رأيت,ولا عليك تجاريني بمثل ذلك,ولا عليك تحترمني بمثل ذلك,ولا عليك أن تجزيني بمثل ذلك إن رأيت,ولا عليك أن تجازيني بمثل ذلك,ولا عليك أن تجزيني بمثل ذلك إن رأيت
101,83e7b09d-d272-4fef-9600-a28baf3900bd,The Last Verdict Is No Reunion,,وليس إلى اجتماعنا سبيل,,إذا لا سبيل إلى اجتماعنا,ولا سبيل إلى اجتماعنا أبدًا,ولا سبيل إلى اجتماعنا وانصرف,*ولا سبيل إلى اجتماعنا والسلام,,ولا سبيل إلى اجتماعنا والسلام,وإلّا فلا سبيل إلى اجتماعنا أبدًا والسلم,ولا سبيل إلى اجتماعنا والسلام,ولا إلى اجتماعنا سبيل,ولا سبيل إلى اجتماعنا,والجملة التي ينقطع عنها المنطق أنّه لا سبيل إلى اجتماعنا إلّا أن تنزل نازلة مثل الذي جمعني وإيّاك,ولا سبيل إلى *اجتماعنا
102,09ada6ad-d0c3-4ff9-9110-4f51535e3b38,The Rat Departs to Safety,ثمّ أخذ بالحزم والاحتراس من السنّور,ثمّ انجحر الجرذ وصار إلى الحزم والاحتراس من السنّور,ثمّ صار الجرذ إلى الأخذ بالحزم والاحتراس من السنّور,,,,,,,,,,,,ثمّ صار إلى الأخذ بالحزم بعد أمنه والاحتراس من السنّور ?فلست من أعدائه الذين كانوا حوله يرصدونه
103,b53f76aa-9726-4885-a808-d1494253b543,The Philosopher Comments on the Rat's Foresight,,,,,ثمّ قال الفيلسوف للملك والجرذ على صغره وضعفه نظر في عواقب الأمور حيث نزل به البلاء صادق عدوّه وصديقه وعمل في ذلك عملا رفيقًا نجّاه من عدوّه المقبل عليه القادر على الفرصة منه وخلص له من صلح [[من]] عدوّه الأمن النجاة من البلاء الذي وقع فيه,,,,,,,,,,ثمّ قال الفيلسوف للمَلك فالجرذ على صغره وضعفه نظر في أمره حين نزل البلاء فصادق عدوّه وعدوّ عدوّه وصالحه وعمل في ذلك عملًا رفيقًا نجا به من سائر أعداءه المطلقة عليه القادرة على الفرصة فيه وخلص به من صالح عدوّه من البلاء الذي كان وقع فيه
104,133fb0ab-0236-429a-bf08-e837e8522c42,The Philosopher Comments on Human Foresight,,,,,فكيف بالإنسان لو اقتدى بذلك وعمل فيه بالذي يلزمه من حسن النظر في ذلك ما كان أعظم خطره وأجلّ قدره ويأخذ بأوفى نصيب منه في عاجل الأمور وأجلّها فافهم ذلك ودبرّه ترشد إن شاء الله تعالى,,,,,,,,,,فكيف بالإنسان الكامل الذي إذا نظر في مثل ذلك واقتدى به وعمل بالذي يلزمه وينجيه من حسن النظر في مثله ما كان أعظم حظّه فيه أوفى نصيبه منه في عاجل الأمور وآجلها
105,439fc036-840f-46ac-b3e2-cabc6bbbf737,The Gist of the Chapter,,,فهذا مثل الجرذ الذي صادق السنّور,,,,,,,,,,فهذا باب مبصر فرصته في مصالحة عدوّه والأخذ بالاحتراس,,
106,4eeff3c1-bdb7-472c-b0be-f58abaf21397,The Ending of the Chapter,تمّ الباب,,,انقضى باب الجرذ والسنّور,تمّ باب الجرذ والسنّور بحمد الله,انقضى باب الجرذ السنّور,انقضى باب السنّور والجرذ ?انتهى,انقضى باب السنّور والجرذ بمنّة المَلك الفرد,انقضى باب السنّور والجرذ,,,,,,ثمّ وكمل باب الجرذ والسنّور والله المستعان