unit_order,unit_id,unit_title,P3465,P2789,H170,R2407,P3473,BWII672,P3466,T2281,P3471,P5881,I344,P400,P3475,A4095,L8751,L4044
1,8a87ff6f-9ff3-4070-a422-eaf6cf058608,Chapter Title,(باب عرض الكتاب ترجمة عبد الله بن المقفّع),باب الغرض من هذا الكتاب ما ترجمه ابن المقفّع,باب ابن *المقفّع هذا كتاب كليلة دمنة,غرض الكتاب ترجمة عبدالله بن المقفّع كتاب كليلة ودمنة,الباب الأوّل باب عبد الله ابن المقفّع لهذا الكتاب ومدحه وما يتعلّق به,,باب غرض الكتاب ترجمه عبدالله بن المقفّع,باب عرض الكتاب ... أبو المعالي عبد الله بن المقفّع هذا الكتاب كتاب كليلة ودمنة,باب عبد الله بن *المقفّع الذي ترجم هذا الكتاب من الفارسيّة إلى العربيّة بسم الله الملك العظيم هذا كتاب كليلة ودمنة,,بسم الله الرحمن الرحيم وبه ثقتي هذا كتاب فيه كليلة ودمنة الحمد الله ربّ العالمين والصلاة والسلام على سيّدنا محمّد وعلى آله وصحبه وسلّم وبعد,الباب الأوّل في ذكر ابن المقفّع الذي ترجم به هذا الكتاب وهو كتاب كليلة ودمنة من الفارسيّة إلى العربيّة,,,,(كتاب كليلة ودمنة)
2,5a8c80bd-47a6-4854-9aa7-bb9a19491b14,Baydaba's Composition,,,,,,,,,,,,,,,,
3,5b2b4acb-2d9c-47c5-ab6f-d748af40bdc8,Ibn al-Muqaffa' Describes the Book,,,,,قال عبد الله ابن المقفّع رحمه الله تعالى هذا الكتاب الموسوم بكليلة ودمنة وهو من أجلّ كتب الحكمة وأنفعها وأعجبها حكمة وأمثالًا لم يأت أحد في الدهر بمثله يزيد ذا الفهم معرفة وعقلًا وحكمة وينبّه الغرّ الجاهل على مداخلة الخير والشرّ عليه من صديقه وعدوّه وعلى التخلّص من حبالة ذوي الحيل والتوصّل إلى قصده بلطائف الأمثال,,,,,,,,,,,
4,5d612c2d-8898-4e22-abe2-27dd0772d9fa, Parables Originated with Scholars of India,هذا كتاب كليلة ودمنة وهو ممّا وضعــته علماء الهند من الأمثال والأحاديث التي أُلهموا أن يُدخلوا فيها أبلغ ما وجدوا من القول في النحو الذى أرادوا,هذا كتاب كليلة ودمنة وهو ممّا وضعته علماء الهند من الأمثال والأحاديث التي أُلهموا إليها أن يُدخلوا فيها أبلغ ما وجدوا من القول في النحو الذي أرادوا,وهذا ما وضعته علماء الهند من الأمثال والأحاديث التي أُلهموا أن يُدخلوا فيها أبلغ ما وجدوا من القول في النحو الذي أرادوه,وهو ما صنعه علماء الهند من الأمثال والأحاديث التي أُلهموا بها وأن يُدخلوا فيها أبلغ ما وجدوا من القول في الذي أرادوا,وهو ممّا وضعته علماء الهند وحكماؤها لملوكها مثالًا,قال عبد الله ابن *المقفّع الغرض في كتاب كليلة ودمنة وهو ما صنعوه علماء الهند من الأمثال والأحاديث التي أُلهموا بها وأنّهم دخلوا فيها بأبلغ ما وجدوه من *الأقوال والأمثال الذي أرادوها,هذا كتاب كليلة ودمنة وهو ممّا وضعته علماء الهند من الأمثال والأحاديث التي أُلهموا أن يُدخلوا فيها أبلغ ما وجدوا من القول في النحو الذي أرادوا,وهو بما وصفته علماء الهند من الأمثال والأحاديث التي أُلهموا أن يُدخلوا فيها بأبلغ عبارة وأملح إشارة من نحو ماحسن عندهم على قدر ما انتهى إليه فضلهم,وهو ما وضعه علماء الهند من الأمثال والأحاديث والتمسوا أن يُدخلوا فيها أبلغ ما يجدون من القول في النحو الذي أرادوا,وهو ما وضعته حكماء الهند على الأمثال والأحاديث التي نظموها وجعلوا فيها أبلغ ما وجدوه من الكلام في النحو الذي أرادوه والعلم الذي اختاروه,فهذا ممّا وضعه أهل الهند,وهو ممّا وضعته علماء {الهند} من أمثال وأحاديث وأعاجيب والتمسوا أن {يُدخلوا فيها} أبلغ ما يجدوا من القول في النحو الذي أرادوا,,هذا كتاب كليلة ودمنة وهو ممّا وضعته علماء الهند من الأمثال والأحاديث التي التمسوا بها أبلغ ما يجدون من القول في النحو الذي أرادوا,وهو مَّما وضعته الحكماء حكماء الهند من الأمثال والأحاديث التي التمسوا بها أبلغ ما يجدون من القول في النحو الذي أرادوا,وهو ممّا وضعت أهل الهند من الأمثال والأحاديث الذي التمسوه أن يُدخلوا فيها أبلغ ما وجدوا من الكلام في النحو الذي أرادوا
5,7754d596-f32e-425c-a7f1-7d88336ed912,Scholars Desire to Be Understood,ولم تزل العلماء من أهل كلّ ملّة يلتمسون أن يُعقل عنهم,ولم تزل العلماء والحكماء في كلّ ملّة وأهل كلّ مكان يلتمسون أن يُنقل عنهم,ولم تزل العلماء والحكماء من أهل كلّ ملّة يلتمسون أن *يُعقل عنهم,ولم تزال العلماء في كلّ ملّة وكلّ مكان يلتمسون أن يُعقل عنهم ويُقتبس منهم,يقتبسون منه أنواع السياسة للمُلك ويستخرجون منه أنواع الحيل في إيصال المنفعة إلى الأصدقاء والمضرّة والهلاك إلى الأعداء بلطائف الحيل,ولم تزال العلماء في أهل كلّ ملّة في كلّ زمان يلتمسون أن يُعقل عنهم ويُقتبس منهم,ولم تزل العلماء من أهل كلّ ملّة وكلّ لسان يلتمسون أن يُعقل عنهم,ولم يزل العلماء من أهل كلّ ملّة وكلّ لسان يلتمسون أن يُفعل,ولم تزل العقلاء من كلّ أمّة وأهل كلّ لسان يلتمسون أن يُعقل عنهم,فلم تزل العلماء من كلّ أمّة وأهل كلّ لسان يلتمسون أن يُنقل عنهم ذلك ويُنقل من عندهم,لأنّ الأوّلين من الملوك والحكماء وأهل العقول من كلّ ملّة ولسان لم يزالوا يلتمسون إحياء العلم وتربية الحكمة,ولم تزل {العقلاء من كلّ أمّة} وأهل كلّ لسان يلتمسون أن يُعقل عنهم,ثمّ إنّ الملوك الأوّلين والحكماء وأهل العقول من أهل كلّ ملّة وأهل كلّ لسان لم يزالوا يلتمسون إحياء العلم وتربية الحكمة,ولم يزل العقلاء من أهل كلّ زمان يلتمسون أن يُعقل عنهم,ولم تزل العقلاء من أهل كلّ زمان يلتمسون أن يُنقل عنهم,ولم تزل العلماء من كلّ أمّة وأهل كلّ لسان يلتمسون أن يُعقل عنهم
6,79524841-4930-445a-83b9-a29198ac16cb,Scholars Commit to Debate and Prefer It,,,,,,,,,ويُلزمون أنفسهم العناية بذلك ويناقض بعضهم البعض,,ويُلزمون أنفسهم العناية بذلك والاجتماع له ومناقضة بعضهم بعضًا فيه ويؤثرونه على كلّ ما شغل به الناس أنفسهم من الملاهي واللذّات لا يرون شيئًا ممّا يتشاغلون به أعظم من الأجر وأجزل في الثواب ممّا شغلوا به أنفسهم,{ويأمروا أنفسهم} العناية بذلك وتناقص بعضهم بعضًا جعلوا بذلك فضل مرادهم,ويُلزمون أنفسهم التعب والاجتماع على مناقضة بعضهم بعضًا ويؤثرونه على كلّ شيء أُشغل به الناس من الملاهي واللذّات ولا يرون شيئًا ممّا شغلوا به أنفسهم أعظم في القدر ولا أجزل في الأمر ممّا شغلوا به أنفسهم,,,
7,4a8b99af-135a-45f1-9e39-1cc5ca798ad7,Scholars Record Knowledge,,,,,,,,,,,وأدقّوها لهم من ذلك فوضعوا لكلّ ما أدركوا من ذلك وبلغوه بطول أعمارهم وفكرتهم وتجاربهم وشدّة عنايتهم ولما تنافعوا به من الأمثال والأشباه والنظائر,فصنعوا ما أرادوا من ذلك *وبلغوه بطول أعمارهم وصفو أفكارهم,وأربوها لهم من ذلك وبلغوه بطول أعمارهم وفكرهم وتجارتهم وشدّة عنايتهم ولما تناقضوا فيه من ?الأقتال والأشباه,,,
8,b6de7509-284c-40bd-a87e-1bf3c6ce7432,Scholars Put Knowledge in Book of Fables,ويحتالون بذلك بصنوف الحيل ويبتغون في إخراج ما عندهم حتّى كان من تلك العلل وضع هذا الكتاب على أفواه البهائم والطير,ويحتالون في ذلك بصنوف الحيل ويجتهدوا في إخراج ما عندهم حتّى كان من تلك العلل وضع هذا الكتاب على أفواه البهائم والطير,ويحتالون في ذلك بصنوف الحيل ويجتهدون في إخراج ما عندهم حتّى كان من تلك العلل وضع هذا الكتاب على لسان البهائم والطير,ويحتالون لذلك بصنوف الحيل ويبتغون إخراج ما عندهم من العلل حتى كان من تلك العلل وضع ذلك الكتاب على ألسن البهائم والطير,ومن حيث لا يعلمون كيف موارد ذلك ومصادره على ألسنة *الحيوانات *والبهائم والسباع والطير,ويحتالون بذلك في صنوف الحيل ويبتغون في إخراج ما عندهم من نوادر الأمثال حتى ألّفوا مثل ذلك الكتاب على ألسن البهائم والطير والوحش,ويحتالون لذلك بصنوف الحيل ويبتغون في إخراج ما عندهم من العلل حتّى كان من تلك العلل وضع هذا الكتاب على أفواه البهائم والطير,ويحتالون إلى ذلك بصنوف الحيل إلى أن جرت الأسباب إلى حكماء الهند ما *أُلهموا إليه وصنعوا هذا الكتاب على أفواه البهام والطير,ويحتالون في ذلك بصنوف الحيل ويبتغون في إخراج ما عندهم من العلل حتّى كان من ذلك وضع هذا الكتاب على أفواه البهائم والطير,ويحتالون لذلك بضروب من الحيل في إخراج ما عندهم وإظهار ما لديهم من العلوم والحكم حتّى كان من تلك العلوم وصنوف الأدب ما صُنع ببليغ الكلام واشتُقّ ذلك على أفواه البهائم والوحش والطير,واتّبعوا لإخراج ما أرادوا منه أسبابًا وولّدوا له كلامًا محكمًا بحجج به صحيحه وأمور ثابتة وثيقة ونسبوا أكثر أمثالهم في ذلك إلى السباع والطير والبهائم والوحوش,فكان من ذلك ما وصفوه على البهائم والطير,وابتغوا لإخراج ما أرادوا منه أسبابًا وولّدوا له كلامًا محكمًا بحجج قوية صحيحة وأمور ثابتة وثيقة ونسبوا أكثر أمثالهم في ذلك إلى السباع والطير والبهائم والوحش,ويحتالون لذلك بصنوف الحيل ويطلبون في إخراج ما عندهم من العلل فدعاهم ذلك إلى أن وضعوا هذا الكتاب ولخّصوا فيه من بليغ الكلام ومنفعته على أفواه الطير والبهائم والسباع,ويحتالون لذلك بصنوف الحيل ويطلبون في إخراج ما عندهم به من العلل فدعاهم الي ذلك أن وضعوا هذا الكتاب ولخّصوا فيه من بديع الكلام ومنفعته على أفواه البهائم والطير والسباع,ويحتالون لذلك بصنوف الحيّل ويبتغون في إخراج ما عندهم من العلل حتى كان من تلك العلل وضع بليغ الكلام ومنمّقه على أفواه البهائم والطير
9,0af2a0ae-16a5-4948-808d-a09702639c80,Fables Facilitate Many Types of Discourse,فاجتمع لهم بذلك خلال أمامهم فوجدوا منصرفًا في القول وشعوبًا فأمّا هو فجمع حكمة,فاجتمع لهم من ذلك خلال منها أنّهم وجدوا متصرّفًا في القول وشعوبًا يأخذون منها وأمّا الكتاب فإنّه جمع حكمة وعلومًا,فاجتمع لهم بذلك خلال منها أنّهم وجدوا منصرفًا في القول وشعوبًا يأخذون منها وأمّا الكتاب فجمع حكمة وعلومًا,فاجتمع لهم بذلك خلال أمامهم فوجدوا مصرفًا في القول وشعبًا يأخذون فيها وأمّا الكتاب فجمع أن يكون لهوًا وحكمة فاجتناه ***,مشحونة بالحكم ليرغب فيه الغرّ تلهيًّا بظاهره والعاقل تمتّعًا بباطنه,فاجتمع لهم بذلك معاني خفيّة باطنها غير ظاهر وظاهرها غير باطنها وشعوبًا يأخذون منها المعاني البليغة لهوًا وحكمة فجناه من جنى على قدر أدبه وذوقه,فاجتمع لهم بذلك خلال [[بذلك]] فوجدوا متصرفًا في القول وشعوبًا يأخذون فيها وأمّا هو فجمع أن يكون لهوًا وحكمة,واجتمع لهم بذلك جلال يُستفاد بها التاج العود إلى الأفكار,واجتمع لهم بذلك جلال العقول ووجدوا فيه متصرّفًا وشعوبًا وقصدوا أن يكون لهوًا وحكمة,فاجتمع لهم بذلك خلال الفضل فوجدوا في ذلك متصرّفًا في القول ووجوهًا يأخذون فيها فجمع أن يكون لهوًا وحكمة,فاجتمعت لهم من ذلك ثلاث خلال أمّا إحداهنّ فإنّهم وجدوا منصرفًا في القول وشعوبًا يأخذون فيها لما أرادوا أن يستخلصوه ممّا وثّقوا به قولهم وصحّحوا به حججهم,فاجتمع لهم أمران أمّا هم فوجدوا متصرّفًا في القول وشعوبًا يأخذون فيها وأمَّا هو فجمع أن يكون لهوًا وحكمة,فاجتمعت خصال ثلاث فإمّا !أحديها فإنّهم وجدوا منصرفًا في القول وشعوبًا يأخذون بها لما أرادوا أن يخلّصوه ممّا وثّقوا به قولهم وصحّحوا به حجّتهم,فاجتمع لهم من ذلك أمران أمّا هم فوجدوا متصرّفًا في القول وسعها يأخذون فيها وأمّا هو فجمع لهو وحكمة,واجتمع لهم من ذلك أمران أمّا هم فوجدوا متصرّفًا في القول ... فيها وأمّا هو فجمع لهوًا,فاجتمع لهم بذلك خلال أمّا هم فوجدوا منصرفًا في القول وصوبًا يأخذون فيها ولهوًا وحكمة
10,e97f93e8-fa0f-410a-a6dd-b7f8af09080a,Farmer Works Land for Yield Not Weed,,,,*** مثله في ذلك مثل الزارع الذي إنّما يبرّ أرضه ويعمّرها ابتغاء للزرع لا ابتغاء العشب وهي لا محالة نابت العشب فيها وصنوفه,وإنّ مثله في ذلك ومثل واضعيه كمثل الزارع إنّما يصلح أرضه ويعمّرها ابتغاء لمنفعة ما يزرعه لا لابتغاء العشب ثمّ هي لا محالة نابت فيها صنوف العشب,وإنّ مثله كالزارع الذي حرث أرضه وعمّرها لابتغاء الزرع لأجل العشب والكلأ والثمر فنابت فيها الأعشاب بصنوفها,,,,,,,,,,
11,a88af22c-fefe-4b92-bb2f-8781d71b922f,"Book Is Used for Wisdom, Pleasure, and Knowledge",فاختاره الحكماء لحكمتهم والسفهاء للهوهم والمتعلّمون من الأحداث منشّطًا في حفظ ما صار إليه,اختارته الحكماء لحكمتها وجعلته السفهاء *للهوها [[وعلومًا اختارته]] واتّخذوه المتعلّمون من الأحداث منشّطًا في حفظ ما صار إليهم,فاختارته الحكماء لحكمتها وجعلته السفهاء ?تلهوًا واتّخذوه المتعلّمون من الأحداث منشّطًا في حفظ ما صار إليه,فالحكماء *اجتنوه لحكمته والسفهاء *اجتنوه للهو والمتعلّمون الأحداث تنشّطوا في تعليمه وخفّ عليهم قراءته وحفظه,فاجتناه الحكماء لحكمته والسفهاء للهوه والمتعلّمون من الأحداث فنشطوا في تعليمه وخفّ عليهم قراءته وحفظه,فاجتنوه الحكماء لأجل الحكمة والسفهاء للهو والمتعلّمون من الأحداث فنشطوا في تعليمه وخفّ عليهم قراءته وحفظه,فاجتباه الحكماء لحكمته والسخفاء للهوه والمتعلّمون من الأحاديث فنشطوا لعلمه وخفّ عليهم حفظه,بحيث يكون ذلك أرجاء موصلًا إلى الحكمة ورموزًا في الظاهر بسائر الحيوان وأشاروا إلى باطن الألفاظ والمعاني بما يكون من الحكمة واتّخذه سفهاء العقول للهو والغُلمة [والغلمة],فاجتباه الحكماء لحكمته لهو والمتعلّمون من الأحداث فنشطوا لعلمه !وزجرت عليهم حفظه,فأوردنا الحكماء لحكمته والسفهاء للهوه فأمّا المتعلّمون من الأحداث وغيرهم فنشطوا لعلمه وخفّ عليهم [[حمله]] حفظه,وأمّا الخصلة الثانية فإنّهم وجدوا ذلك بالغًا لما يريدون عند أهل العقول والتفكّر زائدًا لهم فيما أبدوا به من حكمتهم إذا أوردوا فيه وعرفوا مذاهبه وأمّا الخصلة الثالثة فإنّهم وجدوه لهوًا للمتعلّم والأحداث لما فيه من ذكر السباع والطير والوحوش والبهائم فأحبّوا ذلك واستظرفوه وأحبّوا دراسته وعلمه,فأحياه الله لحكماء لحكمته والجهّال للهو به وحثّوا على دراسته,وأمّا الخصلة الثانية فإنّهم وجدوا ذلك بالغًا لما يريدون عن أهل القول والتفكّر زائد الهمّ فيما أبدوا به من حكمهم وأفكروا فيه وأمّا الخصلة الثالثة فإنّهم وجدوا لهوًا من المتعلّمين والأحداث لما فيه من ذكر السباع والطير والبهائم وغير ذلك فأحبّوه لذلك واستظرفوه وأحبّوا دراسته وعلمه,فاجتناه الحكماء لحكمته والسخفاء للهوه وأمّا المعلّمون من الأحداث وغيرهم فنشطوا لعلمه وخفّ عليهم حفظه,فاجتناه ... والسخفاء للهو أمّا المتعلّمون من الأحداث ... والعلمه وخفّ عليهم حفظه,فاحتمله الحكماء لحكمته والسخفاء للهوه والمتعلّمون من الأحداث وغيرهم فنشطوا لعلمه وخفّ عليهم حفظه
12,9e08a700-d856-467f-af83-9b93d6570628,Acquired Knowledge Manifests in Adulthood,من أمر ... في صدره ولا يدري ما هو بل عرف أنّه قد ظفر من ذلك بمكتوب مرقوم,من مقدار أمره ووقرًا في صدره ولا يدري ما هو بل عرف أنّه قد ظفر من ذلك بمكتوب من قوم,من أمر ?برذاه في صدره ولا يدري ما هو بل عرف أنّه قد ظفر من ذلك مكتوب مرقوم,فإذا *احتنك الحدث وأجمع عقله دبّر ما كان في حفظه ممّا صار إليه مقتديًا بما في صدره وهو لا يدري ما هو أولى فعند ذلك يعرف أنّه ظفر بكنوز عظام,فإذا احتنك الحدث واجتمع له عقله فتدبّر ما كان في حفظه من ذلك ممّا صار إليه ويتحقّق أنّه قد ظفر من ذلك بكنوز عظام,فإذا ?احتبو الحدث وأجمعوا فيه عقولهم وتدبّروا ممّا صار إليه مقتديًا بما في ظهره وهو ما يدري ما هو فعند ذلك يعرف أنّه قد ظفر من ذلك بكنوز عظائم,,,,فاجتمع ما كان قد حفظ ممّا صار مقيّدًا مرويًّا في صدورهم ولا يدري أحدهم ما قد عرف أنّه قد ظفر من ذلك بكنوز عظام,فإذا !أحسنك !الحديث واجتمع إليه عقله فتفكّر فيما حفظ من ذلك أيّام صغره وتدبّر ما كان مفيدًا في كبره علم أنّه قد ظفر من ذلك بما هو أبلغ له من دخائر الأموال,فإذا احتبك الجذب منهم وجُمع له عقل وتفكّر فيما حفظ من ذلك من أيّام صغره فقد رُمي في صدره من نور علمه أنّه قد ظفر من ذلك بما هو خير وأنفع من ذخائر المال {الملوك},فإذا احتنك الحدث واجتمع إليه عقله فتفكّر فيما حفظ من ذلك أيّام صغره وتدبّر ما كان مقيّدًا في صدره علم أنّه قد ظهر من ذلك بما هو أنفع له من ذخائر المال,فإذا احتنك الحدث واجتمع له أمره وثاب إليه عقله تدبّر ما كان حفظ منه وما وعاه في نفسه وهو لا يدري ما هو عرف أنّه قد ظفر من ذلك بكنوز عظام,فاذا احتيل ... مرّة وتاب إليه عقله يريد ما كان حفظه ووعاه في قلبه وهو لا يدري ما عرف أنّه قد ظفر من ذلك بكنوز عظام,فإذا احتنك الحدث واجتمع له العلم تدبّر ما كان حفظ ممّا صار مقيّدًا مزبورًا في صدره وهو لا يدري ما هو عرف أنّه قد ظفر من ذلك بكنوز عظام
13,fcb4984c-7070-4808-89a6-d7fa74f47b22,Bequeathed Treasure Suffices,وكان كالرجل الذي لمّا استكمل الرجوليّة وجد أبويه قد كنزوا له كنوزًا واعتقدوا له عقدًا استغنى بها عن الكدح فيما يعمله من أمر معيشته فأغناه ما أشرف عليه من الحكمة عن الحاجة إلى غيرها من وجوه الأدب,وكان كالرجل الذي استكمل الرجوليّة ووجد أباه قد كنز له كنزًا وعقدًا يستغني به عن الكدح فيما يستعمله من معيشته فأغناه بما أشرف عليه من الحكمة عن الحاجة إلى غيره <من> وجوه الأدب,وكان كالرجل الذي يستكمل *الرجوليّة ووجدوا أبواه قد كنزوا له كنزًا واعتقدوا له عقدًا استغنى بها عن الكدح فيما يستعمله من معيشته فأغناه بما أشرف عليه من الحكمة عن الحاجة إلى غيره ومن وجوه الأدب,وكان كالرجل الذي لمّا ترجّل وجد *أبواه قد كنزوا له كنوزًا واعتقدوا له عقدًا استغنى بها عن القدح بما يستعمل من معيشته ويحاول من دنياه أغناه ما أشرف عليه من الحكمة من الحاجة إلى غيره من وجوه الأدب,وكان كالرجل الذي استكمل الرجوليّة فوجد آباءه قد كنزوا له كنوزًا وعقدوا له عقودًا ليستغني بها عن الكدح والسعي والسؤال,ومثله كالرجل الذي لمّا استكمل الرجوليّة وجد آباءه قد كنزوا له كنزًا واعتقدوا له عقدًا استغنى بها عن القدح بما يستعمل من معيشته ويحاول دنياه بما أشرف عليه من الحكم إلى الحاجة بوجوه الأدب,,,,فكان كالرجل الذي يدرك آباءه ?وفخرهم وقد كنزوا له كنوزًا من الذهب والفضّة والدرّ والجوهر وعقدوا له عقدًا يستغني به عن استقبال السعي والطلب,وكان كالرجل الذي يدرك حين يدرك فيجد أباه قد ادّخر له كنوزًا من الذهب والفضّة والجوهر وعقد له عقودًا استغنى بها عن استقبال طلب المعيشة,فكان الذي يدرك متّخذًا إيّاه قد كنز له كنوزًا من الذهب والفضّة وأعقد له عقدًا استغنى به عن استقبال السعي في طلب المعيشة,فكان كالرجل الذي يدرك فيجد أباه قد ذخر له كنوزًا من الذهب والفضّة والجوهر وعقد له عقدًا استغنى بها عن استعمال طلب المعيشة,فكان كالرجل يدرك فيجد أباه قد كنز له من الذهب والفضّة واعتقد له ما استغنى به عن استقبال السعي والطلب,فكان كالرجل الذي يدرك حين يدرك فيجد آباءه قد كنزوا من الذهب والفضّة واعتقدوا له من العقد ما استغنى به عن استقبال السعي والطلب,فكان كالرجل الذي يدرك حين يدرك فيجد *آباءه قد *خفروا كنوزًا من الذهب والفضة واعتقدوا له عقدًا استغنى بها عن استعمال السعي والطلب
14,60636f6a-313f-4af5-b83e-2e23d3333b5b,Knowledge Has Many Branches,,,,,,,,,,لما لم يكن وإذا كثرت صنوف العلم وأصوله ثمّ كثرت فروع كلّ صنف منها حتّى لا يُستكمل منها شيء من الأمثال الذي تجري عليها أقاويل العلماء وأمثال الحكماء استغنوا بذلك عن الكنوز النفيسة وغيرها فافهم ذلك والله المستعان وعليه التكلان إنّه الكريم المنّان,,ولم يكن إذا كثرت صنوف العلم ثمّ كثرت فروع كلّ صنف منها حتّى لا يستكمل منها شيء ولا بدّ أن تكرّ العلل التي تجري عليها أقاويل العلماء,,ولم يكن إذ كثرت صنوف أصول العلم ثمّ تفرّقت فروعها بدّ من أن يكثر العلل التي تجري عليها أقاويل العلماء,ولم يكن إذ كثرت أصول العلم ثمّ قربت فروع كلّ صنف عليها بدّ من أن تصير إلى العلل التي تجري على أقاويل أهل العلم,ولم يكن لمّا أن كثرت فروع كل صنف منها حتى لا يُستكمل منها شيء أن تكثر العلل التى تجري عليها أقاويل العلماء
15,b6abdefe-eabb-43e6-a97c-ccbe91fd7e9e,Reader Must Decode Parables,لمن قرأ هذا الكتاب أن يعرف الوجوه التي وُضعت له وإلى أيّ غاية جرى مؤلّفه فيه عندما نسبه إلى البهائم وأضافه إلي غير مفصح وغير ذلك من الأجعال التي جعلها مثالًا وأمثلًا فإنّ قارئه متى لم يفعل ذلك لم يدري ما أريد بتلك المعاني ولا أيّ ثمرة يجتني منها ولا أيّ نتيجة تحصل له من مقدّمات ما تضمّنه هذا الكتاب,<وينبغي> لمن قرأ في الكتاب أن يعرف الوجوه التي وُضعت له وإلى أيّ غاية جرى مؤلّفه فيه عندما نسبه إلى البهائم وأضافه إلى غير فصيح وغير ذلك من الأجعال التي جعلها مثالًا وأمثالًا فإنّ *قارئه *متى لم يفعل ذلك لم يعرف ما أُريد بتلك المعاني ولا أتى بثمرة تُجتنى منها ولا إلى نتيجة يحصل له من مقدّمات ما تضمّنه هذا الكتاب,لمن قد أهدى الكتاب أن يعرف الوجه التي وضعت له إلى أيّ غاية جرى مؤلّفه فيه عندما نسبه إلى البهائم وأضافه إلى غير مفصح وغير ذلك من الأمثال التي جعلها مثالًا وأمثالًا فإنّ قارئه متى لم يفعل ذلك لم يدري ما أُريد بتلك المعاني ولا أيّ ثمرة تُجتني منها ولا أيّ نتيجة تحصل له من مقدمّات ما تصفه هذا الكتاب,فمن قرأ هذا الكتاب فليعرف الوجوه التي وُضعت له إلى أيّ غاية تجري فيه مؤلّفه عندما نسبه إلى البهائم فإنّ قارئه متى لم يعرف معانيه فأيّ ثمرة يجتني منه وأيّ نتيجة تحصل له من مقدّمات ما تضمّنه,فمن قرأ هذا الكتاب فليعرف الوجوه التي وُضعت له إلى أيّ غاية يجري فيه مؤلّفه عندما نسبه إلى البهائم وأضافه إلى غير مستنصح من الأفعال التي جعلها أمثالًا فإنّ قارئه متى لم يفعل ذلك لم يعرف ما أراد بتلك المعاني أيّ ثمرة يجتني منه وأيّ نتيجة تحصل له من مقدّمات ما ضمّنه,فمن قرأ هذا الكتاب فليعرف الوجوه التي وُضعت له *وإلى أيّ غاية جرى فيه مؤلّفه عندما نسبه إلى البهائم وأضافه إلى غير مستمع من الأفعال التي جعلها الله أمثالًا فإنّ قارئه إن تدبّر عرف معانيه وإلّم يعيها يكون ما حصل النتيجة وأي نتيجة تحصل للمرء من غير تفحّص,فمن قرأ هذا الكتاب فليعرف الوجه الذي وضع له وإلى أيّ غاية جرى فيه مؤلّفه عندما نسبه إلى البهائم وأضافه إلى غير مُفصح ولا مُصرّح من الأفعال التي جعلها أمثالًا فإنّ قارئه متى لم يفعل ذلك لم يعرف ما أراد بتلك المعاني وأيّ ثمرة يجتني منه,فمن قرأ هذا الكتاب فليعرف قدر الوجه الذي وضع له وإلى أيّ غاية جرى ما ألّفه وكيف وضعه إلى غير مفصح ولا مصرّح من الأفعال التي جعلها أمثالا فإنّ قارئه متى لم يتمهّل ذلك لم يقف على أسرار تلك المعاني,فإذا عرف قارئ من وجوه الحكمة ممّن قرأ هذا الكتاب فليعرف الوجوه التي وضُع له وإلى أيّ غاية <جرى> فيه مؤلّفه عندما نسبه إلى البهائم ?وأصفاه إلى غير مفصح ولا مصرّح ومن الأفعال الّتي جعلها أمثالًا فإنّ قارئه متى لم يفعل ذلك لم يعرف ما أراد بتلك المعاني وأيّ ثمرة تجتني منه,,فمن قرأ هذا الكتاب فليعرف الوجه الذي وُضع عليه فإنّه من لم يعرف ذلك لم يدر إلى <أيّ> غاية يجري فيه ولا أيّ شيء يجتني منه وما أرادوا الحكماء وأهل العقول بما نسبوا إليه من أمثالهم الموصوفة فيه,فمن قرأ هذا الكتاب فليعلم الوجه الذي وُضع عليه فإنّه من لم يعرف ذلك لم يدر أيّ غاية يجري فيه ومتى يُجتنى منه وما أراد الحكماء وأهل العقول مع ما نسبوا إليه من أمثالهم الموصوفة,فمن قرأ هذا الكتاب فليعرف الوجه الذي وُضع عليه وما أراد الحكماء وأهل العقول بما يسبق إليه أمثالهم من هذه الأشياء الموصوفة فيه فإنّه من لم يعلم ذلك فلم يدر إلي أيّ غاية يجرى فيه,,,فمن قرأ هذا الكتاب فليعرف الوجه الذي وُضع عليه فإنّه إن لم يعرف ذلك لم يدر إلى أيّ غاية يجري فيه وأيّ شيء جنى منه
16,9e572bf1-c8cb-4b2e-8b78-f593736bc488,Displaced Chapter Title,,,,,,,,,,باب ابن المقفّع,,,,,,
17,6db7bd45-ca3a-41df-920e-0c7340c7af5b,Reader Must Read Well and Reflect,,,,,,وإنّه إن قرأها ولم يتمعّنها أخذها على أيّ وجه أراده كلّ كلمة وكلّ كتاب كذلك,,,,قال ابن المقفّع فأوّل ما ينبغي لمن قرأ هذا الكتاب ونظر فيه وأحبّ الاقتداء بمن كان قبله من أهل الحكمة والعقل أن يبتدئ بجودة قراءته والتثبّت فيها والتفهّم له,وإنّما ينبغي لمن قرأ هذا الكتاب وأحبّ الاقتداء بمن كان قبله من أهل الحكمة والفضل أن يبتدئ بجودة قراءته وحسن التفهّم له,فأوّل ما ينبغي لمن يقرأ هذا الكتاب واجب الاقتداء بمن كان قبله من أهل الحكمة والفضل وأن يبتدئ بجودة قراءته وحسن التفهّم,وأنّ أول ما ينبغي لمن قرأ هذا الكتاب وأحبّ الاقتداء بمن كان قبله من أهل الحكمة والفضل أن يبتدئ بقراءته وحسن التفهّم له,فأوّل ما ينبغي لمن طلب هذا الكتاب أن يبتدئ فيه بجودة قراءته والتثبّت فيه,فأوّل ما ينبغي لمن طلب هذا الكتاب أن يبتدئ بجودة القراءة له والتثبَّت فيه,فأوّل ما ينبغي لمن طلب هذا الكتاب أن يبتدئ !وجوده وقراءته والتثبّت
18,fadee600-212d-4f8f-9584-77898f604602,Careful Reader Reaps the Most,,,,,,ولله درّ القائل حيث قال وكم من عائب قولًا صحيحًا وآفته من الفهم السقيميّ وأمّا من كان فيلسوف ماهر إذا قرأ كلّ كتاب كان تدبّره وأخذ نتيجته وأخرج معانيه كما استملكها بعقله أو شرح الكتاب الذي وعاه أو أفاد سامعه الغافل عن معانيه,,,,,,,,,,
19,d1b9ba66-2f49-4cb2-8dee-f75689d76177,Hasty Reader Benefits Nothing,وأنّه من ... استتمام قراءته إلى آخره دون معرفة ما يقرأ منه لم يعد عليه شيء يرجع عليه نفعه,فإنّه من جهل استفهام قراءته إلى آخره دون معرفة ما يقرأ منه لم يعد إليه شيء يرجو نفعه,فإنّه من ?جفا استتمام *قراءته إلى آخره دون معرفة ما يقرأ منه لم يعد عليه شئ يرجع عليه نفعه,وإنّه إن كان يغنيه استتمام قراءته إلى آخره دون معرفة ما يعرف منه ويقرأ لم يستفد منه شيئًا يرجع عليه نفعه,وإنّه وإن كان بغيته استتمام قراءته إلى آخره دون معرفة ما يقرأ منه لم يستفد منه شيئًا يرجع عليه نفعه,وإلّم يفعل ذلك لم [لم] يفد منه شيئًا يعود إليه نفعه,فإنّه من كان غايته استتمام قراءته إلى آخره دون معرفة ما يقرأه منه لم يستفد منه شيئًا,ومن غايته إتمام قراءته إلى آخره دون معرفة أمثاله وحكاياته لم يستفد منه شيئًا,فإنّه من كان غايته استتمام قراءته إلى آخره دون معرفته بما فيه فلم يفد منه شيئًا,وأن لا تكون غايته منه بلوغ آخره دون الوقوف على معانيه ومعرفته بما يقرؤه والتفكّر فيه فإنّ من كانت غايته فيه استتمام قراءته وبلوغ آخره من غير تفهّم منه لأحكام ما يقرؤه منه فليس ينتفع بقراءته ولا يفيد منه شيئًا يعود به على نفسه,وأن لا يكون عليه بلوغ آخره دون معرفة بما يقرأ منه فإنّه من كانت غايته استتمام قراءته من غير تفهّم منه له ولا عناية بما فيه فليس ينتفع بقراءته ولا يفيد منه شيئًا يعود به على نفسه,وأن لا يكون غايته منه بلوغ آخره دون معرفته بما يقرأ منه فإنّه من كانت غايته استتمام قراءته عن غير التفهّم منه ولا غايته بما فيه وليس ينتفع بقراءته هو ولا يستفيد منه ما يعود به على نفسه,وأن لا تكون غايته بلوغ أمره دون معرفة ما يقرأه منه فإنّه من كانت غايته منه استتمام قرائته على غير تفهّم منه ولا غاية بما فيه فليس ينتفع بقراءته ولا يفيد منها شيئا يعود به على نفسه,ولا يكون غايته منه بلوغ آخره قبل الإحكام له فليس ينتفع بقراءته ولا يفيد منه شيئًا,ولا يكون غايته منه بلوغ آخره دون الاحكام له فليس ينتفع بقراءته ولا يفيد منه شيئًا,وأن لا تكون غايته منه بلوغ آخره ولكن الوقوع على معانيه ومعرفته بما يقرأ منه والتفكّر فيه فإنّه من كان همّه منه بلوغ آخره لا الإحكام لما يقرأ فليس ينتفع بقراءته ولا يستفيد منه شيئًا
20,2aa8183f-772e-4e12-b80c-941376dff5a1,Indiscriminate Reader Benefits Nothing,ومن استكثر من جمع العلوم وقراءة الكتب من غير إعمال الرويّة فيما يقرؤه,ومن استكثر من جميع العلوم وقراءة الكتب من غير إعمال الرويّة فيما يقرأه,ومن استكثر من جمع العلوم وقراءة الكتب من غير إعمال الرويّة فيما يقرأه,وإن استكثر من جميع العلوم وقراءته الكتب من غير إعمال الرويّة فيما يقرأه فيها,ومن استكثر من جمع العلوم *وقراءتها من غير إعمال الرويّة فيما يقرأه منها,*لأن من قرأ العلوم النفيسة من غير تفحّص عن معاني العلم الذي هو فيه فهو بهيم,ومن استكثر من جميع العلوم وقراءة الكتب من إعمال الرويّة فيما يقرأه منها,ومن استكثر من جميع العلوم وقراءة الكتب في إعمال الرواية دون الدراية,ومن استكثر من جميع العلوم وقراءته الكتب من إعمال الرويّة فيما تقرأه منها,ومن افتكر في جميع العلم ودراسته,,,,,,
21,88c09256-62c6-4c16-bf29-e622b1404f8a,"Voracious, Disoriented Reader",,,,,,,,,,وطمحت عيناه إلى جمعه,,,,وطمحتا عيناه إلى جمعه ولم يأخذ منه ما *صفا الأوّل في الأوّل,وإنّما مثله مثل من اصاب شيئًا فطمحتا عيناه الى جميعه ولم يأخذ منه ما صفا الأوّل,فإنّه من أصاب شيئا فطمحت عيناه إلى جمعه الأوّل فالأوّل
22,c10f1514-4caf-48e7-b943-05d9e2e2a0e6,Reading Without Implementation Is Labour Lost,,,,,,,,,,من غير إلزام منه لنفسه والعمل به والانتفاع بما فيه والاتباع له ولم يأخذ منه ما صفا الأوّل فالأوّل فليس له من ثمرة ذلك إلّا التعب والعناء,ومن ألزم نفسه الأشياء جمّة في طلب العلم والمثابرة على دراسة الكتب من غير إلزام منه لنفسه فالعمل بالصواب والاتّباع للحقّ فليس له من ثمرة ما جمع إلّا الكدّ والعناء,ومن ألزم نفسه الإباحة في طلب العلم والمناظرة على دراسة الكتب عن غير إلزام منه لنفسه بالعمل بالصواب والاتّباع للحقّ فليس له من ثمرة ما جمع إلّا الكدّ والعناء,ومن ألزم نفسه الإساحة في طلب العلم والمبادرة على دراسة الكتب من غير إلزامه لنفسه العمل بالصواب والاتباع للحقّ فليس له من ثمرة ما جمع إلّا الكدّ والعناء,,,
23,48c14c4b-0d0d-4d73-8e64-1657c26ab940,Treasure Discovered,كان خليقًا أن يصيبه إلاّ أصاب الرجل الذي زعمت العلماء أنّه اجتاز ببعض المفاوز فظهر له موضع آثار الكنوز فجعل يحفر ويطلب فوقع على شيء من عين وورق,كان خليقًا أن لا يصيبه منها إلاّ ما أصاب الرجل الذي زعمت العلماء أنّه اجتاز ببعض المفاوز فظهر له مواضع آثار الكنوز فجعل يحفر ويطلب فوقع على شيء كثير من المال,كان خليقا ألّا نصيبه إلّا كما أصاب الرجل الذي زعمت العلماء أنّه اجتاز ببعض المفاوز فظهرت له آثار الكنوز فجعل يحفر ويطلب فوقع على شيء كثير من عين وورق,فهو خليق أن لا يصيب منها إلّا ما أصاب الرجل الذي ذكرت العلماء أنّه اجتاز ببعض المفاوز فظهر له آثار بعض الكنوز فجعل يحفر ويتطلّب فوقع على شيء عظيم كثير من الذهب والفضّة,فهو خليق أن لا يصيب منها إلّا ما أصاب الرجل الذي ذكرت العلماء أنّه اجتاز [رجل] ببعض المفاوز فظهر له آثار [موا] مواضع الكنوز فجعل يحفر ويجتهد فوقع بكنز عظيم من ذهب وفضّة,ولا يصيب منها إلّا ما أصاب الرجل زعموا أنّ رجل اجتاز في بعض المفائز فظهر له آثار كنز فلم يزل يعالجه *إلى أن ظهر له كنز عظيم له وقع,فهو خليق أن لا يصيب منها إلّا كما أصاب الرجل الذي قيل أنّه طلب علم,فهو خليق لا يصيب منها إلّا كما يصيب,وهو خليق أن لا يصيب منها إلّا كما أصاب,وهو خليق أن لا يصيب منه إلاّ ما أصاب الرجل الذي ذكرت العلماء أنّه مرّ في بعض المفاوز فظهر له فيها كهفًا فرأى نبشًا عظيمًا لا عهد له بمثله,وكان كالرجل الذي ذكرت العلماء أنّه مرّ في بعض المفاوز فظهر له فيها كنز لا عهد له بمثله فلمّا فتحه ونظر إليه رأى كنزًا عظيمًا,وكان كالرجل الذي ذكرت العلماء أنّه ذات يوم في بعض المفاوز فظهر له كنزًا فلمّا فتحه ونظره رآه كنزًا لا عهد له بمثله,وكان كالرجل الذي ذكرت العلماء أنه مرّ في بعض المفاوز فظهر له فيها كنز فلمّا فتحه ونظر إليه رآه كنزًا لا عهد له به [[وفيه]],فإنّه خليق لا يصيب منه إلّا كما أصاب الرجل الذي بلغني أنّه رأى في بعض الصحاري كنزًا فلمّا كشف عنه ونظر إليه رأى شيئًا عظيمًا لا عهد له بمثله,فإنّه خليق أن لا يصيب منه إلاّ كما أصاب الذى بلغنى أنّه رأى في بعض الصحاري كنزًا فلمّا كشف عنه ونظر إليه رأى شيئًا عظيمًا لا عهد له بمثله,فهو خليق ألّا يصيب منه إلا كما أصاب الرجل الذي أصاب الكنز ولم يحفظه (حديث الرجل الذي أصاب الكنز) بلغني أنّه وجد في بعض الصحاري كنزًا فلمّا فتحه ونظر إليه رأى شيئًا عظيمًا لا عهد له بمثله
24,58228c0c-d8f1-4121-b971-1b631846a007,Discoverer Hires Help,فقال في نفسه إن أنا أخذت في نقل هذا المال قليلا قليلا طال عليّ وقطعني اللاشتغال بنقله وإحراره عن اللذّة بما أصيب منه ولكن سأستأجر أقوامًا يحملونه إلي منزلي وأكون أنا آخرهم ولا يكون بقي ورائي شيء يشغل فكري بفعله ونقله,فقال في نفسه إن أنا أخذت في نقل هذا المال قليلًا قليلًا طال ذلك عليّ وأمتنع من اللذّة ولكنّي أستأجر قومًا يحملونه إلى منزلي وأكون أنا آخرهم ولا يكون قد بقي خلفي شيئًا يشتغل فكري بفعله ونقله,فقال في نفسه إن أخذت في نقل هذا المال قليلًا طال عليّ ذلك وقطعني الاشتغال بنقله عن اللذّة بما أصيب منه ولكن سأستأجر أقوامًا يحملونه إلى منزلي وأكون أنا آخرهم ولا يكون قد بقي ورائـي شيئًا أُثقل فكري بفعله ونقله,فقال في نفسه إن أنا أخذت في نقل هذا المال وإحرازه قليلًا قليل طال عليّ ذلك وقطعني الشغل بنقله عن اللذّة بما أصيب منه ولكن أستأجر قومًا ينقلوه لمنزلي ثمّ أكون آخرهم فلا يبقى شيء يشغل فكري,فقال في نفسه إن أنا أخذت في نقل هذا الذهب قليلًا طال عليّ ذلك ولم آمن عليه في غيبتي ولكنّي أستأجر قومًا يحملونه إلى منزلي وأكون أنا في آخرهم فلا يبقى في الكنز شيء يشغل فكري,فقال في نفسه إن أنا أخذت في نقل هذا الكنز قليلًا قليلًا طال عليّ المدى وقطعني الزمان عن لذّتي ولكن أنا أستأجر قومًا ينقلوه لي إلى منزلي وأفضّي فكري بآن يسير,,,,فقال في نفسه إن أنا أخذت في نقل ما ها هنا وإحراز الأوّل منه فالأوّل منعني الشغل بنقله من اللذّة بإصابته لكنّي أستأجر رجالًا ينقلونه وينطلقون به إلى منزلي,فقال في نفسه إن أنا أخذت في نقل ما وجدت وإحراز الأوّل بالأوّل منه طال عليّ ومنعني الشغل بنقله وإحرازه من اللذّة بما أحببت منه ولكنّني أستأجر رجالًا ينطلقون به إلى منزلي ثمّ أتبعهم,فقال في نفسه <إن> أنا أحدّث في نقل ما وجدت واحترازي الأوّل فالأوّل منه طال عليّ ذلك ومنعني الشغل بنقله ولكن أستأجر رجالًا ينطلقون به إلى منزلي ثمّ أتبعتهم,فقال في نفسه إن أنا أخذت الآن في نقل ما هنا ألقيت لنفسي عملًا طويلًا ولم أحرز منه إلّا يسيرًا ولكنّي أستأجر رجالًا يحملونه إلى منزلي,فقال في نفسه إن أنا أحرزت ما ها هنا بنقله وحدي لم أنقله إلّا في أيّام وجعلت لنفسي عملًا طويلًا ولكن أستأجر رجالًا يحملونه,فقال في نفسه إن أنا أخذت الآن في نقل ما *ها *هنا ألقيت لنفسي عملا طويلا ولم أحرز منه في أيّام إلّا يسيرًا ولكنّنى أستأجر رجالًا يحملونه,فقال في نفسه إن أخذت في نقل ما ها هنا قليلًا قليلًا حمّلت لنفسي شغلًا طويلًا ولم أحرز منه في الأيّام إلّا يسيرًا ولكنّي أستأجر رجالًا ينقلوا إلى منزلي
25,d03e607d-0e40-4be8-a649-2f58bce5f62a,Discoverer Expects Success,وأكون قد استظهرت لنفسي في إراحة بدني عن الكدّ بيسير أجرة أعطيها لهم,وأكون قد استظهرت في إراحة بدني من الكدّ *بيسير من الأجرة أعطيها لهم,وأكون قد استظهرت في إراحة بدني عن الكذب بيسير أجرة أعطيها لهم,,,,,,,,,,,,,
26,1352968b-dd38-4526-94af-d4811ae598ea,Helpers Take Treasure,ثمّ جاء بالحمّالين فجعل يحمل على كلّ واحد منهم ما يطيق فينطلق به إلى منزله فيفوز به حتّى إذا لم يبق من الكنز شيء انطلق خلفهم إلى منزله,ثمّ إنّه جاء بالحمّالين فجعل كلّ واحد منهم يحمل ما طاق حمله وانطلق الحمّال به إلى منزل نفسه وفاز به حتّى لم يبق من الكنز شيء فانطلق خلف الأخير حتّى أتى منزله,ثمّ جاء الجمّالين فجعل ?يلمّ إلى كلّ واحد ما يقدر على حمله ويقول له إذهب به إلى منزلي فينطلق الجّمال إلى منزل نفسه فيفوز به حتّى إذا لم يبق إلى من الكنز شيء انطلق <إلى> منزله,ففعل ذلك فجاء الحمّالون وجعل كلّ واحد منهم يحمل ما يقدر على حمله وينطلق إلى منزله حتّى لم يبقى من الكنز شيئًا فحينئذ اتّبعهم,ففعل ذلك فجاء الحمّالون لنقله فجعل يحمّل كلّ واحد منهم ما يطيق حمله ويجهّزه إلى منزله أمامه فينطلق به الحمّال إلى جهة قصده إلى منزل الرجل ويختصّ به حتّى إذا لم يبقى من المال شيئًا تبعهم إلى منزله,ففعل ذلك وجاب الحمّالين *وأشرطهم شيء معلوم فجعلوا كلّ واحد منهم يحمل من ذلك المال ما يطيق حمله وينطلق به إلى منزله ويختصّ به دونه حتّى لم يبقى في الكنز شيء فبعد ذلك تبعهم,,,,ففعل ذلك وجاء بالرجال فجعل لكلّ واحد منهم ما أطاق لينطلق به إلى منزله بزعمه فلم يزل كذلك ويقدّم الأوّل فالأوّل حتّى فرغ منه ثمّ انطلق إلى منزله بعد فراغه منه,ففعل ذلك فجاء الرجال فجعل كلّ رجل منهم يحمل ما أطاق من الذهب لينطلق به إلى منزل الرجل وجعل الأوّل بالأوّل من الرجال ليذهب بما معه إلى منزل نفسه فلم يزال كذلك حتّى أنفذ الكنز ثمّ انطلق الرجل إلى منزله بعد الفراغ منه,ففعل ذلك فحمل كلّ رجل منهم ما أطاق لينطلق به إلى منزل الرجل وجعل الأوّل فالأوّل من الرجال ينطلقون بما معهم إلى منازلهم فلم يزالا في ذلك حتّى نفد الكنز فانطلق الرجل إلى منزله بعد الفراغ,فأتى يستعين بهم فأخذ كلّ واحد منهم ما أطاق وتركوه وانطلقوا إلى منازلهم بعد الفراغ منه,ففعل ذلك وجاء بالرجال فحمل كلّ واحد منهم ما أطاق وانطلقوا فيما زعم إلى منزله فلم يزل دائبًا في ذلك حتّى فرغ واستنفد كلّه ثمّ انطلق إلى منزله بعد الفراغ,ففعل ذلك وجاء بالرجال فحمل كلّ واحد منهم ما أطاق وانطلق فيما زعم الى منزله فلم يزل بعد الفراغ,ففعل ذلك وجاب الرجال فجعل يحمل كل رجل منهم ما أطاق لينطلقوا به زعم إلى منزله فلم يزل دائبًا في ذلك حتّى فرغ منه واستنفده ثم انطلق إلى منزله بعد الفراغ
27,a1758a92-f8a5-443e-9c52-0fc4ca20f1f0,Discoverer Loses Treasure,فلم يجد فيه من المال شيئًا لا قليلا ولا كثيرًا وإذا كلّ واحد من الحمّالين قد فاز بما حمله لنفسه ولم يكن له من ذلك إلاّ العناء والتعب لأنّه لم يفكّر في آخر أمره,فلم يجد فيه شيئًا من المال لا قليل ولا كثيرًا وإذا كلّ واحد من الحمّالين قد فاز بما حمله لنفسه ولم يكن له إلّا العناء فيه,,فلم يجد في منزله شيئًا لا قليل ولا كثير وكلّ من الحمّالين حاز ما حمله لنفسه ولم يبق له إلّا التعب والعناء في إخراجه لأنّه لم يفكّر في آخر أمره,فلم يجد قليلًا ولا كثيرًا ووجد كلًّا منهم قد جاز ما حمل لنفسه ولم يبق له إلّا التعب والعناء في حفره واستخراجه لأنّه لم يفكّر في آخر أمره,فلم يجد في منزله شيئًا لا كثيرًا ولا قليلًا ووجد كلّ من حمل شيء اختصّ به لنفسه ولم يبقى له إلّا التعب والنصب في إخراجه للكنز ورواحه ومجيئه ولم يفكّر في آخر أمره,,,,فلم يجد شيئًا ووجد كلّ رجل منهم أخذ ما حمله لنفسه فلم يكن له في ذلك إلّا التعب والعناء,فلم يجد في منزله منه شيئًا ووجد كلّ رجل منهم قد حاز ما حمله لنفسه فلم يكن له منه إلّا العناء في استخراجه من حيث احتكر ولم يدار أمره فيه ويترفّق في إحرازه,إلّا العناء في استخراجه من حيث احتكر إذ لم يداري أمره فيه ويترفّق فلم يجد في منزله شيئًا ووجد كلّ رجل منهم قد اختار ما حمل [كلّ رجل] لنفسه فلم يكن <له> في إخراجه,فلم يجد لهم خبرًا وإنّ كلّ واحد منهم قد حاز ما حاز وحمل لنفسه وأخذه وذهب ولم يكن له غير العناء والتعب في استخراج الكنز,فلم يجد شيئًا ووجد كلّ رجل منهم قد حاز ما حمل لنفسه ولم يكن له إلّا العناء في استخراجه والتعب عليه,فلم يجد منه شيئًا ووجد كلّ رجل منهم قد حاز ما حمل لنفسه ولم يكن له إلّا العناء في استخراجه,فلم يجد منه في منزله شيئًا ووجد كلّ رجل منهم قد حاز ما حمل لنفسه فلم يكن له منه إلّا العناء في استخراجه
28,6265cb94-ed85-4a02-af2c-4c7c986a583c,Readers Should Read Carefully and Reflect,,,,,,,,,,[وليس] *وينبغي لمن يقرأ هذا الكتاب ألّا يجاوز شيئًا إلى غيره حتّى يُحكمه وينتصب في قراءته ويعلم أنّ له باطنًا وظاهرًا فإن لم يعرف ذلك لم ينتفع بما ظهر له منه والمعرفة أن يضع كلّ شيء في موضعه وينتبه إلى معناه,وقد يجب على العاقل إن قرأ شيئًا من هذا الكتاب أن يثبّت في قراءته,وقد يجب على العاقل إذا قرأ هذا الكتاب أن يتثّبت في قراءته ويعلم أنّ له باطنًا فإذا لم يعرف ذلك لم ينتفع بما ظهر له,فليس ينبغى لأحد أن يجاوز شيئًا حتّى يُحكمه ويتثبّت فيه وفي قراءته وفهمه ومعرفة معانيه ما أُودع لهم من العلم فيه فيضع إذًا كلّ شيء في موضعه وينسبه إلى معناه وما أريد به,فليس ينبغي أن يجاوز شيئًا إلى غيره حتّى يُحكمه ويتثبّت فيه وفي قراءته وإحكامه فعليه بالفهم لما يقرأ والمعرفة حتّى يضع كلّ شيء موضعه وينسبه إلى معناه ولا,فليس ينبغي أن يجاوز شيئًا إلى غيره حتّى يُحكمه ويتثبّت فيه وفي قراءته وإحكامه فعليه بالفهم لمّا يقرأه والمعرفة له حتّى يضع كلّ شيء موضعه وينسبه إلى معناه,فكذلك الرجل ليس ينبغي له أن يجاوز شيئًا إلى غيره حتّى يُحكمه ويثبت فيه ولا يطلب الآخر حتّى يُحكم الأول فإذا تثبّت في قراءته وأحكمه فعليه بالفهم لما يقرأ والمعرفة له حتّى يضع كلّ شيء موضعه وينسبه إلى معناه
29,b8b2dc40-23ff-407d-9f45-e68199333f31,Readers Should Look for Hidden Meaning,وكذلك من قرأ هذا الكتاب ولم يفهم ما فيه ويعلم غرضه ظاهرًا وباطنًا لم ينتفع بما بدا له من خطّه ?ونقشه,وكذلك من قرأ هذا الكتاب ولم يفهم ما فيه ولم يعلم غرضه ظاهرًا ولا باطنًا لم ينتفع بما بدا له,وكذلك من قرأ هذا الكتاب ولم يعلم علم عرضه ظاهرًا وباطنًا لم ينتفع بما بدا له من خطّه نفسه,فمن قرأ هذا الكتاب ولم يفهم معانيه ولم يعلم ظاهره وباطنه لم ينتفع بما ظهر له منه,فمن قرأ هذا الكتاب ولم يفهم معانيه ولم يعلم غرض واضعيه باطنًا لم ينتفع بما ظهر له من ظاهره,وهكذا كلّ من قرأ كتابًا ولم يتدبّر معانيه ظاهره وباطنه لم ينتفع به شيئًا,,,,ولا تعرض له في نفسه أنّه إذا أحكم قراءته عرف ظاهر القول حتّى يتدبّره ويُحكم أمره,ويعلم أنّ له باطنًا إن لم يعرفه لم ينتفع بما ظهر له منه,,ولا يقع في نفسه أنّه إذا أحكم قراءته وعرف ظاهر القول فيه يكون قد فرغ ممّا ينبغي له منه,يعرض في نفسه أنّه إذا أحكم القراءة له عرف ظاهر القول فقد فرغ ممّا ينبغي له أن يعرف منه,ولا يعرض في نفسه أنّه إذا أحكم القراءة عرف ظاهر القول فقد فرغ ممّا سعى له أن يعرفه منه ولكن ليعرف أنّ له باطنًا لم يعرفه لم ينتفع بظاهره,ولا يعرض في نفسه أن قد أحكم القراءة وعرف ظاهر القول فقد فرغ ممّا ينبغي أن يعرف منه ولكن يعرف أنّ له باطنًا لم يعرفه فإذا لم يعرف ذلك لم ينتفع بما ظهر له منه
30,837dd2da-6e3d-4fa1-8aa3-1a0938eb0e59,A Nut Has to Be Cracked,كما لو أنّ رجلًا قُدّم له جوز صحيح لم ينتفع به إلّا أن يكسره,كما أنّ رجلًا إذا قُدّم له جوز صحيح لم ينتفع به إلّا إذا كسره ينتفع به,كما أنّ رجلًا لو قُدّم له جوز صحيح لم ينتفع به إلّا أن يكسره وينتفع بما فيه,كما أنّ رجلًا لو قُدّم له زوج من الفاكهة مثلًا جوز ولوز لم ?يونّي حتّى يكسرهنّ وينتفع بما فيهنّ,كما أنّ رجلًا لو قُدّم له جوز صحيح لم ينتفع به حتّى يكسره وينتفع بما فيه,زعموا أنّ رجلًا أُهدي له هديّة من الجوز ولم يكن يعرفه قبل فشمّه لم يرى له رائحة زكيّة فوضعه في فيه رآه حطب لا يُؤكل فألقاه في النار وضيّع منفعة ما فيه فلو كسره استلذّ بجوهره وقد قشّره,,,,لو أنّ رجلًا أُتي بجوز صحيح في قشره لم ينتفع به حتّى يكسره ويستخرج منه ما فيه,كما أنّ رجلًا لو أُتي بجوز صحاح في قشره لم ينتفع به حتّى يكسره ويستخرج ما فيه,كما لو أنّ رجلًا لو أُتي بجوز صحاح في قشرها لم ينتفع بها حتّى يكسرها ويستخرج ما فيها,كما أن رجلًا لو أُتي بجوز صحاح في قشوره لم ينتفع به حتّى يكسره ويستخرج ما فيه,كما أنّ رجلًا لو أُتي بجوز صحاح في قشوره لم ينتفع به حتّى يكسره ويستخرج ما فيه,كما أنّ رجلًا لو أُتي بجوز كثير صحاح في قشوره لم ينتفع به حتّى يكسره ويستخرج ما فيه,كما لو أنّ رجلًا أُتي بجوز صحاح في قشره لم ينتفع به حتّى يكسره ويستخرج ما فيه
31,ca5ead52-561c-41e8-8fe9-f296ee26fa86,Readers Should Extract Hidden Meaning,,,,,,,,,,فعليه أن يعلم له خبرًا [ولا] *ويلتمس علم ذلك الخبر,,,وعليه أن يلتمس علم ذلك,فعليه أن يعلم أنّ له خبيئًا وأن يلتمس علم ذلك,فعليه أن يعلم أنّ له خفيّات أن يلتمس علم ذلك,وعليه أن يعلم أنّ له خبيئًا وأن يلتمس علم ذلك
32,c8884826-812f-4e7f-a23b-2de265b68169,Man Acquires Yellow Folio,وكان أيضًا كالرجل الذي طلب علم الفصيح من كلام الناس فأتى صديقًا له من العلماء له علم بالفصاحة فأعلمه حاجته إلى علم الفصيح فرسم له صديقه في صحيفة رصفها له فيها فصيح الكلام وتصاريفه ووجوهه,وكان أيضًا يكون كالرجل الذي طلب علم الفصاحة من كلام الناس فأتى صديقًا {له من العلماء له علم بالفصاحة فرسم له صديقه} في !صحفة وضعها له فيها فصيح الكلام وتصاريفة,وكان كالرجل الذي طلب العلم الفصيح فرسم له بعض أصدقائه !فصيحة فيها فصيح الكلام وتصاريفه ووجوهه,وكان كالرجل الذي طلب علم الفصيح من كلام الناس فأتى صديقًا له من العلماء فأعلمه حاجته إلى ذلك ومعرفته فكتب له صديقه في صحيفة صفراء فصيح الكلام وتصاريفه وجوهره,وكان كالرجل الذي طلب علم الفصيح من كلام الناس فأتى صديقًا له من العلماء فأعلمه حاجته إلى ذلك وإلى معرفته فكتب له صديقه في صحيفة صفراء فصيح الكلام وتصاريفه وجوهره,وإنّ مثله كالرجل الذي يطلب علم الفصاحة من كلام الناس فأتى له صديقًا من العلماء فطلب منه أنّه يتعلّم بقصده الفصاحة فكتب له صديقه العالم في صفيحة صفراء شيء من النظام,الفصيح فأتى صديقًا له من العلماء بالفصاحة فسأله ذلك فرسم له صديقه فصيح الكلام وتصاريفه ووجوهه في صحيفة صفراء,الرجل الذي قيل له طلب العلم الفصيح بموجب الترجيح فأتى صديق له من العلماء مشهورًا بالفصاحة وسأله أن يتحفه ?بجزو يعرف به الفصاحة فرسم له ذلك العالم فصولًا تتناول دقائق اللغة وتصريف الكلام وكتبها في صحيفة صفراء,الرجل الذي قالت العلماء أنّه طلب علم الفصيح من الكلام فأتى صديقًا له من العلماء موسومًا بالفصاحة فشكى إليه ذلك فرسم له صديقه فصيح الكلام في صحيفة صفراء وتصاريفه ووجهه,ولا يكون كالرجل الذي بلغني أنّه طلب شيئًا من علم الفصاحة فأتى صديقًا له من العلماء ومعه صحيفة صفراء فسأله أن يكتب له فيها أصل العربيّة فكتب له فيها ما أراد,ولا يكون كالرجل الذي يُقال إنّه كان يطلب الفصاحة فأتى صديقًا له من *العلماء فكتب له في صحيفة صفراء حدود الكلام وتصاريفه,ولا يكون كالرجل الذي كان يُقال إنّه كان يطلب علم الفصاحة فأتى صديقًا له من العلماء فكتب له في صفيحة صفراء حدود الكلام وتصاريفه في وجوهه,ولا يكون كالرجل الذي بلغني عنه أنه طلب شيئًا من العلم فأتى صديقًا له ومعه صحيفة صفراء فسأله أن يكتب له فيها علم العربيّة فكتب له فيها,ولا يكن كالرجل الذي بلغني أنّه طلب علم الفصاحة فأتي صديقًا له ومعه صحيفة صفراء فسأله أن يكتب له فيها علم العربيّة فكتب له في الصحيفة ما أراد,ولا يكن كالرجل الذي بلغني أنّه طلب شيئًا من علم الفصاحة فأتى صديقًا له ومعه صحيفة صفراء فسأله أن يكتب له فيها أصل العربيّة فكتب له في الصحيفة,ولا يكون مثل الرجل صاحب الصحيفة الصفراء بلغني أنه طلب شيئًا من علم الفصاحة فأتى صديقًا له ومعه صحيفة صفراء فسأله أن يكتب له أصل العربيّة في تلك الصحيفة فكتب له شيئًا من ذلك
33,312b38da-7fcd-420e-a64a-44aa4d4549d2,Man Memorizes from Yellow Folio,فانصرف المتعلّم إلى منزله فجعل يكثر قراءتها ولا يقف على معانيها ثمّ إنّه جلس ذات يوم في محفل من أهل العلم والأدب,فانصرف المتعلّم إلى منزله وجعل يكثر قراءتها ولا يقف على معانيها ولا يعرف ما فيها ثمّ جلس ذات يوم بين أهل العلم والأدب والفطنة وهو يظنّ أنّه قد اكتفى ممّا قرأه من تلك الصحيفة,فانصرف المتعلّم إلى منزله وجعل يكثر قراءتها فلا يقف على معانيها ولا يعرف ما فيها ثمّ إنّه جلس ذات يوم في محفل من أهل العلم والأدب والفطنة وهو يظنّ أنّه قد اكتفى بما قرأه من تلك الصحيفة,فانصرف المتعلّم بها إلى منزله وجعل يكثر من قراءتها وهو لا يقف على معانيها ولا يعرف ما فيها ثمّ إنّه جلس ذات يوم في محفل من أهل الأدب والعلم وهو يظنّ أنّه قد اكتفى بما قرأه من الصحيفة,فانصرف المتعلّم بها إلى منزله فجعل يكثر من قراءتها ولا يفهم معانيها ولا يعرف ما فيها ثمّ إنّه جلس ذات يوم في محفل من أهل الأدب والعلم والفطنة وهو يظنّ بأنّه قد اكتفى بما قرأه من تلك الصحيفة,فانصرف المتعلّم بها إلى منزله وجعل يكرّرها ولا يقف على معانيها إلى أن حفظها فجلس ذات يوم في محفل من أهل الأدب والعلم وهو يظنّ أنّه اكتفى بما قرأه من الصحيفة,فانصرف المتعلّم بها إلى منزله وجعل يكثر قراءتها ولا يقف على معانيها ثمّ أنّه جلس ذات يوم في محفل من أهل الأدب وهو يظنّ أنّه قد اكتفى بها قراءة من تلك الصحيفة,فانصرف الرجل إلى منزله وأخذ في [في] الدراسة لألفاظها ولم يعوّل على حلّ معانيها فزعم أنّه نال بذلك التكرار وصار به فصيحًا فجلس ذات يوم بين ملإ من أهل العلم والأدب,وانصرف المتعلّم بها إلى منزله وجعل يكثر قراءتها ولا يقف على معانيها ثمّ أنّه جلس ذات يوم في محفل من أهل الأدب وهو يظنّ أنّه قد اكتفى بما قرأه من تلك الصحيفة,وانطلق بها إلى منزله وجعل يقرؤها ويدرسها وهو لا يقف على معناها ولا يعرف تأويل ما فيها فصار ماهرًا بقراءتها جاهلًا بتأويلها ثمّ يجلس مع أهل العلم وهم يدرسون ذلك العلم فلمّا فطن أنّه لمّا أحكم قراءة الصحيفة أنّه قد كافأهم في العلم وساواهم في المعرفة,فانطلق بها المتعلّم إلى منزله فقرأها ودرسها وهو [فيء] لا يدري معناها ولا يعرف تأويل ما فيها حتّى حفظها ماهرًا بقراءتها جاهلًا بتأويلها ثمّ إنّه قعد مع بعض أهل العلم وظنّ أنّه قد كافأهم في علمهم وبلغ منه مبلغهم,فانطلق بها المتعلّم الى منزله فقرأها ودرسها وهو لا يدري معانيها ولا تأويل ما فيها حتّى استظهرها ماهرًا بقراءتها جاهلًا بتأويلها ثمّ إنّه قعد مع بعض أهل العلم والنظر وظنّ أنّه قد كافأهم في علمهم ومبلغ ما بلغوا,وانطلق إلى منزله وجعل يقرأها وهو لا يدري ?مغاناها وظنّ أنّه بالقراءة قد أحكم ما فيها,فانطلق الرجل إلى منزله وجعل يقرأها ولا يدري ما معناها وظنّ أنّه قد أحكم ما في الصحيفة,فانطلق الرجل بها الي منزله فجعل يقرأها لا يدري ما يقرأ فظنّ أنّه قد أحكم ما في الصحيفه,فأخذ الرجل الصحيفة فانطلق بها إلى منزله وجعل يقرأها وهو لا يدري ما معنى الذي يقرأه إلّا أنّه يقرأ الذي يرى في الصحيفة وجعل يقعد مع القوم وهو يظنّ أنّه قد أحكم ما في الصحيفة
34,3dd731e4-e0d5-4848-88de-a6590cea1e2c,Man Reads from Yellow Folio and Errs,فأخذ في محاورتهم فجرت له كلمة أخطأ فيها فقال له بعض الجماعة إنّك قد أخطأت والوجه غير ما تكلّمت به فقال كيف أخطئ وقد قرأت الصحيفة الصفراء وهي في منزلي,فأخذ في محاورتهن فجرت له كلمة أخطأ فيها فقال له بعضهم أخطأت والوجه غير ما تكلّمت فقال كيف أخطأت وقد *قرأت الصحيفة الصفراء وهي في منزلي,فأخذ في محاورتهم فجرت له كلمة أخطأ فيها فقال له بعضهم قد أخطأت فيها والوجه غير ما تكلّمت به فقال كيف أخطئ وقد قرأت الصحيفة الصفراء وهي في منزلي,فأخذ في محاورتهم فمرّت له كلمة أخطأ فيها فقال له بعضهم إنّك قد أخطأت فيما نطقت به والأوجه فيه غير ما نطقت فقال كيف أخطئ وأنا قرأت الصحيفة الصفراء وهي في منزلي,فأخذ في محاورتهم فمرّت له كلمة أخطأ فيها فقال بعضهم إنّك أخطأت فيما تكلّمت به والوجه فيه غير ما نطقت به فقال كيف أخطئ وقد قرأت الصحيفة الصفراء وهي في منزلي,فأخذ يحاورهم فمرّت له كلمة فأخطأ في معناها فقال له بعض من حضر إنّك قد أخطأت فيما نطقت به والوجه فيه غير الذي ذكرته فقال له كيف أكون أخطأت وأنا قرأت الصحيفة الصفراء وهي في منزلي للآن,فأخذ في محاورتهم فمرّت له كلمة أخطأ فيها فردّ عليه بعضهم وقال له أخطأت فقال كيف أخطئ وقد قرأت الصحيفة الصفراء,فجاوزهم ظنًّا منه أنّه عارف فأخطأ فقال له بعض الجماعة أخطأت فقال له كيف أخطأت وأنا قرأت الصحيفة الصفراء,فأخذ في محاورتهم فمرّت به كلمة أخطأ فيها فردّ عليه بعضهم قال له قد أخطأت فقال كيف أخطئ وقد قرأت الصحيفة الصفراء,فتكلّم بكلمة أخطأ فيها فقال له بعض القوم قد أخطأت ولحنت والوجه فيه كذا وكذا فقال له أنا أخطئ وألحن وكيف يكون ذلك والصحيفة الصفراء في منزلي وقد حفظت ما فيها فاستقرأه أحدهم ما فيها فقرأها ماهرًا بقراءتها,فتكلّم بكلمة أخطأ فيها فقال له بعض أصحابه إنّك قد أخطأت والوجه فيما قلت إنّما هو كذا وكذا فقال له وكيف أخطأت وقد حفظت ما في الصحيفة الصفراء فاستُقرئ ما فيها فقرأها ظاهرًا ماهرًا,فتكلّم بكلمة أخطأ فيها فقال له بعض أصحابه إنّك قد أخطأت والوجه فيما قلت إنّه كذا وكذا فقال وكيف أخطئ وقد قرأت ما في الصحيفة الصفراء فاستقرأه فقرأ ما فيها ظاهرًا ماهرًا,ثم أنّه تكلّم في بعض المجالس وفيه علماء أهل الأدب والفصاحة فقال له بعضهم لحنت فقال ألحن والصحيفة الصفراء في منزلي,وأنّه تكلّم في بعض المجالس وفيه جماعة من أهل الأدب والفصاحة فقال له بعضهم ألحنت فقال ألحن والصحيفة الصفراء في منزلي,فتكلّم بكلمة أخطأ فيها في بعض المجالس وفيه جماعة من أهل الفصاحة والأدب فقال له بعض القوم لحنت فقال أنا ألحن والصحيفة الصفراء في منزلي,فتكلّم بكلمة أخطأ فيها فقال له بعض من عنده من القوم لحنت أيها الرجل فقال ألحن والصحيفة الصفراء في منزلي
35,a6f6dc3b-984b-4e9d-ae9e-52bf20a6116c,Using the Yellow Folio Proved His Ignorance,فكانت مقالته لهم أوجبت الحجّة عليه وزاده ذلك قربًا من الجهل وبعدًا من الأدب,فكانت مقالته لهم أوجب الحجّة عليهم عند ظنّه وزاده ذلك قربًا من الجهل وبعدًا من الأدب,فكان مقالته أوجبت الحجّة عليه وزاده ذلك قربًا من الجهل !وهذا من الأدب,وكانت قراءته لها لتوجب عليه الحجّة <وزاده> ذلك قربًا من الجهل وبعدًا من الأدب,فكانت قراءته لها أوجب الحجّة عليه وزاده ذلك قربًا من الجهل وبعدًا من العقل,فكانت الصحيفة هي الذي أوجبت الحجّة عليه وزيادة ذلك نسب إلى الجهل وبعد عن [عن] الأدب فلو كان تدبّرها وغاب عنه بعض معانيها فحص عنه من غيره حتّى تملّكه ما كان ?أنفقين بين الناس بل كان عُدّ من العلماء أو الأدباء,فكانت قراءته لها أوجب للحجّة عليه عند ظنّه وزاده ذلك عند الناس جهلًا وبعدًا من الأدب,فكان قراءته لها أقوى في الحجّة عليه عند ظنّه وزاده ذلك هنة وانتقاصًا,وكانت قراءته لها أوجبت الحجّة عليه عند ظنّه وزاده ذلك جهلًا وبعدًا من الأدب,فكانت قراءته إيّاها إذ لم يعرف ما فيها أوجبت الحجّة عند الناس من الجهل وأبعد له من المعرفة بالعلم والأدب,فكانت قراءته إيّاها ولم يعرف ما فيها أوجب للحجّة عليه وأقرب له عند الناس من الجهل وأبعد له من الأدب والفهم,وكانت قراءته إيّاها ولم يعرف ما فيها أوجب للحجّة عليه وأقرب له عند الناس من الجهل وأبعد من الأدب والعلم,,,,
36,4b6b4513-09d2-4753-a6cf-b5653be889a8,One Should Seek Knowledge,,,,,,,,,,,,,فيجب على المرء أن يطلب العلم حيث كان ويحرص ويحترص في تحصيله,فالمرء حقيق أن يطلب العلم,,فالمرء حقيق أن يطلب العلم
37,29fb4525-6193-4614-a264-0ca7f5d80bb8,Intelligent Readers Must Implement Knowledge,ثمّ إنّ العاقل إذا فهم هذا الكتاب وعلمه وبلغ نهاية علمه فيه ينبغي له أن يعمل بما علم منه لينتفع به ويجعله مثالا لا يحيد عنه فإذا لم يفعل ذلك,ثمّ أنّ العاقل إذا فهم هذا الكتاب وعلمه وبلغ نهاية عمله فيه ينبغي له أن يعمل بما علم منه لينتفع به ويجعله مثالًا لا يجد عنه فإذا لم يعقل ذلك,ثمّ إنّ العاقل إذا فهم هذا الكتاب وعمله وبلغ نهاية علم ما فيه ينبغي له أن يعمل بما علم منه لينتفع به ويجعله مثالًا لا يحيد عنه فإذا لم يفعل ذلك,ثمّ إنّ العالم العاقل إذا فهم هذا الكتاب وعلمه وبلغ نهايته وجب عليه أن يعمل به لينتفع بما علم منه ويجعله مالًا يعيش به,ثمّ إنّ العاقل إذا فهم هذا الكتاب وعلمه وبلغ نهايته وجب عليه أن يعمل به لينتفع *بما علم منه ويجعله مالًا يعيش به ويجدي عليه,فالعالم العاقل إذا فهم معاني هذا الكتاب وعلم معانيه وبلغ نهايته وجب عليه أن يعمل به لينتفع بما تعلّم منه ويجعله معاشًا يعيش به,ثمّ إنّ على العاقل إذا فهم هذا الكتاب وبلغ غايته أن يعمل به لينتفع بما علم منه ويجعله مثالًا يعتبر به,فإنّ العاقل إذا فهم هذا الكتاب وبلغ غايته يجب عليه أن يعمل به ويستعمل حكمته [ويستعمل حكمته] وتدابيره لينتفع به ويعتبر بأمثلته,ثمّ على العاقل إذا فهم هذا الكتاب وبلغ غايته أن يعمل به لينتفع بما علم منه ويجعله مثلًا بين عينيه,فيجب على الرجل إذا قرأ هذا الكتاب وفهمه وعرفه أن يعمل به وينتفع بما عرفه وأن يتأدّب بما يرى فيه من الأدب ويجعله مثالًا بين عينيه يعتبر به,ثمّ على الرجل إذا فهمه وعرفه وبلغ غايته منه أن يعمل به وينتفع بما عرف من فضله ويجعله مثالًا يعتبر به,ثم إنّ الرجل إذا فهمه وعرفه وبلغ غايته منه أن يعمل به وينتفع بما عرف من فضله ويجعله بما لا يعتبر به,فإذا وجد حاجته منه وفهمه وعرفه وبلغ غايته اعترف بما عرف منه وانتفع وتأدّب بما فيه من الأدب,فإذا وجد حاجته منه فهمه وعرفه وبلغ غايته منه انتفع بما يرى فيه من الأدب,ثمّ عليه إذا فهمه وعلمه وعرف غايته أن ينتفع بما عرف منه وأن يتأدّب بما رأى فيه من الآداب,فإذا وجد حاجته فهم وعرف وبلغ غايته وانتفع بما عرف وتأدّب بما رأى فيه من الأدب
38,d59fef5e-ea42-4b8e-b1ed-d7b7751728dc,One Should Always Seek More Knowledge,,,,فإنّه يُقال ينبغي للعالم العاقل أن يستكثر من العلم,فإنّه يُقال في الحِكم إنّه ينبغي للعاقل أن يستكثر من العلم والمعرفة والحكمة,فإنّه يُقال ينبغي للعالِم العاقل أن يستكثر من العلم,فإنّه يُقال ينبغي للعاقل أن يستكثر من العلم,فإنّه يُقال ينبغي للعاقل أن يستكثر من العلم,وقد قيل ينبغي للعاقل أن يستكثر من العلم,ويستكثر من عمله,فإنّه يُقال لا ينبغي للعاقل أن يستكثر شيئًا من العلم ناله وإن كثر وعظم,فإنّه يُقال لا ينبغي للعاقل أن يستكثر من العلم ماله وإن كثر وعظم,فإنّه كان يُقال أمران لا ينبغي لأحد أن يقصّر عنهما وهما حسن العمل والتزوّد للآخرة,فإنّه يُقال في أمرين لا ينبغي لأحد أن يقتصر فيها بل يكثر منها حسن العمل ومنها التزوّد للآخرة,,فإنّه يُقال في أمرين لا ينبغي لأحد أن يستكثر منهما كثيرًا العقل والتزوّد للآخرة
39,7fb32d1a-6d8b-48bd-bb2b-509689ed6e5b,Culture and Knowledge Are a Necessity,,,,,,,,,,فإنّه كان يُقال في أمرين أيضًا يحتاج إليهما من يحتاج إلى الحياة الأدب والعلم,,,ويُقال أيضًا في أمرين يحتاج إليهما كلّ من يحتاج إلى الحياة وهما الأدب والذهب,ويُقال أيضًا في أمرين يحتاج إليهما كلّ من احتاج إلى الحياة منها المال ومنها الأدب,,ويُقال أيضا في أمرين يحتاج إليهما كلّ من يحتاج إلى الحياة الأدب الصالح والمال الكثير
40,c7767d0a-f32d-4c1b-aa4e-14fe55ef26af,Culture and Death Are Not to Be Disregarded,,,,,,,,,,,,,ويُقال أمرين لا ينبغي لأحد أن يستكبر عنهما *كثر *الأدب والموت,ويُقال في أمرين لا ينبغي لأحد أن يستكبر عنها الأدب والموت,فإنّه يُقال في أمرين لا ينبغي لأحد أن يستكبر عنها كثر الأدب والموات,
41,575d7f9e-40c3-4c21-a189-4d7fe968403f,Culture Is the Spark of Life,,,,فإنّه يجلو العقل كما يجلو الزيت ظلمة النار ويزيدها ضياء,فإنّ بها ينجلي العقل كما يجلو الزيت ظلمة النار ويزيدها ضياء,لأنّ العلم يجلي القلب الصدئ كما يجلي الزيت ظلمة النهار,فإنّه يجلو العقل كما تجلو النار الظلمة,فإنّه يجلو العقل,فإنّه يجلوا القلب كما تجلوا النار الظلمة,ويُقال إنّ الأدب يجلو !الأدب كما يجلو الودك ظلمة النار ويزيدها ضياء,فإنّ العلم يجلو العقل كما يجلو الذهن ظلمة النار ويزيدها ضياء,فإنّ العلم يجلو العقل كما يجلو الودك ظلمة النار ويزيدها ضوءًا,ويُقال إنّ الأدب يجلو الرجل كما يجلو !الوكد النار ويزيد ضوؤها,ويُقال إنّ الأدب يجلو العقل كما يجلو الودك النار ويزيدها ضوءًا,ويُقال إنّ الأدب يجلو العقل كما يجلو الودك النار ويزيد به ضوء,ويُقال الأدب يجلو العقل كما يجلو الودك ظلمة النار ويزيدها ضوءًا
42,c7c68998-af6f-417f-8586-0cdbaabc6b73,Culture Advances One's Rank,,,,وهو يرفع منزلة صاحبه على كلّ رتبة,وهو يرفع منزلة صاحبه على كلّ رتبة,وهو يرفع منزلة صاحبه ويجعل رتبته فوق كلّ رتبة,ويرفع منزلة صاحبه على كلّ رتبة,ويرفع صاحبه,ويرفع منزلته على كلّ رتبة,وكذلك الأدب يرفع صاحبه منزلة عظيمة,والأدب يرفع منزلة صاحبه,والأدب يرفع منزلة صاحبه,والأدب يرفع صاحبه,والأدب يرفع صاحبه,والأدب يرفع منزلة صاحبه,والأدب يرفع منزلة صاحبه
43,b79aa0a1-6192-468a-b012-90a63a889c4c,A Ball Well Kicked Travels High,,,,,,,,,,,,,,كما *تُرفع الكرة يضربها الرجل الشديد,,كما ترتفع الكرة يضرب بها الرجل الشديد
44,6bd1b03a-b786-490f-8716-be74d28e2ed9,Great Buildings Rest on Good Foundations,,,,,,,,,,,,,كما تُرفع الأبنية العظيمة على الأساس المحكم القوي فيبلغ صانعه منه نهاية أمله فيها,,,
45,f47aa76e-172a-440c-af19-561445b9888c,Culture Shields from Danger,,,,والعلم ينجي من الهلكات,وينجي من المهلكات,ويُقال إنّ العلم ينجي من الهلكات,والعمل به ينجي من الهلكات,ويخلّصه من الهلكات,والعمل به ينجي من الهلكات,والعلم ينجي من استعمله ومن عمل به,والعلم ينجي صاحبه من استعمله,والعلم يحيي من استعمله,,والعلم ينجي من استعمله,والعلم ينجّي من استعمله,
46,01f0f3ee-9433-4dd0-923e-25b4097c28fd,Culture Advances One's Rank in the Hereafter,,,,,,,,,,,,,كذلك العلم يسرّ من استعمله وتعلو به درجته في الدنيا والآخرة,,,
47,612aa5b2-713d-4a1b-9405-9dd6c68d53d7,Man Notices Burglar but Feigns Sleep,كان مثله كالرجل الذي زعموا أنّ سارقًا تسوّر عليه وهو نائم في منزله فعلم به فقال والله لأسكتنّ حتّى أنظر ماذا يصنع ولا أذعره ولا أعلمه أنّي قد علمت به فإذ بلغ مراده قمت إليه فنغّصت ذلك عليه ثمّ إنّه أمسك عنه,كان مثله مثل الرجل الذي نزل عليه سارق في منزله وهو نائم فقال والله لأسكتنّ حتّى أنظر ماذا يصنع ولا أدعوه ولا أعلمه أنّني قد علمت به فإذا بلغ مراده قمت إليه فنغّصت عليه ثمّ إنّه أمسك عنه,كان مثله مثل الرجل الذي إنّ سارقًا تسوّر عليه وهو نائم في منزله فعلم به فقال والله *لأسكتنّ حتّى أنظر ما يصنع ولا أذعره ولا أعلمه أنّي قد علمت به فإذا بلغ مراده قمت إليه فنغّصت ذلك عليه ثمّ أمسك عنه,ومن علم ولم يعمل به يشبه الرجل الذي قيل إنّه أحسّ بسارق قد تسوّر عليه ودخل منزله وعلم به فقال والله لأمسكنّ عنه حتّى أنظر ما يصنع وإذا بلغ مراده أقوم إليه وأنغّصه وأكدّره,ومن علم ولم يعمل به لم ينتفع به وكان في ذلك كالرجل الذي يُقال [له] إنّه أحسّ بسارق قد تسوّر عليه ودخل في منزله فقال والله لأمهلنّه حتّى أرى ما يصنع وأدعه حتّى يبلغ به مراده فأقوم إليه وأنغّص ذلك عليه فأمسك عنه,ومن علم ولم يعمل بعلمه كان مثاله كالرجل الذي يُقال عنه زعموا أنّ رجل أحسّ بسارق قد تسوّر عليه إلى أن صار من داخل منزله فلمّا أحسّ الرجل به فقال والله لأمسكنّ عنه حتّى أنظر ما يصنع فإذا أراد بلوغ مراده فأوثب عليه وأنقض ما بناه فأمسك عنه,ومن علم العلم ثمّ {لم} ينتفع به فمثله كمثل الرجل الذي يُقال إنّ سارقًا تسوّر عليه وهو نائم في منزله فعلم به وقال والله لأسكتنّ حتّى أنظر ما يصنع فإذا بلغ مراده قمت إليه فنغّصت ذلك عليه,ومن تعلّم العلم ولم ينفتع به مثله كمثل صاحب السارق وهو أنّ رجلًا كان نائمًا في بيته فنزل عليه لصّ من نواحي داره فشعر به فأفكر لما عنده من العلم فقال والله لأصبرنّ على هذا السارق حتّى أنظر ماذا يفعل فإذا بلغ مراده قمت إليه فجعل,ومن علم العلم ولم يعمل به فمثله كمثل الرجل الذي يُقال إنّ سارقًا تسوّر عليه وهو نائم في منزله فعلم به وقال والله [لا] *لأسكت حتّى أنظر ما يصنع فإذا بلغ مراده قمت إليه *فنغّصت ذلك عليه,ومن علم ثمّ لم يستعمل علمه لم ينتفع به وكان مثله في ذلك مثل الذي زعموا أنّ رجلًا دخل عليه سارق في منزله فاستيقظ منه وعلم مكانه وقال لأسكتنّ حتّى أعلم ما يصنع ولأدعه حتّى إذا فرغ ممّا أخذه قمت إليه وكدّرت عليه فسكت عنه وهو في فراشه,ومن علم ثمّ لم يستعمل علمه لم ينتفع به وكان مثله في ذلك مثل الرجل الذي يُقال إنّ سارقًا دخل عليه منزله ليلًا فانتبه وعلم بمكانه وقال لأسكتنّ عنه حتّى أنظر ما يصنع ولأدعنّه حتّى إذا فرغ ممّا يأخذ قمت إليه فسكت عنه,ومن علم ثمّ لم يستعمل علمه لم ينتفع به مثله مثل الرجل الذي يُقال إنّه دخل عليه سارقًا في منزله ليلًا فانتبه وعلم بمكانه فقال لأسكتنّ عنه لأنظر ما يصنع ولأدعنّه إذا فرغ ممّا يأخذ !قام إليه فنغّصت ذلك وكدّرته فسكت عنه,ومن عمل ولم يستعمل علمه فمثله كمثل الرجل الذي بلغني عنه أنّ سارقًا دخل عليه في منزله فاستيقظ له وقال لأسكتنّ حتّى أنظر غاية ما يصنع هذا فإذا فرغ ممّا يحتاج إليه وثبت عليه بعد ذلك ومسكته وأخذت جميع ما أخذ فسكت صاحب الدار في فراشه,ومن علم ولم يستعمل علمه لم ينتفع بعلمه كان كمثل الرجل الذي بلغني أنّ سارقًا دخل عليه في منزله فاستيقظ الرجل فقال في نفسه لأسكتنّ حتّى أنظر غاية ما يصنع ولأتركنّه حتّى إذا فرغ ممّا يأخذ قمت إليه فنغّصت ذلك عليه وكدّرته فسكت وهو في فراشه,ومن عمل ولم يستعمل علمه لم ينتفع بعمله مثل الرجل الذي بلغني أنّ سارقًا دخل عليه في منزله فاستيقظ به الرجل فقال في نفسه لأسكتنّ حتّى أنظر غاية ما يصنع ولأتركنّه حتّى إذا فرغ ممّا يأخذ قمت إليه فنغّصته ذلك وكدّرت عليه وهو في فراشه,ومثل من استعمله ومن علم ولم يستعمل ولم ينتفع به كالرجل الذي مثله مثل (حديث الرجل والسارق) زعموا أن رجلًا دخل بيته سارق ليلًا وهو في منزله فاستيقظ صاحب المنزل وقال لأسكتن حتّى أنظر ما يصنع ولأدعنّه حتّى إذا فرغ ممّا يأخذ قمت إليه فنغّصته وكدّرته عليه فسكت وهو على فراشه
48,3b9e4a74-6445-4e0c-8e67-7f28ebe553cb,Burglar Steals and Gets Away,وجعل السارق يتردّد وطال تزّيده في جمع ما يجده فغلب الرجل النعاس فنام وفرغ اللصّ ممّا أراد وأمكنه الذهاب,وجعل السارق يطوف وطال تردّده على الرجل في جمعه فغلبه النعاس فنام وفرغ اللصّ بما أراده وأمكنه الذهاب,وجعل السارق يطوف فطال تردّده على الرجل في جمعه ما يجده فغلبه النعاس فنام وفرغ اللصّ ممّا أراد وأمكنه الذهاب واستيقظ,فجعل السارق يطوف البيت ويجمع فطال تردّده فحكم صاحب البيت النعاس فنام ففرغ اللصّ ممّا أراد وأمكنه حمله,وجعل السارق يطوف بالبيت ويجمع ما يجده فطال تردّده وغلب على صاحب البيت النعاس فنام ففرغ اللصّ ممّا أراد وحمله وخرج,فجعل السارق يطوف البيت ويجمع ما يأخذه إلى أن طال تردّده بذلك فقهر النعاس إلى صاحب البيت فغفى ففرغ اللصّ واحتمل ما جمعه وغدا,وجعل السارق يطوف في البيت ويجمع ما وجد فغلب على الرجل النوم فنعس وفرغ اللصّ ممّا أراد فحمله وخرج,السارق يطوف *بالبيت ويرفع متاعه ما استحلاه وحسن في عينيه قيمته فغلب النوم على الرجل وقوي عليه النعاس إلى أن فرغ اللصّ من جميع مراده واحتمله على كتفه,وجعل السارق يطوف في الدار ويجمع ما وجد ويتردّد فغلب على الرجل النوم *فنعس وفرغ اللصّ ما أراد من أسباب البيت ثمّ توجّه واحتمله,فجعل السارق يطوف في البيت طوفانه وتردّده حتّى غلب عليه النوم فنام ووافق ذلك فراغ السارق ممّا أراد الفراغ منه من جمع ما جمعه ثمّ أخذه وانطلق به ذاهبًا,وجعل السارق يطوف بالبيت ويجمع المتاع وطال تردّده في ذلك البيت فغلب الرجل النعاس فنام ووافق ذلك فراغ السارق من جميع ما أراد وحمل السارق ما كان جمع ومضى,فجعل السارق يطوف في البيت ويجمع المتاع وطال ترداده في ذلك البيت وغلب الرجل النعاس ووافق ذلك فراغ السارق ممّا أراد وحمل السارق ما معه ثمّ مضى,جعل السارق يدور في البيت ويجمع ما يقدر عليه من المتاع والأثاث وطال تطاوفه وترادده في الدار فغلب على صاحب المنزل النعاس فنام فخرج السارق بالمتاع وراح,وجعل السارق يطوف البيت ويجمع ما قدر عليه حتّى غلب على صاحب البيت النعاس وحمله النوم فنام ووافق ذلك فراغ السارق فعمد إلى جميع ما كان قد جمعه فاحتمله وانطلق به,وجعل السارق يطوف في البيت ويجمع ما قدر عليه فطال تطوافه وترداده حتّى غلب الرجل النعاس *وزمّله النوم فنام ووافق ذلك فراغ السارق فعمد إلى جميع ما كان قد جمّعه فاحتمله وانطلق به,وجعل السارق <يطوف> بالبيت ويتردّد حتى غلب على الرجل النوم فنام ووافق ذلك فراغ السارق ممّا أراد من جمع متاع البيت فانطلق
49,8ebb7daa-c2cf-493c-9dc5-5643d3a0f372,Man Discovers Mishap and Laments,واستيقظ الرجل فوجد {اللصّ قد أخذ} المتاع وفاز به وأقبل على نفسه يلومها وعرف أنّه لم ينتفع بعلم موضع اللصّ إذ لم يستعمل في أمره ما يجب,فاستيقظ الرجل فوجد اللصّ قد فاز بما أخذه من المتاع فأقبل على نفسه يلومها وعرف أنّه لم يعلم موضع اللّص إذا لم يعمل في أمره ما يجب,الرجل فوجد اللصّ قد فاز بما أخذ من المتاع فأقبل على نفسه باللوم *وعرف أنّه لم ينتفع بعلم موضع اللصّ إذا لم يستعمل في أمره ما يجب,فاستيقظ الرجل بعد ذلك فوجد السارق قد فاز بما أخذ من متاعه فأقبل يلوم نفسه ويعاتبها وعرف أنّه لم ينتفع بعلمه باللصّ إذ لم يعامله بما يجب,فاستيقظ الرجل بعد ذلك فوجد السارق قد فات بما أخذ من متاعه فأقبل على نفسه يلومها ويعاتبها وعرف أنّه لم ينتفع بعلمه باللصّ إذ لم يستعمل في أمره ما يجب,فانتبه الرجل بعد ذلك فوجد السارق قد فاز بمتاعه فأقبل على نفسه يلومها ويعاتبها وعرف أنّه لم ينتفع بعلمه باللصّ إذا لم يسارع بما أخذه,فاستيقظ الرجل من نومه فوجد السارق قد فاز بما أخذ من متاعه فأقبل على نفسه يلومها ويعاتبها وعرف أنّه لم ينتفع بما علمه من أمر اللصّ,فاستيقظ الرجل من نومه فوجد السارق قد فاز بجميع ما ناله من متاعه فأقبل يلوم نفسه ويعاتبها وعرف أنّه لا ينتفع بعلمه في أمر اللصّ,واستيقظ الرجل من رقدته بعده فوجد السارق قد فاز بما أخذ من متاع بيته فأقبل على نفسه يلومها ويعاتبها وعرف أنّه لم ينتفع بما علمه من أمر اللصّ,فانتبه الرجل بعد ذهاب السارق فلم يجد في بيته شيئًا ولم ينفعه علمه ولم يستعمله فهذه ثمرة التفريط,فانتبه الرجل بعد ذلك فوجده قد نجا بمتاعه فأقبل الرجل يلوم نفسه ويعاتبها وعلم أنّه لم ينتفع بعمله إذ لم يستعمله,وانتبه الرجل بعد ذلك فوجد السارق قد مضى بمتاعه فأقبل الرجل يعاتب نفسه ويلومها وقد علم أنّه لم ينتفع بعلمه إذ لم يستعمله,ثم إنّه استيقظ بعد ذهاب السارق بمتاعه فقام يدور في البيت فلم يجد السارق ولم يجد قد بقي في منزله شيء فجعل يلوم نفسه ويعاتبها ويعض كفّه أسفًا وندمًا أنّ فطنته وعلمه لم ينفعاه إذ لم يستعمل علمه في وقت حاجته إليه,واستيقظ الرجل بعد ذهاب السارق فلم يرى في منزله شيئًا فجعل يلوم نفسه ويعاتبها ويعضّ كفّيه أسفًا وعرف أنّ فطنته وعلمه لم ينفعاه شيئًا إذ لم يستعملهما,واستيقظ الرجل بعد ذهاب السارق فلمّا لم *ير في منزله شيئًا جعل يلوم نفسه ويعاتبها ويعضّ كفّيه أسفًا على فعله وعرف أنّ فطنته وعقله لم ينفعاه شيئًا إذ لم يستعمل علمه,واستيقظ الرجل بعد ذهاب السارق فلم ير في بيته شيئا فأقبل يلوم نفسه ويعاتبها [[وض]] وعلم أن علمه لم ينفعه شيئًا إذ لم يستعمله
50,e1620188-8e23-442d-9c86-a79be95964c7,Knowledge Is Complete with Proper Implementation,وقد يُقال أنّ العلم لا يتمّ إلاّ بالعمل,وقد قيل إنّ العلم لا يتمّ إلّا بالعمل,وقد يُقال إنّ العلم لا يتمّ إلّا بالعمل,وقد يُقال إنّ العلم لا يتمّ إلّا بالعمل,وقد يُقال إنّ العلم لا يتمّ إلّا بالعمل,ويُقال إنّ العلم لا يتمّ إلّا بالعمل,وقد يُقال إنّ العلم لا يُنتفع به إلّا بالعمل,وقد يُقال إنّ العلم لا يُنتفع به إلّا بالعمل,وقد يُقال إنّ العلم لا ينتفع إلّا [بما] *بالعمل,والعلم لا يتمّ إلّا بالعمل,وقد يُقال إنّ العلم لا يتمّ إلّا بالعمل,وكان يُقال إنّ العلم لا يتمّ إلّا بالعمل,والعمل لا يتم إلّا بالعمل,والعلم لا يتمّ لامرئ إلّا بالعمل,والعلم لا يتمّ إلاّ بالعقل,فالعلم لا يتم لامرئ إلّا بالعمل
51,86a8eec4-8000-4aae-90f6-9d22184e5ab0,Knowledge Is a Tree and Action Is the Fruit,وإنّ العلم كالشجرة والعمل فيها كالثمرة,وإنّ العلم كالشجرة والعمل فيها كالثمرة,كالشجرة والعمل فيها كالثمرة,والعلم كالشجرة والعمل الثمرة,والعلم كالشجرة والعمل هو الثمرة,وضربوا مثل الأدباء فقالوا !العمل كالشجرة والعمل كالثمر فالعمل الذي هو الثمرة يُنتفع به,لأنّ العلم هو الشجرة والعمل هو الثمرة,لأنّ العلم هو الشجرة واستعماله هو الثمرة,والعمل هو الثمرة للعلم,والعلم هو الشجرة والعمل هو الثمرة,وإنّ العلم هو الشجرة والعمل الثمر,فإنّ العلم هو الشجرة والعمل هو الثمرة,,والعلم هو الشجرة والعمل هو الثمرة,وهو الشجرة والعمل هو الثمرة,والعلم هو الشجرة والعمل هو الثمرة
52,4fddb327-8a3e-4267-b9b6-25ca68c10bb1,Scholar Must Act,وإنّما صاحب العلم يعرض بالعمل لينتفع به وإن لم يستعمل ما يعلم فليس يسمّى عالمًا,وإنّ صاحب العلم يعرض بالعقل لينتفع به وإن لم يستعمل فليس ذلك يسمّى عالمًا,وإنّما صاحب العلم يعرض بالعمل لينتفع وأن يستعمل ما يعلم فليس ذلك يسمّى عالمًا,ومن لم يعمل بما علم من العلم,وأمّا صاحب العلم إنّما يعمل به لينتفع,خصوصًا إذا كان الرجل يُقال عنه عالم وجب عليه العمل بعلمه,,,,وإنّما يطلب الرجل العلم لينتفع به وإن هو لم يستعمله لم ينتفع به ولا ينبغي له أن يطلبه,وإنّما يطلب صاحب العلم العلم لينتفع به وإن لم يستعمل ما يعلم فليس ذلك له,وإنّما يطلب صاحب العلم العلم لينتفع به وإن لم يستعمل ما يعلم فليس ذلك بأفعاله,فلا ينبغي لطالب العمل أن يترك استعماله إذا حصل له منه مراده وإن كان لا يضرّ ذلك فترك طلبه أولى من ترك استعماله,وإنّما يطلب الرجل العلم لينتفع به ينبغي أن يطلبه,وإنّما يطلبه ***,وإنمّا يطلب الرجل العلم لينتفع به وإذا لم ينتفع به فليس له أن يطلبه
53,9b050e64-01d8-4fd5-ad4d-bf2ab622d399,Man Hears about Traveller,,,,,,,,,,وربّ رجل لو قيل له,وربّ رجل لو قيل له,وربّ رجل لو قيل له,ألا ترى لو أنّ رجلًا قال,وربّ رجل لو قيل له,وربّ رجل لو قيل له,كمثل رجل لو قيل له
54,ec43e876-9ce7-4856-ae73-e1b0110d3ebb,Informed Traveller Takes Risky Road,ولو أنّ رجلا كان عالمًا بطريق مخوف ثمّ سلكه على علم به سُمّي جاهلًا ولعلّه أن يكون قد حاسب نفسه فوجدها قد تركت أشياء وهجمت به فيما هو أعرف بضررها فيه وعاد بها من ذلك المسلك في الطريق المخوف الذي قد عرفته,ولو أنّ رجلًا كان عالمًا بطريق مخوف ثمّ سلكه على علم به سُمّي جاهلًا لعلمه أن يكون قد حاسب نفسه فوجدها قد تركت أشياء وهجمت به فيما هو أعرف بضررها فيه وعاد بها من ذلك المسلك في الطريق المخوف الذي قد عرفته,ولو أنّ رجلًا كان عالمًا بطريق مخوف ثمّ *سلكه على علم به سُمّي جاهلًا ولعلّه يكون قد حاول نفسه فوجدها قد تركت أشياء وهجمت به فيما هو أعرف بضررها فيه وعاد بها من ذلك المسلك في الطريق المخوف الذي عرفته,,ولو أنّ رجلًا حلّ بطريق مخوف ثمّ سلكه على علم به يُسمّى جاهلًا وأقلّه إن حاسب نفسه وجدها قد تركت أشياء وأهجمت به في أمور هو أخوف من ذلك السالك في الطريق المخوف الذي قد عرفه,ولو أنّ رجلًا سلك طريق مخوف على علم به سُمّي جاهلًا وأقلّها *** التفريط في الطريق المخوف بلا رفيق فهذا ما عملا بعلمه,ولو أنّ رجلًا كان عالمًا بطريق مخوف ثمّ سلكه على علم لم ينتفع بعلمه وسُمي جاهلًا,ولو أنّ رجلًا كان عالمًا بطريق تخوّف ثمّ سلكه على علمه به <لم> ينتفع بعلمه,فلو أنّ رجلًا كان عالمًا بطريق مخوف ثمّ سلكه على غير علم به سُمّي جاهلًا,إنّ رجلًا كان عارفًا بطريق مهلكة ثمّ ركبه فأصاب منه مكروهًا من جهله ولعلّه أن يركب من الأمور ما يُعرف منه القبح والدناءة وسوء العاقبة فهو بذلك أشدّ خوفًا من ذلك الرجل من مخافة الطريق الذي ركب بجهله على الطريق,إنّ رجلًا كان عارفًا بطريق مخوفة ثمّ سلكها وهو عالم بها لقُضي عليه بالجهل ولعلّه إن حاسب نفسه وجدها ترتكب أشياء وتقتحم في أمور هو أشدّ معرفة بها وبضررها وسوء عاقبتها من ذلك السارق في الطريق المخوف الذي قد عرفه,إنّ رجلًا كان عارفًا بطريق مخوف ثمّ سلكه وهو عارف به لقُضي عليه بالجهل ولعلّه إن حاسب نفسه وجدها ترتكب أشياء وتقتحم في أمور هو أشدّ معرفة بها وتضرّرها بسوء عاقبتهما من ذلك السالك في الطريق المخوف الذي قد عرفه,أنّه عارف بطريق مخوفه ثم ركبه فأصابه فيها مكروهًا لكان هو يتعجّب من عمل نفسه وفعله ذلك وإقدامه على أمر يعرف وجه القبح فيه والدناءة وسوء العاقبة وهو بذلك أشدّ اشتياقًا وشغوفًا من ذلك الرجل الذي ركبه الهول مع معرفته,إنّ رجلًا كان عارفًا بطريق مخوف ثمّ ركبه فأصابه فيه مكروه أو أذى لتعجّب من جهله وفعله ولعلّه أن يكون يركب من الأمور ما يعرف به القبيح والدناءة وشرّ العاقبة وهو بذلك أشدّ استيقانًا من ذلك الرجل الذي ركب الهول بجهله,إنّ رجلًا كان عارفًا بطريق مخوف ثمّ ركبه فاصابه فيه مكروه وأذى لتعجّب من جهله وفعله ولعلّه أن يكون يركب من الأمور ما يعرف به القبح والدناءة وسوء العاقبة وهو بذلك أشدّ اشتياقًا من ذلك الرجل الذي ركب الهول بجهله,أن رجلًا كان عارفًا بطريق مخوف ثم ركبه فأصابه فيه مكروه لتعجّب من جهله ولعلّ غيره أن يركب من الأمور ما يعرف منه القبح والدناءة وسوء العاقبة فهو بذلك منه أشدّ استيقانًا من ذلك الرجل الذي ركب جهله
55,bfc0c647-0551-41b8-ad70-3532d257dabd,Desire Impedes Judgement,ومن ركب هواه ورفض ما ينبغي أن يعمل بما جرّبه هو أو علمه غيره,ومن ركب هواه ورفض ما ينبغي له أن يعمل بما جرّبه هو أو عمله غيره,ومن ركب هواه ورفض ما ينبغي أن يعمل بما جرّبه هو أو علم غيره,,ومن غلبه هواه رفض ما ينتفع به ولم يعمل بما علم من العمل,,,,ومن يركب <هواه> ويرفض ما ينبغي له أن يعمل بما جرّب ولا فيما مضى من غيره,,ومن ركب هواه ورفض ما ينبغي له أن يعمل به ولم يقتد بما جرّب فيما مضى من عمره,ومن ركب هواه ورفض ما ينبغي أن يعمل به ولم يعتدّ بما جرّب وما مضى من عمره,فحمله ذلك على اتّباع هواه فأوقعه في ما يكره وأرداه,وحمله على ذلك هواه وهو <لا> ينتفع بمعرفته,فحمله على ذلك هواه ومعرفته,وحمله على ذلك هواه
56,150792e5-8046-461a-858e-c98d92c85fcc,Informed Patient Eats Bad Food,كان كالمريض العالم برديء الطعام والشراب وجيّده وخفيفه وثقيله ثمّ يحمله الشره على أكل رديئه وترك ما هو أقرب إلى النجاة والتخلّص من علّته,كالمريض العالم برديء الطعام وجيّده وخفيفه وثقيله ثمّ يحمله الشره على أكل رديئه وترك استعمال ما هو أقرب إلى النجاة والتخلّص من علّته,كان كالمريض العالم برديء الطعام والشراب وخفيفه وثقيله ثمّ تحمله الشره على أكل رديئه وترك استعمال ما هو أقرب والنجاة والتخلّص من علّته,كان كالمريض الذي يعلم برديء الطعام وجيّده ثمّ يحمله الشره على أكل رديئه ويدع الاستعمال لما هو أقرب للنجاة والخلوص من علّته,كالمريض العالم برديء الطعام وجيّده وخفيفه وثقيله ثمّ يحمله الشره على أكل رديئه ويدع استعمال ما هو أقرب إلى النجاة والتخلّص من علّته,ومثله زعموا أنّ عالم مرض فالواجب عليه الحمية لأنّها رأس الحكمة فجعل يأكل جيّد الطعام ورديئه ويأخذه الشره إلى الرديء دون الجيّد فيدع الذي فيه النجاة ويتناول ما فيه الهلكة فتراكمت علّته إلى أن أهلكته,,,كالمريض العالم برديء الطعام وجيّده وخفيفه وثقيله ثمّ يحمله الشره على أكل رديئه ويديم استعمال ما هو أقرب إلى النجاة والتخلّص من علّته,فهو كالمريض الذي يعرف ضرر ثقل الطعام ثمّ تحمله الشهوة على أكل الثقيل منه ويدع استعمال ما هو أقرب إلى الراحة,كان كالمريض العالم بثقيل الطعام وخفيفه ثمّ يغلبه الشره وتحمله الشهوة على أكل الثقيل ويدع استعمال ما هو أقرب له إلى الراحة والعافية,كان كالمريض العالم بثقيل الطعام وخفيفه ويدع استعمال ما هو أقرب له إلى الراحة والعافية,كالمريض الذي يعرف ثقيل الطعام من خفيفه ثم تحمله الشهوة والشره على أكل الثقيل منه فيحدث له بذلك الآلام المزمنة,كالمريض العالم الذي يعلم ثقيل الطعام من خفيفه ثمّ تحمله الشهوة على أكل الثقيل منه,كالمريض العالم الذي يعلم ثقيل الطعام من خفيفه ثمّ تحمله الشهوة والشره على أكل الثقيل منه,وكالمريض العالم الذي يعرف ثقيل الطعام وخفيفه ثم تحمله الشهوة والشره على أكل الثقيل منه
57,d2cf4e4d-3ef4-49ff-a109-1ee9847e68b4,Those in the Know Have No Excuse,وأقلّ الناس عذرًا في اجتناب محمود الأفعال وارتكاب مذمومها من أبصر ذلك وميّزه وعرف فضل بعضه على بعض,وأقلّ الناس عذرًا في اجتناب محمود الأفعال وارتكاب مذمومها من أبصر ذلك وعرف فضل بعضه على بعض,وأقلّ الناس عذرًا في اجتناب محمود الأفعال وارتكاب من أبصره وميزّه وعرف أفضل بعضه على بعض,وأقلّ الناس عذرًا في اجتناب محمود الأفعال وارتكاب مذمومها من كان أبصر من الجاهل بها وعرف فضل بعضها على بعض,وأقلّ الناس عذرًا من كان أبصر من الجاهل بها وعرف فضل بعضها على بعض,وأقلّ الناس عذرًا من يجتنب المحمود ويفعل المذموم وسُمّي من الجهّال,,,وأقلّ الناس عذرًا في اجتناب محمود الأفعال وارتكاب مذمومها من أبصر ذلك وميّزه وعرف فضل بعضها على بعض,وأقلّ الناس عذرًا في اجتناب محمود الفعال وارتكاب مذمومه من أبصر ذلك وجرّبه وعرف فضل بعضه على بعض,وأقلّ الناس عذرًا في اجتناب محمود الفعال وارتكاب مذمومها من أبصر ذلك وميّزه وعرفه وعرف فضل بعضه على بعض,وأقلّ الناس عذرًا في اجتناب محمود الفعال وارتكاب مذمومه من أبصر ذلك بعد بصره وتميّزه وعرف فضل بعضه على بعض,فأقلّ الناس عذرًا في ارتكاب قبيح الأفعال من عرف قبح ذلك الشيء وبأقلّهم عذرًا أيضًا في ترك الأعمال الحسنة من قد عرف فضلها وحسن عائدتها وما فيها من المنفعة,فأقلّ الناس عذرًا في ترك الأعمال الحسنة من قد عرف فضلها وحسن عائدتها وما فيها من المنفعة وليس *يُعذر أحدًا على الخطأ,فأقلّ الناس عذرًا في ارتكاب قبيح من قد عرفه وأقلّهم عذرًا في ترك الأعمال الحسنة من قد عرف فضلها وحسن عائدتها وما فيها من المنفعة وليس يقدر أحد على الخطأ,فأقلّ الناس عذرًا في ارتكاب قبيح من قد عرف قبحه وأقلّهم عذرًا في ترك الأعمال الحسنة من قد عرف فضلها وما فيها من المنفعة وليس يُعذر أحد بالخطأ
58,efd88b8f-0a8c-486c-8bf7-e809b88468dd,A Sighted and a Blind Fall into a Ditch,كما أنّه لو أنّ رجلين أحدهما بصير والآخر أعمى ساقهما الأجل إلى حفر فوقعا فيها كانا إذ صارا جميعًا في قعرها بمنزلة واحدة,كما أنّه لو أنّ رجلين أحدهما بصير والآخر أعمى ساقهما الأجل إلى حفرة فوقعا فيها <فكانا> جميعًا في قعرها بمنزلة واحدة في المهلكة,كما أنّه لو كان رجلين أحدهما بصير والآخر أعمى ساقهما الأجل إلى حفرة فوقعا فيها كانا إذ صار جميعًا في *قعرها بمنزلة واحدة في الهلكة,كما أنّه لو أنّ رجلين أحدهما بصير والآخر ضرير جاء بهما الأجل إلى حفرة فوقعا فيها صارا كلاهما في قعرها بمنزلة واحدة في الهلكة,كما أنّه لو كان رجلين أحدهما بصير والآخر ضرير جاء بهما الأجل إلى حفرة فوقعا فيها فصارا جميعًا في قعرها بمنزلة واحدة في الهلكة,ومثاله زعموا كرجلين أعمى وبصير جاء بهما الأجل إلى حفرة فوقعا معًا فلمّا صارا في قعر الحفرة كانوا بمنزلة واحدة في الهلكة,كما لو أنّ رجلين أحدهما بصير والآخر ضرير جلبهم الأجل إلى حفرة فوقعا فيها كانا إذا ماتا إلى قعرها بمنزلة واحدة في الهلكة,كما أنّه لو مرّ رجلان بصيران وأعمى بطريق أوقعتهما إلى حفرة فلمّا صار في قعرها كان بمنزلة واحدة,كما أنّه لو أنّ رجلين أحدهما بصيرًا والآخر أعمى جلبهما الأجل إلى حفرة فوقعا فيها كانا إذا صارا في قعرها بمنزلة واحدة في الهلكة,كما أنّ رجلين أحدهما بصير والآخر أعمى جلبهما الأجل إلى بئر فوقعا فيها فهلكا فيها جميعًا فلم ينج البصير من الهلكة أنّه وقع في البئر وهو يبصرها وكانا فيها إذ صارا جميعًا في قعرها بمنزلة واحدة وفي الهلكة سواء,كما أنّه لو أنّ رجلين أحدهما بصير والآخر أعمى ساقهما الأجل إلى حفرة فوقعا فيها فهلكا فكانا فيها إذا صارا جميعًا إلى قعرها بمنزلة واحدة في الهلكة,كما أنّه لو أنّ رجلين أحدهما أعمى والآخر بصيرًا حينهما مع الأجل فوقعا في كوّة فهلكا جميعًا كانا في الهلكة سواء إذ صارا في قعر البئر,كما أنّه لو أنّ رجلين أحدهما بصير والآخر أعمى وقعا في جبّ وهلكا ولم ينجو الضرير من الهلكة لأنّه وقع في البئر ولم يبصرها فكان معذورًا لأنّه فرقًا ظاهرًا بين حال الضرير والبصير,كما أنّه لو أنّ رجلين أحدهم أعمى والآخر بصير وقعا في جبّ فهلكا جميعًا ولم ينج البصير من الهلكة لأنّه صار والأعمى في الجبّ بمنزلة واحدة,كما أنّه لو أنّ رجلين أحدهما بصير والآخر ضرير وقعا في بئر فهلكا جميعًا ولم ينج الضرير من الهلكة لأنّه وقع في بئر ولم يبصرها وكلاهما في البئر بمنزلة واحدة وكلاهما في الهلكة سواء,كما أنّه لو أنّ رجلين أحدهما بصير والآخر أعمى وقعا في بئر فهلكا جميعًا ولم ينجو البصير من الهلكة أنّه وقع في البئر وهو مبصر بها فكلاهما بمنزلة واحدة في الهلكة
59,4c211ab6-a264-4aa2-b50b-699c562b3e2c,The Sighted Man Has No Excuse,غير أنّ البصير أقلّ عذرًا عند الناس من الضرير إذ كانت له عينان يبصر بهما *** وهو بما صار إليه جاهل غير عارف,غير أنّ البصير أقلّ عذرًا عند الناس من الضرير إذا كانت له عينان يبصر بهما وذلك بما صار إليه جاهلًا غير عارف,غير أنّ البصير أقلّ عذرًا عند الناس من الضرير إذ كانت له عينان يبصر بهما وذلك بما صار إليه جاهل غير عارف,غير أنّ البصير أقلّ عذرًا عند الناس إذ كان له عينان يبصر بهما وأمّا الضرير جاهل بما صار إليه,غير أنّ البصير أقلّ عذرًا عند الناس *إذ كانت له عينان يبصر بهما من الضرير الذي وقع وهو بما صار إليه جاهل,غير أنّ البصير أقلّ عذرًا من الضرير عند الناس إذ له عينان يبصر بهما دون الضرير,غير أنّ البصير أقلّ عذرًا,غير أنّ البصير أقلّ عذرًا من الضرير,غير أن البصير أقلّ عذرًا عند الناس إذ كان له عينان من الضرير,غير أنّ البصير عند العلماء والعقلاء أقلّ عذرًا إذ كان له عينان يبصر بهما من الأعمى الذي وقع وهو بما صار إليه جاهلًا,غير أنّ البصير أقلّ عذرًا عند الناس *إذ كانت له عينان يبصر بهما من الأعمى الذي وقع وهو بما صار إليه جاهل,غير أنّ البصير أقلّ عذرًا عند الناس إذ كان له عينان يبصر بهما من الأعمى الذي هو بما صار إليه جاهل,فلذلك لا يُقام العذر [لا] على البصير في هلاكهما جميعًا في البئر وكان عند العقلاء وأهل المعرفة أقلّ عذرًا من الضرير المحجوب الذي لا يعلم كيف يذهب,لكان البصير عند العقلاء أقلّ عذرًا من الأعمى,غير أنّ البصير عند العقلاء وأهل الحجى أقلّ عذرًا,غير أنّ الأعمى عند العقلاء أقلّ عذرًا
60,8e0efc28-362c-4392-afd2-14b475668a56,Scholar Must Discipline Himself,,وعلى العالم أن يبدأ بنفسه فيؤدّبها بعلمه ولا يكون غاية اقتنائه العلم لمعاونة غيره,وعلى العالم أن يبدأ بنفسه فيؤدّبها بعلمه ولا يكون غايته اقتناؤه العلم *لمعاونة غيره,والعالم يؤدّب نفسه بعلمه ولا يكون غايته من العلم اقتناء !معاندة غيره,وعلى العالم أن *يبدأ بنفسه فيعظها ويؤدّبها بعلمه ولا يكون غايته من العلم اقتناؤه ما يفوز به غيره والعناء له,فالعالم يردع نفسه عن الهلكات دون الجاهل لأنّ ربّما إذا العالم ردع نفسه وردّها بعلمه ارتدع الجاهل معه,وعلى العالم أن يبدأ بنفسه فيؤدّبها بعلمه ولا يكون غايته اقتناؤه لمفازة غيره,وعلى العالم أن يبدأ بنفسه فيدبّرها ويوصلها بعلمه ولا يكون غايته استعانة لغيره,وعلى العالم أن يبدأ بنفسه *فيؤدّبها بعلمه ولا يكون غايته *اقتناؤه لمفازة غيره والاضطراب عن الارتياض به,وعلى العالم أن يبدأ بنفسه فيعظها فلا ينبغي له أن يعيذ غيره ويضيّع نفسه ويجب عليه أن يتعاهد نفسه بما يجب عليه,وعلى العالم أن يبدأ بنفسه فيعظها بعلمه ولا تكن غايته أن يفيد علمه غيره وينسى أن يعاهد نفسه بما يجب عليها,وعلى العالم أن يبتدئ بنفسه فيعظها بعلمه ولا يكون غايته أن يفيد عليه غيره وينسى أن يعاهد نفسه بما عليه,ومن كان طلبه العلم لغيره كي يُعلّمه ويعرّفه,ومن كان يطلب العلم ليعلّمه غيره وليعرّفه سواه,ومن كان إنّما يطلب العلم ليعلّمه غيره وليعرّفه,فمن كان يطلب العلم ليعلّمه غيره وليعرّف به
61,8704cb01-b3f4-418b-801c-d2ef9f48e456,Water-Spring Benefits Only Others,فيكون كالعين التي يشرب الناس ماءها وليس لها في ذلك شيء من المنفعة,فيكون كالعين الذي يشرب الناس *ماءها وليس لها في ذلك منفعة,فيكون كالعين التي يشرب الناس *ماءها وليس لها في ذلك شيء من المنفعة,فيكون كالعين التي تشرب الناس ماءها وليس لها بذلك شيء من المنفعة,,فمثالها زعموا أنّ العين التي يُشرب *ماؤها وليس فيها شيء من <المنفعة>,فيكون مثل العين التي يشرب الناس ماءها وليس لها في ذلك شيء من المنفعة,فيكون مثل العين الذي يشرب منها الناس ولا لها من مائها عائد,ولا يكون كالعين التي يشرب الناس *ماءها وليس لها في ذلك شيء من المنفعة,ولا يكون كالعين الماء التي ينتفعون الناس بشربها وليس لها من منفعة ذلك شيء,فيكون كالعين التي يشرب الحيوان ماءها وينتفعون بها وهي ليس لها من منفعة ذلك شيء,فيكون كالعين الذي يشرب الحيوان ماءها وينتفعون بها وليس لها من منفعة ذلك شيء,فإنّما هو بمنزلة العين الجارية التي ينتفع الناس بمائها وليس له من المنفعة بها شيئًا,فإنّما هو بمنزلة العين التي ينتفع الإنسان بما بها وليس لها من تلك المنفعة شيء,فإنّما هو بمنزلة العين التي ينتفع بها الإنسان بمائها وليس لها من تلك المنفعة شيء,فإنّما هو مثل عين الماء التي ينتفع الناس بمائها وليس لها من تلك المنفعة شيء
62,5d49990b-cfa8-40ce-b401-09977e9d4992,Silk Worm Benefits Only Others,وكدودة القزّ التي تحكم صنعته ولا تنتفع به,وكدود القزّ الذي يحكم صنعته ولا ينتفع به,وكدودة القزّ التي تحكم صنعته ولا تنتفع به,أو كدود القزّ الذي يحكم صنعته ولا ينتفع منه بشيء,فيكون [كدو] كدودة القزّ التي تُحكم بصنعتها ما يتجمّل به غيرها والهلاك لها,أو كدود القزّ الذي يحكم صنعته ولا ينتفع منها بشيء أصابه نهاية الجهل,أو كدودة القزّ التي تُحكم صنعها ولا تنتفع هي منه بشيء,أو مثل دودة القزّ تحبس نفسها لمنفعة غيرها,أو كدودة القزّ الّتي تحكم صنعتها ولا تنتفع هي منه بشئ,,,,,,,
63,2a19dcf3-427c-4b56-97db-22251877bbc0,Giving Advice Is Conditioned upon Mastery,,,,,,,,,,,ثمّ إذا *أحكم ما أراد أن يُحكمه من نفسه فنبّه غيره وأفاده من طلبه,ثمّ إذا *أحكم ما أراد أن يُحكم من نفسه فتشه غيره وأفاده من طلبه,,,,
64,f6c7e111-6b80-4cf4-bdb8-f24ab4c938bf,Instructing Oneself Comes First,فقد ينبغي لمن طلب العلم أن يبدأ بعظة نفسه ثمّ عليه بعد ذلك أن يقبسه,,فقد ينبغي لمن طلب العلم أن *يبدأ بعظة نفسه ثمّ عليه بعد ذلك أن يقبسه,وينبغي لطالب العلم أن *يبدأ *بعظة نفسه ثمّ عليه بعد ذلك أن يعلّم ويعظ غيره,وقد ينبغي لمن طلب العلم أن *يبدأ بنفسه فيعظها ثمّ عليه بعد ذلك أن يفيده لغيره,فالعالم يعظ نفسه قبل أن يعظ غيره,فقد ينبغي لمن طلب العلم أن يبدأ *بعظة نفسه ثمّ بغيره,فينبغي لطالب العلم أن *يبدأ بعظة نفسه فيهديها ويصلح فسادها ثمّ ما أصلح به نفسه يصلح به غيره,فقد ينبغي لمن طلب العلم أن يبدأ بنفسه ثمّ بغيره,,,,فيجب على من طلب العلم أن يبدأ أولًا ببعضه على نفسه ثم عليه بعد ذلك أن يقتبسه لغيره ويعلّمه لمن سواه,,فقد ينبغي لمن طلب العلم أن يبدأ بعظة نفسه ثمّ عليه بعد ذلك أن يقبسه غيره,فقد ينبغي لمن يطلب العلم أن يبدأ فيعظ به نفسه ثم *عليه بعد ذلك أن يقبسه غيره
65,8a73e102-bd42-440c-815a-849d74b74e6c,Three Things Are Needed for Worldly Life,فإنّ خلالًا ينبغي لصاحب الدنيا أن يقتنيها ويقبسها منها العلم والمال ومنها اتّخاذ المعروف,وقد ينبغي لصاحب الدنيا أن يقتبسها ويقتنيها منها العلم والمال واتّخاذ المعروف,فإنّ *خلالًا يبغي لصاحب الدنيا أن يقتبسها,فإنّ خلالًا ثلاثة [لا] ينبغي لصاحب الدنيا أن يقتبسها ويقنيها منها العلم والمال واتّخاذ المعروف,فإنّ خلالًا ثلاثة لا ينبغي لصاحب العقل أن يتهاون في اقتنائها تحصيل العلم والاكتساب واتّخاذ المعروف,وعلامة العالم يكون مقتني ثلاثة أشياء العلم على وثيقة والمال من كدّ حلال واتّخاذ المعروف,وإنّ خلالًا ثلاثة ينبغي لصاحب الدنيا أن يقتبسها ويقبسها منه المال والعلم واتّخاذ المعروف,وقيل ثلاثة خصال ينبغي لصاحب الدنيا أن يقيسها ويقتبسها غيره *** اتّخاذ المعروف,وينبغي لصاحب الدنيا أن يقتنيها ويقتبس منها العلم والمال واتّخاذ المعروف,فإنّه يُقال إنّ خلالًا ثلاثة ينبغي [[للإنسان]] لصاحب الدنيا أن يقتبسها منها العلم ومنها المال ومنها اتّخاذ المعروف والمجاملة,فإنّه يُقال إنّ خلالًا ثلاثًا ينبغي لصاحب الدنيا أن يقتبسها منها العلم ومنها المال ومنها الرغبة في المعروف,فإنّه يُقال إنّ خصالًا ثلاثًا ينبغي لصاحب الدنيا أن يقتبسها منها العلم ومنها المال ومنها الرغبة في المعروف,فيصلح لصاحب الدنيا أن يجتمع له ثلاثة أشياء منها العلم والمال *واتّخاذ المعروف عند الناس,فإنّ خلالًا ثلاثًا ينبغي لصاحب الدنيا يقتبسها ويقتنيها منها العلم ومنها المال ومنها اتّخاذ المعروف,فإنّ خلالًا ثلاثة ينبغي لصاحب الدنيا أن يقتبسها ويقبسها منها العلم ومنها اتّخاذ المعروف والمجاملة,فإن ثلاثًا ينبغي لصاحب الدنيا أن يقتبسها ويقبسها منها العلم ومنها المال ومنها اتّخاذ المعروف
66,c0310966-ec28-4a00-833b-de58d15d70cb,One Should Not Condemn Faults in Others One Has,وليس للعالم أن يعيب امرءًا بشيء فيه مثله,وليس ينبغي للعالم أن يعيب أمرًا واشتغل بشيء فيه مثله,أن لا يعتب أحد بشيء وهو فيه,ولا ينبغي للعالم أن يعتب على أحد من الناس في أمر يدخل هو بمثله,وليس ينبغي للعاقل أن يعتب على أحد في أمر يدخل هو في مثله,ولا ينبغي للعالِم أن يعتب على أحد من الناس في أمر يرجع الملامة عليه,وليس ينبغي لأحد أن يعيب على أحد أمرًا يدخل هو في مثله,وليس لأحد أن يعتب على أحد في أمر فيه مثله,وليس ينبغي للعالم أن يعيب على أحد أمرًا يدخل هو في مثله,,وليس ينبغي للعالم أن يعتب على رجل فعل فعلًا يدخل في مثله,وليس ينبغي لعالم أن يعتب على رجل فعلًا يدخل هو في مثله,,,,
67,f2e24de9-a39a-4605-8bb9-272150a3ff7b,Things Should Not Pursued without Premeditation,,,,,,,,,,وقد قيل إنّه لا ينبغي أن يطلب الرجل أمرًا إلّا بعد معرفته بفضله وأنّه يُعدّ جاهلا,,,فقد قيل إنّه لا يجوز لصاحب الدنيا أن يطلب أمرًا ويتعب نفسه فيها وليس له منه منفعة,وقد قيل إنّه لا ينبغي لطالب أن يطلب أمرًا إلّا من بعد معرفته بفضله فإنّه يُعدّ جاهلًا من طلب أمرًا وعنّى نفسه فيه وليس له منفعة,وقد قيل إنّه لا ينبغي لطالب العلم أن يطلب أمرًا إلّا من بعد معرفته بفضله وأنّه يُعدّ جاهلا من طلب أمرًا وعنَّ نفسه فيه وليس له منه منفعة,وقد قيل إنّه لا ينبغي لطالب الأمر أن يطلب الأمر إلّا بعد معرفته بفضله فإنّه يعدّ جاهلًا من طلب أمرًا أعنا نفسه فيه وليس له منه منفعة
68,c146a91c-86e5-4a91-af3a-5de0a70483e5,Some Readers Err in This,,,,,,,,,,,,,وقد نرى بعض يقف على هذا الكتاب ويقرأه ويجهد فيه نفسه وقد ترك العمل به والتدبّر لمعانيه,وقد ترى بعض من يقرأ هذا الكتاب فيتعجّب منه ويجهد نفسه في حفظه ويترك العمل به,وقد يُرى أنّ بعض من يقرأ هذا الكتاب سيعجب منه وممّن يفعل ذلك فيجهد نفسه في حفظه وترك العمل به,وقد ترى أنّ بعض من يقرأ هذا الكتاب ممّن يفعل ذلك فاحذر أن تكون منهم
69,49179d05-c1ca-422d-ae24-d8c80b6b2984,The Passive Reader Is Like a Blind,,,,,,,,,,,,,فإذا هو كالأعمى الذي غلب عليه الحيرة فلا ينبغي لمن عقل أن يطلب أمرًا فيه مضرّة لصاحبه وهو يتحقّق أن القادر مأخوذ بقدره,,,
70,7b38743f-de60-46a9-bf0e-ff3de222b168,Reader Is Like a Blind Blaming another Blind,ويكون كالأعمى الذي يعيّر الأعمى بعماه,فيكون كالأعمى الذي يعيّر الأعمى بعماه,فيكون كالأعمى الذي يعيّر الأعمى بعماه,فيكون كالأعمى الذي عيّر الأعمى بعماه,فيكون كالأعمى الذي يعيّر الأعمى في عماه,فيكون مثاله كالأعمى الذي عيّر الأعمى بالعمى,فيكون كالأعمى الذي يعيّر الأعمى بعماه,يكون كالأعمى الذي يعيّر غيره بعماه,فيكون كالأعمى الذي يعيّر الأعمى بعماه,,فيكون كالأعمى الذي يعاير الأعور بعوره,فيكون كالأعمى الذي يعيّر الأعور بعوره,,فيكون كالأعمى الذي عيّر الأعور بعورته,فإذا هو كالأعمى الذي عيّر الأعور بعوره,فإذا أنت كالأعمى الذي عيّر الأعور بعوره
71,c9812978-9926-416f-adb4-c6f0d65f32e0,No Benefit Should Be Obtained by Harming Others,,,,,,,,,,من طلب أمرًا فيه مضرّة لصاحبه يطلب بذلك صلاح نفسه وفساد غيره فإنّ الغادر مأخوذ,ولا ينبغي له أن يلتمس صلاحًا لنفسه بإفساد غيره,ولا ينبغي له أن يلتمس صلاحًا لنفسه بإفساد غيره,,وينبغي لمن عقل أن لا يطلب أمرًا فيه مضرّة لصاحبه يطلب بذلك صلاح نفسه فإنّ الغادر مأخوذ,وينبغي لمن عقل أن لا يطلب أمرًا فيه مضرّة لصاحبه يطلب بذلك صلاح نفسه فإنّ الغادر مأخوذ,وينبغي لمن له عقل ألّا يطلب أمرًا فيه على صاحبه مضرّة يطلب بذلك صلاح نفسه نفسه فإنّ الغادر مأخوذ
72,90bf2451-1427-4f1c-a664-807160aea188,One Must Know When to Halt Pursuit,وينبغي لمن طلب أمرًا أن تكون له فيه غاية ونهاية ويعمل بها ويقف عندها ولا يتمادى في الطلب,وينبغي لمن طلب أمرًا أن يكون فيه غاية ونهاية يعمل بها ويقف عندها ولا يتمادى في الطلب,وينبغي لمن طلب أمرًا ويكون له فيه غاية ونهاية يعمل بها ويقف عندها ولا يتمادى في الطلب,وينبغي لمن طلب أمرًا أن يكون له به عناية ونهاية يعمل بها ويقف عندها ولا يفاحش في الطلب,وينبغي لمن طلب أمرًا أن يكون له به عناية ونهاية يعمل بها ويقف عندها ولا يفاحش في الطلب,وينبغي لمن طلب أمرًا يكون يعرف نهايته ولا يفاحش في الطلب,,,,فينبغي لمن طلب أمرًا أن يكون له غاية ونهاية يعتمد عليها,,فينبغي لمن طلب أمرًا أن يكون له غاية ونهاية يعتمد فيها ويقف عندها ولا يتمادى في الطلب,وإنّما ضربت لك هذا المثل لتعلم أنّه ينبغي لمن طلب أمرًا أن تكون له غاية ونهاية يعتمدها ويقف عندها ولا يتمادى في الطلب,فينبغي لمن طلب أمرًا أن يكون له غاية ينتهي إليها,فينبغي لمن طلب أمرًا أن يكون له فيه غاية ينتهي إليها,على من طلب أمرًا أن يكون له فيه غاية ينتهي إليها
73,6bf93976-fee1-47db-8cbc-d93c023f8187,He Who Strives Aimlessly Fails,,,,,,,,,,فإنّه يُقال من جرى ولم تكن له غاية يجري إليها خاب رجاؤه,,,,,,
74,4cce722e-21c6-4653-8dc6-1ea03ac4d9e3,A Pursuit without a Clear Goal Is Treacherous,فإنه يُقال من سار إلى غير نهاية فيوشك أن يقطع به مطيّته,فإنّه يُقال من سرى إلى غير غاية فيوشك أن يقطع فيه مطيّته,فإنّه يُقال من سرى إلى غير غاية فيوشك أن تقطع به مطيّته,فإنّه يُقال إلى من جرى إلى غاية غيره فيوشك أن يقطع به مطيّته,فإنّه يُقال [يقا] إنّه من جرى إلى غاية غيره يوشك أن تنقطع به مطيّته,,,,,ومن أجرى دابّته إلى غير غاية يوشك أن تنقطع به دابّته,,فإنّه يُقال من جرى إلى غير غاية أوشك أن ينقطع به <مطيّته>,فإنّه يُقال ما جرى إلى غير غاية يوشك أن تنقطع به دابّته,فإنّه من أجرى إلى غير غاية أوشك أن يكون فيه !غاية وتقوم فيه دابّته,فإنّه من جرى إلى غير غاية أوشك أن يقوم ?بايبه,فإنه من جرى إلى غير غاية أوشك أن تقوم به دابّته
75,752423d0-c788-4261-800b-6347e28f0f24,One Should Not Seek the Unattainable,وأن كان حقيقًا ألاّ يعين نفسه على طلب ما لا حدّ له وما لم ينله أحد قبله ولا يتأسّف عليه,فأن كان حقيقًا أن لا يعين نفسه على ما لا حدّ له ولا ينله أحدًا من قبله ولا يتأسّف عليه,وأن كان حقيقًا أن لا يعين نفسه على طلب ما لا حدّ له وما لم ينله أحد قبله لا يتأسّف عليه,*فـأن كان حقيقًا أوّلًا ويطمّع نفسه بما لا يجده ولم يبلغه أحدًا قبله,وأن لا يتأسّف على ما لم يمكن إدراكه من دنياه,فيطمّع نفسه بما لا يجد إليه وصول,,,,كان حقيقًا أن لا يعنّي نفسه بما لا حدّ له ولا ييأس ممّا يكون ويوجد,,وكان حقيقًا أن لا يعنّي نفسه بطلب ما لا حدّ له وما لم ينله أحد قبله ولا ييأس بما لا يكون ويوجد,وكان حقيقًا أن لا يعني نفسه بطلب ما لا حدّ له وما لم ينله أحد قبله,وهو حقيق أن لا يُعنّي نفسه بطلب ما لا يجد,وهو حقيق أن لا يعني نفسه بطلب ما لا يجد,وهو حقيق أن لا يحدث نفسه بما لا يعنيه أو يطلب ما لا يوجد وما لا يصيب أحد من قبله ولا ييأس ممّا يكون أن يوجد
76,cba70457-6ebd-4868-88ae-db531752dd2d,The Here Is Not to Be Preferred Over the Hereafter,ولا يكون لدنياه مؤثرًا على آخرته,ولا يكون لدنياه مؤثرًا على إخوته,ولا يكون لدنياه مؤثرًا على آخرته,ولا يتأسّف فيما يمكن أن يكون لدنياه مؤخِّرًا عن آخرته,ولا يكون لدنياه مؤثرًا على أخراه,,,,,وأن يكون لآخرته مؤثرًا على دنياه,,وأن يكون لآخرته مؤثرًا على دنياه,وأن يكون لآخرته موفرّا على دنياه,وأن يكون لآخرته مؤثرًا على دنياه,وأن يكن لآخرته مؤثرًا على دنياه,ويكون لأخراه مؤثرًا على دنياه
77,d25680af-8395-4ed3-b063-854dc1dbbba5,Detachment Eases Death,فإنّه من لم يعلق قلبه بالغايات قلّت حسرته عند مفارقتها,فإنّه من لم يعلق قلبه بالغايات قلّت حسرته عند مفارقتها,فإنّه من لم يعلق قلبه بالغايات قلّت حسرته عند مفارقتها,فإنّه من تعلّق قلبه بالغايات *قلّت مسّرته,فإنّ من تعلّق قلبه بالغايات قلّت مسرّته عند [مفا] مفارقتها,لأنّه إن تعلّق قلبه بالغايات قلّت مسرّته عند آخر مفرقها فإذا الرجل طمع في أمور المحال يكون من أكبر الجهّال,,,,فإنّه من قلّ نفعه في الدنيا قلّت حسرته عند فراقها,,فإنّه من قلّ تعلّقه بالدنيا قلّت حسرته عند فراقها,فإنّه من قلّ تعلّقه بالدنيا قلّت حسرته عند فراقها,فإنّه قد قيل من قلّ تعلّقه بالدنيا قلّت حسرته عند فراقها,فإنّه من قلّ فعلته بالدنيا قلّت حسرته عند فراقها,فإنّه من قلّ تقلّبه في دنياه قّلت *حسرته {مساءته} عند فراقها
78,4f7d7f53-6284-4cc4-9cf8-3945e833be4c,One Should Not Despair from Attaining Goals,,,,,,,,,,,,,,وينبغي له أن لا يأيس من أن يصيب ذلك وإن قسى قلبه,وينبغي له أن لا *يأيس من أن يصيب ذلك وإن قسا قلبه,وينبغي أن لا ييأس من أن يصير ذلك إليه وإن قُسي قلبه
79,88106891-bd61-4913-8f57-3f5e2ccbcbfd,Two Things Suit Everyone,وقد يقال في أمرين يجملان بكلّ أحد أحدهما النسك والآخر المال,وقد قيل في أمرين يُحملان بكلّ أحد أحدهما النسك والآخر المال,,,وقد يُقال عن أمرين إنّهما يُحملان بكلّ أحد أحدهما النسك والآخر المال,,وقد يُقال في أمرين [لا] يجملان بكلّ أحدهما النسك والآخر المال,وقيل أمرين لا يجتمعن بأحد السكر والمال,,ويُقال في أمرين يجملان بكلّ أحد منها النسك ومنها المال,,وقد يُقال في أمرين يجملان بكلّ أحد منها النسك ومنها المال,قد قيل في أمرين *يجملان بكلّ واحد منهما النسك ومنها المال,فإنّه يُقال في أمرين يجملان بكلّ أحد وهما النسك والمال,فإنّه يقال في أمرين يجملا بكلّ أحد النسك والمال,فإنّه يقال في أمرين يجملان بكل أحد النسك والمال
80,697403c3-7191-4875-a5bf-dde1241316cd,Two Things Do Not Suit Anyone,وقد يقال في أمرين لا يجملان بكلّ أحد الملك أن يشارك في ملكه والرجل أن يشارك في زوجته,ويُقال إنّ أمرين لا يُحملان بكلّ أحد المَلك أن يشارك في مُلكه أحدًا والرجل أن يشارك في زوجته آخر,وقد يُقال في أمرين لا يُحملان بكلّ أحد الملك يشارك في ملكه والرجل أن يشارك في زوجته,وقد يقال عن أمرين <لا> يُحملان بكلّ أحد مشاركة الملك في مملكته والثاني مشاركة الرجل في زوجته,وأمرين لا يُحملان بأحد الأوّل مشاركة الملك في ملكه الثاني مشاركة الرجل في زوجته,هل يطمع أحد في مشاركة مُلك السلطان أو يطمع رجل في مشاركة زوجة أحد,ويقال في أمرين لا يشارك فيهما الملك لا يشارك في مُلكه والآخر لا يشارك في زوجته,يُقال أمران لا يشارك فيهما الملك في ملكه والزوج في امرأته,وقد يقال في أمرين لا يجملان بكلّ أحد الواحد الملك لا يشارك فيه والثاني الزوجة لا يشارك فيها,,,,,,,
81,e7d90efb-9c23-4e03-8dd3-ee86c4161fd5,Fire Consumes Every Log,فالخلّتان الاوليتان مثلها مثل النار التي تحرق كلّ حطب يُُقذف فيها,فالخلّتان الأوليتان مثلهما مثل النار التي تحرق كلّ حطب يُقذف فيها,فالخلّتان الأوّلتان مثلهما مثل النار الذي تقذف كلّ حطب يقذف فيها,فالحالان الأوليان مثلهما كمثل النار التي تحرق كلّ حطب يُقذف فيها,فالحالان الأوّلان مثلهما كمثل النار التي تحرق كلّ شيء,,فالحالتان الأولتان مثلهما مثل النار التي تحرق كل حطب يُقذف فيها,*فالحالتان الأولتان مثلهما كمثل النار الذي تحرق كلّ حطب يُقذف فيها,والحالتان الأولتان مثلهما كمثل النار الّتي تحرق كلّ حطب يلقى فيها,وإنّما مثل ذلك مثل النار المتأجّجة التي يوافقها كلّ حطب وليس من حطب يُقذف فيها إلّا قبلته,,وإنّما مثل ذلك مثل النار المؤجّجة الذي يوافقها كلّ حطب يُقذف فيها,وأيضا مثل ذلك مثل النار المؤجّجة التي يوافقها كلّ حطب يُقذف فيها,وإنّما مثل ذلك كالنار المتأجّجة التي ليست تُقذف إليها إلّا قبلته وكان لها موافقًا,وإنّما مثل ذلك النار المؤجّجه التي ليس من حطب يُقذف إليها إلاّ قبلته وكان لها موافقًا,وأيضا مثل ذلك مثل النار المؤججة التي ليس من شيء يُقذف فيها إلّا أكلته ونقلته إليها موافقًا
82,3b61a804-c031-4921-9709-5f8f7af1c3cd,Fire and Water Do Not Mix,والخلّتان الأخريتان كالماء والنار الذي لا يمكن اجتماعهما,والخلّتان الأخريان كالماء والنار الذي لا يمكن اجتماعهما,والخلّتان الأخيرتان كالماء والنار الذي لا يمكن اجتماعهما,والحالتان الأخرتان مثلهما كمثل الماء والنار الذي لا يمكن اجتماعهما,والحالتان الآخرتان مثلهما كمثل النار والماء التي لا يمكن اجتماعهما,فالحالان محال مثالهما كمثل الماء والنار فهذا لا يمكن أن يجتمعا,والحالتان الأخرتان كالماء والنار التي لا يمكن اجتماعهما عليه *** *عناء,والحالتان الأولتان كالماء والنار اللتان لم يمكن اجتماعهما ومن رام موافقة هاذين فقد رام عناء,والحالتان الأخيرتان كالماء والنار التي لا يمكن اجتماعهما,,,,,,,
83,a35b9acd-4e51-416d-90e0-7650bb1f68a0,God's Blessings Arrive When Least Expected,وليس ينبغي للعاقل أن يغبط أحدًا ساق اللّه إليه صنعًا وقد كان راجيًا منه غير ذلك,وليس ينبغي للعاقل أن يغبط أحدًا أساق الله إليه ضيفًا وقد كان غير *راج منه ذلك,وليس ينبغي للعاقل أن يغيظ أحدًا إلّا ساق الله له صنيعًا وكان غير راج منه ذلك,وليس ينبغي للعاقل أن يغيظ أحد بما ساق الله إليه من الصنائع وقد كان له غير راج وعنه غافل,وليس ينبغي للعاقل أن يغيظ بما ساق القدر إليه من الأمور من غير صنع منه ولا قصد لذلك وكان غير راج له وغافلًا عنه,,,,,فلا ينبغي للعاقل أن يقنط ولا ييأس فربّما ساق الله تعالى إلى عبده رزقًا وهو عنه غافل وله غير راج,,وليس ينبغي للعاقل أن يقنط أو ييأس فربما ساق الله الى عبده <رزقًا> وهو غافل وله غير راج,وليس ينبغي للعاقل أن يقنط ولا ييأس فربما ساق الله إليه رزق وهو عنه غافل وله غير راج,وربّما أصاب الرجل الشيء وهو غير راج له,وربّما أصاب الرجل الشيء وهوّ غير راج له,وربّما اصاب الرجل الشيء وهو غير راج له
84,a26121d0-8133-45d7-be5f-bcff88dcd98a,Pauper Is in Terrible Hardship,ومن أمثال هذا أنّ رجلًا كان به فاقة وجوع وعري فألجأه ذلك إلي أن سأل أقاربه وأصدقاءه فلم يكن عند أحد منهم من فضل يعود عليه,ومن أمثال هذا أنّ رجلًا كانت به فاقة وحاجة *وعري شديد فألجأه ذلك إلى أن سأل أقاربه وأصدقائه فلم يكن عند أحدهم فاضلًا يعود به عليه,ومن أمثال ذلك أنّ رجلًا كانت به فاقة وعري فألجأه ذلك إلى أن سأل أقاربه وأصدقاءه فلم يجد عند أحدهم فضل يعود به عليه,ومن أمثال ذلك أنّه كان رجلًا به فاقة وعوز شديد فألجأه ذلك إلى سؤال أصدقائه وأقاربه فلم يكن عند أحد فضل يجود به,ومن أمثال ذلك أنّه كان رجل به فاقة وعري شديد فألجأه الحال إلى سؤال أصدقائه وأقاربه فلم يكن *عند أحد منهم فضل يعود به عليه,ومثاله زعموا أنّ رجلًا به فاقة شديدة فألجأه ذلك أن يسأل أصدقائه وأقاربه فلم يكن عند أحد فضل يجود به عليه,,,,ومن أمثال ذلك أنّ رجلًا كانت به فاقة وحاجة شديدة فشكا ذلك إلى بعض أصدقائه وذوي قرابته وطلب منهم أن يعطوه شيئًا فلم يكن عند واحد منهم فضل يعود به عليه,,ومن أمثال ذلك أنّه كان رجل وكانت به حاجة شديدة وفاقة وأصابه عُري شديد فشكا ذلك إلى معارفه وقرائبه فلم يكن عند أحد منهم فضل يعود به عليه,ومن أمثال ذلك أنّه كان رجل كاتب به حاجة شديدة وفاقة وأصابه عري شديد فشكا ذلك إلى معارفه وقرائنه فلم يكن عند أحد منهم فضل يعود به عليه,كما أصاب الرجل الذي بلغني أنّه كانت به حاجة شديدة وخلّة ظاهرة وفاقة وخشية فغدا يطلب من معارفه وشكا إليهم وسألهم ثوبًا يلبسه وجهد فلم يصب شيئًا ورجع إلى منزله وهو آيس,كما أصاب الرجل الذي بلغني عنه أنّه كانت به حاجه شديدة وخلّة ظاهرة وفاقة ووحشة فعري وطلب إلى معارفه وشكا إليهم وسألهم ثوبًا يلبسه فأعياه ذلك فطلب بجهده فلم يصب شيئًا فلمّا أيس من ذلك رجع إلى منزله,كما أصاب الرجل الذي بلغني أنّه كانت به حاجة شديدة وفاقة وعري فشكا ذلك إلى معارفه وطلب إليهم ثوبًا يلبسه (مثل الرجل والسارق) فأعياه ذلك فالتمس ذلك بجهده فلم يصب شيئا فلمّا يئس من ذلك رجع إلى منزله
85,2a070f7c-3ab4-46af-833d-3b91f6e59d47,A Burglar Breaks Into His House,فبينما هو ذات ليلة في منزله إذ بصر بسارق في منزله فقال واللّه ما في منزلي شيء أخاف عليه فليجهد السارق جهده فبينما السارق يجول إذ وقعت يده على خابية فيها حنطة,فبقي هو في منزله ذات ليلة إذ أبصر سارقًا يجول في منزله فقال والله ما في منزلي شيء أخاف عليه من السارق فليجهد جهده فبقي السارق يجول فوقعت يده على خابية فيها حنطة,فبينما هو ذات ليلة في منزله وإذا بسارق يجول في المنزل فقال والله ما في منزلي شيئًا أخاف عليه فليجتهد السارق جهده فبينما السارق يجول إذ وقعت يده على خابية فيها حنطة,عليه فبينما هو ذات يوم أو ليلة من الليال إذ أبصر سارقًا يجول في منزله فقال والله ما في منزلي شيء أخاف عليه من السارق فليجتهد جهده فبينما السارق يجول إذ وقعت يده على خابية فيها حنطة,فبينما هو ذات يوم في منزله إذ أبصر سارقًا يجول في منزله فقال والله ما في منزلي شيء ولا عليّ شيء أخاف عليه من السارق فليجهد جهده فبينما السارق يدور في البيت إذ وقعت يده على خابية فيها حنطة,فبينما هو ذات يوم أو ذات ليلة إذ أبصر سارقًا تسوّر منزله فقال والله ما في منزلي شيئًا أخشى عليه من السارق فليجهد بأحمض ما عنده فبينما السارق يجول إذ وقفت يده على خابية فيها حنطة,,,,فبينما هو ذات ليلة في منزله إذ نظر إلى سارق يجول في منزله فقال في نفسه والله ما في منزلي شيئًا يأخذه السارق فليصنع ما شاء وإنّ السارق جال في البيت وفتّشه فلم يجد فيه شيئًا يأخذه فأغاظه ذلك,,فبينا هو ذات ليلة في منزله اذ بصر بسارق في منزله يجول في بعض الليالي فقال في نفسه والله ما في منزلي شيئًا يأخذه هذا السارق فليجهد جهده ولم يكن في بيته غير خابية فيها بعض بُرّ يتقوّت به,فبينما هو ذات ليلة في بيته إذ هو بسارق يجول في منزله في ظلمة الليل فقال والله ما في منزلي شيء يأخذه هذا السارق فليجهد جهده فردّد السارق في المنزل وطال تردّده فإذا هو بخابية فيها شيء من برّ,فبينما هو نائم على فراشه وإذا بسارق قد دخل عليه في منزله فلمّا رآه الرجل قال ما في منزلي شيئًا يستطيع هذا السارق أن يسرقه فليصنع ما يشاء وليجهد نفسه وإنّ السارق دار في البيت وطلب فلم يجد شيئًا يأخذه فغاظه ذلك,فبينما هو نائم على فراشه إذا بسارق قد دخل عليه في منزله فلمّا رآه الرجل قال ما في منزلي شيء يستطيع هذا السارق أن يسرقه فليصنع ما شاء وليجهد نفسه وإنّ السارق دار في ذلك البيت فطلب فلم يجد شيئًا يأخذه فغاظه ذلك,فلمّا كان الليل إذا هو بسارق قد دخل عليه في منزله فقال الرجل في نفسه ليس في منزلي شيء يستطيع هذا السارق أن يسرقه فليصنع ما شاء وليجتهد جهده ثم أنّ السارق طاف في البيت فلم يجد شيئا يأخذه فغاظه ذلك
86,5917e157-92c7-4ded-b24b-173cd04f9a4b,The Burglar Attempts to Steal the Jar's Contents,فقال السارق واللّه ما أحبّ أن يكون عنائي الليلة باطلًا ولعلّي لا أصل إلي موضع آخر ولكن سأحمل هذه الحنطة ثمّ بسط قميصه ليصبّ عليه الحنطة,فقال السارق المصلحة أن أجد هذه الحنطة ولا يذهب تعبي باطلًا ثمّ بسط إزارًا كان معه ليصبّ عليه الحنطة,فقال السارق والله ما أحبّ أن يكون عنائي الليلة باطلًا ولعلّ لا أصل إلى موضع آخر ولكنّي سأحمل هذه الحنطة ثمّ بسط رداءه وكان طمعه ليصبّ عليه الحنطة,فقال والله لا أحبّ أن يذهب عنائي باطلًا لعلّي في هذه الليلة لا أجد موضعًا آخر فأحمل هذه الحنطة وأقنع بها فعمد إلى إزار كان معه فبسطه ليصبّ عليه الحنطة,فقال والله ما أحسب أن يذهب عنائي وتعبي في هذه الليلة من غير فائدة ولعلّي أن لا أصل إلى موضع آخر ولكنّي أحمل هذه الحنطة وأقنع بها فعمد إلى كساء كان عليه فحلّه وبسطه ليصبّ عليه الحنطة,فقال والله ما أحبّ أن يروح تعبي ضائعًا وربّما ما أجد في ليلتي شيئًا ولكنّي أحمل هذه الحنطة وأقنع بها فعمد إلى *إزار كان متوسّطه فبسطه وصبّ عليه جميع ما في الخابية,,,,وقال في نفسه ما أرى شيئًا آخذه وما أحبّ أن يكون عنائي وتعبي باطلًا فأجهد نفسي في الطلب فرأى خابية فيها شيء من الدقيق فقال هذا خير من الرجوع بلا شيء فنزع ملحفة كانت عليه فبسطها ثمّ قال لا بدّ من أخذ هذا الدقيق,*** صبّ بالبرّ في الملحفة لينطلق به,فقال السارق والله ما أحبّ أن يكون *عنائي باطلا ثمّ بصر بالخابية فنزع ملحفة كانت عليه وفرشه وصبّ فيه ما في الخابية من البُرّ في الملحفة,فقال السارق في نفسه والله ما أحبّ أن يكون عنائي باطلًا فنزع ملحفة كانت عليه فبسطها وصيّر ما كان في الخابية عليها وهو يريد حملها فلما بصر الرجل إلى السارق قد صبّ البرّ في الملحفة لينطلق به,وقال في نفسه ما أرى ها هنا شيئًا وما أحبّ أن يذهب عنائي باطلًا فانطلق إلى خابئة فيها شيء من برّ فقال [فقال] ما أجد بدًّا من أخذ هذا البرّ إذ لم أجد غيره فبسط ملحفة كانت عليه وصبّ ذلك البرّ فيها فلمّا بصر به الرجل قد جعل البرّ في الملحفة وهو يريد أن ينطلق بها,وقال في نفسه ما هاهنا شيئًا وما أحبّ أن يكون عنائي باطلا وانطلق إلى خابية فيها شيء من برّ فقال ما أجد بدًّا من أخذ البرّ إذا لم أجد غيره فبسط ملحفة كانت عليه وصبّ ذلك البرّ فيها,وقال في نفسه ما أرى هاهنا شيئًا فما أحبّ أن يكون عنائي باطلًا فانطلق إلى إلى خابية فيها شيء من برّ فقال في نفسه ما أجد بدًّا من أخذ هذا الزاد فإنّي لم أجد غيره فبسط ملحفة كانت عليه وصبّ من ذلك البرّ
87,0fbf97f5-591f-4554-a5c9-89c9651e7f3e,The Pauper Panics,فقال الرجل يذهب هذا بالحنطة وليس ورائي سواها فيجتمع عليّ مع العري ذهاب ما كنت أقتات به وما يجتمعان واللّه هاتان الخلّتان على أحد إلاّ أهلكتاه ...,فقال الرجل ليس على هذا صبر يذهب بهذه الحنطة وليس ورائي *سواها فيجتمع عليّ العري والجوع وهذه الخلّتان متى اجتمعتا على إنسان هلك,فقال الرجل ليس لي على هذا صبر فذهب هذا بهذه الحنطة وليس ورائي سواها فيجتمع عليّ العري وذهاب ما كنت أقتات به ولا يجتمعان والله هاتان الخلّتان على أحد إلّا أهلكتاه,فلمّا رآه صاحب البيت قال ليس لي صبر على مثل هذا يذهب بقوتي وأبقى أنا جائعًا,فقال صاحب البيت قد أفرغ اللصّ الحنطة ليس لي على مثل هذا صبر يذهب هذا بقوتي فيجتمع عليّ العري والجوع ولا يجتمعان على أحد إلّا أهلكاه,فقال صاحب البيت ليس لي على مثل هذا صبر كيف أدعه يذهب بقوتي فيجتمع عليّ الجوع والعري وهذان الاثنان ما اجتمعا على أحد إلّا أهلكوه,,,,فلما نظر الرجل إلى ذلك قال ليس لي على هذا صبر ولا يذهب هذا بالدقيق فيجتمع عليّ حالتين العري والجوع ولا تجتمعان هؤلاء على أحد إلّا أهلكتاه,قال ليس على هذا صبر يذهب هذا بالبرّ فيجتمع عليّ الجوع والعري شيئان ما اجتمعا على أحد إلّا أهلكاه,فلمّا رأى صاحب المنزل قال ليس لي على هذا صبر يذهب هذا بالبُرّ ويجتمع عليّ العري والجوع والله ما اجتمعا على أحد إلّا أهلكاه,قال ليس لي عن هذا صبر يذهب السارق بالبرّ فيجتمع عليّ العري والجوع ولا يجتمعان هذان على أحد إلا هلّكاه,قال ليس على هذا صبر يذهب البرّ ويجتمع عليّ أمران الجوع والعري ولن يجتمعا على أحد إلّا أهلكاه,فلمّا أبصر الرجل أنّه قد صبّه في الملحفة لينطلق به قال ليس على هذا صبر يذهب هذا البرّ ويجتمع عليّ أمران الجوع والعري ولا يجتمعان هذان على أحد إلّا أهلكاه,فلمّا أبصر الرجل البرّ قد صبّه لينطلق به قال ليس لي عليّ هذا صبر يذهب ويجتمع علي أمران الجوع والعري ولا يجتمعان إلا أهلكا
88,469aa50f-2b5a-4257-981d-ae060b56f7c1,"The Pauper Chases the Burglar Away, Keeps His Garb",ثمّ صاح بالسارق وأخذ هراوة كانت عند رأسه ... فلم يكن للسارق حيلة إلاّ الهرب منه وترك قميصه ونجا بنفسه فغدا الرجل به كاسيًا ...,ثمّ صاح على السارق وأخذ خشبة كانت عنده فأومئ بها على السارق فولّى هاربًا منه وترك الإزار ونجا بنفسه فأخذه الرجل وكسا به عورته,ثمّ صاح بالسارق وأخذ *هراوة كانت عند رأسه فلم يكن للسارق إلّا الهرب منه وترك رداءه ونجا بنفسه فأخذه الرجل فغدا به كاسيًا,ثمّ صاح بالسارق ووثب من مكانه وبيده عصاه فلم يكن للسارق إلّا النجاة بنفسه وترك إزاره فأخذه صاحب البيت واكتسى به,ثمّ صاح بالسارق ووثب من مكانه وبيده *عصا كانت عند رأسه فلم يكن للسارق إلّا النجاة بنفسه وترك إزاره فأخذه صاحب البيت ولبسه وغدا به كاسيًا,ثمّ وثب على السارق وبيده عصاة قويّة كانت عند رأسه فلم <يبق> للسارق شغل إلّا النجاة بنفسه وترك إزاره فأخذه صاحب البيت ولبسه وأصبح كاسيًا,,,,ثمّ صاح بالسارق ووثب من مكانه إليه وتناول خشبة كانت عند رأسه *فعدا السارق وعاد صاحب البيت إلى مكانه,ثمّ إنّه صاح بالسارق ووثب من مكانه فتناول خشبة كانت عند رأسه ثمّ عدا عليه فخرج السارق هاربًا وترك الملحفة فأخذها الرجل فلبسها وأعاد البرّ إلى مكانه,ثمّ إنّه صاح بالسارق ووثب من مكانه وتناول خشبة كانت عند رأسه ثمّ عدا عليه وخرج السارق هاربًا فأخذها الرجل فلبسها وأعاد البُرّ إلى مكانه,ثمّ إنه صاح بالسارق وخرج عليه من مكانه وتناول خشبة كانت عند رأسه ثم غدا عليه فخرج السارق هاربًا وترك الملحفة فأخذها الرجل ولبسها وأعاد البرّ إلى مكانه,فصاح بالسارق فهرب من البيت وترك الملحفة فأخذها صاحب المنزل فلبسها وأعاد البرّ إلى مكانه,ثمّ إنّه صاح بالسارق من بين يديه فهرب ونزل الملحفة فأخذها صاحب المنزل فلبسها وأعاد البرّ مكانه,فصاح بالسارق فهرب من من بين يديه فترك الملحفة فأخذها صاحب المنزل فلبسها وأعاد البرّ مكانه
89,fefed721-546c-4160-a91e-8c3f23d24c7c,The Intelligent Man Must Not Despair,,,,,,,,,,فليس ينبغي للعاقل أن ييأس من أمر يناله ولا يطلب ما لا يُنال,,,,فليس ينبغي لأحد أن ييأس ولا يطلب ما لا يُنال,فليس ينبغي لأحد أن يأيس من أن ينال ولا يطلب ما لا يُنال,وليس لأحد أن ييأس من أن ينال أجرًا إن يطلب ما لا يُنال
90,13fab840-50e6-4ee7-9dab-bf57b7013bf7,One Should Not Abandon Hard Work ,وليس ينبغي أن يركن إلى مثل هذا ويدع ما يجب عليه الحذر والعمل في هذا لصلاح معاشه,وليس ينبغي أن يركن إلى مثل هذا ويجب ما يجب عليه من الحذر والعمل في مثل هذا الصلاح لمعاشه,وليس ينبغي أن يركن إلى مثل هذا ويدع ما يجب عليه من العمل [[والهذر]] والغدر في مثل هذا الصلاح لمعاشه,وليس ينبغي للعاقل أن يركن إلى مثل هذا ويدع ما يجب عليه من الجدّ في العمل والاجتهاد في الاكتساب,وليس ينبغي للعاقل أن يركن إلى مثل هذا ويدع ما [إلى ما] يجب عليه من الجدّ في العمل والدأب في الاكتساب,وليس ينبغي للعاقل أن يركن إلى مثل هذا ويدع ما يجب عليه من الجدّ في العمل والاجتهاد في السلوك والاكتساب,,,,ولا ينبغي للعاقل أن يركن إلى مثل المثل ولا يتّكل عليه فيدع ما يجب عليه من الطلب ولا يدع جهدًا في الطلب على معرفته والعمل على في صلاح معيشته,ولا ينبغي للقائل أيضًا أن يركن <إلى> هذا المثل ويدع ما يجب عليه من الطلب والعمل في إصلاح معاشه,ثمّ إنّه ليس ينبغي للعاقل أن يركن إلى هذا المثل ويدع ما يجب عليه من الطلب والعمل في إصلاح شأنه ومعاشه,وليس ينبغي لعاقل أن يركن إلى مثل هذا فيدع ما يجب عليه من الطلب والعمل في [[معاش]] صلاح معاشه,ولكن لا يدع جهدًا في الطلب على معرفة,ولكن لا يدع جهدًا في الطلب على معرفة,وليس ينبغي له أيضا أن يتكلّ هذا المثل فيدع الطلب ولا يدع جهدًا في الطلب على معرفة
91,1ae5f5b2-b8b5-4081-9a01-ed04215ec133,The Fortunate Few Are Not the Model,ولا ينظر إلى من يؤاتيه المقادير وتساعده على غير التماس منه فإنّ أولئك في الناس قليل والجمهور منهم من أتعب نفسه في الكدّ والسعي فيما يصلح أمره وينال به ما أراد,ولا ينظر إلى ما تؤانيه المقادير وتساعده على غير الالتماس منه فإنّ أولئك في الناس قليل والجمهور منهم من أتعب نفسه في الكدّ والسعي فيما يصلح أمره وينال به ما أراد,ولا ينظر إلى من تؤاتيه المقادير وتساعده على غير الناس منه فإن أولئك في الناس قليل والجمهور منهم من أتعب نفسه في الكدّ والسعي فيما يصلح أمره وينال به ما أراد,,ولا ينظر إلى ما يؤاتيه في الاكتساب ولا إلى ما يوافقه من المقادير ويساعده على غير التماس منه لذلك,وأطبق الجمهور على أنّ من أتعب نفسه في السعي فيما يصلح به أمره لينال بذلك بغيته,,,,ولا يقتدي بمن تؤاتيه الأقدار وتساعده من غير التماس ولا حركة فإنّ أولئك في الناس قليل وإنّما جمهورهم من يتعب في الشيء لما يصلح به من أمره فينال بذلك ما يريد,ولا يقتدي بمن تواتيه المقادير وتساعده عن غير إلتماس منه لذلك فإنّ أولئك في الناس قليل وإنّما جمهورهم من يتعب نفسه في السعي لما يصلح به أمره فينال ذلك ما يريد,ولا يقتدي بمن تُساعده المقادير من غير التماس لذلك فأولئك في الناس قليل وإنّما جمهور من يتعب نفسه في الطلب والسعي لما يصلح به أمره فينال بذلك ما يريده,ولا يقتدي بمن لن تؤاته المقادير وتساعد عن غير التماس منه لذلك فإنّ أوليك في الناس قليل وإنّما جمهورهم من يتعب نفسه في السعي لما يُصلح به أمره فينال بذلك ما يريد,فإنّ الفضل والرزق يأتيان من لا يطلبهما,فإنّ الفضل والرزق يأتيان من لا يطلبهما,فإنّ الفضل والرزق يأتيان من يطلبهما ويمتنعان ممّن يطلب ?الفاضات
92,298988c7-36a1-4ad2-a3ee-e939bbc96178,The Striving Masses Are the Model,,,,,,,,,,ولكن إذا نظر في ذلك وجدّ في الطلب فأصاب أكثر ممّن لم يطلب وإن رأى رجلًا أصاب حظًّا من غير طلب لم يقتدي بذلك الواحد لكن له أن يقتدي بالكثير الذين طلبوا فأصابوا,,,,ولكن إذا نظر في ذلك وجد من طلب وأصاب أكثر ممّن أصاب بغير طلب ولم يكن حقيقًا أن يقتدي بذلك الواحد الذي أصاب من غير طلب ولكن يقتدي بالكثير الذي طلبوا فأصابوا,ولكن إذا نظر في ذلك وجد من طلب على معرفة فأصاب ومن لم يطلب أصاب بغير طلب لم يكن حقيقًا أن يقيّد بذلك الواحد ولكن ينبغي أن يقيّد بالكثير الذين طلبوا فأصابوا,*** من غير طلب فأصاب أكثر ممّن طلب فليكن حقيقًا أن يقتدى بذلك الواحد لكنّه ينبغي أن يقتدي بالكثير الذين طلبوا فأصابوا ويحقّ عليه
93,e6d17fcc-b581-43b4-9d56-57b04113ef81,One Should Strive for Benefit Not Harm,وينبغي أن يكون حرصه على ما طاب كسبه وحسن نفعه ولا يعرض لما يجلب عليه العناء والشقاء,وينبغي أن يكون !جرمه على ما طاب كسبه حسن نفعه ولا يعرض لما !يجب على *العناء والسعي,وينبغي أن يكون حرصه على ما طاب كسبه وحسن نفعه ولا يعرض نفسه <لما> يجلب عليه العناء والشقاء,وينبغي أن يكون حرصه على ما طلب مكسبه وحسن نفعه,وينبغي أن يكون حرصه على ما فيه مكسبه وحسن نفعه ولا يعرّض بنفسه لما يكون فيه عناؤه غالبًا,ويحرص على ما طلب من حسن منفعته نفسه ولا يتعرّض لما يتظاهر عليه غلبه ويجتنبه وإن تعرّض لما يغلبه غيًّا,,,ولا ينبغي للعاقل أن يكون حرصه على ما طال مكسبه وحسن نفعه ولا يتعرّض لما يجلب عليه عيبًا,,وليحرص كلّ ذي عقل على أن يكون مكسبه من أطيب المكاسب وأفضلها وأن يجتنب كلّ ما حدث منه عدًّا أو نكرًا أو جلب عليه همًّا وغمًّا,وليحرص كلّ ذي عقل أن يكون مكسبه [مرضى] {مرضيًّا} من أطيب المكاسب وأن يجتنب كلّ ما عسر أو نكد أو جلب عليه,ليحرص كلّ ذي عقل على أن يكون مكسبه من أطيب المكاسب وأفضلها وأن يحذّر كل من جرب عنه عسرًا ونكدًا وجلب عليه غمًّا أو همًّا,,,
94,803a4f5c-70b7-4e59-a0ea-161932018225,One Should Benefit from Experience,,,,,,,,,,وحقّ عليه أن يكثر بالمقايسة والتجارب وليحرّض على كلّ ذي عمل أن يكون مكسبه من أطيب المكاسب وأفضلها وأن يحذر كلّ ما جرّب منه غدرًا ومكرا وجلب عليه غمًّا وهمًّا فإذا أصاب الشيء الذي لا ينبغي له أن يدعه على حال فيحذر ما قد أصابه فينبغي له مع ذلك ما يصيب غيره من الضرر حتّى يسلم لئلّا يأتيه مثله,,,,وحقّ على المرء أن يكثر المقايسة وينتفع بالتجارب فإذا أصابه الشيء فيه مضرّة عليه حذره وأشباهه وقاس بعضه ببعض حتّى يحذر الشيء بما لقي من غيره فإنّه إن لم يحذر به إلّا الذي لقي بعينه لم يُحكّم التجارب في جميع عمره ولم يزل يأتيه شيء لم يكن أتاه بعينه فأمّا الذي ينبغي ألّا يدعه على حال فيحذر ما قد أصابه وينبغي له مع ذلك أن يحذر ما يصيب غيره من الضرر حتّى يسلم من لم يأتيه مثله,وحقّ على المرء أن يكثر المقايسة وينتفع بالتجارب فإذا أصابه الشيء وفيه مضّرة عليه حذره وأشباهه وقاس بعضه ببعض حتّى يحذر الشقيّ بما لقي في غيره فإنّه إن لم يحذر إلّا التي لقي بعنيها لم يحكم بالتجارب في جميع عمره ولم يزل يأتيه شيء لم يكن أتاه بعينه فأمّا الذي ينبغي له أن لا يدعه على حال فيحذر ما قد أصابه وينبغي له مع ذلك أن يحذر ما يصيب غيره من الضّرر حتّى يسلم من أن يأتيه مثله,أن يكثر المقايسة وينتفع بالتجارب فإذا أصابه الشيء فيه مضرة عليه *وأشباهه وقاس بعضه ببعض حتى يحذر الشيء بما لقي في غيره فإنّه إن لم يحذر إلّا التي لقي بعينها لم يحكم التجارب في جميع أموره ولم يأتيه شيء لم يكن أتاه بعينه وينبغي مع ذلك أن يحذر ما يصيب غيره من الضرر حتى يسلم هو أن يأتيه مثله
95,7602b396-56fd-4ded-ab08-c319c13bf34f,Dove Does Not Learn from Losing Her Chicks,فيكون كالحمامة التي تفرّخ الفراخ فتؤخذ فتُذبح ثمّ لا يمنعها ذلك أن تعود فتفرّخ موضعها وتقيم بمكانها فتؤخذ الثانية من فراخها فتُذبح,فيكون كالحمامة تفرّخ الفراخ للذبح ولا يمنعها من ذلك أن تعود فتفرّخ في موضعها وتقيم بمكانها ويُؤخذ الثانية من مكانها فراخها أيضًا فتُذبح,فيكون كالحمامة التي تفرّخ الفراخ للذبح ولا يمنعها من ذلك أن تعود فتفرّخ في موضعها وتقيم بمكانها وتؤخذ الثانية أفراخها فتذبح,فيكون كالحمامة التي !تحسد الفراخ على الذبح ولا يمنعها ذلك أن تعود تفرّخ في موضعها وتقيم بمكانها وتُؤخذ الفراخ الثانية فتُذبح,فيكون كالحمامة التي تُسمّن الأفراخ للذبح ولا يمنعها ذلك من أن تعود تفرّخ في موضعها وتقيم في مكانها وتُؤخذ الفراخ الثانية فتُذبح,كان مثاله كالدجاجة الذي تفرّخ وترى أولادها يُؤخذوا إلى الذبح ولا يمنعها أن تعود تفرّخ في موضعها وتقيم في مكانها وتُؤخذ أفراخها مرّة أخرى,,,,فيكون مثله مثل الحمامة التي تُؤخذ فراخها فتُذبح ولا يمنعها [من] ذلك أن تعود فتفرّخ ثمّ تُؤخذ هي فتُذبح أيضًا,ولا يكون كالحمامة التي يُؤخذ فراخها فتُذبح فلا يمنعها ذلك من أن تعود فتفرّخ في موضعها وتقيم في مكانها حتّى تُؤخذ ثانية فتُذبح,غمًّا ولا يكون كالحمامة التي تُؤخذ فراخها فتُذبح ولا يمنع ذلك من أن تعود فتفرّخ موضعها وتقيم مكانها فتُؤخذ ثانية فتُذبح,ولا يكون كالحمامة التي يؤخذ فراخها فتُذبح فلا يمنعها ذلك من أن تعود فتفرّخ في موضعها أو تقيم مكانها حتّى تُؤخذ ثانية فتُذبح,ولا يكون مثله كمثل الحمامة التي يُؤخذ فراخها فيُذبحان وترى ذلك في وكرها ولا يمنعها من الإقامة في مكانها حتّى تُؤخذ هي فتُذبح,ولا يكن مثله كمثل الحمامة التي يؤخد فرخيها فيذبحان ويرى ذلك في وكرها ولا يمنعها من الإقامة في مكانها حتّى تؤخذ هي أيضًا فتذبح,ولا يكن مثله (مثل الحمامة) التي تؤخذ فراخها فتذبح وترى ذلك في عشّها ولا يمنعها أن تقيم مكانها حتّى تؤخذ هي فتذبح
96,4ae836c2-425f-4a18-8936-0b92a0fee4c9,The Wavering Judge,,,,,,,,,,,,,ولا يكون كقاضي الحبل إذ جاءه الخصمان فحكم لواحد ثمّ جاءه الآخر فحكم له,,,
97,7a9cdd1d-4179-4222-bee8-27348e90bce5,One Should Abide by God's Measures,وقد يقال إن اللّه تعالى قد جعل لكلّ شيء سببًا يوقف عليه من تجاوزت به الأشياء حدّها وأوشك أن يلحقه التقصير في بلوغها,وقد يقال إنّ اللّه عزّ وجلّ قد جعل لكلّ شيء سببًا يوفّق من تجاوزت به الأشياء حدّها ويوشك أن يلحقه التقصير من بلوغها,وقد يقال إنّ الله تعالى قد جعل لكلّ شيء سببًا موقف عليه من *تجاوزت به الأشياء حدّها وأوشك أن يلحقه التقصير عن بلوغها,,,,وقد يُقال أنّ الله عزّ وجلّ قال لكلّ شيء حدًّا يوقف عليه فمن تجاوز في الأشياء حدّها يوشك أن يلحقه التقصير عن بلوغها,وقيل إنّ الله عزّ وجلّ جعل لكلّ شيء حدًّا يوقف عليه فمن يحاور في الأشياء ضدّها أوشك أن يلحقه التقصير عن بلوغها,وقد يقال إنّ الله عزّ وجلّ جعل لكلّ شئ حدًّا يوقف عليه فمتى تجاوز الأشياء حدّها أوشك أن يلحقه التقصير عن بلوغها,ويُقال إنّ الله عزّ وجلّ جعل لكلّ شيء حدًّا يُوقف عليه فمن جاوز في الأشياء حدّها كان كالمقصّر عنها لأنّهما خالفا الحدّين جميعًا,وقد يُقال إنّ الله تبارك وتعالى جعل لكلّ شيء حدًّا يُوقف عليه فمن جاوز في الأشياء حدّها كان كالمقصّر عنها,وقد يُقال إنّ الله تبارك وتعالى جعل لكلّ شيء حدًّا يقف عليه فمن جاوز في الأشياء حدّها كان كالمقصّر عنها,ويُقال إنّ الله تعالى جعل لكلّ شيء حدًّا يُوقف عليه فمن جاز في الأشياء حدّها كان كالمقصّر عنها,وينبغي له مع ذلك أن تكون الأمور عنده حدّ لا يجوزه ولا يُقصّر عنه فإنّه من جاز الحدّ كان كمن قصّر عنه لأنّهما خالفا الحدّ جميعًا,وينبغي له مع ذلك أن تكون للأمور عنده حدّ لا يجوزه ولا يقصر عنه فإنّه من جاز الحدّ كمن قصر عنه لأنّه خالف الحدّ,وينبغي له مع ذلك أن يكون للأمور عنده حدّ لا يجوزه ولا ينقص عنه فإن جاوز الحدّ كان كمن قصّر عنه لأنهما خالفا الحدّ جميعا
98,1ffd0ae3-6245-4958-8a05-330508cce8e5,Striving for the Here and the Hereafter,ويقال من كان سعيه لآخرته ودنياه فحياته له وعليه,ويقال من كان سعيه لآخرته ودنياه فحياته له وعليه,وقال من كان سعيه لآخرته ودنياه فحياته له وعليه,وقد قيل من كان سعيه لأخرته ودنياه فحياته له وعليه,ويُقال من كان سعيه لآخرته ودنياه فحياته له وعليه,ويُقال إنّ من كان سعيه لآخرته ودنياه فحياته له وعليه,ويُقال من [أن] كان سعيه لآخرته ودنياه فحياته له وعليه,وقيل من كان سعيه لآخرته ودنياه فحياته له وعليه,,ومن كان سعيه لآخرته ودنياه فحياته له وعليه,ومن كان سعيه لآخرته ودنياه كانت حياته له وعليه,وقد يُقال من كان سعيه لآخرته ودنياه كانت حياته عليه وله,ومن كان سعيه لدنياه وآخرته كانت حياته له وعليه,وينبغي له أن يعلم أنّ كلّ إنسان ساع فمن كان سعيه لآخرته ودنياه فحياته له,وينبغي له أن يعلم أنّ كلّ إنسان ساع فمن كان سعيه لآخرته ودنياه فحياته عليه وله,ومن كان لآخرته ودنياه فحياته له وعليه
99,e9f6772c-9a0f-41b5-887b-ca2688505027,Striving for the Here,ومن كان سعيه لدنياه خاصّة فحياته عليه ويقال,,,ومن كان سعيه لدنياه خاصّة فحياته عليه لا له,ومن كان سعيه لدنياه خاصّة فحياته عليه لا له,ومن كان سعيه لدنياه خّاصة فحياته عليه لا له,ومن كان سعيه لدنياه خاصة فحياته عليه,ومن سعى لدنياه خاصّة فحياته عليه لا له,ويقال إنّ من كان سعيه لدنيا حصّلها فحياته عليه,ومن كان سعيه لدنياه فحياته عليه لا له,ومن كان سعيه *لدنياه *كانت حياته عليه,,ومن كان سعيه *لدنياه لا لآخرته كانت عليه,,ومن كان سعيه لدنياه خاصّة فحياته عليه,وإن كان سعيه لدنياه خاصة فحياته عليه
100,56b5f9f5-1509-4466-a02f-c97d1720dd83,Striving for the Hereafter,,,,,,ومن كان سعيه لآخرته فحياته له,,ومن سعى لآخرته فذلك الذي أخذ بالعلم كلّه وكفى أمر دنياه من قبل ربّه,,وينبغي أن يُعلم لكلّ إنسان سعيًا فمن كان سعيه لآخرته فحياته له,ويقال إنّ من كان سعيه لآخرته كانت حياته له,,ويُقال إنّ من كان سعيه لآخرته كانت حياته له,,,وينبغي أن يعلم أن كلّ إنسان ساعي فمن كان سعيه لآخرته فحياته له
101,1f4ee01d-43b7-42cc-8a2b-ac8eef8a4c81,A Worldly Man Must Fix Three Things,في ثلاثة أشياء يجب على صاحب الدنيا إصلاحها ويبذل جهده فيها منها أمر معيشته ومنها ما بينه وبين الناس ومنها ما يكسبه الذكر الجميل,ويُقال في ثلاثة أشياء تجب على صاحب الدنيا إصلاحها وبذل جهده فيها منها أمر معيشة ومنها ما بينه وبين الناس ومنها ما يكسبه الذكر الجميل بعده,ويقال في [[يقال]] ثلاثة أشياء يجب على صاحب الدنيا إصلاحها ويبذل جهده فيها منها أمر معيشته ومنها ما بينه وبين الناس ومنها التماس ما يكسبه منه الذكر الجميل بعده,وقيل *ثلاثة أشياء يجب على صاحب الدنيا إصلاحها الابتذال لنفسه فيها من أمر معيشته ومنها ما بينه وبين الناس ومنها التماس <ما> يكسبه الذكر الجميل بعده,ويُقال ثلاثة أشياء يجب على صاحب الدنيا إصلاحها [وا] والابتذال لنفسه فيها منها أمر معيشته ومنها ما بينه وبين الناس ومنها التماس ما يكسبه الذكر الجميل بعده,ويُقال إنّ ثلاثة أشياء واجبة على بني [بني] آدم الاهتمام في اصطلاح معيشته والثاني لا يسرف ولا يقتّر والثالث ينتج ذكر جميل يذكروه بعد فنائه,ويُقال في ثلاثة أشياء يجب على صاحب الدنيا إصلاحها والابتذال لنفسه فيها منها أمر معيشته ومنها ما بينه وبين الناس ومنها ما يُكسبه الذكر الجميل,وقيل ثلاثة أشياء يجب لصاحب الدنيا إصلاحها وبذل نفسه لها منها أمر معيشته والصدق فيما بينه وبين الناس واكتساب الذكر الجميل,ويقال ثلاثة أشياء يجب على صاحب الدنيا إصلاحها *والابتذال لنفسه فيهيّئ منها أمر معيشته ومنها ما بينه وبين الناس ومنها ما يكتسب به الذكر الجميل,ويُقال في ثلاثة أشياء يحقّ على صاحب الدنيا إصلاحها والابتذال بنفسه فيها منها أمر دينه ومنها أمر ما بينه وبين الناس,وقد يُقال في ثلاثة أشياء يجب على صاحب الدنيا صلاحها والإبذال لنفسه فيها بها أمر دنياه ومنها أمر معيشته ومنها أمر ما بينه وبين الناس,وقد يُقال في ثلاثة أشياء يحقّ على صاحب الدنيا إصلاحها والابتداء لنفسه فيها منها أمر دنياه ومنها أمر معيشته فيما بينه وبين الناس,,ويُقال في ثلاثة أشياء يحقّ على صاحب الدنيا إصلاحها وألّا يتدارك لنفسه فيها أمر دنياه وأمر معيشته وأمر ما بينه وبين الناس,ويُقال في ثلاثه أشياء يحقّ على صاحب الدنيا إصلاحهما *والابتذال لنفسه فيها منها أمر دنياه ومنها أمر معيشته ومنها أمر ما بينه وبين الناس,ويقال في ثلاثة أشياء يحقّ على صاحب الدنيا إصلاحها والابتذال لنفسه فيها أمر دنياه وأمر معيشته وأمر ما بينه وبين الناس
102,69d564ff-b25a-406e-b8b8-b1daa32accf5,Three Things in a Man Engender Inefficiency,بعده وقد قيل في أمور من كنّ فيه لم يستعمله عمل منها التوانى ومنها تضييع الفرص ومنها التصديق لكلّ مخبر,وقد قيل أمور من كنّ فيه لم يستقم له عمل منها التواني ومنها تضييع العرض ومنها التصديق لكلّ مخبر,وقد قِيل في أمور *** منها التواني ومنها تضيع الفرص ومنها التصديق لكلّ مخبر,وقيل في أمور من كنّ فيه لم يستقم له عمل منها التواني ومنها تضييع الفكر ومنها تصديق كلّ مخبر,وقد قيل في أمور من كنّ فيه لم يستقم له عمل منها التواني ومنها تضييع الفرص ومنها التصديق لكلّ مخبر,ويُقال ثلاثة أشياء يجب أن بني آدم يبعد عنها الأولى التواني في الأمور والثاني تضييع الفكر والثالث صداقة فاشي السرّ,وقد قيل في أمور من كانت فيه لم يستقم له عمل منها التواني ومنها تضييع الفروض ومنها التصديق لكل مخبر,وقيل ثلاثة أمور من كنّ فيه لا يستقيم له عمل التواني <وتضييع> الفرص وتصديق كلّ مخبر,وقد قيل في أمور *من كانت فيه لم يستقم له عمل منها التوانى ومنها تضييع الفروض ومنها التصديق بكلّ محن,وقد قيل في أمور من كانت فيه لم يستقم له عمل منها التواني في العمل ومنها تضييع الفرص ومنها التصديق بكلّ خبر ومنها التكذيب لكلّ عالم,وقد قيل في أمور من كانت فيه لم يستقم له عقل منها التواني ومنها تضييع الفرص ومنها التصديق لكلّ مخبر ومنها التكذيب لكلّ عالم,وقد قيل في أمور من كانت فيه لم يستقم له عقل منها التواني ومنها تضييع الحاجة ومنها التصديق لكلّ مخبر ومنها التكذيب لكلّ عالم,,وقد قيل في أمور شتّى من كانت فيه لم يستقم أمره له منها التواني في العمل ومنها التضييع للغرض ومنها التصديق لكلّ مخبر,وقد قيل في أمور شتّى من كانت فيه لم يستقم له أمره منها التواني في العمل ومنها التصنّع للعرض ومنها التصديق لكلّ مخبر,وقد قيل في ستّة أمور من كانت فيه لم يستقم له أمره منها التواني ومنها التضييع للفرص ومنها التصديق لكل مُخْبر
103,f637e821-65f5-40d6-855a-f24aff5ad6a3,Many Are Credulous,وربّ مخبر بشيء عقله ولا يعرف استقامته فيصدّقه,ورث مخبر شيء عقله ولا يعرف استقامته فيصدّق,وربّ مخبر بشيء عقله ولا يعرف استقامته فيصدّقه,وربّ رجل يخبر بشيء لا يقبله عقله فيصدّق به,وربّ رجل لا يقبله عقله ولا يعرف استقامته فيصدّق به,,فربّ رجل بالشيء لا يقبله عقله ولا يعرف فيصدّق به,فرُبّ رجل مخبر بالشيء لا يقبله عقله ولا يعرف صدقه به,فربّ رجل مُحِن بالشئ لا يقبله عقله ولا يعرف استقامته فيصدّق به,وربّ رجل يُخبر بالشيء فلا يقبله ولا يعرف استقامته فيصدّق به,,,,وربّ رجل يُخبر بالشيء فلا يقبله ولا يعرف استقامته,وربّ رجل يخبر بالشيء لا يقبله عقله ولا يعرف استقامته فيصدّق به,ورُبّ رجل خُبِّر بالشيء لا يقبله عقله ولا يعرف استقامته فيصدّق به
104,f12aa7c6-5e0d-4e4b-9a38-48859da85909,The Types of Credulous Men,,,,,,,,,,ومن يصدّق بذلك رجل يصدّق بما جرّب من تصديق غيره له فيتمادى حتّى يكون كأنّه قد *عرفه ورجل مصدّق لهوائه في الأمور التي يجريها ورجل يلتبس عليه الأمر فيصدّق به,,,,فيصدّق به لما يرى من تصديق غيره فيتمادى به ذلك حتّى يكون كأنّه عرفه ورجل يصدّق به لهواه في الأمر الذي يُخبر به,ومن يفعل ذلك ثلاثه رجل يصدّق به لمّا قد جرّب من تصديق غيره فيتمادى به ذلك ***,ومن يفعل ذلك ثلاثة رجل يصدّق به لما جرب من تصديق غيره ممّن دأبه ذلك ***
105,10eaafee-815c-4d5c-90a7-72cfdb5a550b,One Needs to Keep Desire in Check,وينبغي للعاقل أن يكون لهواه متّهمًا,وينبغي للعاقل أن يكون لهواه متّهمًا,وينبغي للعاقل أن يكون لهواه متّهمًا,وينبغي للعاقل أن يعرف ذلك ويكون متيقّظًا,وينبغي للعاقل أن يكون متيقّظًا لذلك,فيجب على العاقل أن يعرف ذلك معرفة خبير ويكون متيقّظًا لما ذكرناه,وينبغي للعاقل أن يكون لهوائه متهمًا,وينبغي للعاقل أن يكون لهواه ولغيره متّهمًا منتقدًا,فينبغي للعاقل أن [لا] يكون لهواه *متّهمًا,فينبغي للعاقل أن لا يزال لهواه عاصيًا في الأمور فهو أسلم له وأحزم لأموره,وقد ينبغي للعاقل أن يكون لرأيه متهمًّا,وقد ينبغي لكلّ {للعاقل} أن يكون لرأيه !منه,,فالعاقل لا يزال للهوى متّهمًا وينبغي له أن لا يقبل من أحد وإن كان صدوقًا إلّا صدقًا,والعاقل الذي لا يزال *للهوى متّهما وينبغي له أن لا يقبل من أحد وإن كان صدوقًا,فالعاقل لا يزال لهواه متّهما وينبغي له أن لا يقبل من أحد وإن كان صدوقا للأصدقاء
106,dc4d8dfa-f362-4e28-958b-e37d098c4684,One Needs to Check the Veracity of Information ,ولا يقبل من كلّ أحد حديثًا ولا يتمادى في الخطأ إذا التبس عليه أمره حتّى يبين له الصواب وتستوضح له الحقيقة,ولا يقبل شيء لا أن لكلّ <أحد> حديثًا ولا يتمادى في الخطأ إذا *التبس عليه أمره حتّى يتبيّن له الصواب ويستوضح الحقيقة فيه,ولا يقبل ذلك من كلّ أحد حديثًا ولا يتمادى في الخطأ إذا التبس عليه أمره حتّى يتبيّن له الصواب ويستوضح الحقيقة,ولا يغترّ بقول كلّ أحد ولا يتهاون في الأمر إذا التبس عليه ولا ينهزم حتّى *يتبيّن الصواب ويستوضح الحقيقة,ولا يغترّ بقول كلّ أحد ولا يتهاون في الأمر إذا التبس عليه ولا ينهزم ويقدم حتى يتبيّن الصواب ويستوضح الحقيقة,ولا يغترّ بقول أحد ولا ينهزم من شيء أصلًا [ولا] ولا يهجم على شيء ليس بمخبور حتّى يتبيّن الصواب ويستوضح الحقيقة,ولا يقبل من كل واحد ولا يتمادى في الخطأ إذا التبس عليه أمره,يقابل الصدق بالصدق والزور بمثله ولا يتمادى في الخطأ إذا أفكر من أمر نفسه شيء,ولا يقبل من كلّ أحد ولا يتمادى في الخطأ إذا ألبس عليه أمره,وينبغي له أن لا يتمادى في الخطأ ولا يتوانى في النظر وينبغي له إذا التبس عليه أمرًا أن لا يلج في شيء منه ولا يعزم عليه حتّى يتيقّن الصواب,ولا يقبل من أحد وإن كان صدوقًا محقًّا ولا يتمادى في الخطأ وإذا التبس عليه أمر أن لا يلج فيه ولا يُغرّر حتّى يتيقّن بالصواب,ولا يقبل من أحد وإن كان صدوقًا إلّا ما كان حقًّا ولا يتمادى في الخطأ وإذا التبس عليه أمر أن لا يلج ولا يعود حتّى يستيقن الصواب,,وينبغي له أن لا يتمادى في الخطأ ولا يتوانى في النظر وينبغي له إذا التبس عليه أمر ألّا يلج في شيء منه ولا يقدم عليه قبل أن يستيقن بالصواب منه,وينبغي له أن لا يتمادى في الخطأ ولا يتوانى في النظر فيها وينبغي له إذا التبس عليه أمره لا يلحّ في شيء منه ولا يعزم عليه قبل أن يستيقن بالصواب منه,وينبغي له أن لا يتمادى في الخطأ ولا يتوانى في النظر فيها وينبغي له إن التبس عليه أمره أن لا يلج في شيء منه ولا يقدم عليه قبل أن يستقرّ بالصواب منه
107,5a1e8fb4-021b-4b44-8da0-550f6fd96583,One Should Not Continue on the Wrong Path ,ولا يكون كالرجل الذي يجور عن الطريق فيستمرّ على الضّلال فلا يزداد في السير إلّا جهدًا وعن القصد إلّا بعدًا,ولا يكون كالرجل الذي يجوز عن الطريق فيستمرّ على الضلال ولا يزداد في السير إلاّ جهدًا ومن القصد إلاّ بعدًا,ولا يكون كالرجل الذي يجوز عن الطريق فيستمرّ على الضلال ولا يزداد في السير إلّا جهدًا وعن القصد إلّا بعدًا,ويكون كالرجل الذي يقف بطريق ليس هي طريقه ويستقرّ على الضلال فيها فكلّما ازداد في السير جهدًا ازداد من القصد بعدًا,ولا يكون كالرجل الذي يجوز على الطريق التي ليس هي بطريق ويستقرّ على الضلال فيها فلا يزداد في السير جهدًا إلّا ازداد في القصد بعدًا,,ولا يكون كالرجل الذي يجوز عن الطريق فيستمرّ على الضلال ولا يزداد في السير جهدًا إلّا ازداد من القصد بعدًا,ولا يكون كمن خرج عن الطريق فاستمرّ على ضلاله فهو *لا يزداد سيرًا إلّا ازداد عن الصواب بعدًا,ولا يكون كالرجل الذي يحود عن الطريق فيستمرّ على الضلال ولا يزداد في السير إلّا *** بعدًا,فيه ولا يكون كالرجل الذي يجوز على الطريق فيسير كما هو الجواز فلا يزداد في السير جدًّا إلّا ازداد من الطريق بعدًا,ولا يكون كالرجل الذي يتحوّل عن الطريق فيمرّ على الضلال فلا يزال في السير جهدًا إلّا ازداد من الغاية بعدًا,ولا يكون كالرجل الذي حاد عن الطريق فيتمادى على الضلال ولا يزداد في السير جهدًا إلّا ازداد من العافية بعدًا,,فيكون كالرجل الذي يجور عن سنن للطريق فيسير على جوره وعلى الاعوجاج ولا يزداد في السير حثًّا إلّا ازداد من الطريق بعدًا,فيكون كالرجل الذي يجوز على الطريق فيسير على جوازه على الاعوجاج فلا يزداد في السير إلاّ يزداد نفي من الطريق وبعدًا,فيكون كالرجل الذي يجور عن الطريق فيسير كما هو بالجور وعلى الاعوجاج ولا يزداد في المسير بعدًا إلّا ازداد في الطريق بعدًا
108,0564639d-8c7e-433a-82d8-80c2b9b01027,Man Rubs Itchy Eye and Loses It,وكالرجل الذي تقذى عينه فلا يزال يحكّها حتّى ربّما كان ذلك الحكّ سببًا لذهابها,كالرجل الذي تقذى عينه ولا يزال يحكّها حتّى ربّما كان الحكّ سببًا لذهابها,أو كالرجل الذي تقذى عينيه ولا يزال يحكّها حتّى ربّما كان ذلك الحكّ سببًا لذهابها,وكالرجل الذي يقتذي عينيه فلا يزال يحكّها حتّى ربّما صار ذلك الحكّ سببًا لذهابها,وكالرجل الذي تقذى عينه فلا يزال يحكّها حتّى صارت الحكّة سببًا لذهابها,فإن خالف يكون كالرجل الذي ركبت الحرارة لعينيه فلا زال يحكّها ويحكّها حتّى ربّما كان ذلك سببًا لهلاكها,وكالرجل الذي تقذى عينه فلا يزال يحكّها حتّى أنّه ربّما أدّى الحكّ إلى هلاكها,أو *كالرجل الذي يحكّ أنفه أو عينه فلا يزال يهرشه إلى أن يدميه وربّما !أولد بعد ذلك وانقطع,أو كالرجل الذي تقذى عينيه فلا يزال يحكّها حتّى ربّما أودي إلى هلاكها,وكالرجل الذي تقذى عينه فيدخل فيها شيء فلا يزال يدلّكها ويحكّها حتّى ربّما علاها بياض,أو كالرجل الذي تقذي عينه فلا يزال يحكّها حتّى يذهب بها,ولا يكون كالرجل الذي تقذى عينه فلا يزال يحكّها حتّى تذهب,,أو كالرجل الذي يدخل في عينه القذى فلا يزال يدلّكها حتّى يعلوها البياض فتذهب,وكالرجل يدخل في عينه القذى فلا يزال يدلّكها ويحكّها حتّى يعلوها <البياض> فيذهب بصره,وكان كالرجل يدخل في عينه القذى فلا يزال يدلّكها ويحكّها حتى يعلوها البياض فتذهب
109,fd3af56a-f78f-4d29-a1fd-45ab3c5f4e5a,The Intelligent Should Believe in Fate,ويجب على العاقل أن يصدّق بالقضاء والقدر ويأخذ بالحزم,ويجب على العاقل أن يصدّق بالقضاء والقدر ويأخذ بالحزم,وعلى العاقل أن يصدّق بالقضاء والقدر ويأخذ بالحزم,ويجب على العاقل أن يصدّق بالقضاء والقدر ويأخذ بالحزم,ويجب على العاقل أن يصدّق بالقضاء والقدر ويأخذ بالحزم,ويجب على العاقل أن يرتضي بالقضاء والقدر ويأخذ بالحزم,ويجب على العاقل أن يصدّق بالقضاء والقدر ويأخذ بالحزم,وينبغي للعاقل أن يصدّق بالقضاء والقدر,ويجب على العاقل أن يُصدق بالقضاء والقدر ويأخذ الحزم,فيجب على العاقل أن يصدّق بالقضاء والقدر وأن يأخذ بالحزم وأن يعلم أنّ الجزاء كائن,وعلى العاقل أن يصدّق بالقضاء ويأخذ بالحزم,وعلى العاقل أن يصدّق بالقضاء والقدر ويأخذ بالحزم والأثر,,وعلى العاقل ألّا يأخذ إلّا بالحزم ويعلم أنّ الجزاء كائن,وعلى العاقل أن يأخذ بالحزم وأن يعلم أن الجزاء كائن,وعلى العاقل أن يأخذ بالحزم ويعلم أن الجزاء كائن
110,b860184a-ddff-4ef3-b7c8-8ea4e86a0417,Do unto Other as to Oneself,ويحبّ للناس ما يحبّ لنفسه ولا يلتمس صلاح نفسه بفساد غيره,ويحبّ للناس ما يحبّ لنفسه ولا يلتمس صلاح نفسه بفساد غيره,ويحبّ للناس ما يحبّ لنفسه ولا يلتمس صلاح نفسه بفساد <غيره>,ويحبّ للناس ما يحبّه لنفسه ويكره لهم ما يكرهه ولا يلتمس صلاح ذاته بفساد غيره,ويحبّ للناس ما يحبّه لنفسه ويكره للناس ما يكرهه لنفسه ولا يلتمس صلاح ذاته بفساد غيره,ويحبّ للناس كما أنّه يحبّ لنفسه ويكره لهم ما يكرهه لنفسه ولا يصلح ذاته بفساد غيره,ويحبّ للناس ما يحبّه لنفسه ويكره لهم ما يكره ولا يلتمس صلاح نفسه بإفساد غيره,يحبّ للناس ما يحبّ لنفسه ويكره لهم ما يكره لنفسه ولا يلتمس صلاح نفسه بفساد غيره,ويحبّ للناس ما يحبّه لنفسه ويكره لهم ما يكرهه لها ولا يلتمس صلاح نفسه بإفساد غيرها,ومن آتى إلى صاحبه مكروهًا فقد ظلم ويجب عليه أن يحبّ للناس ما يحبّ لنفسه ويكره لهم ما يكره لها,ويحبّ للناس ما يحبّ لنفسه ويكره لهم ما يكره لها,ويحبّ للناس ما يحبّ لنفسه ويكره لهم ما يكره لها,,ومن آتى إلى صاحبه بمثل ما أُتي إليه فشقّ عليه فقد ظلم,ومن آتى إلى صاحبه مثل ما أُتي إليه فشقّ عليه فقد ظلم,وما آتى إلى صاحبه مثل ما لو أُتي عليه فشقّ عليه فقد ظلم
111,71e49355-2312-4e94-a701-f036e3373985,Reader Must Heed the Instructions of the Preface,,,,,,,,,,قال فمن قرأ هذا الكتاب فليتدبّره وليقتدي بما فيه ويفهمه فإنّه من عرف ما فيه إكتفى به عن غيره,فمن قرأ هذا الكتاب فلينذر هذا الباب منه وليبدأ به فإنّه من عرف ما فيه اكتفى به عن غيره إن شاء الله تعالى,فمن قرأ هذا الكتاب فليبتدئ بهذا الباب وليقتدي به فإنّ من عرف ما فيه اكتفى به عن غيره,فمن قرأ هذا الكتاب فليتدبّر هذا الباب منه وليبدأ به فإنّه من عرف ما فيه اكتفى به عن غيره إن شاء الله تعالى,فمن قرأ هذا الكتاب فليقتدي بما في هذا الباب,ومن قرأ هذا الكتاب فليسري بما فيه من هذا الباب وليبدأ به,فمن قرأ هذا الكتاب فليقتد بما فيه من هذا الباب وليبدأ به
112,7dbbd29e-ff67-41a9-ba19-4083694b9e85,The Author Hopes That the Reader Would Benefit,,,,,,,,,,فأنا أرجو أنّ من قرأ هذا الكتاب أن يزيده ذلك نظرًا ومعرفة فإن فهمه اكتفى به عن غيره وإن لم يفهمه ولم يعرفه لم ينتفع به,,,,فإنّني أرجو أن يزيده بصرًا ومعرفة فإذا عرفه اكتفى واستغنى عن غيره وإن لم يعرفه لم ينتفع به,فإنّي أرجو أن يزيده بصرًا بما قرأ ومعرفة وإن عرفه اكتفى به واستغنى به عن غيره وإن لم يعرفه لم ينتفع,فإنّي أرجو أن يزيده بصرًا بما قرأ ومعرفة وإن عرفه اكتفى واستغنى عن غيره وإن لم يعرفه لم ينتفع به
113,c5e5c4f2-cb4d-4556-934b-cfd67527200c,Man Throws a Stone in the Dark,,,,,,,,,,,,,,فيكون مثله كمثل الذي رمى بحجر في ظلمة الليل فلا يدري أين وقع الحجر ولا ماذا صنع,,
114,0024f1f1-c877-466d-9eff-e3d18b4746ba,The Translator Added the Preface,,,,,,,,,,قال ابن المقفّع لمّا رأيت أهل فارس قد فسّروا هذا الكتاب من الهنديّة إلى الفارسيّة ألحقوا فيه بابًا وباب برزويه الطبيب ولم يذكروا فيه ما ذكرناه في هذا الكتاب وإنّا لمّا فسّرناه من الفارسيّة إلى العربيّة أردنا أن نلحق به ما نبيّن فيه أمر هذا الكتاب لمن أراد قراءته واقتباس العلم منه فافهم ذلك ترشد باب برزويه المتطبّب,وأنا لمّا قرأت هذا الكتاب وحاولنا نقله من اللسان الهنديّ إلى اللسان الفارسيّ أحببنا أن نلحق فيه بابًا للعربيّة يستبين فيه للمقتبس المتعلّم أمر هذا الكتاب وهو هذا الباب الذي وصفنا إن شاء الله تعالى,فإنَّا لمّا قرأنا هذا الكتاب وحاولنا نقله من اللسان الفارسيّ إلى اللسان العربيّ *أحببنا أن نلحق فيه بابًا للعربيّة يستبين فيه للمقتبس المتعلّم أمر هذا الكتاب فهو هذا الباب الذي وصفناه والله الموفّق,وإنّا لمّا قرأنا وحاولنا ?القلة من اللسان الفارسيّ إلى اللسان العربيّ أحببنا أن نلحق فيه آثارًا للعربيّة ويستبين فيه المقيّس المتعلّم أمره كما وصفنا والله الموفّق,وإنّا لمّا رأينا أهل فارس قد فسّروا هذا الكتاب وأخرجوه من الهنديّة إلى الفارسيّة ألحقوا بابًا بالعربيّة ليكون له أسًّا ليستبين فيه أمر هذا الكتاب لمن أراد قراءته وفهمه والاقتباس منه,ولمّا رأينا أهل فارس قد فسّروه وأخرجوه من الهنديّة إلى الفارسية ألحقوا فيه بابًا بالعربيّة ليكون له أسًّا ويستبين فيه أمر هذا الكتاب لمن أراد قراءته واقتباس العلم منه,ولمّا رأينا أهل فارس قد نشروه وأخرجوه من الهندية إلى الفارسية ألحقوا فيه باب برزويه الفارسي المتطبّب فلم يذكروا فيه ما ذكرنا من هذا فرأينا إذا فسّرناه وأخرجناه من الفارسية إلى العربّية أن نلحق فيه بابًا من العربيّة يكون له أساس فيه أمر هذا الكتاب لمن أراد قراءته واقتباس العلم منه
115,423f7bab-409f-447a-9759-c10452f45145,A Merchant Steals from His Partner,فإنّه من فعل ذلك كان خليقًا أن يصيبه ما أصاب التاجر من رفيقه فإنّه يقال له إنّه كان رجل تاجر وكان له شريك فاستأجرا حانوتًا وجعلا متاعهما فيه وكان أحدهما قريب المنزل من الحانوت,فإنّه من فعل ذلك كان خليقًا أن يصيبه ما أصاب التاجر من رفيقه فيُقال إنّه كان رجل تاجر وله شريك استأجر حانوتًا *وجعل فيه متاعهما وكان أحدهما قريب المنزل إلى الحانوت,فإنّه من فعل ذلك خليقًا أن يصيبه ما أصاب التاجر من رفيقه فإنّه يقال أنّه كان رجل تاجر وله شريك فاستأجر حانوتًا وخلّا فيه متاعهما وكان أحدهما قريب المنزل إلى الحانوت,فمن عمل ذلك كان خليقًا أن يصيبه ما أصاب تاجر الدقيق وذلك أنّه كان رجلان اشتركا في دقيق واستأجرا حانوتًا تركوه فيه وكان أحدهم منزله قريبًا من الحانوت والآخر بعيد منه,فإنّه من فعل ذلك كان خليقًا أن يصيبه ما أصاب تاجر الدقيق وذلك أنّه كان رجلان اشتركا في دقيق واستأجرا حانوتًا تركا فيه ذلك الدقيق وأحدهما ساكن بقرب الحانوت والآخر بالبعد منه,فإنّ من يعمل ذلك كان خليقًا أن يصيبه ما أصاب تاجر الدقيق زعموا أنّه كان رجلان اشتركا في دقيق على حانوت طاحون استأجروه وكان أحدهم منزله قريبًا من الحانوت والآخر بعيدًا,فإنّه من فعل ذلك كان خليقًا أن يصيبه ما أصاب الرجل السارق من رفيقه فإنّه كان رجل تاجر وله رفيقًا فاستأجرا حانوتًا وودعا متاعهما فيه وكان أحدهما قريب المنزل من الحانوت والآخر بعيدًا منه,فإنّه من قصد ذلك حقيقًا أن يصيبه ما *أصاب التاجر رفيقه فإنّه يقال إنّ رجلًا تاجرًا كان له رفيق ولهما متاع فاستأجرا حانوتًا وأوّوا متاعهما فيه وكان أحدهما منزله قريب من الحانوت والآخر بعيد عنه,فإنّه من فعل ذلك كان حقيقًا أن يصيبه ما أصاب الرجل التاجر من رفيقه فإنّه يقال كان رجلًا له رفيق استأجر حانوتًا فأودعا متاعهما فيه وكان أحدهما قريبًا من المنزل والآخر بعيدًا منه فأضمر الذي بالقرب من المنزل أن يأتي ويسرق من أعدال رفيقه عدلًا,ومن يفعل ذلك كان حقيقًا أن يصيبه ما أصاب الرجل التاجر الذي بلغني أنّه كان يبيع السمسم وأنّه كان له ولشريكه سمسمًا في بيت واحد غير أنّ الذي لكلّ واحد منهما على حدته,فإنّه من فعل ذلك كان خليقًا أن يصيبه ما أصاب الرجل الذي يُقال إنّه كان له ولشريك له سمسم وكان سمسمهما في بيت واحد غير أنّ الذي كان لكلّ واحد مفرد عمّا لصاحبه,فإنّه من فعل ذلك كان خليقًا أن يصيبه ما أصاب الرجل الذي يُقال إنّه كان له ولشريكه سمسم وكان سمسمهما في بيت واحد غير أنّ الذي لكلّ واحد منهما مفردًا عمّا لصاحبه,ومن فعل ذلك كان حقيقًا <أن> يصيبه ما أصاب صاحب السمسم الذي بلغني عنه أنّه كان رجلًا يبيع السمسم وكان له شريك وكان سمسمهما في بيت واحد غير أنّ سمسم كلّ واحد منهما ناحية,ومن فعل ذلك كان خليقًا أن يصيبه ما أصاب الرجل الذي بلغني أنّه كان يبيع السمسم وكان له شريك وكان سمسمهما في بيت واحد غير أنّ الذي لكلّ واحد منهما على حدة,ومن فعل ذلك كان خليقًا أن يصيبه ما أصاب الرجل الذي بلغني أنّه كان يبيع السمسم وكان له شريك وكان سمسهما في بيت واحد غير أنّ الذي لكلّ واحد منهما على حدة,ومن فعل ذلك كان خليقًا أن يصيبه ما أصاب الرجل التاجر وشريكه الذي نذكره (حديث الرجل وصاحبه) صاحبي السمسم بلغنا أنه كان رجلًا يبيع السمسم وكان له شريك وكان سمسمهما في بيت واحد غير أنّ الذي لكّل واحد منهما على حدته
116,45700af4-663a-47c0-a65c-212d5f7dbb55,The Merchant Devises a Plot,فأضمر في نفسه أن يسرق عدلا من أعدال رفيقه ومكر الحيلة في ذلك وقال إن أتيت ليلًا لم آمن أن أحمل عدلًا من أعدالي أو رزمة من رزمي ولا أعرفها فيذهب عنائي وتعبي باطلا,فأضمر في نفسه أن يسرق من أعدال شريكه شيئًا وفكّر <في> الحيلة في ذلك وقال إن أتيت ليلًا لم آمن أن أحمل عدلًا من أعدالي فيذهب عنائي,فأضمر في نفسه أن يسرق [[علا]] عدلًا من أعدال رفيقه وفكّر في الحيلة في ذلك وقال إن أتيت ليلًا لم آمن أن أحمل عدلًا من أعدالي أو رزمة من متاعي ولا أعرفها فيذهب عنائي وتعبي باطلًا,فأضمر القريب من الحانوت أن يسرق من أعدال رفيقه عدلًا ففكّر وقال إن أنا جئت ليلًا ربّما أحمل عدل من أعدالي ولا أعرفه فيذهب عنائي وتعبي باطلًا ولكنّي أعلّم علامة لأعرف الذي آخذه,فأضمر الذي بالقرب أن يسرق من أعدال رفيقه [علا] عدلًا وفكّر في وجه الحيلة فيه وقال إن أنا جئت ليلًا لم آمن أن أحمل عدلًا من أعدالي ورزمة من متاعي ولا أعرفها فيذهب متاعي وتعبي ولكنّي أعلّم علامة أعرف بها العدل فآخذه,عنه فأضمر الذي قريب من الحانوت أن يسرق من أعدال رفيقه عدلًا ثمّ إنّه فكّر في وجه الحيلة وقال إن أنا جئت ليلًا لم آمن أن أحمل عدل من أعدالي ولا أعرفه لحلوك الدجى فيذهب تعبي وعنائي باطلًا ولكنّي أعلّم العلامة لكي أعرف الذي آخذه,فأضمر الذي هو بالقرب أن يسرق من أعدال رفيقه عدلًا وفكّر في الحيلة فقال إن أنا جئت ليلًا لم آمن أن آخذ من أعدالي عدلا فيذهب تعبي باطلًا ولكنّي أعلّم علامته,فأضمر الذي <هو> قريب من الحانوت أن يسرق متاع رفيقه وفكّر في الحيلة فقال إن أنا جئت ليلًا لم آمن أخذ متاعي فيذهب تعبي باطلًا ولكن أعمل الحيلة أعلّم علامة,وفكّر في الحيلة فقال إن جئت ليلًا لم آمن أن آخذ من أعدالي عدلًا فيذهب تعبي باطلًا ولكنّي أعلّم علامة,فأحبّ أحدهما أن يذهب بالذي لشريكه حتّى يأخذ سمسم صاحبه فرأى أن يجعل له ***,ففكّر في حيلة يحتال بها لسمسم شريكه حتّى يأخذه فرأى أن يجعل له علامة حتّى إذا جاء يأخذه بالليل عرفه بها,ففكّر في حيلة يحتال بها في أخذ السمسم من شريكه فرأى أن يجعل له فيه علامة حتّى يأخذه بالليل,فأحبّ أحدهما أن يذهب بما لشريكه من السمسم فجعل له علامة حتّى إذا جاء الليل عرفه,فأحبّ أحدهما أن يذهب بالذي لشريكه من السمسم ثم أحبّ أن يجعل له علامة حتّى إذا دنا الليل عرفه بها,فأحبّ أحدهما أن يذهب بالذي لشريكه من السمسم ثمّ أحبّ أن يجعل له علامة حتّى إذا جاء بالليل عرفها,فأحبّ أحدهما أن يذهب بالذي لشريكه من السمسم فجعل له علامة إذا جاء الليل ليأخذه
117,933575e5-145f-4cea-ba8a-e1b0c6f67439,The Merchant Executes the Plot,فأخذ رداءه فألقاه على العدل الذي أضمر أخذه ثمّ انصرف الى منزله,وأخذ رداءه وألقاه على العدل الذي يريد أن يأخذه ثمّ انصرف إلى منزله,وأخذ رداءه وألقاه على العدل الذي أضمر أخذه ثمّ مضى إلى منزله,فأخذ رداءه وألقاه على العدل الذي أضمر أخذه وانصرف إلى منزله,فأخذ رداءه فألقاه على العدل الذي أضمر أخذه *وانصرف إلى منزله,ثمّ إنّه أخذ رداءه وطرحه على إحدى أعدال رفيقه الذي أضمر أخذه ثمّ انصرف إلى منزله وخلّف رفيقه في الحانوت بعده,فأخذ رداءه فألقاه على عدل من أعدال رفيقه ثمّ انصرف إلى منزله,فأخذ رداءه فألقاه على عدل من أعدال رفيقه ثمّ انصرف إلى منزله وخلّف رفيقه في الحانوت,فأخذ رداءه فألقاه على عدل من أعدال رفيقه ثمّ انصرف إلى منزله,** إلى ردائه فغطّى به سمسم صاحبه ثمّ انطلق إلى صديق له فأخبره بالذي يهمّ به من ذلك وسأله أن يعينه فـأبى الآخر ذلك حتّى يجعل له نصف ما أخذ منه,فعمد إلى ردائه فغطّى به السمسم ثمّ انطلق إلى صديق له فأخبره بالذي همّ من ذلك وسأله أن يعينه عليه فأبى الآخر حتى يجعل له نصف ما يأخذه منه,فعمد الى ردائه فغطّى بها السمسم ثّم انطلق إلى صديق له فأخبره بالذي همّ به من ذلك وسأله أن يعينه عليه فأبى إلّا حتّى يجعل له نصف ما يأخذ من السمسم,فعمل إلى ردائه فغطّاه به ثم انطلق إلى صديق له وأخبره بالذي همّ به من ذلك [ثمّ انطلق إلى صديق له وأخبره بالذي همّ به من ذلك] وسأله معاونته عليه فأبى عليه حتّى جعل له نصف ما يأخذ منه,فعمد إلى ردائه فغطّاه به ثمّ انطلق إلى صديق له فأخبره بالذي همّ به وسأله أن يعينه عليه فأبى صديقه ذلك إلّا أن يجعل له نصف ما يأخذ منه ففعل,فعمد إلى ردائه غطّى به السمسم الذي لشريكه ثمّ انطلق إلى صديق له فأخبره بالذي لشريكه والذي همّ هو به أن يفعله ويسأله أن يعينه عليه وأبى صديقه ذلك أن لا يفعل أو يجعل له نصف ما يأخذ منه ففعل,فأخذ رداءه فغطّى به سمسم شريكه ثم ّانطلق إلى صديق له فأخبره بالذي همّ به من ذلك وسأله أن يعينه فأبى صديقه ذلك حتى جعل له نصف ما يأخذ منه
118,a32cf60b-3f55-47c2-bbff-ef9fbe64e47f,The Partner Finds the Garb,وجاء رفيقه بعد ذلك ليصلح أعداله فوجد رداء شريكه على بعض أعداله,ثمّ جاء شريكه فنظر إلى الرداء,فجاء شريكه بعده ليصلح أعداله,وخلّف رفيقه في الحانوت بعده فلمّا أراد رفيقه الانصراف قام يصلح أعداله,وخلّف رفيقه في الحانوت بعده فلمّا أراد الانصراف إلى منزله قام يصلح أعداله,فلمّا أراد رفيقه الانصراف جعل يصلح أعداله فأبصر رداء رفيقه على إحدى أعداله,وخلف رفيقه في الحانوت بعده فلمّا أراد الانصراف إلى منزله قام ليصلح أعداله,فلمّا أراد الآخر الانصراف إلى منزله قام ليصلح متاعه فوجد رداء صاحبه فوق متاعه,وخلّف رفيقه بعده في الحانوت فلمّا أراد الانصراف قام ليصلح أعداله فبصر رداء رفيقه على أعداله,ثمّ قال إنّ شريكه التاجر دخل البيت فرأى سمسمه مغطّى برداء صاحبه,ثمّ إنّ شريك التاجر دخل البيت فأبصر سمسمه مغطّى برداء صاحبه,ثمّ إنّ شريكه دخل البيت فأبصر سمسمًا مغطّى برداء صاحبه,ثم إنّ شريك التاجر دخل البيت فأبصر سمسمه مغطًّا برداء صاحبه,ثمّ إنّ شريكه دخل البيت فرأى سمسمه مغطّى برداء صاحبه,ثمّ إنّ شريك التاجر دخل البيت فرأى سمسمه مغطّى برداء صاحبه,ثمّ أنّ شريك التاجر دخل إلى البيت فرأى سمسمه مغطّى برداء شريكه
119,466bf20e-66c9-4380-b031-214f7a4435f4,The Partner Moves the Garb,فقال والله هذا رداء شريكي ولا أحسبه إلّا قد نسيه وما الرأي أن أدعه هاهنا ولكن أجعله على رزمه فلعلّه يسبقني إلى الحانوت فيجده حيث يحبّ ثمّ أخذ الرداء فألقاه على عدل من أعدال رفيقه وقفل الحانوت ومضى إلى منزله,فقال هذا والله رداء صاحبي والرأي أن أضع رداءه على بعض أعداله لأنّه نسيه وربّما يسبقني للحانوت فيجده ثمّ أخذ الرداء وألقاه على أعدال رفيقه وقفل حانوته وانصرف إلى منزله,فقال هذا والله رداء صاحبي ولا أحسبه إلّا قد نسيه وما الرأي أن أدعه هاهنا بل أجعله على أعداله فلعلّه يسبقني إلى الحانوت فيجده حيث يجب ثمّ أخذ الرداء فألقاه على عدل من أعداله وقفل الحانوت وانصرف,فأبصر رداء صاحبه على أعداله هو فقال هذا رداء صاحبي وأظنّ أنّه قد نسيه فأدعه له هاهنا على أعداله فربّما يرجع إلى الحانوت فيجده مكانه فأخذه وألقاه على عدل من أعدال رفيقه وقفل الحانوت وانصرف,فقال والله هذا رداء صاحبي ولا أحسبه إلّا وقد نسيه وما الرأي أن آخذه ولا أدعه على متاعي بل أصيّره على *رزمته فعساه أن يرجع فيجده على متاعه فيأخذه ثمّ ألقاه على عدل من أعداله وقفل الحانوت وانصرف,فقال والله هذا رداء رفيقي وأظنّه نسيه وما الرأي أن آخذه بل الرأي أن أدعه ها هنا على أعداله فعساه أن يعود للحانوت فيجده على إحدى أعداله ثمّ إنّه ألقاه على إحدى أعداله أي أعدال رفيقه وقفل حانوته وانصرف,فقال هذا رداء رفيقي وقد نسيه وما الرأي أن أدعه ها هنا بل أصيّره على أعداله فعسى أن يسبقني إلى الحانوت فيجده بحيث يُحبّ فأخذ الرداء فألقاه على عدل من أعدال رفيقه وانصرف إلى منزله,فقال هذا رداء صاحبي قد نسيه وما الرأي أن أدعه هنا بل أجعله على عدل من أعداله فإذا سبقني وجاء وجد رداءه موضوعًا بجنبه وأخذ الرداء وألقاه على عدل رفيقه وذهب إلى سبيله,فقال هذا والله قد نسيه وما الرأي إلّا أن أدعه على أعداله فإذا [فإذا] سبقني إلى الحانوت أخذه ثمّ ألقاه على عدل من أعداله وقفل وانصرف,فقال في نفسه لقد أحسن شريكي في تغطية سمسمي بردائه فردّ الرداء على سمسم صاحبه,فظنّ أنّه إنّما غطّاه من التراب والدوابّ شفقة منه عليه فقال في نفسه قد أحسن صديقي في تغطية سمسمي شفقة عليّ ولكنّ سمسمه أحقّ أن يُغطّى بردائه فجعل الرداء على سمسم شريكه,فظنّ أنّه إنّما غطّاه من الدوابّ والتراب شفقة عليه فقال في نفسه لقد أحسن شريكي في تغطيته سمسمي وشفقته عليّ ولكنّ سمسمه أحقّ من أن يغطّى برداءه فجعل الرداء على سمسم صاحبه,فظنّ أنّه إنّما غطّاه من التراب والغبار شفقة منه عليه فقال في نفسه قد أحسن شريكي في تغطية سمسمي وشفقته عليّ وليكن سمسمه أحقّ أن يُغطّى بردائه وأخذ الرداء من سمسمه فجعله على السمسم الذي لصاحبه,فظنّ أنّه غطّاه من التراب والدوابّ فقال في نفسه لقد أحسن شريكي في تغطية سمسمي وإشفاقه عليه وسمسمه أحقّ أن يُغطّى بردائه فحوّل الرداء على سمسم صاحبه,فظنّ أنّه غطّاه من التراب والدوابّ فقال في نفسه لقد أحسن شريكي في تغطية سمسمي وشفقته عليه وسمسمه أحقّ أن يُغطّى بردائه فحوّل الرداء على سمسم صاحبه,أنّه غطّاه له من التراب والدواب فقال في نفسه لقد أحسن شريكي في تغطية سمسمي واشفاقه عليّ سمسمه أحقّ أنّ يغطّى بردائه فحوّل الرداء على سمسم صاحبه
120,8bc7f076-3afe-41b2-8e01-e03701a75dae,The Merchant Steals His Own Bale,فلمّا جاء الليل أتى رفيقه ومعه رجل قد واطأه على ما عزم عليه وضمن له جعلا على حمله فصار إلى الحانوت فالتمس الإزار في الظلمة فوجده على العدل فاحتمل ذلك العدل فأخرجه هو والرجل وجعلا يتراوحان على حمله حتّى أتى منزله فرمى نفسه تعبًا,فلمّا كان الليل جاء رفيقه ومعه رجل قد استأجره ليحمل له عدلًا فلمّا جاء إلى الحانوت فتحه وطلب الإزار في الظلمة فوجده على الأعدال فاحتمل منها عدلًا بعد الجهد العظيم حتّى اخترجه وجعل الرجل يحمله حتّى أتى إلى منزله وفي نفسه أنّ العدل لرفيقه,فلمّا كان الليل جاء رفيقه ومعه رجل قد واطأه على ما عزم عليه وضمن له جعلًا على حمله فصار إلى الحانوت والتمس الإزار في الظلمة فوجده على الأعدال فاحتمل منها عدلًا بعد الجهد حتّى أخرجه هو والرجل ولم يزالا *يتراوحان على حمله حتّى أتى به منزله ورمى نفسه تعبًا,فلمّا كان الليل جاء رفيقه ومعاه رجل قد اتّفق معه على ما عزم عليه فصار إلى الحانوت وفتحه وطلب الرداء في الظلمة فوجده على الأعدال مرميّ فاحتملا تعب وجهد إلى أن أخرجاه وحملاه حتّى صار به إلى منزله,فلمّا كان الليل جاء رفيقه ومعه رجل وقد واطأه على ما عزم عليه وضمن له جعلًا فصار إلى الحانوت بالرجل وفتحه وطلبا الإزار في الظلمة فوجده على الأعدال مرمي فاحتملا عدلًا بجهد حتّى أخرجاه وجعل هو والرجل يتعاونان على حمله حتّى صار إلى منزله فرمي بنفسه من شدّة التعب والجهد,فلمّا دجا الليل جاء رفيقه صاحب الرداء ومعاه رجل آخر قد أوصاه على ما عزم عليه وضمن له جعلًا يدفعه له من ماله فوصلا إلى الحانوت ففتح ولحمس على الرداء في الظلمة فوجده على عدل فحمل العدل الذي الرداء عليه وأخرجاه بعد جهد جهيد وصارا هو ورفيقه يتناوبان في حمل العدل حتّى وصلا به إلى منزله فقد حصل له تعبًا بليغًا,فلمّا كان الليل جاء رفيقه ومعه حمّال ففتح الحانوت والتمس الرداء فوجده على عدل فاحتمله بعد جهدًا فأخرجه وجعل هو والحمّال يتعاونا على حمله حتّى صار إلى منزله فرمى بنفسه تعبًا,فلمّا كان الليل جاء قريب المنزل والتمس الرداء فاحتمله هو والحمّال واقتلعاه من داخل الحانوت وذهب يريد به منزله فلمّا وصل إلى منزله وألقاه عن ظهر الحمّال وانحدر به إلى داخل المنزل واستلقى على قفاه ليسترح لنفسه ممّا ناله من شدّة المعالجة وقوّة الحركة وثقل الحمل وهو يظنّ أنّه ظافر بما أصاب,فلمّا كان بعد وقت من الليل جاء رفيقه ومعه حمّال ففتح الحانوت والتمس الرداء فوجده على عدل فاحتمله وأخرجه بعد عناء وتعاون هو الحمّال على حمله حتّى إذا صار به إلى منزله فرمى بنفسه تعبًا,فلمّا أتى الليل جاء شريكه والرجل معه فدخل البيت وهو مظلم فجعل يلتمس ويحسّ حتّى وقعت يده على المغطّى وهو يرى أنّه سمسم صاحبه فأخذ نصفه وأعطى صاحبه النصف الآخر,حتى إذا أتى الليل جاء التاجر والرجل معه فدخلا البيت وهو يلتمس ويجسّ والبيت مظلم حتّى وقعت يده على الثوب الذي على السمسم وهو يرى أنّه كما غطّاه وأنّه سمسم صاحبه فأخذ نصفه وأعطى صاحبه النصف الآخر,حتّى إذا كان الليل جاء شريكه والرجل معه فدخلا البيت جميعًا فجعلا يلتمسان ويقفوان على السمسم حتّى وقعت يد التاجر على الرداء فأخذ منه ما أراد فلّما خرجا من البيت أخذ نصفه وأعطى صاحبه نصفه الآخر,فلمّا كان الليل جاء التاجر والرجل معه ودخلا البيت وهو مظلم فجعل يلتمس ويحسّ حتّى وقعت يده على الرداء الذي على السمسم وهو يرى أنّه كما غطّاه وأنّه سمسم صاحبه وأخذ بعضه وأعطاه نصفه الآخر,فلمّا كان في الليل جاء التاجر والرجل معه ودخلا البيت وهو مظلم فجعل الرجل يلتمس ويجسّ حتّى وقعت يده على الرداء المغطّى على السمسم وهو يُقدّر أنّه كما غطّاه وأنّه سمسم صاحبه فأخذ نصفه وأعطى صديقه الذي عاونه نصفه,فلمّا كان الليل جاء التاجر والرجل معه وقد خلا البيت فجعل يلتمس ويحتزر حتّى وقعت يده على الرداء المغطّي على السمسم وهو يرى أنّه كما غطّاه وأنّه سمسم صاحبه فأخذ نصفه وصديقه نصفه,فلمّا كان من الليل جاء التاجر والرجل معه فدخلا البيت وهو مظلم فجعل يلتمس ويحسّ حتّى وقعت يده على المغطّى من السمسم وهو يرى أنّه كما غطّاه وأنه سمسم صاحبه فأخذ نصفه وأعطى صاحبه النصف الآخر
121,846fc5d7-b813-4a4b-a455-920dc1b7fbae,The Merchant Discovers the Error at Home,فلمّا أصبح افتقده وإذا به بعض أعداله فندم أشدّ الندامة ثمّ انطلق نحو الحانوت فوجد شريكه قد سبقه إليه ففتح الحانوت وفقد العدل فاغتمّ لذلك غمًّا شديدًا,فلمّا أصبح نظر وإذا هو من بعض أعداله فندم أشدّ ندامة ثم انطلق نحو الحانوت فوجد شريكه قد سبقه إلى الحانوت وفتحه وقد فقد العدل واغتمّ لذلك غمًّا شديدًا,فلمّا أصبح نظر فإذا هو بعض أعداله فندم أشدّ الندامة ثمّ انطلق نحو الحانوت فوجد رفيقه قد سبقه إليه ففتح <الحانوت> وفقد العدل فاغتمّ لذلك غمًّا شديدًا,فلمّا أضاء النهار نظر وإذا هو بعض أعداله فندم غاية الندم وانطلق نحو الحانوت فوجد رفيقه قد سبقه إليه وفتح الحانوت فوجد عدل رفيقه فاقد فاغتمّ لذلك,فلمّا أصبح نظر فإذا هو ببعض أعداله فندم أشدّ الندم ثمّ انطلق نحو الحانوت فوجد شريكه وقد سبقه إليه وقد فقد العدل والإزار واغتمّ لذلك غمًّا شديدًا,فلمّا كان من *الغد وأشرق النهار وإذ العدل هو عدله فندم حدّ الندامة ثمّ انطلق نحو الحانوت فوجد شريكه قد سبقه إليه وتفقّد الأعدال فوجد عدل شريكه فاقد فاغتمّ لذلك غمًّا شديدًا,فلمّا أصبح نظره فإذا هو من أعداله فندم أشدّ ندامة ثمّ أنّ رفيقه أصبح وبكّر إلى الحانوت ففتحه فرأى عدلًا من أعدال رفيقه قد فُقد فاغتمّ غمّا شديدًا,فلمّا أصبح نظر فإذا *هو من أعداله فندم على ذلك أشدّ الندم ثمّ إنّ رفيقه جاء إلى الحانوت فوجد عدلًا من أعدال رفيقه قد فُقد فاغتمّ لذلك غمًّا شديدًا,<فلمّا> *أصبح نظره فإذا هو من أعداله فندم ندامة شديدة ثمّ أنّ رفيقه بكّر إلى الحانوت ففتحه فوجد عدلًا من أعدال رفيقه قد فُقد,,,,,,,
122,43a078bb-8619-4387-8d10-76dd94407496,The Merchant Notices the Error in the Shop,,,,,,,,,,فلمّا أصبح جاء هو وشريكه فدخلا البيت فرأى السمسم الذي ذهب به إنّما هو سمسمه ورأى سمسم صاحبه موفرًا على حاله فدعا بالويل والثبور وعرف أنّ الذي أخذ ذلك الرجل غير الذي صرّ رداءه عليه,فلمّا أصبح جاء هو وشريكه ودخلا البيت فلمّا رأى الرجل أنّ السمسم الذاهب إنّما هو سمسمه ورأى سمسم صاحبه موفرًا ***,فلّما أصبح جاء هو وشريكه فدخلا البيت فلمّا رأى الرجل أنّ السمسم الذاهب هو سمسمه ورأى سمسم صاحبه وافرًا دعا بالويل والثبور وعرف أنّ الذي أخذ ذلك الرجل غير الذي كان رداؤه عليه,*فلمّا كان من غد جاء هو وشريكه فدخلا البيت فلمّا رأي الرجل أنّ السمسم الذاهب إنّما هو سمسمه ورأى سمسم صاحبه على حاله دعا بالويل وعرف أنّ الذي أخذه الرجل غير الذي كان رداؤه عليه,فلمّا أصبح جاء هو وشريكه حتّى دخلا البيت فلمّا رأى الرجل أنّ الذي ذهب سمسمه ورأى سمسم صاحبه على حاله دعا بالويل وعرف أنّ الذي أخذه ذلك الرجل ليس برادّه,فلمّا أصبح جاء هو وشريكه حتّى دخلا البيت فلمّا رأى الرجل الذي ذهب من السمسم متاعه ورأى سمسم صاحبه على حاله دعا بالويل وعرف أنّ الذي أخذ ذلك الرجل ليس برادّه عليه,فلمّا أصبح جاء هو وشريكه فدخلا البيت فلمّا رأى أن الذاهب هو الذي له ***
123,681efb1d-1064-49e5-9b7b-b126fa16230d,The Merchant Keeps Silent about His Betrayal,,,,,,,,,,وكره أن يذكر شيئًا من ذلك لئلّا يعرف بذلك شريكه فيكون ذلك أشدّ عليه من ذهاب سمسمه,,وكره أن يذكر شيئًا فيكون معرفة شريكه وغيره بما كان أشدّ عليه من ذهاب السمسم,فكره أن يذكر شيئًا فيكون معرفة شريكه وغيره بما كان أشدّ منه عليه من ذهاب السمسم,ويخشى أن يكون فيه فضيحته فلم يقل شيئًا,وخشي أن يقول شيئًا فيكون ما هو أشدّ عليه من ذهاب السمسم,وخشي أن يذكر شيئًا فيكون ما فيه من العار أشدّ عليه من ذهاب السمسم فالواجب
124,7e7dd702-599e-41c5-aea2-f8a2d5998762,The Partner Fears Accusation (Monologue),وقال وا سوءتاه من رفيق صالح قد ائتمنني على ماله وخلفني فيه ماذا يكون حالي عنده ولست أشكّ في تهمته إيّاي ولكن قد وطّنت نفسي على غرامته,وقال وا سوءتاه من رفيق صالح قد آمنني على ماله وخلفني فيه وانصرف ماذا يكون حالي عنده ولست أشكّ في تهمته إيّاي وإنّي صاحبه,وقال وا سوءتاه من رفيقي الصالح الذي ائتمنني على ماله وخلّفني فيه وانصرف ماذا يكون حالي عنده ولا أشكّ في تهمته إيّاي,وقال وا أسفاه من رفيقي الصالح الذي *أمّنني على ماله وخلّفني بالحانوت بعده فماذا يكون حالي عنده إذ فقد عدلًا من أعداله وربّما يتّهمني أنا,,وقال وا أسفاه على رفيقي الصالح الذي ائتمنني على ماله وخلفني في الحانوت بعده فماذا يكون حالي عنده إذا استفقد أعداله ولست أشكّ في تهمته إيّاي,وقال وا سوءتاه من رفيقي الصالح الذي ائتمنني على ماله وخلفني فيه ماذا يكون حالي عنده إذا فقد عدلًا من أعداله ولست أشكّ في تهمته إياي وإنّي صاحبه,فقال وا سوءتاه لرفيقي الصالح الذي ائتمنني على متاعه وجعلني أتخلّف إليه دونه ماذا يكون حالي عنده إذا فقد عدله وما أظنّ أن يأتمنني به,فقال واشُؤْماه من رفيقي الصالح الذي ائتمنني على ماله ما يكون حالى عنده وقد فقد بعض أعداله وليس أشكّ في تهمته إيّاه وأنا صاحبه,,,,,,,
125,0c5877f4-c843-4ca3-89e0-cb4ba1433664,The Partner Fears Accusation (Dialogue),ثمّ أتى صاحبه فوجده مغتمًّا فسأله عن حاله فقال إنّي قد افتقدت عدلا من أعدالك وإنّى لا أشكّ في تهمتك إيّاي وإنّي قد وطّنت نفسي علي غرامته,ولم يزل كذلك حتّى وافى رفيقه صديقه فوجده مغتمًّا فسأله عن حاله فقال له إنّي فقدت عدلًا من أعدالك ولا أعلم سببه ولا أشكّ في تهمتك إيّاي وإنّي قد وطّنت نفسي على غرامته,ثمّ أتى رفيقه فوجده مغتمًّا فسأله عن حاله فقال له إنّي فقدت عدلا من أعدالك ولا أعلم سببه ولا أشكّ في تهمتك إيّاي وإنّي قد وطّنت نفسي على غرامته,فلم يزل غمّه حتّى وافاه رفيقه فلمّا رآه مغتمًّا سأله عن حاله فقال إنّي افتقدت عدلًا من أعدالك ولا أعلم كيف سببه ولا أشكّ في تهمتك إيّاي وقد أيقنت على غرامتي لك,فوافاه رفيقه وهو على أعظم ما يكون من الفكر والهمّ فسأله عن حاله فقال له يا أخي إنّي فقدت عدلًا من أعدالك وإنّي لا أعلم سببه ولا أشكّ أنّك تتّهمني به وقد وطّنت نفسي على غرامته لك,فلم يزل مغمومًا حتّى وافى شريكه فوجده مغتمًّا فسأله عن حاله فقال له إنّني افتقدت عدلًا من أعدالك وإنّي لا أعلم سبب فقده ولا أشكّ في تهمتك إيّاي وقد وطّنت نفسي على غرامتي لك العدل,ولم يزل كذلك حتّى وافاه رفيقه وهو مغتمّ فسأله عن حاله فقال أنّي افتقدت عدلًا من أعدالك ولا أشكّ في تهمتك إيّاي وإنّي قد وطّنت نفسي على غرمه لك,فلم يزل كذلك إلى أن وافاه رفيقه وهو مغتمّ فسأله عن حاله فقال إنّي فقدت عدلًا من أعدالك ولست بآمن من تهمتك إيّاي وقد ظننت نفسي على غرمه لك,*** وهو مقيم فسأله عن حاله فقال إنّي افتقدت عدلًا من أعدالك ولا أعلم سببه,,,,,,,
126,6b5d8f68-eac9-442e-b211-e028f7257cc7,The Merchant Admits Treachery,فقال له يا أخي لا تغتمّ فإنّ الخيانة شرّ ما عملها الإنسان والمكر والخديعة لا يؤدّيان إلى خير وصاحبهما مغرور أبدًا وما عاد وبال البغي إلاّ على صاحبه وأنا أحد من مكر وخدع واحتال,فقال له لا تغتمّ يا أخي فإنّ الخيانة أشرّ ما عملها الإنسان والمكر والخديعة لا يؤدّيان إلى خير وصاحبهما مغرورًا أبدًا وما عاد وبال البغي إلّا على أهله وإنّي أنا الذي فعلت هذا بمكر وخديعة واحتيال,قال له لا تغتمّ يا أخي فإنّ الخيانة شرّ ما عملها الإنسان والمكر والخديعة ولا يؤدّيان إلى خير وصاحبهما مغرور أبدًا وما عاد وبال البغي إلّا علي صاحبه وأنا أجد من مكر وخدع واحتال,فقال له لا تغتمّ يا أخي فإنّ الخيانة أشرّ ما صنع الإنسان والباغي ربّما عاد وبال بغيه عليه,فقال صاحب الجريمة يا أخي قرّ عينًا فإنّ الخيانة شرّ ما استعملها الإنسان والمكر والخديعة لا يؤدّيان بصاحبهما إلى خير وربّما عاد وبال البغي على صاحبه وأنا ممّن مكر واحتال وخادع ولم يصب طائلًا,فقال له يا أخي لا تغتمّ فإنّ الخيانة أشرّ ما استعمله الإنسان والمكر والحيلة لا يحيطان إلّا بأهليهما وصاحبهما المغرور بما عاد عليه من وبال البغي لأنّ البغي له مصرف وإنّني أنا بعض من مكر بك وخادع,فقال لا تغتمّ يا أخي فإنّ الخيانة أشرّ ما استعملها الناس والخيانة لا تؤدّي إلى خير وصاحبها هو المغرور وربّما عاد وبالها على صاحبها فإنّي قصدت أن أمكر فعاد ذلك عليّ,قال لا تهتمّ ولا تغتمّ يا أخي فإنّ الخيانة شرّ عمل الناس بينهم والخائن هو المغرور ووبال الخيانة عائد إلى الخائن فإنّي ممّن قصد ذلك ورجع المكر على نفسي,فقال لا تغتمّ يا أخي فإنّ الخيانة لا تؤدي إلّا الى الأخطر وصاحبها المغرور وربّما عاد وبالها على صاحبها فإنّي ما أجد من مكر وخدع عاد ذلك عليه,,,,,,,
127,d2d371ea-75c8-4822-9cdf-e2981ed6d989,The Merchant Explains Events upon Request,فقال له صاحبه وكيف كان ذلك فأخبره خبره وقصّ عليه قصّته,فقال له صاحبه وكيف كان ذلك فأخبره بأمره وقصّ عليه قصّته,قال له رفيقه وكيف كان ذلك فأخبره بأمره وقصّ عليه قصّته,قال له وكيف ذلك فأخبره وقصّ عليه الواقعة وكيف أخذ العدل وما لقي فيه من الجهد والخوف,فقال له رفيقه وكيف ذلك فأخبره بالأمر وقصّ عليه القصّة وكيف أخذ العدل وما لقي من الجهد وما حلّ به من الرعب,فقال رفيقه وكيف ذلك فأخبره بالأمر الذي توقّع معاه وقصّ له قصّته وقرّ بذنبه وكيف أخذ العدل وما لقي فيه من الجهد والنصب والرعب وبعد هذا كانت سرقتي لمالي,قال رفيقه وكيف كان ذلك فأخبره بأمره وقصّ عليه قصّته وكيف كان أخذه للعدل وما قاساه فيه من الجهد والفزع,فقال صاحبه وكيف كان ذلك فقصّ عليه القصّة وعرض عليه الحال من أوّله إلى آخره وشرح له ما ناله من الجهد والتعب,قال رفيقه وكيف كان ذلك فأخبره *بأمره وقصّ عليه قصّته,,,,,,,
128,85eb70e3-e9fa-4658-bfbf-d048f8c0e2d5,The Partner's Parable about the Thief,فقال له رفيقه ما مثلك إلاّ مثل اللصّ والتاجر فقال له وكيف كان ذلك,فقال لرفيقه ما مثلك إلاّ مثل اللصّ والتاجر قال كيف كان ذلك (حكاية),فقال له رفيقه وكيف كان ما مثلك مثل اللصّ والتاجر قال وكيف كان ذلك,فقال له رفيقه ما أشبه ما نالك إلّا بما نال اللصّ من التاجر قال له وكيف كان قال,فقال له رفيقه ما أشبه ما نالك بما نال اللصّ والتاجر قال وكيف كان ذلك,فقال له رفيقه ما أشبه ما نالك مثلما نال اللصّ من التاجر قال له وكيف ذلك,فقال رفيقه ما أشبه ما نالك بما نال اللصّ والتاجر قال رفيقه وكيف كان ذلك,قال رفيقه إنّ شبيه ما نالك ما نال اللصّ مع التاجر قال رفيقه وكيف كان ذلك,فقال رفيقه ما أشبه ما نالك بما نال اللصّ من التاجر قال وكيف كان ذلك,,,,,,,
129,53186008-ceb5-4941-9ee7-a08b43eaab4d,The Thief Who Mistakes Grain for Gold,قال زعموا أنّ تاجرًا كان له في منزله خابيتان إحداهما مملوءة حنطة والأخرى مملوءة ذهبًا,زعموا أنّه كان تاجرًا له في منزله خابيتان أحدهما مملوءة ذهبًا والأخرى مملوءة حنطة,قال زعموا أنّه كان تاجرًا له في منزله خابيتان أحدهما مملوءة حنطة والأخرى مملوءة ذهبًا,زعموا أنّه كان تاجرًا وله في حانوته خابيتان واحدة مملوءة ورقًا والأخرى مملوءة برًّا,قال زعموا أنّ لصًّا جاور لتاجر كان في حانوته جرّتان أحدهما مملوءة ورقًا والأخرى برًّا,قال له زعموا أنّه كان تاجرًا وفي حانوته خابيتان أحدهما مملوء ورقًا والآخر مملوء برًّا,قال زعموا أنّ تاجرًا كان له في حانوته خابيتان إحداهما مملوءة ورقًا والأخرى مملوءة برًّا,قال زعموا أنّ تاجرًا كان له خابيتان أحداهما مملوءة ورِقًا والآخرة برًّا,قال زعموا أنّ تاجرًا كان له في حانوته خابيتان أحدهما مملؤة ورِقًا والأخرى برًّا,,,,,,,
130,59058b2b-5455-4592-8cf8-8b1fded21c12,The Thief Eyes Jar,فترقّبه بعض اللصوص زمانًا حتّى إذا كان بعض الأيّام تشاغل التاجر من المنزل فأغفله اللصّ ودخل المنزل وكمن في بعض نواحيه,فرقبه بعض اللصوص زمانًا حتى أنّ التاجر تشاغل في بعض الأيّام عن الدكّان في شغله فاغتفله اللصّ ودخل الحانوت فكمن في بعض نواحيه,فترقّبه بعض اللصوص زمانًا حتّى إذا كان في بعض الأيّام تشاغل التاجر عن المنزل في بعض اشتغاله فاعتقله اللصّ ودخل المنزل وكمِن في بعض نواحيه,فترقّبهما لصّ زمانًا وفي بعض الأيّام تشاغل التاجر في بعض أشغاله فجاء اللصّ للحانوت وكمن في بعض نواحيه فلمّا خرج التاجر لمهمّاته,فترقّب غفلة التاجر فلمّا أمكنه ذلك وتمكّن من الحانوت,فترقّبه اللصّ زمانًا طويلًا حتّى أحكمته الفرصة أنّ التاجر فتشاغل في بعض الأيّام مع الناس في الأخذ والعطاء فجاء اللصّ ودخل حانوته *وكمن في بعض نواحيه فلمّا خرج التا <جر> لبعض مهمّاته,فترقّبها <لصّ> زمانًا حتّى إذا كان في الأيّام اشتغل التاجر في بعض أشغاله فاغتفله اللصّ ودخل الحانوت,ففطن به لصّ وترقّب غيبة التاجر مدّة طويلة إلى أن اشتغل التاجر في يعض الأيّام بشغل أشغله عن تفقّد حانوته فبادر اللصّ إلى فتح الحانوت,فترقّبها لصّ زمانًا حتّى إذا كان في بعض الأيّام اشتغل التاجر في بعض أشغاله فدخل اللصّ الحانوت,,,,,,,
131,9724eb26-4d44-4e74-b44f-6281ece3e723,The Thief Takes the Grain,فلمّا همّ بأخذ الخابية التي فيها الدنانير أخذ التي فيها الحنطة وظنّها التي فيها الذهب ولم يزل في كدّ وتعب حتّى أتى منزله فلمّا فتحها وعلم ما فيها ندم,فلمّا همّ بأخذ الخابية الذي فيها الدنانير أخذ الذي فيها الحنطة فحملها ولم يزل في كدّ وتعب حتّى أتى بها منزله فلمّا فتحها وعلم ما فيها ندم كثيرًا,فلمّا همّ بأخذ التى فيها الدنانير أخذ التي فيها الحنطة فاحتملها ولم يزل في كدّ وتعب حتّى أتى بها منزله فلمّا فتحها وعلم ما فيها ندم,خرج اللصّ من مكمنه ليحمل الخابية التي فيها الورق فغلط وتناول التي فيها البرّ ولم يزل في كدّ وتعب حتّى صار إلى منزله فلمّا فتح الخابية *ورأى ما فيها ندم حيث لا ينفعه,قصد جرّة الورق فغلط وأخذ الذي فيها البرّ واحتملها ولم يزل في جهد ونصب حتّى صار بها إلى منزله ففتح الجرّة فرأى البرّ فندم حيث لا ينفعه الندم,خرج اللصّ من مكمنه ليحمل الخابية التي فيها الورق فغلط فحمل الخابية التي فيها البرّ ولم يزل في كلّ وتعب حتّى وصل إلى منزله ففتح الخابية وعلم ما فيها فندم حيث لا ينفعه الندم,وأتى ليأخذ الخابية التي فيها الورِق فغلط فحمل التي فيها البرّ ولم يزل في كدّ وتعب حتّى بلغ منزله فلمّا فتحها وعلم ما فيها ندم,واقتلع الخابية وحملها وظنّ أنّها خابية الورِق ولم يزل في كدّ وتعب إلى أن بلغ منزله فلمّا فتحها وجدها خابية البرّ فواقعه الندم,وأتى ليحمل الخابية التي فيها الورِق فغلط الخابية التي فيها البرّ فلم يزل في كدّ وتعب حتّى بلغ فلمّا فتحها وجدها حنطة,,,,,,,
132,75cddba2-7a8d-4b30-b5d7-0ce686406e7e,The Merchant Forfeits Trust,قال له الخائن ما أبعدت المثل ولا تجاوزت القياس وقد اعترفت بذنبي وخطائي عليك وعزيز عليّ أن يكون هذا كهذا غير أنّ النفس الرديئة تأمر بالفحشاء فقبل الرجل معذرته وأضرب عن توبيخه وعن الثقة به وندم هو عند ما عاين من سوء فعله وتقديم جهله,فقال له الخائن ما أبعد المثل وتجاوزت *القياس وقد اعترفت بذنبي وخطائي عليك وعذرًا عليّ إن كان هذا هكذا غير أنّ النفس الرديئة تأمر بالفحشاء فقبل الرجل عذره وأضرب عن توبيخه ولم يغيّر الثقة به وندم عندما عاين من سوء فعله وتقديم جهله,فقال له الخائن ما أبعدت الشكّ ولا تجاوزت القياس وقد اعترفت بذنبي وخطائي عليك غير أنّ النفس الرديئة تأمر بالفحشاء وقبل الرجل معذرته وأضرب عن توبيخه وعن الثقة به وندم هو عندما عاين من سوء فعله وتقديم جهله,فقال له رفيقه الخائن والله ما أبعدت المثل ولا تجاوزت القياس وقد اعترفت بذنبي وخطائي عليك غير أنّ النفس الرديئة تأمرنا هكذا بالفحشاء فقبل الرجل معذرته وأضرب عن توبيخه وندم الخائن عندما عاين من سوء فعله,فقال له رفيقه الخائن قد ضربت لي مثلًا موافقًا ولم تجاوز فيه القياس وإنّي معترف بذنبي ومستغفر من خطئي فإنّ النفس تأمر بالفحشاء,فقال له رفيقه الخائن والله ما أبعدت في المثل ولا تجاوزت القياس وقد اعترفت بذنبي وخطائي معك وإنّ النفس الرديئة تأمر صاحبها بالفحشاء فقبل شريكه عذره وقد أعرض عن توبيخه,فقال له الخائن ما أبعدت المثل ولا تجاوزت القياس وقد عرفت بذنبي وخطائي عليك ويعزّ عليّ غير أنّ النفس الرديئة تأمر بالفحشاء فقبل الرجل معذرته وضرب عن توبيخه وعن الثقة به,قال ما بعدت المثل منّي غير أنّ النفس أمّارة بالسوء وإنّي لمستغفر لديك وداخل في تجاوز خطاء عليك فقبل الرجل معذرته ورجع عن توبيخه واحتذر,فقال الخائن أمّا بعد المثل ولا تجاوزت القياس وقد اعترفت بذنبي وخطائي عليك !ويصر عليّ غير النفس الرديئة تأمر بالفحشاء فقبل رفيقه عذره وأصرف عن توبيخه وعن الثقة به,,,,,,,
133,321faa79-b435-4944-9689-2fdc27bc8103,The Reader Should Examine the Parables Carefully,وقد ينبغي للنّاظر في كتابنا هذا أن لا تكون غايته التصفّح لتزاويقه بل <يتشرّف> على ما يتضمّن الأمثال حتّى يأتي على آخره,وقد ينبغي للعاقل الناظر في كتابنا أن لا يجعل غايته فيه التصفّح لورقه بل يتشرّف على ما تضمّن من ضرب الأمثال حتّى يأتي على آخره,وقد ينبغي للناظر في كتابنا هذا أنّ لا يجعل غايته التصفّح لتزاويقه بل يتشرّف على ما تضمّن من الأمثال حتّى يأتي على آخره,وقد ينبغي للناظر في كتابنا هذا أن يجعل غايته التصفّح لتزويقه والإشراف على {ما} تضمّن من أمثاله حتّى يأتي على آخره,وقد ينبغي للناظر في كتابنا هذا أن لا يجعل غاية حظّه وجلّ قصده تصحّفه *لرونق ظاهره *والاستشراف على ما تضمّن من أمثاله حتّى يأتي على آخره,فينبغي للناظر في كتابنا هذا أن يجعل غاية التفحّص على معاني أمثاله حتّى يعي ما فيه ويتدبّره لينال فائدته,وقد ينبغي للناظر أن لا يجعل غايته التصفّح لتزويقه والإسراف على ما تضمّن من أمثاله حتّى يأتي على آخره,وينبغي للناظر في هذا الكتاب أن لا يجعل النظر لقصد تزاويقه ولا يتصفّح أوراقه لينظر إلى أشكاله ?وتذاويقه,وينبغي للناظر في هذا الكتاب أن لا يجعل غايته التصفّح ليرتقيه والإشراف عليها تضمّن من أمثاله حتّى يأتي إلى آخره,,,,,,,
134,9952ceef-aa34-47f8-ab67-cf4629de6e2e,The Reader Should Discern the Aim,ويقف عند كلّ مثل وكلمة فيعمل فيها رويّته,ويقف عند كلّ مثل وكلمة,ويقف عند كلّ مثل وكلمة ويعمل فيها رويّته,ويقف عند كلّ مثل منه وكلمة فيعمل رويّته في معناها ويعرف فحواها والغرض الذي أريد به,بل يقف عند كلّ مثل وكلمة فيعمل رويّته في معناها ويعرف فحواها والغرض الذي أُريد به ليقف بفكره على معاني لطيفة [وا] وأسرار شريفة,ويقف عند كلّ مثل ويقلّب روايات معناها ليتملّى بفحواها ويمحّص فكره ويروّق ذهنه ويكتال في لطائف معانيه وأسراره الخفيّة فإن فعل ذلك,بل يقف عند كلّ مثل منه وكلمة يعرف معناها ليعرف فحواه والغرض الذي أريد به فإنّه يُشرف به الفكر على معاني لطيفة,بل يجب عليه أن يبحث في حكمته وإشاراته ليعرف نحو كلامه وما أُريد به من الغرض فإنّه إن اعتمد ذلك أوصله الفكر فيه إلى معاني لطيفة,بل يقف عند كلّ شئّ وكلّ كلمة فيعلم معانيها ويعرف فحواها والغرض الذي أريد به فإنّه يشرف به الفكر على معان لطيفة وأسرار شريفة,,,,,,,
135,8c8d3202-0d09-4ae3-809d-39143fc36d3e,Two Brothers Waste Bequeathed Wealth,ويكون مثله كالإخوة الثلاثة الذين خلّف لهم أبوهم المال الكثير فتنازعوا بينهم فأمّا الاثنان الكبيران فإنّهما أسرعا في إتلافه وإنفاقه في غير وجهه,ويكون كالإخوة الثلاثة الذي خلّف لهم أبوهم المال الكثير فتنازعوا بينهم فأمّا الكبيران فإنّهما قد أسرفا في *إتلافه وإنفاقه في غير وجهه,ويكون كالإخوة الثلاثة الذين خلف لهم أبوهم المال الكثير فتنازعوه بينهم فأمّا الاثنان فإنّهما أسرعا في إتلافه وإنفاقه في غير وجهه,فيكون مثله في ذلك مثل الإخوان الثلاثة اللذين خلّف لهم أبوهم المال الكثير فتنازعوا فيما بينهم فأمّا الكبيران فإنّهما أسرعا في تلف المال وإنفاقه في غير وجهه,فيكون مثله في ذلك مثل الأخوة الثلاثة الذين خلّفهم أبوهم وخلّف المال الكثير فتنازعوا فأمّا الكبيران فإنّهما أسرعا في تلف المال وإنفاقه في غير وجهه وأمّا,يكون مثاله كمثل الإخوان الثلاثة زعموا أنّ رجل توفّي وخلّف ثلاثة أولاد ذكور وخلّف من المال ثلاثين ألف كيس فكلاّ أخذ نصيبه من إرث والده فأمّا الكبير كان متعلّق على شرب المنكر والأوسط كان متعلّق على محبّة الصغار لا زال في غفلتهما حتّى ذهب كلّ ما بأيديهما,,,فيكون في ذلك مثل الأخوان الذين خلّف لهم أبوهم المال الكثير فتنازعوا بينهم فأمّا الكبيران فإنّهما أسرعا في تلف المال وإنفاقه في غير وجهه,,,,,,,
136,75802fc4-1e0b-4c97-a136-08ce5735e925,The Youngest Brother Weighs the Situation,وأمّا الصغير فإنّه عندما نظر ما صار إليه أخواه من إسرافهما وتخلّيهما من المال أقبل على نفسه يشاورها,وأمّا الصغير فإنّه عندما نظر إلى ما صار أخواه إليه من إسرافهما وضياع المال أقبل على نفسها يشاورها وفكّر في سوء تصرّف الإخوان,وأمّا الصغير فإنّه عندما نظر إلى ما صار إليه أخواه من إسرافهما وتخلّيهما من المال أقبل على نفسه يشاورها وتفكّر في سر تصرّف الأحوال,وأمّا الأصغر عندما نظر ما صار إليه أمرهما من إسرافهم وتضييع مال أبيهما أقبل على نفسه يشاورها ولم يفكّر في سوء تصرّف الإخوان,الأصغر فإنّه عندما نظر ما صار إليه أمرهما وما صار إليه أخوته من إسرافهما وتخلّيهما من مال أبيهما أقبل على نفسه *يأمرها ويشاورها فلم يفكّر في سوء تصرّف الأموال,وأمّا الصغير كان دأبه البيع والشراء والمتاجر والأخذ والعطاء والشراكات فلمّا نظر ما جرى على إخواته من إسرافهما وذهاب أموالهما أقبل على نفسه يشاورها ويأمرها بفعل المعروف,,,وأمّا الأصغر فأنظر عندما صار إليه أخواه من الإسراف أقبل على نفسه يؤمرها ويشاورها,,,,,,,
137,367a2e0d-fa04-4073-a9c5-cc816869c635,The Youngest Reflects on Wealth,وقال يا نفس إنّما المال يطلبه صاحبه †ويجمعه من كلّ وجه لبقاء حاله وصلاح معاشه ودنياه وشرف منزلته في أعين الناس واستغنائه عمّا في أيديهم وصرفه في وجهه من صلة الرحم والإنفاق على الولد والإفضال على الإخوان إذ لم يتولّده,فقال يا نفس إنّما المال يطلبه صاحبه ويجمعه من كلّ وجه لبقاء حاله وصلاح دنياه وشرف منزلته في أعين الناس واستغنائه عمّا في أيديهم وصرفه في وجهه من صلة الرحم والإنفاق على الولد والإفضال على الإخوان إذ لم يبق لدة,وقال يا نفس إنّما المال يطلبه صاحبه ويجمعه من كلّ وجه لبقاء حاله وصلاح دنياه وشرف منزلته في أعين الناس واستغنائه عمّا في أيديهم وصرفه في وجهه من صلة الرحم والإنفاق على الولد والإفضال على الإخوان إذا لم يكن لدة,وقال يا نفس إنّما المال يطلبه صاحبه ويجمعه من كلّ وجه لبقاء حاله وصلاح دنياه وشرف المنزلة في أعين الناس والاستغناء عمّا في يديهم وصرفه في وجوهه من صلة الرحم والإنفاق عليهم وعلى الولد والإفضال على الإخوان,وقال يا نفس إنّما المال يطلبه صاحبه ويجمعه من كلّ وجه لبقاء حاله وصلاح دنياه وشرف المنزلة في أعين الناس والاستغناء به عمّا في أيديهم وصرفه في وجوهه من صلة الرحم والإنفاق على الولد والإفضال على الإخوان,ثمّ قال لها أيّتها النفس إنّما المال يجنيه الجاني لابتذال الدنيا وفعل الخير لآخرته وشرف المنزلة والاستغناء عمّا في أيدي الناس ويصرف منه في وجوه البرّ ما يصلح به آخرته وأي برّ أحسن من صلة الرحم والإنفاق عليهم,,,وقال يا نفس إنّ المال إنّما يجمعه صاحبه من كلّ وجه لبقاء حاله وصلاحه وشرف المنزلة بين الناس والاستغناء به عن فضل ما في أيدي الناس وصرفه عن وجوهه من صلة الرحم والإنفاق على الولد والفضل على الإخوان,,,,,,,
138,3a7e2e97-9d16-4c36-87c5-a29d6051b882,Allocating Wealth Poorly is Poverty,فمن كان له مال ولا ينفقه في حقوقه كالذي يعدّ فقيرًا وإن كان موسرًا,لمن كان ذا مال ولم ينفقه في حقوقه كالذي يعدّ فقيرًا وإن كان موسرًا,ممّن كان له مال *** كالذي يُعدّ فقيرًا وإن كان موسرًا,ومن كان له مال ولم ينفقه في حقوقه كان فقيرًا وإن كان موسرًا,فمن كان له مال ولم ينفقه في حقوقه كان كالذي يُعدّ فقيرًا وإن كان موسرًا,وأمّا الجاني إذا جمع وما التذّ في شيء من دنياه وآخرته فيكون حاله كالمعسر ولا فرق بينه وبين *الموسر والأعزب إنّه يتحاسب على القير والقطمير,,,فمن كان له مال ولم ينفقه في حقوقه كان *كالذي يعدّ فقيرًا وإن كان *موسرًا,,,,,,,
139,2afe9995-5b18-4dd3-a5e2-1ab7c90f4b2d,A Wealth Well Spent Brings Praise,وإن هو أحسن إمساكه والقيام عليه لم يعدم الأمرين جميعًا من دنيا تبقي عليه وحمد انضاف إليه,وإن هو أحسن إمساكه والقيام عليه لم يعدم الأمرين جميعًا في دنيا تضاف إليه وحمد يبقى عليه,وإن هو أحسن إمساكه والقيام عليه لم يعدم الأمرين جميعًا في دنيا تضاف إليه وحمدًا يبقى عليه,وإن هو أحسن إمساكه والقيام عليه لم يعدم الأمرين جميعًا من ذنبًا يبقى عليه بإنفاقه وحمدًا يُثاب عليه,وإن أحسن إمساكه والقيام عليه لم يعدم الأمرين جميعًا من دنياه تبقى عليه بإنفاقه وحمدًا يضاف إليه,,,,وإن هو أحسن إمساكه مع القيام عليه لم يعدم الأمرين جميعًا أمّا من دين يبقى عليه أو حمدًا يضاف إليه,,,,,,,
140,cf075ff1-5a67-4d1f-8a22-87311c01dc56,False Spending Brings Regret,ومتى قصد بإنفاقه على الوجوه التى حدّت لم يلبث أن يتلفه ويبقى عليه حسرة عظيمة,ومتى قصد بإنفاقه غير الوجوه التي حدثت لم يلبث أن يتلفه وتبقى عليه حسرة وندامة,ومتى قصد بإنفاقه غير الوجوه التي حدثت له لم يلبث ويبقى عليه حسرة وندامة,,ومتى قصد بإنفاقه غير الوجه المذكور لم يعدم أن يتلفه ويبقى عليه حسرة وندامة,ويبقى يوم القيامة واقع بالحسرة والندامة,,,ومتى قصد بإنفاقه غير الوجوه التي عُدّت له لم يعدم أن يتلفه ويبقى عليه حسرة وندامة,,,,,,,
141,d7fb7f79-d99e-40d4-a24f-a05e84377707,The Youngest Brother Decides To Help,عنّ الرأي فأنا أمسك هذا المال فإنّي أرجو أن ينفعني اللّه به ويغني أخوتي على يديّ فإنّما هو مالي ومال أبيهما وإنّ أولى الإنفاق على صلة الرحم وإن بعد فكيف بإخوتي,ولكنّ الرأي في أن أمسك هذا المال فإنّي أرجو أن ينفعني الله به ويغني إخوتي على أيدي فإنّما هو مال أبي وأمّهما وإنّ أولى الإنفاق صلة الرحم وإن بعد النسب فكيف ببني أبي,ولكن الرأي في أن أمسك هذا المال فإنّي أرجو أن ينفعني الله تعالى ويغني بإخوتي على يدي فإنّما هو مال أبي وأبيهما وإنّ أولى الإنفاق صلة الرحم وإن بعد فكيف بإخوتي,لكن الرأي هو أن أمسك هذا المال الذي قد رُزقته وأرجو أن ينفعني الله به ويغني إخوتي على يديّ فإنّما هو مال أبي وأبيهما فإنّ الأولى إنفاق المال في وجهه وهو صلة الرحم وإن بعدت,لكنّ الرأي أن أمسك هذا المال الذي قد *رُزقته فإنّي أرجو أن ينفعني الله به ويُغني إخوتي على يديّ فإنّما هو مال أبي وأبيهما وإنّ أولى جهة يُنفق فيه المال صلة الرحم وإن بعدت وكيف ما يتهيّأ لي فأسعف بذلك إخوتي,وأنا مرادي أنّني أستتيب إخوتي وأجمل حالهما من أموالي الذي رُزقته محض فضل الله [الله] ?اليس وإنّ المال الذي بين يديّ مال أبيهما فإنّ الأولى إنفاق بعض ما عندي في صيانة رحمي وأكون أسعف بذلك إخواتي,,,لكن الرأي إلى أن أشيل هذا المال الذي قد رُزقته فإنّي أرجو أن ينفعني الله به ويغني إخواتي على يديّ فإنّما هو مال أبي وأبيهم,,,,,,,
142,61a3d4fd-89b6-4798-b45b-6cd06f8a3cd5,The Youngest Brother Scolds His Siblings ,,,,,,ثمّ عمد إلى إخوته ووبّخهما على أفعالهما فوقفا على قدم الاعتذار وندموا وتابوا,,,,,,,,,,
143,f4ae4d9e-acbd-4360-89b5-13ddad8fe9a5,The Youngest Brother Shares His Wealth,فأنفذ فأحضرهما وشاطرهما بماله,ثم أسعفهما بشيء من المال وبقي هو على قدم الانكماش,ثمّ شاطرهما,وأقبل على صنوف التجارات التي أضربا عنها إخوته وصرف لأخويه ما يسعفهما وعاهدهما في ترك استعمال ما كانا أخذا فيه من تلف مالهما وأن يحرصا على كثرة أرباحهما والاكتساب فعادا إلى ما كانا عليه من حالهما,وأقبل على صنوف التجارات التي أضرب عنها أخويّ وقصّر عن معالجتها ثمّ بدأ بأخويه فدفع لهما من المال ما أشبعهما به وعهد إليهما في ترك ما كانا عليه من الإسراف والتدبير والإتلاف وأن *يحرصا على الانكماش والاكتساب ومعالجة أنواع التجارات ففعلا وعادا إلى أحسن الحالات وغاية اليسار,فأعطى لكلّ واحد منهما ألف كيس ودلّهم على أصناف التجارات المربحة وأوصاهما بالحرص وأعطاهما نظره ومشى حالهما فتابوا وباعوا واشتروا ونمت أرباحهما وانصلح حالهما,,,فأقبل على صنوف التجارات التي كان أصرفها عنها وقصّر فيها ثمّ إنّه صرف إليهما من المال ما يسعهما وعهد إليهما في ترك استعمال ما كان أخذا فيه من إتلاف مالهما والانكماش علي اكتسابها فكثرت أرباحهما وعاد إلى ما كانا عليه,,,,,,,
144,c09403da-589b-4374-ab7d-67845d5e36fd,The Reader Must Always Come Back to the Book,وكذلك يجب على قارئ هذا الكتاب أن يديم النظر فيه,وكذلك يجب على قارئ هذا الكتاب أن يديم النظر فيه,وكذلك يجب على قارئ هذا الكتاب أن يديم النظر فيه,وكذلك يجب على قارئ هذا الكتاب أن يديم النظر فيه والتفتيش على معانيه,وكذلك يجب على قارئ هذا الكتاب أن يديم النظر فيه من غير ضجر ويلتمس جواهر معانيه,فمن أجل ذلك يجب على مطالع هذا الكتاب أن يديم النظر فيه ويبحث عن معانيه,ويجب على قارئ هذا الكتاب أن يديم النظر فيه والتفتيش على معانيه,,وكذلك يجب [يجب] على قارئ هذا الكتاب أن يديم النظر فيه والتفتيش على معانيه,,,,,,,
145,7eeeeeba-0482-4049-b727-cc9d4ca66aee,The Book Is Not about Animals,,,,ولا يظنّ أنّ الذي قُصد فيه الإخبار عن بهيمتين أو محاورة سبع وثور فيجوز بذلك عن غرضه المقصود إليه,ولا يظنّ أنّ نتيجته الإخبار عن حيلة بهيمتين أو محاورة سبع لثور فيصرف بذلك عن الغرض المقصود,ولا يظنّ أنّ الذي قُصد فيه الإخبار عن بهيمتين أو محاورة أسد وثور صحيح بل يبحث عن مقصده الفائدة,ولا يظنّ أنّ الذي قُصد فيه من الأخبار حيلة بهيمين ومحاورة سبع لثور فيجوز بذلك عن غرضه المقصود إليه,ولا يتصوّر في عقله أنّ الذي قُصد به مجاورة بهيمين أو مشاورة سبع لثور فيخطئ موضع الصواب ويتجاوز غرض هذا الكتاب,ولا يظنّ أنّ الذي قُصد فيه من الأخبار حيلة بهيمتين !مجاور سبع وثور فيجوز بذلك عن غرضه المقصود إليه,,,,,,,
146,e18a7499-1186-46e1-bc1e-39c8ba69bb3b,A Fisher Finds an Empty Shell,وإلاّ فيكون مثله مثل الصيّاد الذي كان في بعض الخلجان كان ذات يوم في الماء صائدًا إذ بصر في الماء صدفة فتوهّمها شيئًا,فيكون مثله مثل الصيّاد الذي [الذي] كان في بعض الخلجان فكان ذات يوم في الماء صائدًا إذ أبصر صدفة فتوهّمها شيئًا,فيكون مثله مثل الصيّاد الذي كان في بعض الخلجان فكان ذات يوم في الماء صائدًا إذ أبصر بصدفة فتوهّمها شيئًا,ويكون مثله كمثل الصيّاد الذي كان في بعض الخلجان يصيد في زورق فبصر ذات يوم في قاع الماء صدفة تتلألأ حسنًا فتوهّمها شيء له ثمن كثير,ويكون مثله *مثل الصيّاد الذي كان في بعض الخلجان يصيد فيه الأسماك بزورق فرأى في ذات يوم في أرض الماء صدفة تتلألأ حسنًا فتوهّمها جوهرًا له مقدار وقيمة,فإلّم يفعل ما ذكرنا فيكون مثله كمثل الصيّاد والصدف زعموا أنّ صيّاد نزل إلى بعض الخلجان ليصطاد ما قسم له فنظر ذات <يوم> صدفة تتلألأ حسنًا فتوهّمها شيء له مقدار وثمن غزير,ويكون مثله مثل الصياد الذي كان في الخلجان يصيد في زورق فبصر ذات يوم في أرض الماء بصدفة تتلألأ حسنًا فتوهّم أنّها شيء له قدر وثمن,ويكون مثله كمثل الصيّاد الذي كان من *شأنه يصيد في الخلجان في زورق له فبصر ذات يوم بصدفة في [في] قعر الماء فتوهّم أنّه شيء له قيمة وقدر,ويكون مثله مثل الصيّاد الذي كان يصيد في الخلجان في زورق فبصر ذات يوم في أرض *الماء صدفة تلألأ حسنًا فتوهّم أنّها شيء له قدره وثمن,,,,,,,
147,ab2e2844-bbc0-4fe7-85b5-0e98f0391f0d,The Fisher Abandons His Catch for the Shell,فألقى الشبكة في البحر فشملت على سمكة كانت قوت يومه فخلّاها وقذف نفسه في الماء ليأخذ الصدفة فلمّا أخرجها وجدها فارغة لا شيء فيها ممّا ظنّ فندم على ترك ما في يده للطمع وتأسّف على ما فاته,فألقى شبكته موضعها فاشتملت على سمكة قريبًا منها فخلّاها وقذف نفسه في الماء ليأخذ الصدفة فلمّا أخرجها وجدها فارغة لا شيء فيها ممّا ظنّ فندم على ما ترك من يده للطمع وتأسّف على ما فاته,فألقى بشبكته فاشتملت على سمكة كانت قريبًا منها فخلّاها وقذف نفسه في الماء ليأخذ الصدفة فلمّا أخرجها وجدها فارغة لا شيء ممّا ظنّ فندم على ترك ما في يده للطمع وتأسّف على ما فاته,وكان قد ألقى شبكته فوقعت على سمكة كانت قوت يومه فخلّاها وقذف نفسه إلى الماء ليأخذ الصدفة فلمّا أخرجها وجدها فارغة ممّا ظنّ فندم على تركه ما كان حصل بيده وتأسّف على ما فاته,وكان قد ألقى شبكته ووقع فيها سمكة تقوم بقوت يومه فتركها وألقى بنفسه في الماء لأخذ ذلك فلمّا أخرجها بعد جهد عظيم وجدها فارغة ممّا ظنّ فندم على ما فاته من قوته بتركه السمكة وعلى ما ناله من المشقّة في إخراج ذلك,وكان قد طرح شبكته فأحيط له بها سمكة كبيرة لها جرم فدَشّرها وألقى روحه على الماء ليجيب الصدفة فلا زال إلى أن ملكها فلمّا خرج إلى البرّ بها أراد يخرج ما فيها من الجوهر فرآها فارغة <فندم> على إفلاته للفرخ السمك وتكلّف على ما فاته,وكان قد ألقى شبكة واشتملت على سمكة هي قوت يومه فخلّاها ونزل الماء فأخذ الصدفة فلمّا شقّها وجدها فارغة فندم على ترك ما كان في يده للطمع,وكان قد أرمى شبكته وحصل له سمكة تنفعه لقوته يومه وغد فتركها ونزل إلى الماء واستخرج الصدفة وفتحها فإذا هي فارغة فندم,وكان قد ألقى شبكته فاشتملت على سمكة هي قوت يومه فخلاها ونزل الماء قاصد الصدفة فلمّا أخذها وجدها فارغة فندم على ترك ما كان في يده للطمع,,,,,,,
148,91baa228-e458-43fc-9c2d-7d620f578761,The Fisher Misses the Pearl,فلمّا كان في اليوم الثاني تنحّى عن ذلك المكان وألقى شبكته فأصاب حوتًا صغيرًا ورأى أيضًا صدفة سنيّة فلم يلتفت إليها وساء ظنّه فتركها,فلمّا كان في اليوم الثاني تنحّى عن ذلك الموضع ورمى شبكته فأصابت حوتًا صغيرًا فحاول أخذه ورأى أيضًا صدفة سنيّة فلم يلتفت إليها وساء ظنه بها فتركها,فلمّا كان في اليوم الثاني تنحّى عن ذلك المكان ورمى شبكته وأصاب حوتًا صغيرًا فحاول أخذه ورأى أيضا صدفة *سنية فلم يلتفت إليها وساء ظنه بها وتركها,فلمّا كان اليوم الثاني تنحّى عن ذلك الموضع ورمى بشبكته فأصاب حوتًا صغيرًا فحاول أخذها فنظر في ذلك الموضع صدفة فلم يلتفت إليها وساء ظنّه بها فتركها,فلمّا كان في اليوم الثاني تنحّى عن ذلك الموضع ورمى شبكته فأصاب حوتًا صغيرًا فحاول أخذها ونظر في الماء في ذلك الموضع فوجد صدفة أخرى تشبه الأولى فلم يلتفت إليّها وساء ظنّه بها فتركها واشتغل بالسمكة وتخليصها,فلمّا جاء اليوم الثاني تنحّى عن ذلك الموضع ورمى [ورمى] بشبكته فأصاب فرخ سمك صغير فلم يزل يعالجه إلى أن ملكه وإذ لمحت عينه صدفة مثل الذي شافها بالأمس فلم يلتفت إليها وساء ظنّه بها فتركها وقنع بالفرخ السمك,فلما كان في اليوم الثاني رما بشبكته فأصاب حوتًا صغيرًا فحاول أخذها فبصر بصدفة تشبه تلك الصدفة فلن يلتفت إليها وساء بها ظنّه فتركها,على تفريطه وإهماله لأخذ السمكة وكيف طاوع الطمع فندم فلمّا كان في اليوم الثاني رمى شبكته فأصاب حوتًا صغيرًا فحاود عنه وبصر بصدفة كبيرة غير الأولى فلم يلتفت إليها وساء بيها ظنّه وقطع أنّها مثل الأولى فتركها,فلمّا كان في اليوم الثاني رمي شبكته فأصاب حوتًا صغيرًا فحاول أخذه فبصر بصدفة تشبه تلك الصدفة فلم يلتفت وساء بها ظنّه فتركها,,,,,,,
149,e327d496-338d-408a-80b7-0b3bca3ea658,Another Fisher Wins the Pearl,فاجتاز بها بعض الصيّادين فأخذها فوجد فيها درّة تساوي أموالا,فاجتاز بها غيره من الصيّادين فأخذها فوجد فيها درّة تساوي أموالًا كثيرة فازداد أيضًا عُسرة وندامة على محاولة أخذ السمكة وتركه تلك,فاجتاز بعض الصيّادين بذلك المكان فوجدها فأخذها فوجد فيها درّة تساوي مالًا فازداد أيضًا ندامة لترك صدفة لها قيمة,فجاء صيّاد آخر غيره فأخذها فوجد فيها درّة بلغت أموالًا كثيرة فازداد حسرة وندامة على تركها واقباله على السمكة الصغيرة وما فاته من ثمن الدرّة,فجاء صيّاد آخر فرأى الصدفة فنزل إليها وأخرجها فوجد فيها درّة بلغت أموالًا فازداد حسرة وندامة على تركها واشتغاله بالسمكة الصغيرة وما فاته من الغنى والراحة,فجاء صيّاد غيره فأخذ تلك الصدفة فوجد فيها درّة يتيمة لها قدر وقيمة بلغت أموالًا عزيزة فازداد الصيّاد الأوّل حسرة وندامة على تركه إيّاها وشغفه بالسمكة الصغيرة وتركه استنباط أمر الصدفة وما كان فيها من ثمن الدرّة اليتيمة,واجتاز بها غيره فاستخرجها فوجد فيها درّة فازداد الصيّاد حسرة وندامة,فجاوزها صيّاد غيره فنزل إليها واستخرجها وشقّها وإذا فيها درّة سمينة فازداد ذلك الصيّاد حسرة ندامة,واجتاز بها غيره فاستخرجها فوجدها درّة فازداد الصيّاد حسرة وندامة,,,,,,,
150,35f26412-17c8-470f-b48b-1c14d95cf04d,The Superficial Readers Miss the Meaning,وكذلك الجهّال على إغفال أمر التفكّر والاغترار في أمر هذا الكتاب وترك الوقوف على أسرار معانيه والأخذ بظاهره دون الأخذ بباطنه,وكذلك الجهّال على إغفال أمر التفكّر في أمر هذا الكتاب وترك الوقوف على أسرار معانيه والأخذ بظاهره دون باطنه,وكذلك الجهّال على إغفال أمر التفكّر والاغترار في أمر هذا الكتاب وترك الوقوف على !أشرار المعاينة الأخذ بظاهره دون الأخذ بباطنه,وكذلك الجهّال في إغفال أمر النظر والاحتراز في أمر هذا الكتاب وترك الوقوف على أسراره ومعانيه والأخذ بعلم ظاهره دون باطنه,وكذلك الجهّال في إغفال أمر النظر والاحتراز في أمر هذا الكتاب وترك الوقوف على أسرار معانيه والأخذ بظاهره دون علم باطنه,وكذلك الجهّال هم في إغفال عن الفحص بالمعاني والاحتراز عن معاني هذه الكتاب وترك الوثوق على أسراره ومعانيه والأخذ بظواهره دون بواطنه,وكذلك الجهّال في أمر التفكّر,وكذلك الجاهل نبذ التفكير ونسي التدبير,وكذلك الجهّال في أمر التفكّر وإغفالهم عنه أعني هذا الكتاب وترك الوقوف على أسراره ومعانيه,,,,,,,
151,df4e1f42-f1ac-4a8f-b2d2-cca157d8d44f,Humor Seeking Readers,فصرف همّته ألى النظر في أبواب الهزل,فقد قالت العلماء مثل الذي يظفر بعلم الفلسفة وبدعه ويصرف همّته إلى النظر إلى أبواب الهزل,فقد قالت العلماء إنّ مثل الرجل الذي يظفر بعلم الفلسفة فيدعه ويصرف همّته إلى أبواب الهزل,فإنّ العلماء قد قالت إنّ مثل الذي يظفر بالفلسفة ويدعها ويصرف همّته إلى النظر في أبواب الهزل,فإنّ العلماء قد قالت إنّ مثل الذي يظفر بعلم الفلسفة ويدعها ويصرف همّته إلى النظر في أبواب الهزل,لأنّ العلماء قالوا أنّ مثل الذي يظفر بعلم الفلسفة ويدعها ويصرف همّته إلى الظواهر دون البواطن,,,,,,,,,,
152,0f799e4c-b411-4038-ad29-903b508ff53c,A Gardner Neglects His Harvest,كرجل أصاب أرضًا طريّة حرّة وحبًّا صحيحًا فزرعها وسقاها حتّى إذا قرب خيرها وأينعت تشاغل عنها بجمع ما فيها من الزهر وقطع الشوك فأهلك بتشاغله عمّا كان أحسن فائدة وأجمل عائدة,كرجل أصاب أرضًا طيّبة *فأخذها وزرعها وسقاها حتّى إذا قرب خيرها وأنبعت تشاغل عنها بما فيها من الزهر وقطع *الشوك فأهلكه بتشاغله,كرجل أصاب طينة حرّة وحبًّا صحيحًا فزرعها وسقاها حتّى إذا قرب خيرها وراعت وأينعت تشاغل عنها بجميع ما فيها من الزهر وقطع الشوك فأهلك بتشاغله ما كان أحسن فائدة وأجمل عائدة,كرجل أصاب أرض حرّة طيّبة وحبًّا صحيحًا فزرعها وسقاها فلمّا قرب خيرها تشاغل عنها عن قلع الشوك والدغل الذي في أرضها فأهلك بتشاعله حسن فائدته منها,كرجل أصاب أرضًا حرّة طيّبة رحبًّا صحيحًا فزرعها وسقاها حتّى إذا أدرك خير ذلك وقرب حصاده تشاغل عنها بجمع الكلام الذي في الزرع فهلك تشاغله ما كان أحسن فائدة وأجمل عائدة عليه,مثله كمثل الرجل والأرض والحبّ زعموا أنّ رجل أصاب أرض حرّة طيّبة وحملها من أعجب العجب في غرارته وجهًا صحيحًا فتملّكها وبذرها وسقاها حتّى أينعت وأثمرت وترعرعت وقرب خيرها تشاغل عنها بالإنكاش وقَيَمان الشوك والبلّان منها إلى أن هلكت وهلك ما كان يحسن فائدته له فلو أصلحها *حظي بخيرها,,,,,,,,,,
153,d1dc532b-ff37-421a-80b2-aa99e400070f,The Reader Needs Stamina and Focus,,,,وقال أيضًا ينبغي لطالب العلم الجدّ والتشمير وإفراغ البال وإظهار الحرص وقوّة الهمّة والصبر والملازمة فإنّه متي لم يكن كذلك لم ينتفع بما طلب منه ولم يستفد من أغراضه إلّا ما أتعب فيه نفسه,وقال ينبغي لطالب العلم الجدّ والسهر وإفراغ البال وخلوّ الذرع وإظهار الحرس وقوّة الهمّة والصبر والدأب فإنّه متى لم يكن ذلك لم ينتفع بما طلب منه ولم ينل من غرضه إلّا ما أتعب نفسه,وينبغي لطالب العلم الجدّ والتشمير وتفريغ البال وخلوّ الزرع وإظهار الحرص وقوّة الهمّة بالصبر والملازمة فإنّه متى لم يكن ذلك لم ينتفع بالمقصود ولم يستفد من الثمرة شيء بل أتعب بذلك نفسه على الفارغ البطّال,وينبغي لطالب العلم استعمال الجدّ والتشمير وإفراغ البال وقوّة الهمة والصبر فإنّه متى لم يكن كذلك لم ينتفع بما طلب,فينبغي لطالب العلم أن يبذل جهده ويستفرغ جدّه في مطالب ما يجب لمثله والرموز ويستفتح بعقله مُخبآت الكنوز ومتى لم يكن لذلك لم ينتفع بما طلب,وينبغي لطالب العلم استعمال الجدّ والتشمير وإفراغ البال وخلوّ *الذرع وإظهار الحرص وقوّة الهمّة والصبر فإنّه من لم يكن كذلك لم ينتفع بما طلب ولم يفد من أغراضه إلّا ما تعب به نفسه,,,,,,,
154,c7d4d96c-0f15-4d06-9cb5-fae0c066271b,The Teacher and the Student are Partners,,,,وقيل إنّ الفيلسوف وتلميذه بمنزلة الشريكين يكون أحدهما بما ظهر له منه كما أنّ رجلًا لو قُدّم له جوز صحيح لم ينتفع به حتّى يكسره وينتفع بما فيه,وقال إنّ الفيلسوف وتلميذه بمنزلة الشريكين أحدهما أكثر مالًا من الآخر,وقيل إنّ الفيلسوف وتلميذه بمنزلة الشريكين فيقرأ التلميذ ويفسّر الفيلسوف فيخرجا المعاني معًا لإفادة كلاهما وإلّم يكونا ذلك كذلك فيكون مثلهما زعموا أنّ رجلًا قدّموا له جوز فارغ ملآن لم يعرفه لأنّه صحيح فلم ينتفع به إذا لم يكسره فيظهر له قلبه يعود نفعه إليه وإلّا ما دام صحيح لم ينتفع به أبدًا لأنّه ما رآه من قبل ولا يعرف اش هو,,,,,,,,,,
155,05123031-d9f3-403f-b62e-5fc9b6d8f953,Friends Reach Agreement by Counseling,,,,وكان كالرجل الذي طلب المشي مع آخر وحاول أن يسبقه فأقلّهما ما لا يجب أن يلحق صاحبه والآخر يجب أن يزداد إلّا ما عنده وهما لا يلتقيان إلّا عند المشاورة,فأقلّهما مالًا يحبّ أن يلحق بصاحبه والآخر يحبّ أن يزداد على ما بيده وهما لا يلتقيان إلّا عند [المشا] المشاورة,,,,,,,,,,,
156,66b535e7-3abb-4d29-a348-feab27a40dab,The Preface Is for Explaining the Target Audience,,,,وإنّما قدّمت هذه المقدّمة لئلّا يظنّ ظان أنّ الفلاسفة وضعت هذا الكتاب لظاهره دون علم باطنه وأنّها إنّما وضعته للرعيّة دون الملوك وللأصاغر دون الأكابر,وإنّما قدّمت هذه المقدّمة لئلّا يظنّ ظانّ أنّ فلاسفة الهند وضعت هذا الكتاب لظاهره دون باطنه وإنّها إنّما وضعته للرعيّة دون الملوك والأصاغر دون الأكابر,وإنّي قدّمت هذه المقدّمة لئلّا يظنّ ظانٌّ أنّ الفلاسفة وضعت هذا الكتاب لظاهره دون باطنه نعم ظاهره وُضع للعامّة وباطنه للعلماء والملوك وأرباب البصائر,وإنّما قدّمت هذه المقدّمة لئلّا يظنّ ظانّ أنّ فلاسفة الهند وضعت هذا الكتاب لظاهره دون علم باطنه وأنّها إنّما وضعته دون الملوك وللأصاغر دون الأكابر,وإنّما قدّمت هذه المقدّمة لئلّا يظنّ ظانّ أنّ فلاسفة الهند إنّما صنعوا هذا الكتاب لباطنه لا لظاهره وإنّما جعلوه للعامّة دون الملوك وللأصاغر دون الأكابر,وإنّما قدّمت هذه المقدّمة لئلّا يظنّ ظانّ أنّ فلاسفة الهند وضعت هذا الكتاب *لظاهره دون علم باطنه وإنّها إنّما وضعته للرعيّة دون الملوك والأصاغر دون الأكابر,,,,,,,
157,319dd0ab-e4e3-4ec9-ad19-404f5fb68082,The Book Has Four Aims,وينبغي للناظر في أمر هذا الكتاب أن يعلم أنّه ينقسم على أربعة أغراض,فينبغي للناظر في هذا الكتاب ومقتنيه أنه يعلم أنّه ينقسم إلى أربعة أغراض,وينبغي للناظر في هذا الكتاب ومقتفيه أن يعلم أن ينقسم إلى أربعة أقسام وأغراض,وينبغي للناظر في هذا الكتاب وقانيه أن يعلم أنّه ينقسم إلى أربعة أغراض,وممّا ينبغي لمقتني هذا الكتاب وللناظر فيه أن يعلم أنّه ينقسم إلى أربعة وهي الغرض منه,وفيما ينبغي للذي حصل على هذا الكتاب أن يعلم أنّه ينقسم إلى أربعة أغراض,وممّا ينبغي للناظر في هذا الكتاب أن ينقسم إلى أربعة أغراض,وممّا ينبغي للناظر في هذا الكتاب أن يقسّمه أربعة أقسام لكلّ قسم غرض,وما ينبغي للناظر فيه ويقتنيه أن يقسّم إلى أربعة أغراض,,,,,,,
158,ce8e0277-8892-4217-821c-4ec7722b3f6b,The First Aim Is to Attract the Youth,أحدها ما قصد فيه على وضعه على السنة البهائم غير الناطقة ليسارع إلى قراءته أهل الهزل من الشبّان فتستمال به قلوبهم لأنّ الغرض النوادر من حيل الحيونات ...,أحدها ما قصد فيه واضعه على ألسنة البهائم الغير ناطق ليسارع إلى قراءته واقتنائه وأهل الهزل في اللسان فتميل قلوبهم إليه لأن الغرض النوادر من جهة *الحيوانات,آخرها ما قصد فيه على وضعه على ألسن البهائم غير الناطقة ليسارع إلى قراءته واقتنائه أهل الهزل من *الشبّان فيستمال به قلوبهم لأنّ الغرض بالنوادر من حيل الحيوانات,منها ما وضع فيه على ألسن الحيوان الغير ناطقة ليسارع إلى قراءته أهل الهزل من الشباب فتستمال به قلوبهم من التعجّب بصنوف *الأصباغ والألوان وليكون قلوب نساء الملوك أميل وحرصهم عليه أشدّ لتطريق النوادر من حيل الحيوان,فالأوّل منها ما وُضع فيه على ألسنة الحيوان الغير ناطقة ليسارع إلى قراءته واقتناءه أهل الهزل من الشباب والأحداث فيستمال به قلوبهم من التعجّب بصنوف التصوير والأصباغ والألوان ليكون قلوب نساء الملوك وغلمانهم إليه أميل وحرصهم عليه أشدّ وحبّهم له أكثر لما يسمعوا ويروا من حسن تطريق [حسن] نوادر الحيوان,الغرض الأوّل ما قُصد فيه على ألسن الحيوانات الغير ناطقة ليسارع إلى اقتنائه وقراءته أهل الهزل من الشبّان فتستمال به قلوبهم من التعجّب بصنوف أصناف الحيوانات ليكون قلوب نساء الملوك أميل وحرصهم عليه أشدّ لتطريق النوادر من حيل الحيوان,الأوّل منها هو وضع ما جعل في قصد الكتاب على ألسن البهائم والحيوان غير الناطقة ليسرع إلى قراءته أهل الهزل والشبّان فتستمال به قلوبهم من التعجّب لطريق النوادر,لكونه وُضع على ألسنة البهائم والحيوان المبادر لقراءته أهل اللهو من الشباب فيدرك الالتفات إلى ظاهر فصوله بنوادر كثيرة وفطن غزيرة,الأوّل منها ما وضع في قصد الكتاب على ألسن الحيوان غير الناطقة ليسارع إلى قرأته أهل الهزل فيُستمال به قلوبهم من التعجّب لطريق النوادر من حيل الحيوان,,,,,,,
159,dbfd11c2-0b9e-41b3-b12c-a9ffc0058f93,The Second Aim Is to Please Kings,والثّاني إظهار خيالات الحيوان بصنوف الأصباغ والألوان ليكون أنسًا لقلوب الملوك ويكون حرصهم عليه أشدّ للنزهة ...,والثاني إظهار خيالات *الحيوانات بصنوف الألوان *والأصباغ ليكون أنسًا لقلوب الملوك ويكون حرصهم عليه ابتداء اكتنزه في تلك الصور,والثاني [[اقاياد]] إظهار خيالات الحيوان بصنوف الألوان والأصباغ ليكون *أنسًا لقلوب الملوك ويكون حرصهم عليه أشدّ للنزهة في تلك,والغرض الثاني أن يظهر تحقيق صور الحيوان وتحسّنه بصنوف الألوان من الأصباغ والصناعة المحسّنة الصورة,الثاني يظهر من تحقيق صور الحيوان بأصناف التخطيط والألوان والأصباغ والصناعة البديعة,والغرض الثاني أنّ تحقيق صور الحيوان وتحسّنه بصنوف الألوان من الأصباغ والصناعة المحسّنة الصورة,والغرض الثاني في إظهار ضمور الحيوان بصنوف الأصباغ والألوان لتكون قلوب نساء الملوك أميل إليه,الغرض الثاني في إظهار الحيوان بصنوف الإمتاع والألوان ليكون قلوب نساء الملوك أمثل إليه,والغرض الثاني إظهار صور الحيوان بأصناف الأصباغ والألوان لتكون قلوب نساء الملوك أسرع ... أشدّ عليه,,,,,,,
160,f35b8015-143e-4663-ae46-3cfe2057a4cf,The Third Aim Is to Benefit Craftsmen,والثالث أن يكون هذه الصفة فيتّخذه الملوك والسوقة فيكثر بذلك انتساخه ولا يبطل فيخلق على مرور الأيّام ولينتفع بذلك المصوّر والناسخ أبدًا,والثالثة أن يكون على هذه الصفة فيتّخذه الملوك والسوقة فيكثر بذلك انتساخه ولا يبطل فيُخلف على ممرّ لأيّام فينتفع بذلك المصوّر والناسخ أبدًا,والثالث أن يكون على هذه الصفة فيتّخذه الملوك والسوقة فينكسر بذلك انتساخه ولا يبطل فيخلق على مرور الأيّام ولينتفع بذلك المصوّر والناسخ بذلك أبدًا,والغرض الثالث أن يكون اتّخاذ الملوك لهم ومن دونهم ويكثروا بذلك نسخه فلا يبطل ولا يخلق على الأيّام وتنتفع الصنّاع من ناقل ومصوّر,الثالث أن تقتنيه الملوك لأنفسهم ولمن دونهم فترغب في ذلك الرعيّة ويكثر بذلك نسخه فلا يُهمل أمره ولا ينقطع ذكره,والغرض الثالث أن يكون اتّخاذ الملوك له وأهل الأدب فيلتزموا النسخ بنسخته على ممرّ الأيّام وتنتفع الصنّاع به من ناسخ ومصوّر وورّاق,والغرض الثالث أن يكون اتّخاذ الملوك له ومن دونهم يكثر بذلك نسخه عندهم ولا يبطل ولا يخلق على الأيّام وينتفع بذلك الصنّاع من ناقل ومصوّر,والغرض الثالث أن يكون اتّخاذ الملوك أكثر له من دونهم ليكثر بذلك نسختهم إليه,والثالث أن يكون اتّخاذ الملوك له من دونهم فيكثر بذلك نسخه عندهم ولا تبطيل ولا تخلّق على الأيّام وينتفع بذلك الصبّاغ من قبل الصور,,,,,,,
161,5d6b7969-ca01-487d-96db-eed0d3e65210,The Fourth Aim Is Directed at Philosophers,والغرض الرابع الأقصى وذلك مخصوص بالفيلسوف خاصّة,والرابع †الاقضا وذلك مخصوص للفيلسوف خاصّة,والغرض الرابع الإفضاء وذلك بحضور الفيلسوف خاصّة,والغرض الرابع الإفضاء وذلك بحضور الفيلسوف خاصّة,الرابع وهو الغرض الأقصى إظهارًا لخفايا أسرار الحكمة وبدائع الفلسفة وبالله التوفيق,والغرض الرابع الإقضاء وذلك بحضور الفيلسوف خاصّة,والغرض الرابع الأقصى وذلك محظور للفيلسوف خاصّة,والغرض الرابع محاصرته الفيلسوف ومشاورة المهج الصنوف,والرابع الأقصى وذلك محظور الفيلسوف خاصّة,,,,,,,
162,1362f4b5-8828-4db6-bdb6-17d5e532866e,The Ending of the Preface,انقضى باب عرض الكتاب,,,كمل غرض هذا الكتاب والله الموفّق للصواب وإليه المآب,,فالآن قد كمل باب غرض الكتاب والله الموفّق للصواب وإليه المرجع والمآب,انقضى باب عرض الكتاب,انتهى غرض الكتاب بعده باب برزويه الطبيب ترجمه بزرجمهر بن التختكان,كمل غرض الكتاب باب بزرجمهير المتطبّب,,,,,فأوّل ما نبتدئ بذكر بعث برزويه إلى بلاد الهند,,
163,89967333-ec48-4d8e-b7af-c69d048e463e,End of the Preface and the Beginning f Lv or Bu,,,,,,,,,,,,,,,,
164,bce3f122-300b-4dc9-8fd1-6e097dbadaad,Culture Lights Up the Heart,,,,,,,,,,,,,,,,
165,a3baeb3b-e79a-402c-878e-7c7e84188be8,The Sun Lights Up the Earth,,,,,,,,,,,,,,,,
166,f0c9e748-3dd2-498b-9c21-8781aa949b24,Best Nature Honest Gain,,,,,,,,,,,,,,,,
167,21f6cb41-517c-48d9-adb9-f034415e47ff,Deeds Rewarded Encounter Sure,,,,,,,,,,,,,,,,
168,5c0178ff-c456-4774-b537-5c668778e57d,The Reader Should Consult the Book,,,,,,,,,,,,,,,,