unit_order,unit_id,unit_title,P3473,BWII672,P3465,P3475,A4095,L8751,L4044,P3466,P5881,P400,CCCP578,R3655,R2536,P3471
1,0905a60e-9eb5-4926-ae71-b19aa9a8ff11,Chapter Title,الباب السادس باب البوم والغراب والغربان,الباب الرابع باب البوم والغربان,باب البوم والغربان,باب البوم والغربان,(باب البوم والغربان),باب الغربان والبوم وهو الباب السابع,باب الغربان والبوم,باب البوم والغربان,باب البوم والغربان,باب الغربان والبوم,الباب السادس وهو باب البوم والغربان,باب البوم والغربان,باب الغربان والبوم,باب البوم والغربان
2,bf1068b0-bda9-41f7-87f9-97345700ab62,Abstract,,وهو مثل العدوّ الذي لا ينبغي أن يُغترّ به وما يصير إليه من مضرّة عدوّه والحذر منه,,,,,وهو مثل العدوّ الذي لا يوثق به وإن أظهر النصيحة والصحبة والجود في العلانية,,,,مثل العدوّ الذي لا ينبغي أن يُغترّ به,,,وهو باب المغترّ بالعدوّ والمبدي التضرّع والمَلَق يريد بهما المكر والخديعة لعدوّه وما يصيبه من غرارة
3,f6df7741-7090-4d70-90e3-f440cdbb358e,The King Understood Previous Chapter,قال الملك للفيلسوف قد سمعت مثل الإخوان وتعاونهم ووفاء بعضهم لبعض,قال الملك ديشلم لبيدبا الفيلسوف قد سمعت مثل الإخوان وتعاهدهم ووقائعهم لبعضهم البعض,قال ديشلم الملك لبيديا الفيلسوف قد سمعت مثل إخوان الصفا وتعاونهم,,قال الملك للفيلسوف قد فهمت ما ذكرت من أمر الإخاء ومنفعته وعظيم الفائدة فيه,قال ديشلم الملك لبنديا الفيلسوف مثل الإخوان المتصافين المتحابّين,قال الملك قد سمعت بمثل الإخوان المتصافين المتحابّين المتعاونين,قال ديشلم الملك للفيلسوف قد سمعت مثل المتحابّين المتعاونين كيف *يبدأ تواصلهم وكيف يستمتع بعضهم ببعض,قال الملك للفيلسوف قد فهمت ما ذكرت من الأحوال وعظم المنفعة في ذلك,قال الملك للفيلسوف قد فهمت ما ذكرت من أمر الإنجاء وعظم المنفعة,قال ديسلم الملك لسيّدنا الفيلسوف قد فهمت ما ذكرت من أمر الإخاء وعظم المنفعة فيه,,قال الملك للفيلسوف قد فهمت هذا المثل,قال الملك للفيلسوف قد فهمت ما ذكرت من أمر الإخاء وعظم المنفعة
4,ccbb3e3f-a6a8-48e3-b0cd-74c42b77ccef,The King Asks If Foes Can Become a Friends,,,,,فاضربْ لي مثل المغترّ بالعدوّ المبدي التضرّع وأخبرْني عن العدوّ هل يصير صديقًا وهل يُوثق بشيء منه,,,,فأخبرْني عن العدوّ هل يصير صديقًا وهل يُوثق بشيء من أمره,فيها فأخبرني عن العدوّ هل يرجع صديقًا وهل يُوثق بشيء من أمره,فأخبرني عن العدوّ هل يصير صديقًا وهل يُوثق بشيء منه,,فأخبرني عن العدوّ هل يصير صديقًا وهل يُؤمن من أمره,فأخبرني عن العدوّ وهل يصير صديقًا وهل يوثق بشيء منه
5,e83b4f98-cab4-4bd4-a6a9-9b629e23b405,The King Asks about Fawning Foes,فاضربْ لي مثل العدوّ الذي لا ينبغي أن تغترّ به وإن أبدى تملّقًا وتضرّعًا,فاضربْ لي مثل العدوّ الذي لا ينبغي أن يُغترّ به وإن أبدا حلفًا وتضرّعًا,فاضربْ لي مثل العدوّ الذي لا يُغترّ به وإن أظهر تضرّعًا وملقًا,قال الملك للفيلسوف اضربْ لي مثل العدوّ الذي لا ينبغي أن يغُترّ به وإن هو أبدى ودًّا وتضرّعًا,وكيف العداوة وما ضرّها وكيف ينبغي للملك إذا أتاه أمر من عدوّه ومن أهل المنابذة أمر أيلتمس به الصلح وهو في نفسه غير أمين ولا حقيق بالطمأنينة,فاضربْ لي مثل العدوّ الذي لا ينبغي أن يُغترّ به وإن أظهر الصحبة وتضرّع في العلاقة,فاضربْ لي مثل المغترّ بالقدر والمبدئ بالتضرّع والملق يريد به الخديعة والمكر بعدوّه وما يصيبه من اغتراره,فاضربْ لي إن رأيت مثل العدوّ الذي لا ينبغي أن يُغترّ به وإن أظهر ملقًا وتضرّعًا,وكيف العداوة وما ضرّها وكيف ينبغي للملك إذا أتاه أمرًا من عدوّه ويطلب الصلح في نفسه وهو غير آمن ولا هو حقيق بالطمأنينة إليه وإن أبدى ودًّا وتضرّعًا,وكيف العداوة وما ضرّها وكيف ينبغي للملك إذا جاءه أمر من عدوّه ***,وكيف العداوة وما ينبغي للملك أن يصنع إذا أتاه أمر من أهل المنابذة له يلتمس النصح وهو في نفسه غير آمن ولا حقيق بالطمأنينة إليه وإن هو أبدى ودًّا وتضرّعًا,قال الملك للفيلسوف اضربْ لي مثل العدوّ الذي لا ينبغي أن يُغترّ به وإن هو أبدى ودًّا وتضرعًا,وكيف العداوة وما ضرّها وكيف للملك <أن> يصنع إذا أتاه أمر من عدوّه وطلب الصلح فهل هو في نفسه آمن أو حقيق بالطمأنينة إليه وهل ينبغي أن يغترّ به وإن أظهر حسن الصفح في العلانية واضربْ لي في ذلك مثلًا,وكيف تكون العداوة وما ضرّها وكيف ينبغي للملك أن يصنع إذا أتاه أمر من أهل المنابذة له يلتمس بالصلح وهو في نفسه غير آمن ولا موثوق به ولا حقيق بالطمأنينة إليه
6,3efffeb0-170c-4d1f-accc-d463a47d7d03,"The Philosopher Answers, Foes Cannot be Trusted",,,,,قال الفيلسوف ليس أحد بحقيق إذا أتاه أمر من عدوّه الذي *يتخوّفه على نفسه وجنده وإن كان يلتمس الأمان والصلح ويظهر المودّة لجنده والسلامة لأصحابه الذي لا يُوثق به ولا يُطمأنّ إليه ولا يُغترّ بقوله فإنّه,,,,قال الفيلسوف ليس أحد بحقيق إذا أتاه أمرًا من عدوّه الذي يتخوّفه عن نفسه وإن كان يلتمس الأمان والصلح {ويُظهر له} التودّد ولأصحابه الذي يُوثق بهم ولا يطمئنّ إليهم ولا يسترسل إلى قولهم,الذي يتخوّفه على نفسه وجنده وإن كان ملتمس الأمان والصلح ويظهر المودّة لجنده والشناءة لأصحابه الذي لا يثق بهم ولا اطمأنّ إليهم ولا يغترّ إلى قولهم,قال الفيلسوف ليس أحد بحقيق إن أتاه أمر من عدوّه الذي يتخوّفه على نفسه وجنده فإن كان يلتمس الأمان والصلح ويظهر المودّة له والشناءة لأصحابه أن يثق به ولا يطمئنّ إليه ولا يسترسل إلى قوله وإن هو أبدى ودًّا وتضرّعًا ونصحًا,,قال الفيلسوف ليس حقيقًا إذا أتاه أمر من عدوّه الذي يتخوّفه على نفسه وجنده وإن كان يلتمس الأمان والصلح ويظهر ذلك للجند والكراهيّة لأصحابه الذين فارق ألّا يطمئنّ إليه أحد ولا يغتمّ إلى قوله,قال الفيلسوف ليس أحد حقيق إذا أتاه أمر من عدوّه الذي يتخوّفه على نفسه وجنده وإن كان يلتمس الأمان والصلح ويُظهر التودّد والسيادة لأصحابه أن يثق به ولا يطمئنّ إليه ولا يغترّ إلى قوله
7,1fa822ca-8688-4323-8256-d56c21b2b502,Foes May Take Advantage,,,,,قد يكون بأشباه ذلك فمن يطلب النهزة والفرصة ومثل العدوّ الذي لا ينبغي أن يُغترّ به وإن هو أظهر المودّة والصفاء,,,,وإن هم أبدوا ودًّا ونصحًا فإنّه يكون أشباه ذلك ممّن يطلب النهزة والفرصة من عدوّه,فإنّه قد كان أشباه ذلك ممّن طلب النهزة والفرصة,فإنّه يكون أشباه ذلك ممّن يطلب الفرصة من عدوّه,,فإنّه يكون أشباه ذلك من يطلب الجند والفرصة,فإنّه قد يكون أشباه ذلك ممّن يطلب النزهة والفرصة
8,f7eb4d32-7124-4c27-bfb3-b3e18f39a6f6,The Parable of the Owls and the Crows,قال الفيلسوف من اغترّ بالعدوّ ووثق به ربّما يبديه من التضرّع والخداع أصابه ما أصاب البوم والغراب,قال الفيلسوف من اغترّ بالعدوّ ووثق به وبما يبديه من التضرّع والخداع لصاحبه أصابه ما أصاب البوم والغربان,قال الفيلسوف من اغترّ بالعدوّ الذي لم يزل عدوًّا أصابه ما أصاب البوم والغربان,قال الفيلسوف من اغترّ بالعدوّ الأريب الذي لم يزل عدوًّا أصابه ما أصاب البوم من الغربان,ومن يسترسل إلى عدوّه ويطمئنّ إليه فيصيبه ما أصاب البوم من الغربان,قال الفيلسوف من اغترّ بالعدوّ الأريب المعروف بالعداوة أصابه من ذلك ما أصاب الغربان,قال الفيلسوف من اغترّ بالعدوّ الأديب المعروف بالعداوة أصابه ما أصاب البوم من الغربان,قال الفيلسوف من اغترّ بالعدوّ الأريب الذي لم يزل عدوّا أصابه ما أصاب البوم من الغربان,ومن يسترسل إلى ذلك يصيبه ما أصاب البوم والغراب,ممّن يَسترسل إليه يصيبه ما أصاب البوم من الغربان,ومن يسترسل إليه يصيبه ما أصاب البوم من الغراب,قال الفيلسوف من اغتر بالعدوّ الأريب الذي لم يزل عدوًّا أصابه ما أصاب البوم من الغربان,<ومن> يسترسل إليه يصيبه ما أصاب البوم من الغربان,ومن استرسل إليه يصيبه ما أصاب البوم والغربان
9,0840b243-7bfa-43f2-ae9f-cbcf6bb0d924,The King Requests the Parable,قال الملك وكيف كان ذلك,قال الملك وكيف كان ذلك,قال الملك وكيف كان ذلك,قال الملك وكيف كان ذلك,قال الملك وكيف كان ذلك,قال الملك وكيف كان ذلك,قال الملك وكيف كان ذلك,قال الملك وكيف كان ذلك,قال الملك وكيف كان ذلك,قال الملك وكيف كان ذلك,لأصغرهنّ ما رأيك في هذا,قال الملك وكيف كان ذلك,قال الملك وكيف كان ذلك,قال الملك وكيف كان ذلك
10,d1256da6-f6c1-487e-a1cf-c1f25e2657d1,The Crow Kingdom and the Owl Kingdom,قال زعموا أنّه كان في بعض الجبال شجرة عظيمة وكان فيها وكرًا لغراب كان معظّمًا في الغربان وملكًا على جنسه وكان بالقرب منه ملك من ملوك البوم تحت يده ألف بومة,قال زعموا أنّه كان ببعض الجبال شجرة عظيمة من أعالي ما يكون وكان بها وكر غراب وكان عظيمًا في الغربان وملكًا مقدّمًا عليهم وكان بالقرب منه ألف من البوم وكان عليها ملكًا منها,قال *بيديا زعموا أنّه كان في جبل من الجبال شجرة من شجر الدوح فيها وكر ألف غراب وعليهنّ وال من أنفسهنّ وكان عند هذه الشجرة كهف فيه ألف بومة وعليهنّ وال منهنّ,قال الفيلسوف زعموا أنّه كان في جبل من الجبال شجرة من شجر التين أعظم ما يكون من الشجر وكان فيها وكر ألف غراب عليها ملك منها,قال الفيلسوف زعموا أنّ أرضًا تُسمّى كذا وكذا وكان حولها جبل عظيم محيط بها وكان فيه شجرة عظيمة كثيرة الغصون شديدة الالتفاف يُقال لها يبرود وكان فيها وكر ألف غراب ولهنّ ملك منهم [فخرج] [ملك] [البوم] وكان في ذلك الجبل وكر ألف من البوم,قال الفيلسوف إنّه كان في جبل من الجبال شجرة عظيمة كأعظم ما يكون من الدوح وأشده التفافًا وكان فيها ألف غراب عليهم ملك وكان في ذلك الجبل أيضًا مكان فيه ألف بومة عليهم ملك منهم,قال العالم زعموا أنّه كان في جبل من الجبال شجرة عظيمة من الدوح وكان فيها وكر ألف غراب عليها ملك منها وكان في ذلك الجبل أيضًا مكان فيه ألف بومة عليها ملك منها,قال الفيلسوف زعموا أنّه كان في جبل من الجبال دوحة عظيمة وكان فيها وكر ألف غراب عليها ملك منها وفي ذلك الجبل أيضًا مكان فيه وكر ألف بومة عليها ملك منها,قال الفيلسوف زعموا أنّ أرضًا يُقال لها كذا وكذا وكان حولها جبل محيط بها وكانت فيه شجرة عظيمة كثيرة الغصون كأعظم ما يكون من الشجر وكان فيها وكر غراب وكان لهنّ ملك وكان في ذلك الجبل ألف من البوم ولهنّ ملك مثلهنّ,قال الفيلسوف زعموا أنّ أرضًا تُسمَّى كذا وكذا كان حولها جبلا محيطًا وكان فيها شجرة عظيمة كثيرة الغصون شديدة الالتفات وكان فيها وكر ألف غراب عليهم ملك منهم في ذلك الجبل وكر ألف من البوم عليهم ملك منهم,قال الفيلسوف زعموا أنّ أرضًا يقال لها كذا وكذا حولها جبل محيط بها وكانت شجرة عظيمة كثيرة الغصون وكان فيها وكر ألف غراب *ولهنّ ملك منهنّ عليه,قال الفيلسوف زعموا أنّه كان في جبل من الجبال شجرة من شجر التين أعظم ما يكون من الشجر وكان فيها وكر ألف غراب عليها ملك منهم وعلى ذلك الجبل مكان فيه ألف بومة عليها ملك منها,قال الفيلسوف زعموا أنّه كان في جبل من الجبال شجرة من شجر التين أعظم ما يكون فروعًا ونباتًا والتفافًا وكان عليها وكر ألف غراب عليها مَلك منهم وكان في ذلك الجبل مكان فيه ألف من البوم عليهم مَلك منهم,قال الفيلسوف زعموا أن أرضًا تسمّى كراكرا وحولها جبل محيط بها وفي الجبل شجرة عظيمة شديدة الالتفات يقال لها الشيروز وهي بالعربيّة العُنّاب وكان فيها وكر ألف غراب وكان عليها ملك منها وكان في ذلك الجبل مكان فيه ألف من البوم ولهنّ ملك منهنّ
11,815841f1-cc2c-441b-a4f8-0d8f565e5464,The Owls Attack the Crows,فخرج ذات يوم ملك البوم فأغار على مَلك الغربان فقتل منهم خلقًا كثيرًا,فخرج ذات يوم ملك البوم بجنده فأغار على تلك الغربان فقتل منهم خلق كثيرة ومضوا عنهم لمّا دجا الظلام,فخرج ملك البوم لبعض غدواته وروحاته وفي نفسه العداوة لملك الغربان وفي نفس الغربان وملكها مثل ذلك للبوم فأغار ملك البوم في أصحابه على الغربان في أوكارها فقتل وسبى منهم خلقًا كثيرًا,فخرج ملك البوم ذات يوم لعداوة بينها وبين الغربان حتّى أغار على الغربان فقتل منهم قتلى كثيرة,فخرج ملك البوم ذات ليلة لعداوة بين البوم والغربان *ووقعن البوم على الغربان فأكثرن فيهنّ القتل والجراح,فخرج ملك البوم ليلة لعداوة لم تزلْ بين البوم وبين الغربان بمن معه من البوم فقتل منهنّ كثيرًا وجرح كثيرًا,فخرج ملك البوم ذات يوم لعداوة قديمة بين الغربان والبوم فأغار على الغربان بمن معه فقتل منهم كثيرًا وجرح كثيرًا,فخرج ملك البوم ليلة فأغار على الغربان بمن معه من البوم فقتل منهم كثيرًا,قال فخرج البوم ذات ليلة فوقعن في الغربان فأكثرن فيهنّ القتل والجراح لأمر كان بينهم,فخرج ملك البوم بمن معه من جنده فأغار على الغربان وأكثر فيهم القتل والجراح !لكنّه كانت منهنّ عليهنّ,فخرج ملك البوم ذات ليلة إلى مكانهنّ فأغار عليهنّ فأكثر فيهنّ القتل والجراح *للإحنة التي كانت بينهنّ,فخرج ملك البوم ذات يوم لعداوة بينها وبين الغربان حتّى أغار على الغربان فقتل منهم قتلى كثيرة,فخرج مَلك البوم ذات ليلة فأغار على الغربان فاقتتلوا قتالًا شديدًا,فخرج ملك البوم ذات ليلة لعداوة لم تزل بين البوم والغربان فوقعن على الغربان فأكثرن فيهنّ القتل والجراح
12,04bd6484-ebf9-401f-8629-f3b51d8b6f4d,The Morning in the Battle Aftermath,فلمّا أصبح ملك الغربان جمع أصحابه إليه,فلمّا كان من *الغد حقّق ملك الغربان رأى من أصحابه الجرحى والقتلى فجمع أكابر ?صولية أصحاب الرأي إليه,وكانت الغارة ليلًا فلمّا أصبحت الغربان اجتمعت إلى ملكها,فلمّا أصبح ملك الغربان جمع الغربان,ولم يعلمْ ملك الغربان بذلك حتّى أصبح فلمّا كان الغد ورأى ما لقي جنده اهتمّ وحزن,فلمّا أصبح ملك الغربان جمع الغربان,فلمّا أصبح ملك الغربان جمع الغربان,فلمّا أصبح ملك الغربان جمع غربانه,ولم يعلم ملكهم بذلك حتّى إذا كان بالغداة رأى ما حلّ بجنده فاغتمّ لذلك ودعا عظماء أصحابه ووزرائه,ولم يعلم ملكهنّ بذلك حتّى كان الغد فلمّا رأى ما لقي اهتمّ وحزن,ولم يعلم ملك الغربان بذلك حتّى كان من الغد فلمّا رأى ما لقي جنده من بنات *البوم اهتمّ وحزن,فلمّا أصبح ملك الغربان جمع الغربان,فلمّا أصبح مَلك الغربان,ولم يعلم ملكهنّ بذلك حتّى كان الغد فلمّا رأى ما لقي جنده اهتمّ وحزن
13,066685f4-b036-4abe-83d6-e0196e9a8111,The Crow King Evaluates the Damage,وقال معاشر الغربان قد رأيتم ما حلّ بنا من البوم وكم قد أصبح منكم قتيلًا وجريحًا,وقال لهم معاشر الغربان قد رأيتم ما حلّ بكم من البوم وكم قد أصبح منكم قتيلًا وجريحًا,فقلن له قد علمت ما لقينا الليلة من ملك البوم وما منّا إلاّ من أصبح قتيلًا أو جريحًا أو مكسور الجناح أو منتوف الريش أو مقطوف الذنب,فقال قد ترون ما نزل بكم من البوم وكم قد أصبح منكم قتيلًا وأسيرًا وكسيرًا وما أصابكم,وقال يا معشر الغربان قد ترون ما لقينا من البوم وما أصابنا منهنّ,فقال لهنّ لقد رأيتنّ ما لقيتنّ من بنات البوم ووقوعهنّ بكنّ وكم أصبح فيكنّ من قتيل وجريح ومنتوف الريش والجناح والذنب,فقال قد رأيتم ما لقيتم من بنات البوم وكم أصبح فيكم من قتيل وجريح وكسير ومنتوف الريش والجناح والذنب,وقال لهنّ قد ترون ما لقيتنّ من البوم,فاستشارهم وذكر لهم كنه الذي أصابهم من البوم,ثمّ فكّر في أمره وعاد عظماء أصحابه فاستشارهم وذكر لهم الذي أصابه,وسألهنّ عن ما أصابهنّ من القتل والجراح ونتف الريش,فقال قد ترون ما نزل بكم من البوم وكم قد أصبح منكم قتيلا وأسيرًا وكسيرًا وما أصابكم,فقال أيّها الغربان قد ترون ما نزل بكم من بنات البوم فكم منكم قد أصبح مقتولًا ومجروحًا ومكسور الجناح ومنتوف الريش,ثمّ فكّر في نفسه وأمره وجمع الغربان وقال أيّتها الغربان قد ترون ما لقينا من بنات البوم وكم منكنّ قد أصبح قتيلًا وجريحًا ومكسور الجناح ومنتوف الريش
14,6c32e7ba-c2d3-4c1a-904b-910d33fed845,The Crow King Fears Recurring Aggression,ولا أشكّ إنّهنّ يعلمن بكم وبحالكم وينلن منكم أغراضهنّ فانظروا لأنفسكم قبل وقوع ما تكرهون,ولا شكّ أنهنّ يعلمن بكنّ *وبحالكنّ وعرفهم بكنّ يتلف لكنّ أغراضكنّ فانظرن لأنفسكنّ ما فيه صلاحكنّ,وأشدّ ما أصابنا ذلك على ضراوتهنّ علينا وعلمهنّ بمكاننا وهنّ عائدات إلينا غير منقطعات عنّا لعلمهنّ بمكاننا فإنّما نحن لك [ولك] أيّها الملك فانظرْ لنا ولنفسك,وهم عائدات بمثل ما رأيتم,وأشدّ ممّا أصابكنّ جرأتهنّ عليكنّ *وتعرّفهنّ بمكانكنّ وأنا متخوّف من كرّتهنّ بمثلها وأشدّ منها عليكنّ,وأشدّ من ذلك كلّه ضراوتهنّ عليكنّ بمثل ما قد ذقتموه منهنّ وهنّ غير مغفلات عنكنّ فانظرْن في أمركنّ على مهل,وأشدّ من ذلك في نفسي ضرًّا عليكم علمهنّ بمكانكم وجرائتهن عليكنّ وضراوتهنّ بكم ولا أظنّهن إلّا عائدات لمثلها وغير مقلعات عنكم فانظروا في أموركم في مهل,وأشدّ ممّا أصابكنّ علمهنّ بمكانكنّ وجرأتهنّ عليكنّ وهنّ عائدات عليكنّ بمثل الذي لقيتنّ منهنّ وغير مقلعات عنكنّ فانظرْن في أمركنّ وأجمعْن رأيكنّ,وخاف من عودتهم إليهم,وما يتخوّف من كثرتهم بمثلها وأشدّ منها عليهنّ,وقال إنّ أشدّ ما أصابكنّ على ضرر علمهنّ *بمكانكنّ وجرأتهنّ عليكنّ وهنّ عائدات إليكنّ بشرّهنّ فانظرن لنفسكنّ وأجمعن رأيكنّ ثمّ إنّه فكّر في أمره وخلا بعظماء أصحابه واستشارهم,وهم عائدات بمثل ما *رأيتم,وأشدّ ما أصابكم منهنّ جرأتهنّ عليكم وعلمهنّ بمكانكم فهنّ عائدات عليكم بمثل ما قد ذقتم وغير مقلعات عنكم فانظروا لأنفسكم واجمعوا رأيكم واطلبوا الحيلة ممّا نزل بكم,وأشدّ ما أصابكن منهنّ ضرّهما بكنّ وجرأتهنّ عليكنّ فاجمعوا رأيكم وصحّحوا نظركم لأنفسكم
15,a7843fe5-5d3c-4d26-b710-d3cd790d3141,Input from the Five Wise Crows is Sought,وكان فيهم خمس من الغربان المعروفين بالرأي والحزم وكان ملكهم لم يزل يشاورهم ويفوّض الأمور إليهم,قال وكان منهنّ خمسة غربان †موهون بالرأي والحزم وكان الملك يشاورهنّ ويفوّض الرأي إليهنّ في غالب الأمور,وكان في الغربان خمس معترف لهنّ بحُسن الرأي يُسند إليهنّ في الأمور ويُلقي عليهنّ أزمّة الأحوال وكان الملك كثيرًا ما يشاورهنّ في الأمر ويأخذ أراءهنّ في الحوادث والنوازل,وكان فيهم خمسة غربان يُعرفون بفضل الرأي وكان الملك يشاورهم,وكان في الغربان خمسة ذو رفق وعلم ونظر في الأمور ومعرفة بحسن الرأي والحيل وكان الملك يشاورهم وينتهي إلى رأيهم,وكان فيهنّ خمس غربان لمعروف لهنّ فضيلة الرأي فكانت الغربان تسند إليهنّ أمورهنّ وتفزع إليهن فيما نزل بهنّ وكان الملك يشاورهنّ في أموره ويأخذ برأيهنّ,وكان فيهم خمسة غربان معترفين لهم بفضيلة الرأي وكمال العقل وبعد النظر وحسن التدبير وكان الملك لا يكاد يخرج من مشورتهم,وكان فيهن خمس غربان يُعرف لهنّ بالفضل في الرأي وكان الملك يشاورهنّ ويسند إليهنّ في الأمور,وكان فيهم خمسة غربان ذوات رفق وتجربة بالأمور ومعرفة وذكاء فسألهم الملك عن رأيهم فيما أصابهم والملك يسأل الخمسة الغربان عمّا يصنع في أمرهم,وكان فيهنّ خمس غربان ذوي رفق وتجربة وعلم بالأمور ونظر ومكر وخداع وحيل فخلا بهنّ وسألهنّ عن رأيهم فيما أصابهم,وينتهي إلى رأيهنّ فلمّا أصابهنّ وكانت فيهم خمسة غربان ذوات رفق وعلم ونظر في الأمور وحيل وفضل ورأي وكان الملك يشاورهنّ,... فيهم خمسة غربان يُعرفون بفضل الرأي وكان الملك يُشاورهم,وكان فيهم خمسة غربان كان الباقي من الغربان يعترف لها بحسن الرأس ويسند لها الأمور إذا نابتهنّ وينزعن إليها فيها وكان المَلك يشاورهنّ وينتهي إلى رأيهم ويسمع من قولهنّ لعلمه بفضلهنّ,وكان فيهنّ خمس غربان هنّ معترفات لهنّ بحسن الرأي يسندوا إليهنّ الأمور ويفزعون إليهنّ عند النوائب وكان الملك يشاورهنّ وينتهي إلى رأيهنّ لما يعرف من علمهنّ وعملهنّ ورفقهنّ ونظرهنّ في الأمور واحتيالهنّ فخلا بهنّ وسألهنّ عن رأيهنّ فيما أصابهنّ
16,672f0028-1244-4803-aa7a-730dae557588,The Crow King Asks the First Crow,فقال الملك للأوّل منهم ما رأيك في هذا,فقال للأوّل ما رأيك في هذا الحال,فقال الملك للأوّل من الخمس ما رأيك في هذا الأمر,فقال الملك للأوّل من الخمسة ما رأيك في هذا الأمر,فقال *للأوّل من الخمسة قد كان ما رأيت ولسنا نأمن من رجعتهم,فقال الملك لإحداهنّ ما رأيك في هذا الأمر,قال الملك لأحدهم ما رأيك في هذا الأمر,فقال لأحدهنّ ما رأيك في هذا الأمر,,وقال لأصغرهم ماذا تشير به *** فإنّه ... ما قد رأيت ولسنا نأمن من رجعتهنّ,*قال لأصغرهنّ ما رأيك في هذا الأمر وما تشير به *فإنّه قد كان ما رأيت ولسنا نأمن من رجعتهنّ ثانية,من الخمسة ما رأيك في هذا الأمر فقال الملك للأول,قال المَلك للأوّل من الخمسة من الوزراء ما رأيك في هذا الأمر الذي نزل بنا,وقال لأصغرهنّ ما تشير به فإنّه قد كان ما قد رأيت ولسنا نأمن برجعتهنّ
17,0fd4ab0a-86f2-4150-a128-f9d07a16cd1a,Escape Should Be the Recourse,قال رأيي في هذا ما قالت الحكماء والعلماء قال الملك وما هو قال ليس للعدوّ الذي لا يُطاق إلّا الهرب منهم منه,فقال أنا رأيي في هذا الأمر ما قاله الحكيم قال الملك وما قال قال قال ليس للعدوّ الذي لا يُطاق إلّا الهرب,قال رأيي فيه ما سبقتنا إليه العلماء وذلك أنّهم قالوا ليس للعدوّ الحنق إلّا الهرب منه,قال رأيي ما قد سبق إليه الأُوَل فإنّهم قالوا ليس للعدوّ *الحَنِق الذي لا يُطاق إلّا الهرب منه,فقال الحيلة في الذي كانت العلماء تقول فإنّهم كانوا يقولون ليس للعدوّ الحنق الذي لا يُطاق إلّا الهرب منه التباعد عنه,قال الغراب هذا رأيي قد سبقنا إليه ليس للعدوّ الحَنِق الذي لا يُطاق حيلة إلّا عدم القرب منه,قال الأوّل رأيي قد سبق إليه العلماء قالوا ليس للعدوّ الحَنِق الذي لا يُطاق إلّا الهرب منه,قال الرأي أنّه ليس للعدوّ الحَنِق الذي لا يُطاق إلّا الهرب منه,فقال الأوّل منهم الحيلة والرأي في هذا الأمر ما كانت الحكماء تذكره فإنّهم كانوا يقولون إيّاك والعدوّ الذي لا قدرة لك بقتاله فإنّ أمثل الرأي إليك الهرب منه والنجاة من *بأسه,فقال الحيلة في ذلك ما كانت الحكماء تذكره فإنّه كان يقال إذا أتاك العدوّ الذي لا تقوى لقتاله فإنّ أمثل الرأي لك في أمره الهرب منه والنجاة إلى الموئل,فقال الحيلة في هذا الأمر ما قد سبقت إليه العقلاء والحكماء نذكر منه فإنّهم كانوا يقولون إذا أتاك العدوّ الحَنِق الذي لا تقوى لقتاله ولا تطيق دواءه فإنّ أمثل الرأي لك في الأمر الذي أتى به الهرب منه والنجاة إلى الموئل والحزن الذي يقعد به عنه,قال رأيي ما سبق إليه الأول فإنّهم قالوا ليس للعدوّ الحَنِق الذي لا يُطاق إلّا الهرب منه,قال هذا أمر قد سبقتنا إليه من كان قبلنا من العقلاء قالوا ليس للعدوّ الحَنِق الذي لا يُطاق إلّا الهرب منه,قال رأيي فيه ما قد سبقت إليه العلماء إذ قالوا ليس للعدوّ الحَنِق الذي لا يُطاق دواء إلاّ الهرب منه واللجأ إلى الموئل والحزن الذي يبعد به عنه
18,dc4de807-bc1d-4ec1-89ce-0f8aecd224a9,The Crow Kings Asks the Second Crow,قال الملك للثاني وأنت فيما رأيك,قال الملك للثاني ما رأيك أنت,قال الملك للثاني ما رأيك أنت في هذا الأمر,قال الملك للثاني ما رأيك في هذا الأمر,ثمّ سأل الملك الثاني فقال ما رأيك أنت,قال الملك للثاني ما رأيك أنت,ثمّ قال للثاني ما رأيك,قال الملك للثاني فما رأيك أنت,ثمّ أنّ الملك سأل الثاني عن رأي الأوّل,قال الثاني على ما يرى في قول الأوّل,ثمّ سأل الثاني عن ما يرى في قول المتكلّم به صاحبه,قال الملك للثاني ما رأيك في هذا الأمر,قال المَلك للثاني ما رأيك,ثمّ سأل الملك الثاني عمّا تكلّم فيه الأوّل ورأيه فيه
19,82715ef0-550d-4053-99b0-2214b17d3dfe,Escape Is No Recourse,,,قال رأيي ما رأى هذا من الهرب,قال أمّا ما أشار به من الهرب,قال أمّا ما أشار به هذا عليك,قال أمّا ما أشار به هذا من الفرار,فقال أمّا ما أشار به صاحبي من الهرب,قال أمّا ما أشار به هذا من الفرار,فقال إنّه لم يقل شيئًا,فقال لم يقل شيئًا,فقال لم يقل شيئًا,نكبة أصابتنا ولا ينبغي لنا ذلك ولكن,قال أمّا أنا فما أشار به هذا,فقال أمّا ما أشار به عليك هذا من الفرار
20,ad81afde-f39c-4209-9077-55cfb86bb545,The Downsides of Escape Are Explained,,,قال الملك لا أرى لكما ذلك رأيًا أن نرحل عن أوطاننا ونخليها لعدوّنا من أوّل نكبة أصابتنا منه ولا ينبغي لنا ذلك,فلا أراه لأن لا يطأ عدوّنا وطننا فنذلّ له عند أوّل نكبة أصابتنا ولا ينبغي لنا ذلك,فلا أراه حزمًا ولا ينبغي لنا أن نفرّ من بلادنا ونذلّ لعدوّنا <عند> أوّل نكبة,فلا أرى أن نخلو عن بلادنا وأوطاننا ولا أن نذّل لعدوّنا عند أوّل نكبة أصابتنا,فلا أرى أن نخلو أوطاننا ولا أن نُذلّ لعدوّنا عند أوّل نكبة أصابتنا,فما أرى أن نخلو عن أوطاننا ونذلّ لعدوّنا عند أوّل نكبة لحقتنا,فإنّه لا ينبغي لنا أن *نعرّى بلادنا ونترك أثقالنا ومعايشنا ونهرب عن أوطاننا ونرتحل عنها ونذلّ لعدوّنا في أوّل بليّة أصابتنا,ولا ينبغي لنا أن نعرّي بلادنا ونترك اثقالنا ومعايشنا ونهرب عن أوطاننا,فإنّه لا ينبغي لنا أن نفرّ من بلادنا ونترك أثقالنا ومعايشنا ونهرب عن أوطاننا ونتخلّى عنها ونذلّ لعدوّنا,فلا أراه لأن لا يطأ عدوّنا وطننا فنذلّ له عند أوّل نكبة أصابتنا ولا ينبغي لنا ذلك,فلا أراه رأيًا أن نُخلي وطننا ونذلّ لعدوّنا عند أوّل نكبة أحلّت بنا جزعًا لا ينبغي لنا ذلك,فلا أراه حزمًا أن نُخلّي عن أوطاننا ونذلّ لعدوّنا ونترك أثقالنا ومعايشنا ونهرب *عند أوّل نكبة أصابتنا ولا ينبغي لنا ذلك
21,ea9a40cf-8833-4c25-8131-6c02309d1dfc,Recourse Should be Made to Planning and Preparing,,,ولكن نجمع أمرنا ونستعدّ لعدوّنا ونذكّي نار الحرب فيما بيننا وبين عدوّنا ونحترس من الغرّة إذا أقبل إلينا فنلقاه مستعدّين,ولكن نجمع رأينا ونستعدّ لعدوّنا ونذكّي العيون فيما بيننا وبينهم ونحترس من الغرّة فإن أقبل إلينا عدوّنا لقيناه مستعدّين,ولكن نجمع أمرنا ونستعدّ لعدوّنا ونذكّي العيون ما بيننا وبينهم ونحترس من الغرّة والعودة فإذا أقبل علينا عدوّنا لقيناه,ولكنّا نجمع أمرنا ونستعدّ لمجاهدة عدوّنا وندع العيون فيما بيننا وبينه ونحترس من العودة ونكون على عدّة وإن أقبل إلينا أعداءنا لقيناهم مستعدّين لقتالهم,ولكنّا نجمع أمرنا ونستعدّ لعدوّنا ونحترس من الغرّة ونذكّي العيون والطلائع فإذا أقبل إلينا عدوّنا لقينا مستعدّين,لكنّا نستعدّ لمجاهدة عدوّنا ونذكي العيون ونحترس من الغرّة,ولكنّا نجمع أمرنا ونستعدّ لعدوّنا ونكون منهم على حذر ونبعث العيون والطوالع فيما بيننا وبينهنّ فإن هنّ أقبلن إلينا وجدونا مستعدّين,ولكن نكون على حذر واستعداد وتأهّب ونبعث العيون والطلائع فلا يخْف علينا خبر البوم,ونكون على حذر واستعداد وتأهّب ونبعث العيون والطوالع فيما بيننا وبينهم لا يخفى علينا *خبر البوم ونحترس من الغرّة والعودة فإن هنّ أقبلن,ولكن نجمع رأينا ونستعدّ لعدوّنا ونذكّي العيون والطلائع فيما بيننا وبينهم ونحترس من الغرّة فإن أقبل إلينا عدوّنا لقينا مستعدّين,ولكن نجمع رأينا ونستعدّ لعدوّنا ونذكّي العيون فيما بيننا وبينهم ونحترس من الغرّة والعودة فإذا أقبل علينا عدوّنا لقيناه مستعدّين,ولكن نجمع أمرنا ونستعدّ لعدوّنا ونذكّي العيون فيما بيننا وبينهم ونحترس من الغرّة والعودة فإذا أقبل إلينا عدوّنا لقيناه مستعدّين
22,153632fd-1dd1-405c-acf4-aa3f29d83bc2,The Crows Should Fight Back the Owls,,,ونقاتله قتالًا غير مراجعين فيه ولا حامين عنه,فقاتلناه قتالًا <من> غير *مراجعة,,فقاتلناهم مزاحفة,فقاتلناهم قتالًا غير مستسلم ولا متوغّل,أرى أن نذكي العيون بيننا وبين,فنقصد جماعتهم ونكون للقائهم متأهّبين,,نتحيّن عن سنّهنّ وقصدنا جماعتهنّ وقطعنا من أمرهنّ ما استطعنا,... وندافع الأيام بين,فقاتلناه قتالًا شديدًا,وقاتلناه قتالًا غير مجازفة وقصدنا أطرافهم وتنحّينا عن سنّتهم وقصد جماعتهنّ وأقنطنا من آخرهنّ ما استطعنا
23,11c124b0-8f01-46b2-9f7d-b111feb85698,There Is Hope for Victory,,,,,,,,,ولعلّنا نصيب منهم ظفرًا ونهزة فنأخذ منهم ما صنعن بنا,ولعلّنا نصيب ظفرًا أو نجد عورة فيجري بها منهنّ ما صنعن,ولعلّنا نصيب ظفرًا ونهزة فنجترئ منهنّ ممّا صنع بنا ?وايه إلينا,,ولعلّنا أيضًا أن نصيب ظفرًا ويصيبه غرّة *ونهزة فننتقم منهنّ كمثل ما صُنع بنا,ولعلّنا أيضًا أن نصيب ظفرًا أو نجد عورة أو نهزة فنجتزي منهنّ ما صنعن بنا *وأيسن إلينا
24,9fc59476-9832-4c23-838c-9c31ea897c61,Escape Should Not Be the First Choice,,,وتلقى أطرافنا أطراف العدوّ ونحترس في حربنا وندافع عدوّنا ?بالأنانة مرّة وبالجلاد أخرى,*ويلقى أطرافنا أطراف العدوّ ونتحرز بحرزنا وحصننا وندافع الأيّام بين عدوّنا,,تلقى فيه أطرافنا أطرافهم ونتحرّز منهم بتحرّزنا وحصننا وندافع الأيّام,ولكن تلقى أطرافنا أطرافهم ونتحرّز منهم وندافعهم الأيام,,ولا نبدأ أمرنا بالهرب عن الأوطان وإضاعة الأموال والأثقال فيكون ما أصابوا من ذلك عونًا لهم علينا,ولا نبدأ بالهرب واضاعة الأموال والأثقال فيكون ما أصابوا من ذلك علينا لهم عونًا,ولا نبدأ أمرنا بالهروب وإضاعة الأموال والأثقال فيكون ما أصابوا من ذلك عونًا علينا,وتلقى أطرافنا أطراف لعدوّ ونحترز بحرزنا ... وندافع الأيام بين عدوّنا,ولا نبتدئ أمرنا بالهرب,وتلقى أطرافنا أطراف العدوّ ولا نضيّع أمرنا بالهرب وإضاعة المال والأثقال فيكون ما أصابوا من ذلك عونًا لهم علينا وإن أعيانا ذلك تحرّزنا بحصوننا وندافع عدوّنا هذه الأيّام
25,45fda15f-dda9-41eb-b07d-7e2740ca6a65,Escape Is To Be Sought Only at Defeat,,,حيث نصيب فرصتنا وبغيتنا وقد ثنينا عدوّنا عنّا,حتّى نصيب فرصتنا وبغيتنا وإلّا هربنا وقد أبلينا عند أنفسنا عذرًا,حتّى نصيب منه غرّة ولعلّنا نظفر بهم,حتى نصيب فرصتنا وبغيتنا ذلك فنهرب وقد أُبلينا عذرًا,حتّى نُصيب منهم فرصة وإلّا كان الهرب بعد الأعذار,,,,,حتّى نصيب فرصتنا وبغيتنا وإلّا هربنا وقد أبلينا عند أنفسنا عذرًا,فإن أعيانا القتال هربنا وقد أبلينا عدوّنا,حتّى نصيب فرصتنا أو يعيينا ذلك فنهرب من عدوّنا وقد أبلينا عذرًا
26,d5619135-8a5b-4c96-aabd-552ba809c4a0,The Crow King Asks the Third Crow,قال الملك للثالث فيما رأيك أنت,قال الملك للثالث فما رأيك أنت,ثمّ قال الملك للثالث ما رأيك أنت,قال الملك للثالث ما رأيك,ثمّ قال الملك للثالث ما ترى فيما قال صاحباك,فقال الملك للثالث فما رأيك أنت,قال الملك للثالث ما رأيك في ذلك,قال الملك للثالث فما رأيك,ثمّ قال الملك للثالث ماذا ترى فيما قالوا أصحابك,ثمّ قال للثالث ما ترى فيما قال صاحباك,ثمّ قال للثالث ما رأيك فيما قال صاحبك,قال الملك للثالث ما رأيك,قال المَلك للثالث ما رأيك أنت,ثمّ قال الملك للثالث ما رأيك أنت فيما قالا صاحباك
27,4c2a4ad5-67e6-4c05-aa22-1bf03702e459,The Crow Rejects Prior Input,,,قال ما أرى ما قالا رأيًا,قال لا أرى ما قالا,قال لم يقولا شيئًا ولعمري ما مدافعة الأيّام والليالي بمستقرّ لنا فيما بيننا وبين البوم,فقال ما أرى ما قالا,قال لا أرى ما قالاه,,قال لم يقولوا شيئًا لعمري ما الأيّام والليالي لنا مستقيمة فيما بيننا وبين البوم,فقال لم يقولا شيئًا لعمري ما ?يدافعه الليالي يستقيم لنا,فقال لم يقل شيئًا لعمري ما مدافعة الأيّام والرأي تستقيم فيما بيننا وبين البوم,قال لا أرى ما قالا,قال لا أرى ما قالا,فقال لم يقولا شيئًا لعمري ما مدافعة الأيّام والليالي بمستقيم لنا فيما بيننا وبين البوم
28,cefb3e72-9703-4019-86b4-b52757cd18d1,Recourse Should be Made to Reconnaissance,,,ولكن نبثّ العيون ونبعث الجواسيس ونرسل الطوالع بيننا وبين عدوّنا,ولكن أرى أن ننصب العيون والطلب بيننا وبينهم ونتجسّس,وما الرأي إلّا أن نذكّي العيون والطلائع فيما بيننا وبين العدوّ,ولكنّي أرى أن ندع العيون والطلائع بيننا وبين عدوّنا فنتجسّس,ولكن أرى أنّ نذكّي العيون والطلائع بيننا وبين عدوّنا,قال أرى أن نذكي العيون بيننا وبين عدوّنا,لكن نبعث من له فضل ورأي وتدبير فيكون واسطة فيما بينهم وبيننا ويعلم أخبارهم ويعلمنا ما في أنفسهم منّا,إلّا أن نبعث منّا من له فضل ورفق فيكون منهم قريبًا ويتجسّسوا الأخبار ويعلموا ما يريدون,وما الرأي إلّا أن تبعث منّا من له الفضل والرفق والعلم فيكون فيما بيننا وبين عدوّنا ونتجسّس الأخبار ونعلم ما في أنفسهم,ولكن أن تنصب العيون والطلب بيننا وبينهم ونتجسّس,ولكن نذكّي العيون فيما بيننا وبينهم ونستجسّ,وما الرأي لنا *والشورى إلاّ أن نذكّي العيون والطوالع والطلائع بيننا وبين العدوّ وأن نبعث فيها من له فضل ورفق ورأي فيكونون منهم قريبًا ويتجسّسوا الأخبار فهيمًا ويعملون ما في أنفسهم
29,b48f40f8-e64e-40cb-9729-cdd1fc3bc2fd,The Information Shall Determine a Truce or Tribute,,,فنعلم هل يريد صلحنا أم لا أم يريد حربنا أم يريد الفدية,ونعلم هل يريدون صلحنا أو نقبل منهم فدية,وننظر هل يقبلن صلحًا أو فدية أو خراجًا نؤدّيه إليهنّ,ونعلم هل يريد عدوّنا صلحًا أو يقبل فدية,وننظر هل يريد عدوّنا صلحًا أو يقبل منّا فدية ونتحسّس الأخبار,أمرًا معضلًا لا طاقة لنا به لم نكرهْ,وهل يرضون لنا بأدائنا الخراج إليهم,وهل يرضين بأداء الخراج إليهنّ,وهل يرضين منّا بأداء الخراج إليهنّ,ونعلم هل يريد عدوّنا صلحنا أو نقبل منهم فدية,ونعلم هل يريد عدوّنا صلحًا أو يقبل فدية نجعلها له منّا,وهل يريد عدوّنا صلحًا أو هل يرضين بأداء الخراج إليهنّ أو يقبلن منّا فدية
30,b7acc74c-bcbf-4eac-9300-e7a0c2d3b1be,Truce for a Tribute Should Be Sought,قال رأيي أن نصالحهم على خراج نؤدّيه إليهم وندفع به عن أنفسنا البلاء وفساد البلاد والخراب,قال رأيي أن نصالحهم على خراج نؤدّيه إليهم وندفع به عن أنفسنا البلاء وفساد الأوطان وخراب البلاد,فإن رأينا أمره أمر طامع في مال لم نكرهْ الصلح على خراج نؤدّيه إليه في كلّ سنة ندفع به عن أنفسنا *ونطمئنّ في أوطاننا,فإن رأينا من ذلك أمرًا فيه مطمع لم نكرهْ أن نصالحهم على خراج نؤدّيه إليهم وندفع عن أنفسنا به خوفهم ونأمن ونطمئنّ في وطننا,وندفع عن أنفسنا خوفهنّ ونأمن في أوطاننا وأوكارنا,وإن رأينا ذلك أمرًا منقطعًا لم أكرهْ أن نصالحهم على خراج نؤدّيه إليه وندفع عن أنفسنا بأسهم ونطمئنّ في وطننا,فإن رأينا من ذلك أمرًا متقاربًا سمحًا لا شطط فيه لم نكرهْ أن نصالحهنّ على خراج نؤدّيه إليهنّ فندفع عن أنفسنا بأسهنّ ونأمن ونطمأنّ في وطننا,فإن رأينا من ذلك أمرًا معضلًا لا طاقة لنا به لم نكرهْ أن نصالحهم على شيء نؤدّيه إليهم ونأمن *ونطمئنّ في وطننا,فإن فعلن ذلك كان أفضل لنا من القتال ونقيم مكاننا ونحن آمنين غير خائفين,فإن فعلن فنحن أحقّ للقدم في ذلك والإقرار به والاستلام له ونقيم مكاننا ووطننا آمنين غير متخوّفين لهنّ,فإن فعلن فنحن أحقّ بالتقدّم في ذلك والإقرار به والإسلام له ونقيم بمكاننا آمنين غير مخوفين لهنّ,فإن رأينا من ذلك أمرًا فيه مطمع لم نكره أن نصالحهم على خراج نؤدّيه إليهم وندفع عن أنفسنا به خوفهم ونأمن ونطمئنّ في وطننا,فإن يأتينا من ذلك أمر موافق مصلح لم نكره أن نصالحهم على خراج نؤدّيه إليهم فندفع به عن أنفسنا خوفهنّ ونطمئنّ به في وطننا,فإن رأينا من ذلك وجهًا من أحقّ بالتقدّم في ذلك والإقرار به والاستسلام له والدفع به عن أنفسنا ونأمن بأسهم ونطمئنّ بأوطاننا وبمكاننا آمنين غير متخوّفين لهم
31,7ad8bbf3-6c1e-4371-bb21-278ff534e785,Peace Is Worth the Tribute,,,فإنّ من آراء الملوك إذا اشتدّت شوكة عدوّهم فخافوه على أنفسهم وبلادهم أن يجعلوا الأموال جنّة البلاد والمُلك والرعيّة,فإنّ الرأي للملوك إذا اشتدّت شوكة عدوّهم وخافوا الفساد على أنفسهم أن يجعلوا الأموال جنّة للملوك والبلاد والرعيّة,فإنّ من الرأي للملوك إذا اشتدّت شوكة عدوّهم وخافوا على أنفسهم ورعيّتهم الهلكة والفساد أن يجعلوا الأموال جنّة للرعيّة والبلاد,فإنّ أحقّ الرأي للملوك إذا اشتدّت شوكة عدوّهم وخافوا على أنفسهم الهلكة والفساد على بلادهم والهلاك على رعيّتهم أن يجعلوا الأموال خشية للملوك والبلاد والرعيّة,فإنّ من الرأي للملوك إذا اشتدّت شوكة عدوّهم فخافوا على البلاد والرعيّة أن يجعلوا الأموال جنّة للبلاد والرعيّة,فإنّ الرأي للملوك إذا اشتدّت شوكة عدوّهم وخافوا فساد بلادهم أن يجعلوا الأموال والأرزاق جنّة للمُلك والرعيّة,فإنّ العلماء قد قالوا إذا أتاك من عدوّك أمرًا لا تقوى عليه ولا تقوم به فالتمس منه الأمان وأداء الخراج لما في ذلك من الصلاح,فإنّ العلماء قد قالوا إذا أتاك من عدوّك ما تكره وأمرًا لا يقوى منه فإنّه جدير بالتماس الأمان وأداء الخراج لما في ذلك من صلاح الرعيّة,فإنّ العلماء قد قالوا إذا أتاك من عدوّك ما لا تقوى ولا تقوم له فأنت جدير بالتماس الأمان وأداء الخراج وأن تجعل الأموال جنّة الأنفس والبلاد والرعيّة ولنا في ذلك من الصلاح,فإن الرأي للملوك إذا اشتدّت شوكة عدوّهم وخافوا الفساد على أنفسهم أن يجعلوا الأموال جنّة للملوك والبلاد والرعيّة,فإنّ من الرأي للملوك إذا اشتدّت عليهم شوكة عدوّهم وخافوا الفساد على أرضهم والهلاك على أنفسهم والجلاء من بلدهم أن يجعلوا الأموال حبّة للرعيّة والبلاد,وقد قال العلماء إذا أتى الملك من عدوّه أمر لا يقوى عليه واشتدّت شوكته وخاف على نفسه ورعيّته الهلكة والفساد على بلادهم والعطب على رعيّتهم أن يجعلوا الأموال جُنّة للملك والرعيّة
32,b3f50ced-fa42-4af8-893d-5e1bbd74f2b5,Peace Should Come Sooner than Later,,,,,,,,,وتعجيل ما أشرت به عليك أفضل من تأخيره,وتعجيل ما أشرت عليك به أفضل من تأخيره,وتعجيل ما أشرت به عليك أفضل من تأخيره,,,وتعجيل ما أشرت به عليك أفضل من تأخيره
33,afaa45b1-25c6-43b4-9b9b-852e829db505,Recourse Is in Finding Allies and Fighting,قال رأيي في ذلك القتال لهم والمظافرة عليهم والاستظهار بمن ندخل عليه من الطير [أو] ليعيننا على محاربتهم,قال رأيي في ذلك القتال لهنّ والمظافرة عليهنّ وأنّنا من الطيور نستعطف من يعيننا على محاربتهم,,,,,,,,,,,,
34,e1524710-294a-4070-a5ff-e72583a25fae,The Crow King Asks the Fourth Crow,قال الملك للرابع فما رأيك أنت,قال الملك للرابع فما رأيك أنت,قال الملك للرابع ما رأيك في هذا الصلح,قال الملك للرابع ما رأيك في هذا الصلح,فقال الملك للرابع ما رأيك أنت فيما قال صاحباك والصلح الذي ذكر هذا,قال الملك للرابع ما رأيك في هذا الصلح,قال الملك للرابع ما رأيك فيما ذكر صاحبك من طلب الصلح,قال الملك للرابع ما رأيك في هذا الصلح,ثمّ قال للرابع ما رأيك فيما قال أصحابك,ثمّ قال للرابع ما رأيك فيما قال أصحابك,ثمّ قال الملك للرابع ما رأيك فيما قال صاحبك,قال الملك للرابع ما رأيك في هذا الصلح,قال المَلك للرابع فما رأيك في هذا الصلح أم القتال أم الهرب,قال الملك للرابع ما رأيك في هذا الصلح الذي ذكر
35,b8ad39ff-ffb3-4ac4-a453-8431d8dac91f,Recourse Is in Abandoning Home,قال لا نرى الصلح رأيًا بل نرحل ونصبر على غصص الغربة ونبعد عن العدوّ ونأمن من الخضوع للطير وننظر في أمورنا,قال رأيي في ذلك الحرب لهم والبعد عن مجاورتهم لأنّي لا أرى للصلح معهم موضعًا ونبعد عن العدوّ ونأمن من الخضوع,قال لا أراه رأيًا بل نذّل ونفارق أوطاننا ونصبر على الغربة وشدّة المعيشة خير من أن نضيّع أحسابنا ونخضع للعدوّ الذي نحن أشرف منه,قال لا أراه بل أرى أن نترك وطننا والاصطبار على الغربة وشدّة المعيشة أحبّ إليّ من الخضوع للعدوّ الذي نحن أشرف منه وأكرم,قال لا أرى ذلك بل ترك أوطاننا والاصطبار على الغربة وشدّة المعيشة أحبّ إلينا من وضع أحسابنا والخضوع لعدوّنا الذي نحن خير منه وأشرف,قال لا أراه رأيًا بل نترك أوطاننا والاصطبار على الغربة وشدة المعيشة خير من موضع أحسابنا والخضوع للعدوّ والذي نحن منه أشرف وأكرم,قال لا أرى رأيًا ترك أوطاننا والاضّطرار إلى الغربة عن بلادنا خير من وضع أحسابنا والخضوع للعدوّ الذي دوننا,قال لا أراه رأيًا بل ترك أوطاننا والاصطبار على الغربة خير من الخضوع للعدوّ الذي هو دوننا,,,قال لم يقولون شيئًا ولا أرى ترك أوطاننا والاصطبار على الغربة أحسن من وضع أحسابنا ومن الخضوع للعدوّ الذي نخاف منه ونحن أشرف منهم وأكرم,قال لا أراه رأيًا بل أرى أن نترك وطننا والاصطبار على الغربة وشدّة المعيشة أحبّ إلي من الخضوع للعدوّ الذي نحن أشرف منه وأكرم,قال لا أرى ذلك رأيًا بل ترك أوطاننا ونصطبر على الغربة وشدّة العيشة خير من وضع أحسابنا والخضوع لعدوّنا الذي نحن أشرف منه وأكرم,قال لا أراه رأيًا بل نترك أوطاننا والاصطبار على الغربة وشدّة المعيشة أحبّ إلينا من وضع أحسابنا والخضوع لأعدائنا الذي نحن أشرف منه وأكرم
36,63a82f0d-7731-46de-b698-4a81330fbe44,Paying Tributes Is Debasing,,,,,,,,,فقال لم يقولوا شيئًا أيّها الملك أرى أنّنا لا نضيّع أنفسنا لهؤلاء القتلة الرذلة ولا نؤدّي لهم خراجًا فإنّه عار علينا ومذلّة,فقال لم يقولوا شيئًا أرى أن لا نضيّع أنفسنا لهؤلاء السفلة ولا نؤدّي إليهنّ الخراج فإنّه صغار وذلّ,ولا نرى أن نضع أنفسنا لهؤلاء الفسلة الرذلة ولا ننوّلهنّ الخراج فإنّه عار ومذلّة,,,ومتى أدّينا إليهم الخراج كان في ذلك صغار ومذلّة
37,a6ca65e0-a531-4aa6-b24f-f0f6d5178e1a,Recourse Is in Going to the Desert,,,,,,,,,ولعمري لئن ننطلق إلى البرّيّة فنسكنها ونعالج بها ضنك المعيشة حتّى يفرّج الله أمثل لنا وأفضل,ولعمري *لئن *ننطلق إلى البرّيّة فنسكنها ونعالج فيها سقط المعيشة حتّى نفرغ الله لنا أفضل وأمثل,ولعمري *لأن ننطلق إلى البرّيّة فنسكنها ونعالج شطط المعيشة والمشقّة حتّى يفرّج الله لنا أمثل وأفضل,,,
38,63c8c6bf-88b6-48b3-9d04-8a2ec19f5d8c,Accepting Oppression Aids Foes,,,,,,,,,فإنّه قد قيل من أقرّ بالذلّ ووضع نفسه فقد أعان عليه عدوّه,فإنّه يقال من رضى بالذلّ فقد وضع نفسه وأعان عدوّه عليها وجعل ذلك ذريعة إليه,فإنّه قد قيل من أقرّ بالذلّ !واستجرى ووضع نفسه فقد أعان عليها وجعل ذلك دنيّة إليها,,,وقد قيل من أقرّ بالذلّ والاستخدام ووضع نفسه فقد أعان عليها وجعل ذلك *ذريعة له إليها
39,1a04236d-e2d0-43d8-aef4-6d1909819ac5,The Owls Would Overdemand,,,مع أنّ البوم لو عرضنا ذلك عليهنّ لما رضين منّا إلّا بالشطط,مع أنّي قد عرفت أنّا لو عرضنا ذلك عليهم لم يرضوا إلّا بالإشطاط,مع أنّي قد عرفت أنّا لو عرضنا ذلك عليهنّ لم يقبلوا إلّا بالاشتطاط,مع أنّي قد عرفت أن لو قد عرضنا ذلك عليهم لم يرضوا فيه إلاّ بالاشتطاط,مع إنّي أعرف أنّا لو عرضنا الصلح لعظّموه عليّنا ولم يرضوه إلّا بالاشتطاط,مع أنّني أعلم أنّنا لو عرضنا ذلك عليهم لم يرضوا منّا إلّا بالشطط,مع [[أنّني]] {أنّي} قد عرفت لو أنّنا قد عرضنا عليهم الخراج لم يرضوا منّا بالخراج القليل الذي لا نقوى عليه,مع أنّ البوم لا يرضين إلّا بالخراج الثقيل !الماقط الذي لا يقوى عليه,مع أنّي قد عرفت أنّا لو قد وضعنا ذلك لهم أنّ البوم لا يرضين إلّا بالخراج الثقيل *الباهظ والإشطاط فيه الذي لا نقوى عليه,مع أنّي قد عرفت أنّا لو عرضنا ذلك عليهم لم يرضوا إلّا بالاشتطاط,مع أنّي قد عرفت إن نحن عرضنا ذلك عليهم لم يرضوا به منّا إلّا على الاشتطاط,مع أنّي قد عرفت أنّا لو عرضنا ذلك عليهم لم يرضوا <إلاّ> الاشتطاط
40,7ae92902-f1d5-4721-9d0f-4739fb4140cb,Foes Should Be Kept at the Right Distance,,,ويقال في الأمثال قاربْ عدوّك لتنال حاجتك ولا تقاربه كلّ المقاربة فيجترئ عليك ويضعف جندك ويذلّل نفسك,وكان يُقال قاربْ عدوّك بعض المقاربة تنلْ حاجتك ولا تقاربه كلّ المقاربة,وقد يُقال قاربْ عدوّك بعض المقاربة تنلْ منه حاجتك ولا تقاربْه كلّ المقاربة فيجترئ عليك بها ويضعف ويذلّ لها جندك,وقد كان يُقال باكرْ عدوّك وقاربْه بعض المقاربة قبل حاجتك ولا تقاربْه فيجترئ عليك عدوّك ويضعف جندك وتذلّ نفسك,وقد يُقال قاربْ عدوّك بعض المقاربة تنلْ منه حاجتك ولا تقاربْه كلّ المقاربة فتذلّ نفسك وترعب جندك ويجترئ عليك عدوّك,ويُقال قاربْ عدوّك بعض المقاربة فتنال منه حاجتك ولا تقاربْه كلّ المقاربة فتذلّ نفسك ويجترئ عليك عدوّك,وقد كان يُقال قارب عدوّك بعض المقاربة لتنال منه حاجتك ولا تشتطّ عليه فيجترئ عليك ويطمع فيك,,وقد كان يُقال قارب عدوّك بعض المقاربة لتنال حاجتك ولا تقاربه كلّ المقاربة *فيجترئ عليك ويرغب عنك,وكان يُقال قارب عدوّك بعض المقاربة تنل حاجتك ولا تقاربه كلّ المقاربة,وقد كان يُقال قارب عدوّك بعض المقاربة تنل حاجتك ولا تقاربه كلّ المقاربة فيجترئ عليك فتذلّ نفسك ويفسد عليك جندك,وقد قيل قارب عدوّك بعض المقاربة تنل حاجتك منه ولا تقاربه كلّ المقاربة فيجترئ عليك بها ويضعف جندك وتذلّ نفسك
41,8d27535b-3b9b-482b-b037-830e6acaa7e1,Gauging Distances Is Like Maximizing Shadows,,,ومثل ذلك مثل الخشبة المنصوبة في الشمس إذا أملتها قليلًا زاد ظلّها وإذا جاوزت بها الحدّ في *إمالتها نقص الظلّ,,ومثل ذلك مثل الخشبة القائمة في الشمس فإن أملتها قليلًا زاد ظلّها وإن جاوزت الحدّ في إمالتها ذهب الظلّ,ومثل ذلك مثل الخشبة المنصوبة في الشمس إن أملتها قليلًا زاد ظلّها وإن جاوزت الحدّ في إمالتها نقص الظلّ,ومثل ذلك مثل الخشبة المنصوبة في الشمس إن كان ميلها قليلا ازداد ظلّها طولًا وإن جاوزت الحدّ في إمالتها قصر ظلّها,والمثل في ذلك مثل الخشبة المنصوبة في الشمس إن أملتها قليلًا ازداد ظلّها وإن أملتها كثيرًا *نقص ذلك الظلّ,,,ومثل ذلك بالخشبة المنصوبة في الشمس إن أملتها قليلًا زاد ظلّها وإن جاوزت الحدّ في ميلها نقص الظلّ,,وإنّما مثل ذلك مثل الخشبة الموضوعة للشمس إن أملتها قليلًا زاد ظلّها وإن جاوزت الحدّ في إمالتها نقص الظلّ,ومثل ذلك مثل الخشبة المنصوبة في الشمس إن أملتها قليلًا زاد ظلّها وإن جاوزت الحدّ في إمالتها نقص الظلّ
42,7f67326d-813c-4aac-8126-5e4fc79a8874,The Owls Will Not Accept the Pact,,,وليس عدوّنا راض منّا بالدون في المقاربة,,وليس عدوّنا براض منّا بالدون في المقاربة,وليس عدوّنا براض منّا بالدون من المقاربة,وليس عدوّنا يرضى منّا باليسير,وليس عدوّنا براض منّا بالدون في المقاربة,,,فليس يرضى عدوّنا منّا بالدون في المقاربة,,وليس عدوّنا يرضى منّا بالدون في المقاربة,وليس عدوّنا براض منا بالدون من المقاربة
43,01e23569-2d57-42c9-a4aa-992072be595c,The Crows Should Be Wary and Prepared,,,,,,,,,,وينبغي لنا أن نكون على حذر وتأهّب فإن هنّ أقبلن لقتالنا حاددناهنّ إيّاه وصبرنا لأمر الله فلعلّ الله أن يظفّرنا بهنّ وينصرنا عليهنّ,والرأي لنا أن نكون على حذر وتأهّب فإن هنّ أقبلن لقتالنا حاددناهنّ وصبرنا لعلّ الله تعالى أن يظفّرنا بهنّ وينصرنا عليهنّ,,,وقد ينبغي أن نكون على حذر وتأهّب فإن هنّ أقبلن لقتالنا جاوزناهم إيّاه ونصبنا لهنّ فيه وصبرنا لعلّ الله يظفّرنا بهنّ وينصرنا عليهنّ
44,77aae153-c3e1-4583-a84a-6d31bad542f6,Recourse Is in Fighting the War and Enduring,,,فالرأي لنا ولك المحاربة,,فالرأي لنا المحاربة والصبر,والرأي لنا المحاربة والصبر,والرأي لنا الصبر والمحاربة,والرأي لنا المحاربة,,,,,فالرأي لنا أن نحاربه,فالرأي لنا المحاربة والصبر
45,37fdd4bb-fbe9-462a-8165-3617a536cd9f,"The Crow King Asks the Fifth Crow, a Spy",قال الملك للخامس ما عندك من الرأي في ذلك قال,قال <للخامس> ما عندك من الرأي,قال الملك للخامس ما تقول أنت وماذا ترى القتال أم الصلح أم الجلاء عن الوطن,قال الملك للخامس ما ترى أنت,فقال الملك للخامس ما رأيك أنت الصلح أم القتال أم المحاربة أم الجلاء,قال الملك للخامس ما تقول أنت القتال والصلح والجلاء,قال الملك للخامس ما ترى القتال أم الصلح أم الجلاء,قال الملك للخامس ما ترى القتال أم الصلح أم الخلاء,ثمّ قال للخامس ما رأيك فيما قال أصحابك,ثمّ قال للخامس ما ترى فيما قال أصحابك,قال للخامس ما ترى فيما قال أصحابك القتال أم الصلح أم الجلاء أم غير ذلك,قال الملك للخامس ما ترى أنت,ونصبر قال المَلك للخامس من الوزراء ما ترى القتال أم الصلح أم الهرب أم غير ذلك,قال الملك للخامس ما تراه فيما قال أصحابك أرأيك القتال أم الصلح أم الخَلي أم غير ذلك
46,f4c4aa15-bbad-4c5b-ac0b-83206383e623,The Crow Should Scheme,إذا كرهتم القتال وضعفتم عنه,قال إذا كرهتم القتال وضعفتم عن الجزية ليس لكم إلّا الحيلة,,,,,,,,,,,,
47,65c35f3a-6480-4ae9-920b-70ab2732eb7c,The Spy Rejects Fighting,,,قال أمّا القتال فلا سبيل للمرء إلى قتال من لا يقوى به,أمّا القتال فلا سبيل إلى قتال من لا يُقوى على قتاله,قال أمّا القتال فلا سبيل إلى قتال من لا نقاربه في القوّة والبطش,قال أمّا القتال فلا سبيل إلى قتال من لا قوى به,قال أمّا القتال فلا سبيل إلى قتال من لا نقوى به,قال أمّا القتال فلا سبيل إلى قتال من لا نقوى به,قال لم يقولوا شيئًا أمّا القتال فلا سبيل إليه لأنّنا لا نقدر عليه,قال لم يقولوا شيئًا فإنّه ينبغي لنا أن لا ينصب للبوم القتال ما وجدنا لغيره سبيلا لأنّهنّ أقوى عليه منّا,فقال لم يقولوا شيئًا أمّا القتال فلا سبيل إليه وما لا نقوى له,قال أمّا القتال فلا سبيل لنا إلى قتال من لا نقوى على قتاله,قال الخامس أمّا القتال فلا سبيل إلى قتال من لا نقارنه,فقال أمّا القتال فلا ينبغي لنا أن ننصبه فيما بيننا وبين البوم ما وجدنا إلى غيره سبيلًا لأنهنّ أقوى عليه منّا
48,caca0106-561b-4bbe-a134-a038f13fc205,The Crows Should Not Overestimate Themselves,,,,,,,,ويُقال من لم يعرفْ نفسه وعدوّه وقاتل من لا يقوى به فعلى نفسه جهل,وقد قيل إنّه من لم يعرف نفسه وقوّته وغرّر بنفسه في قتال العدوّ القويّ فقد تعرّض لهلاكه,وقد قيل إنّ من لم يعرف قدر نفسه وقوله واغترّ لضعفه لقتاله للعدوّ القويّ به فقد أراد هلكها والضرّ لها,وقد قيل من لم يعرف قدر نفسه وقوّته واغترّ بضعفه في قتال العدوّ القويّ الجريء فقد أراد هلكتها والضرر بها,,,وقد قيل من لم يعرف نفسه ويزن قدره مع عدوّه لم يأمن العطب والهلكة
49,9b8b3e2d-ccdd-4b89-9c79-a7c347f817c5,The Foolish Underestimate Their Foes,,,وقد يقال فمن لا يعرف نفسه وعدوّه وقاتل من لا يقوى به حمل نفسه على حتفها,وكان يُقال من لا يعرف عدوّه ونفسه فقاتل من لا يقوى به فقد جعل نفسه جهدًا أو غرّر بها,,وقد كان يُقال من لا يعرف نفسه وعدوّه فقاتل من لا يقوى به فنفسه,وقد كان يقال من لم يعرفْ قدر نفسه وقدر عدوّه وقاتل من لا قوّة له به فعلى نفسه جهل,,,,وقد قيل من لم يعرف قدر نفسه وعدوّه وقاتل من لا يقوى عليه جهل نفسه هذا,وكان يقال من لا يعرف عدوّه ونفسه فقاتل من لا يقوى به فقد جعل نفسه ... وغرّر بها,وكان يُقال من عرف ضعف نفسه وشدّة عدوّه ثمّ قاتله فقد حمل على نفسه جهدًا,
50,da7f38af-24ca-4e3d-9c54-73223b2c1ae0,The Intelligent Never Underestimate Their Foes,,,مع أنّ العاقل لا يستصغر عدوًّا فإنّ من استصغر عدوّه اغترّ به ومن اغترّ بعدوّه لم يسلمْ منه,مع أنّ العاقل لا يستصغر عدوّا وإن كان مهينًا فإن فعل ذلك اغترّ ومن اغترّ أمكن عدوّه من حاجته,فإنّه من أقدم على عدوّه استضعافًا له اغترّ ومن اغترّ أمكن من نفسه ولم يسلمْ,أجهد معما أن العاقل لا يستضعف عدوًا فإنّه من فعل ذلك اغترّ ومن اغترّ لم يسلمْ,مع أنّ العاقل لا يستضعف عدوًّا فإنّ من فعل ذلك اغترّ ومن اغترّ عُطب,مع أنّ العاقل لا يستضعف عدوًّا ومن فعل ذلك اغترّ ومن اغترّ لم يسلمْ,,,مع أنّ العاقل لا يستضعف عدوًّا فإنّ من يفعل ذلك اغترّ ومن اغترّ أمكن عدوّه من حاجته,مع أنّ العاقل لا يستصغر عدوًّا وإن كان مهينًا فإنّ فعل ذلك اغترّ ومن اغترّ أمكن عدوّه من حاجته,مع أنّ العاقل لا يستضعف عدوًّا فإنّه من فعل ذلك اغترّ ومن اغترّ مكّن عدوّه من نفسه,
51,7654e60a-76b7-4d44-9bb5-903f5e41c5bf,The Spy Expresses Fear,,,وأنا للبوم شديد الهيبة وإن أضربن عن قتالنا وقد كنت أهابها قبل ذلك,وأنا اليوم شديد الهيبة وإن أضربت عن قتالنا وقد كنت أهابها قبل إيقاعها بنا,وأنا للبوم شديد الهيبة ولو أنّها أضربت عن قتالنا وقد كنّا نهابها قبل إيقاعها بنا,وأنا للبوم شديد الهيبة ولو ضربنا عن قتالهم وقد كنّا نهابها قبل إيقاعها بنا,وأنا شديد الهيبة للبوم وإن أضربن عن قتالنا وقد كنت مستوحشًا منهنّ قبل إيقاعهم بنا,وإنّي للبوم هائب وإن أضربن عن قتالنا,,,وإنّا للبوم شديدين الهيبة وإنّه لا ينبغي لنا أن نبادر إلى القتال ما وجدنا إلى غيره سبيلًا لأنهنّ أقوى منّا عليه,وأنا اليوم شديد الهيبة وإن أضربت عن قتالنا وقد كنت أهابها قبل إيقاعها بنا,وأنا للبوم شديد الهيبة ولو أنّها أضربت عن قتالنا وقد كنت أهابها قبل إيقاعها بنا,وأنا للبوم شديد الهيبة ولو أنّها أضربت عن قتالنا أو تركت أهابها قبل إيقاعها بنا
52,2828cf8b-75d7-4ab6-a994-aaf2cf486f55,The Crows Should Not Belittle the Enemy,,,,,,,,,وليس أحد بحقيق أن يزدري عدوّه وإن كان مهينًا,فليس أحد بحقيق أن يزدري عدوّه وإن كان مهينًا,وليس أحد بحقيق أن يزدري عدوّه وإن كان مهينًا فكيف بالآبد,,,وليس أحد بحقيق أن يزدري عدوّه وإن كان ضعيفًا مهينًا فكيف بالقويّ ومن فعل ذلك *اغترّ ومن *اغترّ تمكّنت نفسه وقويت وأهلكته ولم يسلم
53,ccea62c4-6bdc-408c-80b3-8ca338338b5b,The Spy Makes a Suggestion,,,,,,,,,لكن يجب علينا أن نحذرهنّ فإنّا لو كنّا أقوى منهم لكان ينبغي لنا أن نعقل ذلك حتّى نقدر على حاجتنا منهنّ وننال الفرصة في ذلك,ولكنّه يحقّ علينا أن نواعدهنّ فإنّا لو كنّا أقوى منهنّ كان ينبغي لنا أن نفعل ذلك بهنّ حتّى نقدر على حاجتنا,ولكنّه يحقّ علينا [ولكنّه يحقّ علينا] أن نوادعهنّ ونلاينهنّ فإنّا لو كنّا أقوى منهنّ,,,ولكن يحقّ علينا أن نواددهنّ ونلائمهنّ فإنّا لو كنّا أقوى منهنّ كان ينبغي لنا أن نفعل ذلك بهنّ حتّى نقدر على حاجتنا منهنّ
54,2673c18d-0a6c-4491-be24-512ed59f5433,Diplomacy Supersedes Force,,,,,,,,,فإنّ المرأة الصعبة إذا لم يأخذها زوجها باللين والخديعة لم يقدر عليها وإن أخذها بالضرب والهوان لم تستقرّ عنده ولم تعطف عليه,فإنّ المرأة الضعيفة إذا لم يأخذها زوجها باللين والخديعة وأراد أخذها بالضرب والهوان لم تستقرّ عنده ولم تعطف عليه,فإنّ المرأة الضعيفة إن لم تجد من يأخذها باللين والخديعة وأراد ودّها بالضرب والهوان لم تستقرّ عنده ولم تعطف عليه,,,فإن المرأة ضعيفة وإذا لم يأخذها زوجها باللين والخديعة وأرادها بالضرب والهوان لم يقف عليها وكذلك إن أظهر لها شدّة المحبّة فإنّها لم يعطف قلبها عليه وكان عندها بمنزلة لا شيء دونها
55,96fac018-8afd-49a4-a555-d1b320112842,Fighting the Owls Is Fatal,,,,,,,,,ولا أرى لنا في قتال البوم رأيًا ولا صوابًا فإنّ العدوّ القويّ وإنّ كان عنّا بعيدًا فليس ينبغي لنا أن نقاتله وإن هو أتى لقتالنا ولم نقدر على الفرصة منه,ولا أرى لنا قتال إلى البوم ولا إلى !عوار بهنّ فإنّ العدوّ القويّ وإن كان منّا بعيدًا فليس ينبغي لنا أن نغترّ إلى ذلك منه وإن لم يقوى لقتالنا فلم يقدر على حذر ونضع أمره على المكايدة بحذر أن نقول لسنا نتخوّفه,ولا أرى لنا قتال البوم ولا الاغترار بهنّ فإنّ العدوّ القويّ وإن كان بعيدًا منّا ?معترمًا ليس ينبغي لنا أن نغترّ إلى ذلك منه وإن هو أتانا لقتالنا فلم نقوى على فرصته,,,
56,3f6a28dd-9177-47a6-b91f-a1577009c576,The Crows Should Prepare for War,,,,,,,,,فلا بدّ لنا أن نتأهّب لقتاله ونكون منه على حذر ونضع أمره على المكيدة والدهاء,ولكن الرأي لنا أن نعدّ له ونتأهّب لقتاله ونكون على حذر ونضع أمره على المكايدة *والدهاء والأدب,ولكنّ الرأي لنا نعدّ له ونتأهّب لقتاله ونكون على حذر ونضع أمره على المكيدة *والدهاء والأدب,,,ولكنّ الرأي لنا أن نستعدّ له ونتأهّب لقتاله ونكون على حذر ونضع أمره على المكايدة والدهاء والأرب
57,4ec4f47a-6ec4-4dd5-ac78-6860b68f5ace,The Intelligent Weighs the Past and Future,,,,,,,,,فإنّ العالم يريد ينظر في الأمر قبل وقوعه وينظر في صلاح ما فات منه,فإنّ العالم الذي ينظر في الأمر بعد وقوعه وقبله وهل يقدر على إصلاح ما فات منه,فإنّ العالم الذي ينظر في الأمر قبل وقوعه وبعده وهل يقدر على الصلاح الذي فات منه,,,فإنّ العالم الذي ينظر في الأمر بعد وقوعه وقبله وهل يقدر على إصلاح ما فات منه
58,ac26b73d-66ad-4406-adec-3ab61ce8cf44,Ways To Avoid the Battle,,,,,,,,,{فإنّه} بدّ للمقاتل من القتل لأنّه لا يسلم منه إلّا القليل وربّما اكتفى من القتال بالنفقة اليسيرة والكلام الليّن فإنّه لا شيء أبلغ من ذلك وهذا رأيي إيّاك وقولي لك [[والنصيحة]] *وغاية نصيحتي,فإنّه لا بدّ للمقاتل من القتل لكنّه لا يسلم منه إلّا القليل وربّما اكتفى بالقتال من النفقة اليسيرة والكلام الليّن فإنّه لا شيء أبلغ من ذلك ولا أحرى أن يدرك به صاحبه حاجته,فإنّه لا بدّ للمقاتل من القتل لا يسلم منه إلّا القليل وربّما اكتفى من القتال بالنفقة اليسيرة والكلام الليّن فإنّه لا شيء أبلغ من ذلك ولا أحرى أن يدرك به حاجته,,,فإنّه لا بدّ للمقاتل من القتل لأنّه لا يسلم منه إلّا القليل وربّما اكتفى من القتال بالقعقعة اليسيرة والكلام الليّن فإنّه لا شيء أبلغ من ذلك ولا أحرى أن يدرك به صاحبه حاجته
59,47b4373e-b037-4dec-b2d1-a7667ea37c53,The Owls Are Expected To Fight,,,,,,,,,ولو أنّ البوم صبرت على قتالنا لم نأمن ذلك منهنّ لأنّي لم أزل فزعًا من قتالها واللقاء معها,,وإن *البوم صبرت على قتالنا لم نأمن ذلك منهم فإنّي لم أزل فارغًا لقتالها قبل إيقاعها بنا,,,
60,7b052106-4dcb-491c-8850-057a251c547f,The Intelligent Is Never Free from Worry,,,فإنّ الحازم لا يأمن عدوّه على كلّ حال إن كان بعيدًا لم يأمنْ سطوته أو كان مكثبًا لم يأمنْ وثبته وإن كان وحيدًا لم يأمنْ مكره,فإنّ الحازم لا يأمن عدوّه على حال وإن كان بعيدًا لم يأمنْ معاودته وإن كان قريبًا لم يأمنْ مواثبته وإن رآه منكشفًا لم يأمنْ استطراده ومكره,فإنّ العاقل لا يأمن عدوّه على كلّ حال فكيف إن كان بعيدًا لم يأمنْ من معاودته وإن كان متكشّفًا لم نأمنْ استطراده وإن كان قريبًا لم نأمنْ مواثبته وإن كان وحيدًا لم نأمنْ مكره وأكيس,فإنّ الحازم لا يأمن عدوّه على حال وإن كان بعيدًا لا يأمن معاودته وإن كان قريبًا لا يأمن مواثبته وإن كان منكشفًا لم يأمنْ استطراده وكرّته وإن كان وحيدًا لم يأمنْ مكره,فإنّ الحازم لا يأمن عدوّه على حال خوفًا لمواثبته إن قرب ولمعاودته ومنادهته إن بعد ولكمونه إن تكشّف ولاستطراده إن ولّى ولمكره إن رآه وحيدًا,والحازم لا يأمن عدوّه على حال ولا يزال خائفًا لمواثبته إن قرب *ولمعاودته إن بعد وإن كان منكشفًا لم يأمنْ استطراده وكمينه وإن كان وحيدًا لم يأمنْ مكره,والحازم لا يأمن عدوّه وإن أبدى له المحبّة والمودّة,,والحازم لا يأمن عدوّه,فإنّ الحازم لا يأمن عدوّه على حال وإن كان بعيدًا لم يأمن معاودته وإن كان قريبًا لم يأمن مواثبته وإن رآه منكشفًا لم يأمن استطراده ومكره,فإن الحازم لا يأمن عدوّه على حال إذا كان بعيدًا لم يأمن مقاربته وإن كان قريبًا لم يأمن استطراده وكمينه,فإنّ الحازم العاقل لا يأمن عدوّه على حال وإن كان بعيدًا من الزحف إليه وإن كان قريبًا لم يأخذ من مواثبته وإن رآه منكشفًا له لم يأمن استطراده وكرّته وإن رآه وحيدًا لن يأمن مكره
61,3f599ee8-b179-44de-834b-8390c4613f15,War Shoud be the Last Resort,,,والكيّس من الأقوام من لم يلتمسْ الأمر بنشر القتال لأجل النفقة فيه,وأكيس القوم من لم يطلبْ الأمور ويلتمسها بالقتال ما وجد إلى غيره سبيلًا,الأقوام من لم يكن يلتمس الأمر بالقتال ما وجد إلى غير القتال سبيلًا,وأكيس الأقوام من لم يلتمسْ الأمر بالقتال ما وجد الحيلة في غير القتال,فأحزم القوم وأكيسهم من كره القتال ما وجد عنه سبيلًا,فأحزم الأقوام وأكيسهم من كره القتال,,,,وأكيس القوم من لم يطلب الأمور ويلتمسها بالقتال ما وجد إلى غيره سبيلًا,,وأكيس الأقوام من لم يلتمس الأمر والظفر بالقتال ما وجد إلى غير القتال سبيلًا
62,100f97b1-636b-4921-80d0-8addc8da63ca,War Brings Loss,,,فإنّ ما دون القتال النفقة فيه من الأموال والقول والقتال النفقة فيه من الأنفس والأبدان فلا يكوننّ القتال من رأيك أيّها الملك للبوم,فإنّ القتال إنّما النفقة فيه من الأنفس وسائر النفقات من المال فلا يكوننّ قتال البوم من رأيكم,فإنّ النفقة في القتال من الأنفس وغير ذلك إنّما النفقة فيه من الأموال ولا يكوننّ قتال البوم من شأنكم,وإنّما النفقة فيه من الأنفس وسائر الأشياء إنّما النفقة فيها من المال والقول فلا يكون قتال البوم من رأيك,ليس القتال إنّما النفقة من الأنفس وسائر †المررّ به المنفقة فيها من الأموال والقول والعمل فلا يكوننّ قتال البوم من رأيكم,لأنّ القتال إنّما النفقة فيه من الأنفس وسائر الأشياء النفقة فيها من القول والمال فلا يكوننّ قتال البوم من رأيكم,واعلم أنّ الحرب إنّما النفقة فيه الأرواح والأموال ولا يكون قتال البوم من رأيكم,,واعلم أنّ الحرب إنّما النفقة فيها من الأنفس فلا يكوننّ قتال البوم من رأيكنّ,فإنّ القتال إنّما النفقة فيه من الأنفس وسائر النفقات من المال فلا يكوننّ قتال البوم من رأيكم,فإنّ الحرب إنّما النفقة فيه من الأرواح وغير ذلك النفقة فيه من الأموال والقول فلا يكوننّ قتال البوم من رأيكم,فإن النفقه في القتال من الأنفس وسائر الأشياء إنّما النفقة فيها من المال والقول فلا يكوننّ قتال البوم من شأنك
63,f957d5b6-5274-4f8b-a271-183f28753921,One Should Never Fight the Stronger,,,فإنّ من قاتل من لا يقوى به فقد غرّر بنفسه,,,فإنّ من يرى كلّ القتل يرى كلّ الحين,,,فإنّه من أراد القتال إنّما يريد حتف نفسه,,فإنّ من أراد القتال إنّما أراد حتف نفسه,,,فإنّه من قاتل من ليست له طاقة لقتاله فإنّما يستدعي الحتف إلى نفسه
64,9bfa6cd2-ee42-461b-918a-3b458180fc62,An Elephant Should Not Be Kicked,,,,,فإنّ من يراكل الفيل يراكل الحيف قال,,فإنّه من راكل الفيل راكل الجبن والبلاء,,,,,,فإنّه من قاتل الفيل وليست له به طاقة فإنّما يستدعي الحتف إلى نفسه,
65,cc8948c4-c63d-4014-9edd-ff207cc17aa4,The End of the Spy's Speech,,,,,,,,,فهذا أمري لك أيّها الملك ورأيي,فهذا أمري إيّاك وقولي لك,فهذا أمري إيّاك وقولي لك,,,وهذا أمري إيّاك وقولي لك
66,752f8862-12c8-409d-8222-069e16a17134,The Crow King Asks for Alternatives,,,,قال الملك أمّا إذا كرهت القتال فما ترى,الملك فما ترى إذ كرهت ذلك قال,قال الملك فإذا كرهت القتال فماذا ترى,قال الملك فإن كرهت القتال فماذا ترى,قال الملك فماذا ترى,فقال له الملك أرأيت إن أنت أبيت القتال فما الذي تبديه من الحيلة والتحيّل,قال أرأيت إذا أتيت القتال ما الذي تبدأ به من الحيلة والتحمّل,فقال الملك أرأيت إذا أبيت القتال وكرهته فما الذي نبدأ به من الحيلة,قال الملك أمّا إذ كرهت القتال فما ترى,قال المَلك فإذا كرهت القتال فماذا ترى,قال الملك أرأيت إذ أبيت مبادرة القتال في الذي نبدأ به من الحيلة والتمحّل
67,7403febb-6ada-4069-bca0-0a84742f8049,Opinion Counseling,فاجمعوا رأيكم وتشاوروا,فأجمعوا رأيكم وتشاوروا,,,نأتمر ونتشاور,قال تؤامر وتشاور,قال أيّها الملك نأتمر وننظر,قال ننظر *ونؤامر,,فقال ما ?ترتبنا,قال نأتمر بيننا,,قال تأتمر,قال نأتمر فيما بيننا
68,9bfbed54-b69a-4185-aa6b-58efbb62e427,Advice Outweighs Armies,فالملك الحازم يزداد المشاورة والموازرة ما لا يزداد بالجنود وكثرة العدد,فإنّ الرأي الحازم يزداد بالمؤامرة والمشاورة ما لا يزداد بالجنود وكثرة العدد,,قال إنّ الملك المشاور يصيب في مداولته نصحائه من ذوي الرأي والعقل من الظفر ما لا يصيب بالجنود والكثرة,فإنّ الملك المشاور المؤامر يصيب في مؤامرته ذوي العقول من نصحائه من الظفر ما لا يصيبه بالجنود والزحف وكثرة العدد,فإنّ الملك المؤامر المشاور يصيب في مشاورته من النصحاء وذوي العقول من الظفر ما لا يصيبه بالجنود والزحف وكثرة العدوّ,فإنّ الملك المؤامر المشاور يصيب من مؤامرة النصحاء ذوي العقول من الظفر ما لا يصيبه بالجنود الكثيرة,فإنّ الملك المشاور المؤامر يصيب بالجنود والملك الحازم يزداد برأي الوزراء الحزم كما يزداد البحر بموادّه من الأنهار,,,,قال إنّ الملك المشاور يصيب في ... نصحاءه من ذوي الرأي والعقل من الظفر ما لا يصيب بالجنود والكثرة,فإنّ المَلك المؤتمر يصيب من الظفر بمؤامرة ذوي العقول من أصحابه ما لا يصير إليه المَلك بأجناده,مصيب في أموره ذوي العقول من نصحائه وأهل العلم والنفاذ بالبصر ما لا يصيبه بالجنود والزحف وكثرة العدد
69,39dfeaf2-7904-42b0-bbe5-2b11c5abda88,Advice Empowers King,,,,,,,,,قال له إذا كان الملك *أيّد الله عمله بمشاورة العلماء والنصحاء من وزرائه وأهل دولته في عظيم الأمر وصغيره لم يزل قاهرًا لعدوّه قادرًا على طلبه مستقيمًا في أموره زاده ذلك بقاء وجمالًا,فإنّ الملك إذا كان عمله بمشاورة الأمناء النصحاء العظماء في عظم الأمور وصغرها لم يزل قاهرًا لعدوّه غائظًا له قادرًا على طلبته منه شاكًّا لحيله مستعلنا لأمره وعظم مُلكه ولكن !بيعه وازداد بهاء وجمالا,فإنّ الملك إذا كان علمه بمشاورة الأمناء العلماء النصحاء البلغاء ذوي العقول في عظيم الأمر وجسيمه لم يزل قاهرًا لعدوّه قادرًا على طلبته فيه !بنار الحيلة فيه مستعليًا لأمره وعظيم مُلكه وكثر تبعه وازداد بهاء وجمالًا,,,فإنّ الملك المؤامر إذا كان عمله بمشاورة الأمناء والفصحاء والعلماء في عظيم الأمر وصغيره لم يزل قاهرًا لعدوّه مستعليًا لأمره غائظًا له قادرًا على طلبته فيه سادًّا لخلله
70,6f54296c-06fc-41db-ab6c-9ba3b55250d9,Causes For Losing Good Fortune,,,,,,,,,وإذا كان الملك غير مستمع من وزرائه ولا آخذًا بمشورة أحد من نصحائه مكتفيًا برأيه متعجّبًا بنفسه وإن كان ذا حلم وعلم لم يدرك ما يريده ولم يزل أمره متفرّقًا ورأيه غير موقوف وإذا كان الملك ليس بعالم ووزراؤه جهّال فإنّه وإن ساق القدر إليه سعادة ومنفعة وظفر بعدوّه فإنّ ذلك يوشك أن ينقطع ويضمحلّ ويذهب كأنّه لم يكن,وإذا كان غير مستمع من وزرائه ولا يأخذ بمشورة نصحائه مكتفيًا برأيه معجبًا به وإن كان ذا علم فاضل وعقل واثق لم يدرك كثيرًا ولم يزل أمره متفرّقًا !ورأيت !عاربًا فإنّه لا سوء أن يصغر الرأي ويتابع صاحبه عليه من ليس دونه في العلم حتّى يتّفقا فيه على أمر واحد وإذا كان الملك ليس بعالم وكان مشاورته جهّالا فإنّه وإن *ساق القدر إليه سلطانًا أو فضلًا أو *مساعدة أو ضعفة من عدوّه أو غلبة له فإنّ ذلك يوشك أن ينقطع ويضمحلّ ويذوب حتّى كأنّه لم يكن,وإذا كان مستمعًا منهم ولا يأخذ مشاورة نصحائه مكتفيًا برأيه معجبًا به وإن كان ذو علم وفضل وحلم فائق لم يدرك كثيرًا ولم يزل أمره مفترقًا ورأيه عاريًا وإنّه لا سؤال يقصد الرجل ?الصليت بمثله ويبالغ صاحبه عليه من ليس دونه في العلم حتّى يقع على أمر واحد وإذا كان الملك ليس بعالم ومشاورته جهّالًا فإنّه وإن ساق القدر عليه سلطانًا وقدرًا وسعادة أو منفعة من عدوّه أو عليه له فإنّ ذلك يوشك أن ينقطع ويضمحلّ ويذهب كأنّه لم يكن,,,وإذا كان الملك عمله برأيه غير مستمع من وزرائه ولا يأخذ بمشورة نصحائه وكان مكتفيًا برأيه معجبًا وإن كان ذا علم فاضل وحلم فائق لم يذكر كثيرًا من الظفر ولم يزل أمره متفرّقًا ورأيه عازيًا منتشرًا فإنّ لا سوء أن يعدل الرأي الصائب بمثله ويتابع أصحابه عليه ممّن ليس دونه في العلم حتّى يتفوّقوا فيه على أمر واحد فإذا كان الملك عالمًا ومشاوروه جهّالًا فإنّه وإن ساق القدر إليه من ذلك سعادة أو سلطانًا أو فضلًا أو منفعة أو غلبة لعدوّه فإن ذلك يوشك أن ينقطع ويضمحلّ ويذهب حتّى كان <كأنّه> لم يكن
71,483b5812-c9ec-45e8-9268-3b8fcfdbce4e,Advice To King Like Rivers To Sea,,,,والملك الحازم يزداد بالرأي والمشورة كما يزداد البحر من موادّ مياه الأنهار,فالملك الحازم يزداد بالأمر أمره وبالمشاورة ورأي الوزراء الحزمة كما يزداد البحر بموادّه من الأنهار,والملك الحازم يزداد بالمؤامرة والتشاور ورأي الوزير الحزمة كما يزداد البحر بموادّه من الأنهار,والملك الحازم يزداد برأي الوزراء الحزمة رأيًا وحزمًا كما يزداد البحر بموادّه من الأنهار,,والملك الحازم يزداد برأي الوزراء النصحاء سعادة كما يزداد البحر بموادّه من الأنهار,,والملك الحازم يزداد برأي الوزراء الحزمة كما يزداد البحر بموادّه من الأنهار,والملك الحازم يزداد بالرأي والمشورة كما يزداد البحر من موادّ مياه الأنهار,والمَلك الحازم يزداد بمشورة وزرائه وأصحابه رأيًا كما يزداد البحر بما يمدّه من الأنهار,والملك الحازم يزداد بالمؤاثرة والتشاور ورأي الوزراء أي الحَزَمة رأيًا كما يزداد البحر بموادّة الأنهار المنصبة إليه
72,6b9b9c42-bc89-4e8c-bc90-1f8e57a4bc64,Resolute King Keeps Reflecting,,,,ولا يخفى على الحازم قدر أمر عدوّه وفرصة قتاله ومواضع حربه ومكيدته ولا ينفكّ يعرض الأمور على نفسه أمرًا بعد أمر ويروّي في التقدّم على ما يريد منها وفي الأعوان الذي يستعين بهم عليها العدوة التي يعدّ لها,ولا يخفى على الحازم قدر أمره وأمر عدوّه وفرصة قتاله ومواضع رأيه ومكابرته ولا ينفكّ أن يعرض الأمور على نفسه في التقديم على ما يريد منها والأعوان الذي يستعين بهم عليها والعدوّ التي يعمل لها,ولا يخفى عن الحازم قدر أمره وأمر عدوّه وفرصة قتاله ومواضع رأيه ومكابدته ولا ينفك يعرض الأمور على نفسه أمرًا أمرًا ثمّ يروّي على ما يريد التقدم عليه منها والأعوان الذي يستعين بهم عليها والعدّة التي يعدّ عليها,فليس يخفى على الحازم قدر أمره وأمر عدوّه وموضع فرصته ومكيدته ولا ينفكّ يعرض الأمور على نفسه أمرًا أمرًا ويروّي في التقديم والتأخير في الأعوان الذي يعتمد عليهم فيها,وليس يخفى على الحازم قدر أمره وأمر عدوّه وموضع فرصته ومكيدته ولا ينفكّ يعرض الأمور على نفسه في !مجازية أمرًا والأعوان الذي يعتمد عليهم والعدّة التي يعدّها ويروّي في التقدّم والتأخّر,ولا يخفى على الحازم قدر أمره وأمر عدوّه وفرصته في قتاله ومواضع رأيه ومكيدته ولا ينفعه ذلك حتّى يعرض الأمور على نفسه,,ولا يخفى عن الحازم قدر أمره وأمر عدوّه وفرصته وفرصة قتاله ومواضع أمره ومكائده فلا يخفى خبر بعض الأمور على نفسه أمر عليه *ويروّي في التقديم على ما يريد بالأعوان الذين يستعين بهم عليها *والعدّة يعدّ,ولا يخفى على الحازم قدر أمر عدوّه وفرصة قتاله ومواضع حربه ومكيدته ولا ينفكّ يعرض الأمور على نفسه أمرًا بعد أمر ويروّي في التقدّم على ما يريد منها وفي الأعوان الذين يستعين بهم عليها والعداوة التي يعدّ لها,ولا يخفى على الحازم قدره وقدر عدوّه وفرصة قتاله ومواضع رأيه ومكايدته ولا تنفعه حتّى يعرض الأمور على نفسه أمرًا أمرًا ويروّي في التقدّم على ما يريد منها بأعوان الخدمة الذي يستعين بهم عليها والعدّة التي يُعدّ لها,وذوا العقل من الملوك الحازم لا ينبغي له أن يفتر عن معرفة أمره وأمر عدوّه وفرصة قتاله وموضع رأيه ومكابدته ولا ينفكّ يعرض الأمور على نفسه مرارًا ويؤدّي في التقديم على الأشياء التي يريد منها والإحجام عنها والأعوان الذين يستعين بهم عليها والعدّة التي يعدّ لها بقدر ما يدلّه رأيه عليه ويستشير في ذلك أهل النصيحة من وزرائه
73,abf94824-3625-4475-a90b-60cfd4b61ce5,Disinterested Vizier,,,,,,,,,,,,,,
74,80881b08-0c13-4e2b-b96a-c849e07cccae,Chance Is Lost Without Advice,,,,فمن لم يرَ ذلك مع أصحابه والوزراء من أهل ثقاته الذين يعرف صدق قولهم لم يلبثْ وإن ساق إليه القدر *حظًّا أن يضيع,فمن لا يكون له رأي في ذلك ولا نصيحة من الوزراء الذين يقبل منهم لم يلبثْ وإن ساق القدر إليه حظًّا أن يضيّع أمره,فمن لم يكنْ له رأي في ذلك ولا نصيحة من الوزراء والعقلاء الذين يُقبل منهم لم يلبثْ أن ساق القدر إليه خطأ وأن يضع أمره,فمن لم يكنْ له رأي ولم يكنْ له من أهل الرأي والعقل وزراء يقبل منهم ويعمل برأيهم لم يلبثْ وإن ساقت الأقدار إليه حظّا أن تفجأه مقادير السوء بفساد ذلك,فمن لم يكنْ له رأي ونصيحة من الوزراء لم يلبثْ وإن ساقت إليه الأقدار *حظًّا أن !يستديل عليه مقادير السوء بفساد ذلك,فإن لم يكن له ذوو رأي ولا نصحاء من العقلاء يقبل منهم ويعمل برأيهم لم يلبث فإن ساق القدر إليه حظًّا يضيّعه ويضيّع ما معه,,لها فإن لم يكن له رأي ولا نصح من الوزراء العقلاء منهم فلم يثبت وإن ساق القدر إليه حظًّا أن يضيّعه ويضيع,فمن لم ير ذلك مع أصحابه الوزراء من أهل ثقاته الذين يعرف صدق قولهم لم يلبث وإن ساق إليه القدر ?وحطا أن يُضيع,فإن لم يكن له رأي ولا نصيحة من الوزراء والعقلاء وقيل منهم لم يلبث وإن ساق القدر إليه حظًّا أن يضيع,
75,c2401aef-4a4e-4da9-b0d0-d084e727c3de,Chances Favor Intelligent,,,,فإنّ الفضل المقسوم لم يُقسمْ للجهّال ولا للحسب التامّ ولكنّه وُكلّ بالعاقل المستمع من ذوي العقول,فإنّ القضاء المقسوم لم يقبضْ المحتال ولا للحسب ولكنّه وُكّل بالعقل المستمع من ذوي العقول,فإنّ الفضل المقسوم لم يقتصر به الجهّال ولكن وُكّل بالعاقل المستمع من ذوي العقول,فإنّ أقسام الخير لم توجدْ على الحسن ولا على الجمال ولكنّها وُجّهت للعادل المستمتع بذوي العقول من نصحائه,فإنّ الحظّ المقسوم لم يُوكّلْ بالحسب والجمال ولكنّه وُكّل بالعاقل المستمع من ذوي العقول وأنت,فإنّ الفضل المقسوم لم يُقسم للجهّال ولكن وُكّل بالعاقل المستمع من ذوي العقول,,فإنّ الفضل المقسوم لم يُقسم للجاهل ولكنّه وُكّل بالعقلاء والمستمع من ذوي العقول,فإن الفضل المقسوم لم يُقسم للجهّال ولا للحسب التام ولكنّه وُكّل بالعاقل المستمع من ذوي العقول,فإنّ الفضل المقسوم لم يُقسم للجمال ولا للحسب ولكن يُقسم للعاقل المستمع من ذوي العقول,فإنّ الفضل المقسوم لم يُقيَّض للجهّال ولا للحسب ولكنّه وُكّل بالعاقل المستمع من ذوي العقول
76,6f819e10-5cb7-488a-98e0-e4fbd5a55f5b,Spy Praises King C,,,,وأنت أيّها الملك كذلك,وأنت أيّها الملك كذلك,وأنت أيّها الملك كذلك,وأنت أيّها الملك كذلك,أيّها الملك كذلك وقد,وأنت أيّها الملك كذلك,,وأنت أيّها الملك كذلك,وأنت أيها الملك كذلك,فأنت أيّها المَلك لما أتاك الله من الفضل ومنحك به من الكرم من أفضل الملوك رأيًا وأحسنهم بأمر الرعيّة قيامًا,وأنت أيها الملك لمّا أتاك الله من الفضل ومنحك من الكرم من أفضل الملوك رأيًا وأحسنهم بأمر الرعيّة قيامًا
77,d07ef204-aed2-4595-98f3-c72be105d0eb,Spys Advice Partially Secret,,,,وقد أشرت برأي وأمر أجد أن أجيبك في بعضه علانية وفي بعضه سرًّا,وقد استشرتني في أمر أريد أن أجيبك في بعضه علانية وفي بعضه سرًّا,وقد استشرتني في أمر أريد أن أجيبك في بعضه سرًّا وفي بعضه علانيّة,وقد استشرتني في أمر جوابك منّي في بعضه علانيّة وفي بعضه سرّا,استشرتني في أمر أريد أن أجيبك في بعضه علانية وفي بعضه سرًّا,قد استبدّيت برأيك فأنا أريد <أن> أعرض عليك رأيًا وأريد أن أجيبك في بعضه علانية وفي بعضه سرًّا,,فقد ?استتبت برأيي وأنا أريد أن أجيبك في بعضه سرًّا وفي بعضه علانية,وقد أشرت برأي وأمر آخر أن أجيبك في بعضه علانية وفي بعضه سرًا,وقد استشرتنا في شيء لا بدّ من إجابتك فيه فأنا مجيبك بشيء أنا أحبّ إسراره,وقد استشرتني في شيء لا بدّ لي من إجابتك عليه فأنا مجيبك في بعضه بشيء لا أكره إعلانه وفي بعض بشيء آخر أحبّ أنا إسراره
78,5ae9516f-f32c-44bb-962c-669d84717172,Some Matters Need Secrecy,,,,,,,,,فإنّ من القول ما لا يُعرف إلّا بالإعلان ومنه ما لا يستقيم إلّا بالإخفاء,وإنّ من القول ممّا لا باس بالإعلان به ومنه ما لا يستقيم إلّا لاحقًا له,فإنّ من القول لا بأس بالإعلان به ومنه ما لا يستقيم إلّا بالإخفاء,,,
79,c0ca07b9-5807-4f9e-892a-34aba64af5ca,Spys Open Advice,,وكما أننّا <لا> نرى القتال لا نرى الخضوع رأي صواب,,أمّا ما لا أكره إعلانه من الأمر الذي أريد ذكره فهو أنّي كما لا أرى القتال كذلك لا أرى الخضوع والرضى بالذلّ,أمّا ما لا أكره <أن> أعلنه فإنّي كما لا أرى القتال لا أرى الخضوع بالخراج والرضى بذلّ الدهر,أمّا ما أكره أن أعلنه فكما أنّي لا أرى القتال كذلك لا أرى الخضوع بالخراج والرضى بذلّ الدّهر,فأمّا العلانيّة فإنّي كما كرهت القتال فكذلك أكره الخضوع بالخراج والرضى بذلّ القهر,فأمّا ما لا أكره أن أعلنه فإنّي كما أكره القتال وكذلك لا أرى الخضوع والجزع والرضى بذلّ الدهر,فأمّا ما أشير عليك به أيّها الملك في الجهر ولا أكره أن أعلنه فإنّي كما لا أرى القتال كذلك لا أرى بأداء الخراج والرضى بالذلّ للعدوّ,ما به أشير عليك في الجهر للقتال ***,فأمّا الذي أشير به عليك في الجهر ولا أكره أن أعلنه فإنّي كما أنّي لا أرى القتال وكذلك لا أرى الخراج والخضوع والرضى بذلّ الدهر,فأمّا ما لا أكره إعلانه من الأمر الذي أريد ذكره فهو أنّي كما لا أرى القتال كذلك لا أرى الخضوع والرضى بالذلّ,فأمّا ما لا أكره إعلانه فإنّي كما لا أرى القتال فكذلك لا أرى الهرب ولا الخضوع والرضى بذلّ النفس,فأمّا ما أشير به عليك في الجهر فكما أنّي لا أرى القتال كذلك لا أرى الخضوع بالخراج والرضى بذلّ الدهر
80,7c176f11-1505-4279-8ed7-e238e46bc1e0,Spy Advises Resolute Action,,,,,,,,,فإنّي ورأيي لك أيّها الملك أن لا تدع النصيب في هذا الأمر والاستعداد له وترك الهوينا له فإنّ الأخذ بالهوينا هو العار الشديد والمخزاة الطويلة والذلّ الواقع,*** والاستعداد له وترك الهوينا والاتّكال والاستجداء فإنّ في ذلك العار الشديد والمجازاة الطويلة,وأرى أن لا تدع التّسبب في هذا الأمر والاستعداد له وترك الهوينا فإنّ الأخذ بالهوينا العار الشديد والشنار الطائر والخزاية الطويلة,,,والاستعداد له وترك الهوينا والاتّكال والاستجداء فإنّ ذلك هو العار الشديد والمخزاة الطويلة
81,72f1437c-e124-4764-bf47-1f1d1f1c3ec1,The Learned Never Defers,,,,,,,,,فإنّ العالم الفاضل لا يترك النظر في أمره ولا يكون من شأنه الشكّ والتهاون,,وإنّ المرء العالم لا يوجز النظر في أمر ولا يكون من شأنه التثبيط والتهاون,,,
82,f0412e6e-fec0-4dcf-bde6-fe9e46530b10,Dignity Over Life,,,,فإنّ العاقل الكريم يختار الموت صابرًا ومحافظًا على الحياة فأرى أن لا يؤخّر النظر في أمرنا ولا يكن من شأننا التثبّط والتهاون,,فإنّ العاقل الكريم يختار الموت صابرًا محافظًا على الحياة لا حَزِنًا ذليلًا وأرى أن لا نؤخّر النظر في أمرنا ولا يكوننّ من شأنك التثبّط والتهاون,وإنّ العاقل الكريم يختار الموت صابرًا محافظًا على الحياة خرسًا ذليلًا وأرى أن لا يؤخّر هذا الأمر ولا يدخل عليك فيه تثبّطا وتهاونا,فإنّ العاقل يختار الموت صابرًا محافظًا على الحياة إذا كان ذليلًا وأرى أن نتقدّم النظر في أمرنا ولا ندخل أمرًا فيه عجز,,,فإنّ العاقل يختار الموت صابرًا محتسبًا على الحياة حزنًا,فإنّ العاقل الكريم يختار الموت صابرًا ومُحافظًا على الحياة,فإنّ العاقل يختار الموت كريمًا محافظًا على الحياة راغمًا ذليلًا وأرى ألّا تؤخّر النظر في أمرنا ولا من شأننا التثبّط والتهاون,فإنّ العاقل يختار الموت كريمًا محافظًا صابرًا على النصب للقتال
83,6b4b1c66-70bf-4bae-bbd3-4b67fc05e87b,Spy Advises Quick Action,,,,,,,,,ولا أرى لك أيّها الملك التواني ولا العجز ولا التفريط,ولا أرى ***,ولا أرى لك التواني ولا العجز والتفريط,فأرى أن لا يؤخّر النظر في أمرنا ولا يكن من شأننا التثبّط والتهاون,,ولا أرى لك أن تؤخّر النظر في أمرنا ولا يكوننّ من شأنك التواني ولا العجز ولا التفريط والتهاون والتثبيط
84,2342c120-14d3-4cbc-bf98-fcf5cf594541,Glory Of Life Over Span,,,,,,,,,فإنّه إذا كان عيشه ناعمًا وهو في ذكر حسن *الثناء *فهو وإن قصر عمره أفضل من طوله في عار ومخزاة,وإنّ المرء العالم إذا كان عيشه في حسن ثناء وذكر وإن كان قصير العمر خير له من طوله في عار ومخزاة,فإنّه إذا كان عيشه في حسن الثناء فهو وإن كان قصير العمر خير له من طوله في عار ومخزاة,,,وإنّ المرء العالم الحكيم إذا كان عيشه في حسن الثناء والذكر فهو وإن كان قصير العمر خير له من طوله في عار وضجرات
85,25bfa0a6-79e9-4b59-8fc5-0f3a1de1043a,Indecision Is Impotence,,,,فهو رأس العجز,فإنّ التهاون رأس العجز,فإنّ من التثبّط والتهاون رأس العجز,,فإنّ التواني رأي العجزة,فإنّ ذلك داعية إلى كلّ هوان وشرّ,,فإنّه رأس المعجزة وداعية إلى كلّ شرّ وعلّة لكلّ حيل,فهو رأس العجز,فإنّ التثبّط رأس العجز,فإنّ التثبيط والتواني والتفريط رأس العجز وداعية إلى كلّ شرّ وعلّة ولكلّ خلل ومكروه
86,89332384-591c-46e6-9f79-0ed531dbb860,Indecision Leads To Evil,,,,,,,,,,,,,,
87,4bea3252-8e73-4cb5-a222-e6ebadac013c,Head Of Impotence,,,,,,,,,,,,,,
88,ded7d640-9709-4e7a-ac83-4f897e37c0c7,Spy Moves To Secret Advice,,,,وأمّا ما أريد إسراره,وأمّا ما أريد إسراره فليكنْ سرًّا,وأمّا ما أريد إسراره,وأمّا السرّ منه فليكن مستورًا,وأمّا ما أريد أن أشير به سرًّا فليكنْ سرًّا,وما أنا قائل لك في السرّ فليس أحبّك أن تذيعه لأحد,وأمّا أنا [ما أنا] بقائل لك في السرّ فإنّي لست أحبّ أن يسمعه أحد,وأمّا ما أنا قائل لك في السرّ فإنّي لست أحبّ أن يسمعه أحد,... أريد إسراره,وأمّا ما أريد إسراره فليكن عندك سرًّا,وأمّا ما كان أريد إسراره فسرًّا فليكن
89,e68e7b08-8f2e-4d05-9e7d-e1799e0e054d,Only Two Can Keep Secret,,,,,,,,,فإنّ السرّ إذا جاوز الاثنين شاع وذاع وانتشر وضاع,فإنّ سرّ إذا جاوز اثنين ذاع وانتشر وفشا,فإنّ السرّ إذا جاوز الاثنين شاع وانتشر,,,فإنّ السرّ إذا جاوز اثنين شاع وانتشر وفشا وذاع
90,3e408806-b04a-4e4a-bfcf-3187388e3af8,Victory Requires Guarding Secrets,,,,فإنّه قلّ ما يصيب من الملوك الظفر بالحزم وإحالة الرأي من قبل مشاورتهم,فإنّه قد كان يُقال إنّما يصيب الملوك الظفر بالحزم وإجالة الرأي بتحصين الأسرار,فإنّه قد كان يُقال إنّما يصيب الملوك الظفر بالجزم والحزم بإجالة الرأي بتحصين الأسرار,فإنّه كان يُقال إنّما يصيب الملوك الظفر بالحزم والحزم بإجالة الرأي والرأي بتكرير النظر وتحصين الأسرار,فإنّه يُقال *إنّما يصيب الملوك الظفر بالحزم والحزم بالرأي والرأي بتكرار النظر,ويُقال إنّما يصيب الملك الظفر والحزم والرأي السديد بتحصينه الأسرار,,وقد كان يُقال إنّما تصيب الملوك الظفر بالحزم والحزم بإجالة الرأي والرأي بتخصيص الأسرار,فإنّه قلّ ما يصيب من الملوك الظفر بالحزم وإحالة الرأي من قبل مشاورتهم,,فإنّه كان يقال إنّما يصيب الملوك الظفر بالحزم والجزم بأصالة الرأي والرأي بتحصين الأسرار
91,b4501a5b-a82c-488a-94b2-74fa2a25fdcf,Who May Discover Secret,,,,,وإنّما يُطّلع على السرّ من قِبل خمسة من قِبل صاحب الرأي ومن قِبل *مشاورته ومن قِبل الرسل والبرد ومن قِبل المستمعين الكلام ومن قِبل الناظرين في أثر الرأي ومواقع العمل بالتشبيه والتظنّي,وإنّما يُطّلع على السرّ من قِبل خمسة صاحب الرأي ومن قِبل مشاورته أو البرد أو الرسل المستمعين للكلام أو من قِبل الناظرين في أثر الرأي مواقع العمل أو من التشبيه والنطق,,وإنّما تظهر أسرار الملوك من قِبل مشاورتهم والبرد والرسل والمستمعين والناظرين في مخارج الرأي والأعمال والسنّة والنظر ومن,وإنّما يُطّلع على السرّ من خمسة أشياء من قبل الملك ومن قبل مشاورته وهو التدبير والرسول والناظرين في أمر الرأي والمستمعين الكلام وأهل الشبهة والنظر,وإنّما يأتي ذلك من قبل الملك والمشاورة والبريد والرسول,وإنّما يُطّلع على السرّ من قبل خمسة أشياء من قبل الملوك ومن قبل مشاورتهم والبريد والرسول والمستمعين للكلام والناظر في أمر الرأي ومواضع العلم ومن *التشبيه والتظنّي,,وإنّما يُطّلع على الرأي من قبل خمسة من قبل صاحب الرأي ومن قبل مشاورته ومن قبل البُرد والرسل ومن قبل المستمعين للكلام والناظرين في أثر الرأي ومواقع العقل بالتظنّي والتشبيه,وإنّما يُطّلع على السرّ من قبل خمسة من قِبل الملك صاحب الرأي ومن قبل مشاوريه أو من قبل البرد والرسل المستمعين للكلام أو من قبل الناظرين في آثار الرأي ومواقع العمل أو من التشبيه والتظنّي
92,91629531-9ea7-4787-a220-acd12d77e4a1,Two Benefits Of Guarding Secret,,,,,ومن حصّن سرّه فإنّه من تحصينه إيّاه في أحد أمرين إمّا ظفر بما تريد وإمّا سلم من عيبه وضرّه إن أخطأه ذلك,ومن حصّن فله من تحصينه إيّاه أمران إمّا ظفر بما يريد وإمّا سلم من ضروره وعتبه إن أخطأه ذلك,ومن حصّن سرّه فله من تحصينه خلّتان إمّا ظفر بما يريد وإمّا سلامة من العيب والضرّ إن أخطأه الظفر,حصّن سرّه فله من تحصينه إيّاه خلّتان إمّا الظفر بما يريد وإمّا السلامة من العيب والضرر إن أخطأه الظفر,ومن حصّن سرّه فله بتحصينه إيّاه أمرين إمّا الظفر بما يريد وإمّا إن أخطأ ذلك فله السلامة من ضرّه وغيبه,,ومن حضر سرًّا *فله بتحصينه إيّاه أمران إمّا الظفر بما يريد وإمّا إن أخطأه الظفر فالسلامة من ضرّه,,ومن حصّن سرّه فله من تحصينه أحد أمرين إمّا الظفر بما يريده وإمّا السلامة من عدوّه,ووصل إليه من ذلك أمران إمّا ظَفِر بما يريد وإمّا يسلم من ضرّه وعيبه إن أخطأ ذلك وصار إلى عين الظفر بحاجته
93,55c93556-ce6c-4b76-881d-4825598495f1,Guarding Secret Beneficial,,,,,,,,,فهو أوفق لأمرك فإنّه يُقال من كتم سرّه صلح أمره ورُزق منفعته,ومن يكتم سرّه *رزق منفعته,فإنّ من كتم سرّه رُزق منفعته,,,ومن كتم سرّه رزق منفعته
94,a1fbfe7d-54dd-4e08-9bed-bf6e9483daf8,Kind Needs Confidant,,,,ولا بدّ من مستشار مأمون يفضي إليه به ويعاونه فإنّ المستشير وإن كان أفضل من المستشار,ولا بدّ لمن نزلت به نائبة من استشارة الناصح وطلب من معاونته على الرأي ويفضي إليه فإنّ المستشير وإن كان أفضل من المستشار رأيًا,ولا بدّ لصاحب السرّ من مستشار مأمون يفضي إليه بسرّه ويعاونه على الرأي وإنّ المستشير وإن كان أفضل من المستشار رأيًا,ولا بدّ لصاحب السرّ من مستشار مؤتمن يفضي إليه سرّه ويعاونه على النظر فيه فإن المستشير وإن كان أفضل من المستشار رأيه,ولا بدّ لصاحب السرّ من مستشار مؤتمن يفضي إليه بسرّه ويعاونه على رأيه وإن كان المستشير أفضل من المستشار,ولا بدّ لطالب السرّ من مستشار مأمون يفضي إليه بسرّه ويعاونه على رأيه,والملك وإن كان أفضل لما ?يؤمر ممن ?يستحدث لذلك قوّة ورأيًا,ولا بدّ لطالب السرّ من مستشار مأمون يفضي إليه بسرّه ويعاونه على رأيه فإنّ المستشير وإن كان أفضل من المستشار ***,ولا بدّ من مستشار مأمون يُفضي إليه به ويعاونه فإنّ المستشير وإن كان أفضل من المستشار,ولا بدّ لصاحب السرّ من مستشار رأيًا,ولا بدّ لصاحب السرّ ومن نزلت به نائبته من استشارة ناصح مأمون يُفضي إليه سرّه ويعاونه على الرأي فإنّ المستشير وإن كان أفضل علمًا يستشيره ويأمره فإنّه يستجذب بذلك قوّة وعقلًا
95,36b5a584-5578-4eaf-955a-6591ea80283d,Advice To King Like Fuel To Fire,,,,فإنّه يزداد برأيه *رأيًا كما تزداد النار بالودك ضوءًا,فإنّه يزداد بالمشورة رأيًا وعقلًا كما تزداد النار بالودك ضوءًا,فإنّه يزداد به رأيًا كما تزداد النار بالودك ضوءًا,فإنه يزداد برأيه رأيًا كما تزداد النار بالودك ضوءًا,فإنّه يزداد به رأيًا كما تزداد النار *بالودك ضوءًا,فإنّه يزداد بذلك قوّة ورأيًا كما تزداد النار بالحطب وإن كانت ذات نموّ,فإنّ النار ذات ضوء وإذا صُبّ عليها الودك ازدادت نورًا,,فإنّه يزداد برأيه رأيًا كما تزداد النار بالودك ضوء,فإنّه يزداد برأيه رأيًا كما تزداد النار بالدهن ضياء ونورًا,ويزداد برأيه رأيًا كما تزداد النار بالودك والدهن ضوءًا
96,18c3daa5-4099-46a6-bf63-cd785986d115,How To Give Advice,,,,وعلى المستشار موافقة المستشير على صواب ما يرى والرفق به في تقصيره عن بلوغ الرأي لهما في العقل,وعلى المستشار موافقة المستشير على صواب ما يرى والرفق به في تبصيره وردّه عن خطأ *رأيه إن كان منه وتقليب الرأي فيما شكا إليه حتّى يستقيم لهما سرّهما,وعلى المستشار موافقة المستشير على صواب ما يرى والرفق به في ?مصيره خطأ إن أتى به وتقليب الرأي فيما يشكل حتّى يتّفق رأيهما,وعلى المستشير موافقة المستشار على صواب ما يرى والرفق به مع ذلك في تبصيره خطأ ما أتاه به وتقليبًا للرأي فيما تلكّأ فيه وأشكل عليهما حتّى يستقيم لهما رأيهما بتعاونهما,وعلى المستشار موافقة المستشير على صواب ما يرى والرفق به في تبصيره خطأ ما يأتي منه وإحالة الرأي فيما أشكل عليهما حتّى يستقيم لهما,وعلى المستشار موافقة المستشير في الرأي على سبيل ما يُراد حتّى يستقيم لهما بتعاونهما جميع ما يختاروه,,*** موافقة المستشير على صواب ما يرى وتقصيره وتقليب الرأي فيما شكا فيه حتّى يستقيم له تبعًا,وعلى المستشار موافقة المستشير على صواب ما يرى والرفق به في تقصيره عن بلوغ هذا الرأي لهما في العقل,وعلى المستشير موافقة المستشير له على صواب ما يرى من خطأ إن فاته وتقليب الرأي فيما شكّ فيه حتّى يستقيم لهما بتعاونهما,وعلى المستشار موافقة المستشير على صواب ما يرى فإن كان في ذلك منفعة الرعيّة وثّقه ?واطده عليه وإن كان في شكّ منه أوضحه له وإن كان على يقين لفضله زاد فيه رغبة وعليه الرفق به في تبصيره خطأ إن أتى به وتقليب الرأي وإحالته فيما شكّ فيه المردود عن خطئه حتّى يوضح ذلك فيستقيم شأنه
97,86f1a87e-2637-4b1a-9dd6-95a92d0bb26d,Bad Advice Like Misdirected Curse,,,,,فإن لم يكنْ المستشار كذلك فهو على المستشير مع عدوّه كالرجل الذي يرقى الشيطان ليرسله على الإنسان فإذا لم يحكمْ الرقية كان به يتلبّس وإيّاه يأخذ,فإذا لم <يكنْ> المستشار كذلك فهو على المستشير مع عدوّه كالرجل الذي يرقي الشيطان ليرسله إلى الإنسان فإذا لم يحكمْ فيه الرقيّة كان به يلبس وإيّاه يأخذ,فإن لم يكنْ المستشار كذلك فهو على المستشير مع عدوّه كالرجل الذي يرقي الشيطان ليرسله على الإنسان فإذا لم يُحكمْ الرقيّة كان به يلتبس وإيّاه يأخذه إلّا أن يدفع الله,فإن لم يكنْ المستشار كذلك فهو على المستشير مع عدوّه كالرجل الذي يرقى الشيطان ليرسله على أحد فإذا لم يحكمْ الرقية كان له بآخذ وبه يلتبس,فإذا لم يكن المستشار كذلك فهو مع المستشير مثل عدوّه كالرجل الذي يرمي *الشيطان ليرسله على إنسان فإذا لم يحكم الرمية كان عاجزًا ولم يصبه,,فإذا لم يكن المستشار كذلك فهو مع المستشير مع عدوّه كالرجل الذي يرقي الشيطان ليرسله إلى الإنسان فإذا لم يحكم الرقية فإيّاه يقصد وله يأخذ,,فإذا لم يكن المستشار كذلك فهو على المستشير مع عدوّه كالرجل الذي يرقي الإنسان ليرسله على الإنسان فإذا لم يكن يحسن الرقية كان هو الذي يلتبسه الشيطان,فإذا لم يكن المستشار كذلك فهو مع المستشير مع عدوّه كالرجل الذي يرقي الشيطان ليرسله على الإنسان فإذا لم يحكم الرقية كان الشيطان إنمّا يلتبس بالراقي وإيّاه بآخذ
98,cbf35eed-0dbf-451a-a467-0faad0c5c297,Secritive Wise King Prospers,,,فإذا كان الملك محصنًا للأسرار متخيّرًا للوزراء مهيبًا في أعين الناس بعيدًا من أن يُقدر عليه كان خليقًا أن لا يُسلب صحيح ما أُوتي من الخير,وإذا كان الملك محصّنًا للأسرار متخيّرًا للوزراء مهيبًا [مهيبًا] في أعين العامّة بعيدًا أن يُعلم ما في نفسه,وإذا كان الملك محصّنًا لأسراره متخيّرًا للوزراء مهيبًا في أنفس العامّة بعيدًا من أن يُعلم ما في نفسه لا يضيع عنده حسن بلاء ولا يسلم منه ذو جرم مقدّرًا لما يفيد ولما ينفق كان خليقًا أن لا يُسلب صالح ما أُعطي,وإذا كان الملك محصّنًا للأسرار متخيّرًا للوزراء مهيبًا في أنفس العامّة بعيدًا من أن يعلم ما في نفسه لا يضيع عنده حسن بلاء ولا يسلم منه ذو حزم مقدّرًا لم يقتر فيما ينفق ولا يسرف كان خليقًا أن لا يُسلب صالح ما أوتي,وإذا كان الملك محصّنًا للأسرار متخيّر الصالح من الوزراء مهيّبًا في أنفس العامّة من أن يعلم الناس ما في نفسه لا يضيع ذو بلاء ولا يسلم منه ذو جرم مقدّر ممّا ينفق وما يقتّر كان خليقًا أن لا يُسلب صالح ما أوتي,وإذا كان الملك محصّنًا للأسرار متخيّرًا لصالح الوزراء مهيبًا في أنفس العامّة بعيدًا من أن يُعلم ما في نفسه لا يسلم منه ذو جرم ولا يضيع عنده بلاء مقدّرًا لما ينفق وما يفيد كان خليقًا ألّا يُسلب صالح ما أُوتي,وإذا كان الملك محصّنًا للأسرار متخيّرًا للوزراء هيوبًا عند العامّة بعيدًا من أن يُعلم ما في نفسه لا يضيع عنده بلاء ولا يسلم منه ذو حزم,,وإذا كان الملك محصّنًا للأسرار متخيّرًا للوزراء مهيبًا في أعين العامّة بعيدًا من أن يُعلم ما في نفسه لا يضيع عنه بلاء ولا يسلم منه ذو حزم مقدّرًا لما سبق وما بقي كان خليقًا ألّا يُسلب صالح ما أُوتي,وإذا كان الملك مُحصّنًا للأسرار متخيّرًا للوزراء مهيبًا في أعين العامّة بعيدًا أن يُعلم ما في نفسه,وإذا كان المَلك محصّنًا للأسرار مختبرًا لوزرائه مهيبًا في أنفس العامّة بعيدًا من أن يُعلم ما في نفسه لا يضيع عنده ذو بلاء ولا يسلم منه ذو جرم مقدّرًا لما ينفق محصيًا لما يجري وما يفيد كان خليقًا ألّا يُسلب صالح ما أُوتي,وإذا كان الملك محصّنًا للأسرار مستشيرًا للوزراء مهيبًا في أنفس العامّة بعيدًا أن يُعلم ما في نفسه ولا يضيع عنده حسن بلاء مبليّ ولا يسلم منه ذو جرم مقيّدًا لما يفيد وما ينفق محصّنًا لذلك كان ?سليقًا أن لا يُسلب صالح ما أوتي
99,34a8ad1c-b67c-4bf1-b873-ebe850e1e311,Ranks Of Secrets,,,والأسرار منازل منها ما يدخل فيه الرهط ومنها ما يُستعان فيه بالقوم ومنها ما يدخل فيه الرجلان,,والأسرار منازل فمن السرّ ما يدخل فيه الرهط ومنها ما يدخل فيه الرجلان ومنها ما يُستعان فيه بالقوم,وللأسرار منازل فمن السرّ ما دخل فيه الرجلان ومنه ما يُستعان فيه بالقوم,وللأسرار منازل فمن السرّ ما يدخل فيه رهط ومنه ما يدخل فيه رجلان ومنه ما يُستعان فيه بقوم,وللأسرار منازل فمن السرّ ما يدخل فيه الرجلان ومنه ما يُستعان فيه بالعدّة,وللأسرار منازل فمن السرّ ما يدخل فيه الرهط ومنه ما يدخل فيه الرجلان ومنه ما لا يطّلع عليه أحد ومنه ما لا يُستعان به فيه بقوّة,,وللأسرار *منازل فمن السرّ ما يدخل فيه الرهط ومنه ما يدخل فيه الرجلان ومنه ما [لا] يُستعان فيه بقوم,,وللأسرار أيّها المَلك مواضع فمن السرّ ما يدخل فيه الرهط ومنه ما يدخل فيه رجلان ومنه ما يُستعان فيه بقوم,وللأسرار أيّها الملك منازل فمن السرّ ما يدخل فيه الرجلان ومنه ما يُستعان فيه بالقوم
100,85d823e8-c77c-48cf-835a-d285a1a2c720,Only King C And Spy To Know Secret,,,ولست أرى لهذا السرّ عند متولّيه أن يشارَك فيه إلّا من له أذنان ولسانان يخلو به فيستشيره,,ولا أرى لهذا السرّ في قدر منزلته أن يُشرك فيه إلّا أربعة آذان ولسانان,ولا أرى لهذا السرّ في قدر منزلته أن يُشرك فيه أربعة أذان ولسانان,ولا أرى لهذا السرّ في مقدار منزلته أن يشترك فيه إلَا لسانان وأربع آذان,ولا أرى لهذا السرّ على قدر منزلته أن يُشرك فيه إلّا أذنان ولسانان,ولا أرى هذا السرّ أن يعرف به غيرك,,ولا أرى لهذا السرّ في قدر لمنزلته أن يُشرك فيه إلّا أربعة أذنان ولسانان,,ولا أرى لهذا السرّ في قدر منزلته أن يشترك فيه إلّا أربعة آذان ولسانان,ولا أرى لهذا السرّ في قدر منزلته أن يُستعان فيه إلّا أربعة أذنان ولسانان
101,42ed9b08-6c72-4a95-aeab-a15ca90bf76d,Deliberations Of Good Vizier,,,,,,,,,وإنّما ينبغي للوزير الصالح إذا *شُووِر في الأمر أن ينظر إلى ما رآه الملك من الرأي فإن كانت فيه منفعة للملك وللرعيّة واطأه عليه وإن كان في شكّ منه أوضحه له وإن كان على يقين لفضل زاده فيه رغبة وعرّفه أنّه صواب,وإنّما ينبغي للوزير الصالح إذا شاور في الأرض من أن ينظر إلى ما يزيّن الملك فإن كان في منفعة الرعيّة ونفسه واطأه عليها وإن كان في شكّ منه أوضحه له وإن كان على يقين لفضله زاد فيه رغبة,إنّما ينبغي للوزير الصالح إذا *شُووِر في أمر أن ينظر إلى ما يرى للملك فإن كانت فيه منفعة للرعيّة ونفسه واطأه عليه وإن كان في شكّ منه أوضحه له وإن كان على يقين لفضله زاد فيه رغبة وبه نظرًا,,,
102,b5f8f5d5-37e8-4832-b9b7-07b66183b8e1,Question On Origin Of Enemity,قال له الملك هل تعلم ما كان السبب *بداءة عداوة البوم لنا,قال الملك هل تعلم ما كان سبب عداوة البوم لنا,قال له الملك هل تعلم بدء عداوة ما بيننا وبين البوم,قال الملك هل تعلم *بدء عداوة البوم والغربان,فنهض الملك فخلا معه واستشاره فكان ممّا سأله عنه أن قال هل تعلم ما كان سبب عداوة ما بيننا وبين البوم,فنهض الملك فخلا به واستشاره فكان فيما سأله عنه أن قال هل تعلم بدء عداوة ما بيننا وبين البوم,فنهض الملك من ساعته فخلا به فسأله فكان ما سأله عنه أن قال هل تعلم بدء عداوة ما بيننا وبين البوم,فنهض الملك وخلا به واستشاره فكان أوّل ما سأل عنه أن قال هل تعلم *بدء عداوة ما بيننا وبين البوم,قال فلمّا سمع ملك الغربان ذلك منه قال له ألا تخبرني فإنّك عالم بالأمور بصير بعواقبها عن هذه الورطة التي وقعت بيننا وبين البوم ما كان بدؤها وما أصلها أوّلًا,فلمّا سمع ذلك منه ملك الغربان أخلاه وقال ألا تخبرني فإنّك عالم بالأمور عن هذه الإحنة الذي وقعت فيما بيننا وبين البوم وما كان بدؤها,قال فلمّا سمع ملك الغربان ذلك منه أخلاه وقال له فيما سأله عنه ألا تخبرني فإنّك عالم بالأمور عن هذه *الإحنة التي وقعت فيما بيننا وبين البوم ما كان بدؤها,قال الملك هل تعلم بدء عداوة البوم والغربان,فنهض المَلك معه وخلا به وسأله عن أصل العداوة التي بين البوم والغربان,فلمّا سمع ملك الغربان نهض فخلا به واستشاره وسأله عن *بدء عداوة ما كان بين الغربان والبوم وقال إنّك عالم بالأمور
103,57d88484-6e26-42a0-938e-cdd6ca1b30aa,Words Of Crow Were Cause,قال نعم كلمة تكلّم بها غراب,قال نعم كلمة تكلّمها أحد الغربان,قال نعم كلمة تكلّم بها غراب,قال نعم كلمة تكلّمت بها غراب مرّة,قال نعم كلمة تكلّم بها غراب مرّة,قال نعم كلمة تكلّم بما غراب,قال نعم أيّها الملك كلمة تكلّم بها غراب,قال نعم كلمة تكلّم بها غراب,فقال له الغراب كان ذلك على كلمة تكلّم بها غراب مرّة,فقال الغراب إنّما كان ذلك بسبب كلمة تكلّم بها غراب مرّة,وأصلها قال الغراب كان ذلك عن سبب كلمة نطق بها غراب مرّة واحدة,قال نعم كلمة تكلّم بها غراب مرّة,قال نعم أيّها المَلك كلّ ذلك لسبب كلمة تكلّم بها غراب,فقال الغراب إنّها كانت هذه العداوة بيننا وبين البوم عن سبب كلمة نطق بها غراب من إمارته
104,da7f35ba-df25-447b-ac8d-8bbeaf154ae3,Mention Old Man Wife And Thief,كالتاجر الذي عطف على السارق لانعطاف زوجته عليه [وانحيا] وانحيازها نحوه من خوفها من السارق,كالتاجر الذي عطف على السارق لانعطاف زوجته عليه وانحيازها نحوه من خوفها من السارق,الذي عطف على سارق لمكان امرأته قال,كالتاجر الذي عطف على السارق بشيء لم يتعمّد له,كالتاجر الذي عطّف عليه السارق امرأته فأمر له ***,كالتاجر الذي عطف على السارق لمّا عطفت امرأته بأمر لم يتعمّدْه,كالتاجر الذي عطّف السارق عليه امرأته بما لم يتعمّدْه,كالتاجر الذي عطف على السارق بأمر لم يعتمدْه,كالتاجر الذي عطف على السارق بشيء لم يتعمّده فإنّه ذُكر لنا أنّ تاجرًا دخل بيته لصًّا فأثنى عليه لأمر ناله بموافقته,فإنّه ذُكر لنا أنّ تاجرًا دخل بيته لصًّا ?فأبى عليه لأمر نال منه ما يوافقه في سببه,كالتاجر الذي عطف على السارق بشيء لم يعتمد عليه,كالتاجر الذي عطف على السارق بشيء لم يتعمّد له,كما فزعت امرأة الشيخ إلى زوجها بعد ما كانت تبغضه وتقليه,كما فزعت امرأة الشيخ إلى زوجها بعد بغضها له
105,b8fd5dd2-1773-40e1-b8de-12fbd30ec464,King O Requests Old Man Story,قال وكيف كان ذلك,قال الملك وكيف كان ذلك,الملك وكيف كان ذلك,قال المَلك وكيف كان,يتعمّده قال الملك وكيف كان ذلك,قال الملك لوزيره وكيف كان ذلك,قال ملك البوم وكيف كان ذلك,قال الملك وكيف كان ذلك,قال ملك البوم وكيف كان ذلك,فقال مَلك البوم وكيف كان ذلك,قال ملك البوم وكيف كان ذلك,قال الملك وكيف كان ذلك,قال المَلك وكيف كان ذلك,قال الملك وكيف كان ذلك
106,20d29726-9f83-4b6d-ac99-14f7b24a7225,Old Man Has Young Wife,قال الوزير زعموا أنّه كان بعض التجّار مكثرًا من المال وهو طاعن في السنّ وكان له امرأة حسناء ذات جمال,قال زعموا أنّه كان بعض التجّار مسنّ في العمر وله زوجة شابّة ذات جمال مفرط,قال الوزير زعموا أنّه كان تاجر كثير المال والمتاع وكانت له امرأة ذات جمال,ذلك قال الوزير زعموا أنّ تاجرًا كان مكثرًا من المال وكان كبير السنّ وله امرأة ذات جمال وشباب وكان لها عاشقًا,قال الوزير زعموا أنّ تاجرًا مكثرًا وكان كبير السنّ وكانت امرأته شابّة ذات جمال وكان لها عاشقًا,قال زعموا أنّ تاجرًا كان له مال كثير وكان كبير السنّ مفرطًا وكانت له امرأة شابّة ذات جمال وكمال وكان لها عاشقًا,قال الوزير زعموا أنّ رجلًا كان كثير المال كبير السنّ مفرط وكانت له امرأة ذات جمال وشباب وكان لها محبًّا وعاشقًا,قال الوزير زعموا أنّ تاجرًا كان مكثرًا وكان كبير السنّ وكانت له امرأة ذات حسن وجمال وكان عاشقًا لها,قال له الوزير زعموا أنّ تاجرًا مُكثرًا كانت له امرأة شابّة جميلة,قال مثل زعموا أنّ تاجرًا مكثرًا كان كبير السنّ وكانت له امرأة حسناء,قال الوزير ذكروا أنّ تاجرًا كثير المال وكانت له إمرأة جميلة شابّة,قال الوزير زعموا أنّ تاجرًا كان مُكثرًا من المال وكان كبير السنّ وكانت له امرأة ذات جمال وشباب وكان لها عاشقًا,قال الوزير زعموا أنّه كان تاجرًا مُكثرًا وكان كبير السنّ وكانت امرأته ذات حسن وجمال وكان لها عاشقًا,قال الوزير زعموا أنّه كان تاجر مكثر وكان كبير السنّ مفرطًا وكان له حظّ من النساء وكانت له امرأة ذات شباب وجمال وكان لها عاشقًا
107,caf8c998-4610-4946-bd50-7dee75cb15e4,Wife Hates Husband,وكانت تكرهه ولا تلاصقه,وكانت تكرهه لكبره ولا تلاصقه,,وكانت لا تمكّنه من التزامها,وكانت له قالية مبغضة لا تمكّنه من نفسها,وكانت له قالية لا تمكّنه من التزامها ولا من كبير حاجته,وكانت له مبغضة لا تمكّنه من التزامها ولا من كثير من حاجته منها,وكانت له مبغضة لا تمكّنه من عناقها,تبغضه وتكره جانبه فكانت تضاجعه في الليل ولا تمكنّه من التزامها وكان كلّما ضمّها تباعدت منه,تبغضه وتكره حياته وكانت لا تضاجعه بالليل,تبغضه وتكره جانبه وكان لها عاشقًا فكانت <لا> تضاجعه بالليل ولا تمكّنه من التزامها فلمّا ضمّها ليلة تباعدت,وكانت لا تُمكّنه ...,وكانت له قالية ولا تمكّنه من التزامها ولا من نفسها,وكانت له قالية ماقتة تبغضه وتكره جانبه وكانت تضاجعه بالليل فكلّما ضمّها إليه تباعدت عنه وكانت لا تمكّنه من نفسها ولا من التزامها ولا كثير من حاجته إليها ولا تبسط له وجهها
108,df601330-982d-4951-998f-69e259cae07f,Old Man Undiscouraged,,,,وكان التاجر يعلم ذلك فلا يزيده إلّا حبًّا لها,ولا يزيده ذلك إلّا حبًّا لها,وكان التاجر يعلم ما في نفسها ولا يزيده ذلك إلّا حبًّا,وكان التاجر يعرفها بذلك ولا يزيده علمه بحالها إلّا حبًّا لها,وكان التاجر لا يزيده ذلك إلّا حبًّا لها,,,منه وكان بها وامقًا كلفًا,وكان التاجر يعلم ذلك فلا يزيده إلّا حبًّا لها,فكان التاجر يعلم ما في نفسها ولا يزيده ذلك إلّا حبًّا لها وإكبابًا عليها,وكان التاجر يعلم ما في نفسها فلا يزيده ذلك إلّا حبًّا لها وعجبًا بها
109,aed03279-0782-4432-842e-dabf6de61510,Thief Breaks In,ثمّ إنّ سارقًا دخل ذات ليلة إلى بيت التاجر فذعرت المرأة منه,ثمّ إنّ سارقًا دخل بيت التاجر في ذات ليلة فلمّا رأت زوجة التاجر السارق ذعرت منه,وأنّ سارقًا تسوّر بيت التاجر فدخل فوجده نائمًا ووجد امرأته متيقّظة فذعرت من السارق,ثم إنّ سارقًا نقب بيت التاجر ليلة فدخل †فرأيها التاجر نائمًا والمرأة مستيقظة فذعرت من السارق,ثمّ إنّ سارقًا أتى بيت التاجر ليلة فلمّا دخل البيت وافق التاجر نائمًا وامرأته مستيقظة فذعرت من السارق,وإنّ سارقًا دخل بيت التاجر ليلة فلمّا دخل البيت وجد التاجر نائمًا وامرأته مستيقظة فذعرت من السارق,وإنّ سارقًا أتى بيت التاجر ليلة فوافق التاجر نائمًا والمرأة مستيقظة فذعرت من السارق,ثمّ إنّ سارقًا دخل بيت التاجر فوافق التاجر نائمًا وامرأته مستيقظة فذعرت من السارق,فبينما هما ذات ليلة إذ دخل عليهما لصّ فاستيقظت المرأة فلمّا رأته فزعت منه,فبينما هما نائمان إذ دخل عليهما لصّ فاستقظت المرأة فرأته ففزعت منه,فبينما هما نائمين إذ دخل عليهما لصّ فاستيقظت المرأة فزعت,ثم أن سارقًا نقب بيت التاجر ***,ثمّ أنّ سارقًا طرق بيت التاجر ليلة فلمّا دخل البيت ووافق التاجر نائمًا والمرأة يقظانة فذعرت المرأة من السارق,فبينما هما نائمين في مضاجعهما والرجل مستلق وامرأته مستيقظة إذ دخل سارق عليهما فذعرت منه المرأة
110,b6769a02-d9d1-45d5-949f-16ff43882180,Wife Hugs Old Man,ولصقت في زوجها واعتنقته فلمّا رآها الرجل على تلك الحالة قال هذه نعمة من الله تعالى,والتصقت بزوجها اعتنقته فوجد برد ذلك على كبده أنعشه فقال هذه نعمة منّ الله عليّ بها,ووثبت إلى التاجر فالتزمته واعتنقته وقد كان بودّه لو دنت منه يومًا ما فقال من أين لي هذه,فوثبت إلى التاجر فالتزمته فاستيقظ التاجر بالتزامها ففرح,ووثبت إلى التاجر فالتزمته فاستيقظ التاجر وقال من أين هذه النعمة,فوثبت على التاجر فالتزمته واستيقظ التاجر بالتزامها إيّاه فقال من أين هذه النعمة,والتزمت زوجها فاستيقظ التاجر بالتزامها إيّاه فقال من أين كانت النعمة عليّ,فوثبت على التاجر فالتزمته فانتبه بعناقها فقال من أين جاءت هذه النعمة,والتزمت زوجها فاستيقظ الرجل من نومه وقال لها ليت شعري ما الذي عطّفك عليّ ومن أين كانت لي هذه النعمة,فالتزمت زوجها فقال زوجها ليت شعري ما بدا لك فيّ وما الذي أعطفك عليّ,والتزمت زوجها فانتبه بالتزامها إيّاه فقال ليت شعري من أين كانت هذه النعمة وما بدا لك فيّ وما الذي أعطفك عليّ,,فوثبت على التاجر فالتزمته فانتبه التاجر لالتزامها إيّاه فقال من أين كانت هذه النعمة عليّ,فوثبت على زوجها فالتزمته فاستيقظ الزوج عند ذلك بالتزامها له فقال من أين هذه النعمة ليت شعري ما بدا لك وما عطّفك عليّ
111,83df1aeb-374c-4c86-8fe4-eef7f62228d6,Old Man Notices Thief,,ثمّ التفت للسارق,النعمة ثمّ بصر,,فلمّا بصر بالسارق,فلمّا بصر بالسارق علم أن الذي دعا امرأته إلى التزامه فرقًا من السارق,فلمّا بصر بالسارق,فلمّا بصر بالسارق,ثمّ رفع الرجل رأسه فإذا هو باللصّ في البيت فعلم أن خشيتها كانت منه,ورفع رأسه وإذا اللصّ فعرف أنّ الخشية منه هو الذي دعاها إلى ما صنعت,ورفع رأسه فإذا هو باللصّ قد كوّر *كلّ ما في البيت فعرف أنّ الخشية منه هي التي دعتها إلى ما,,فلمّا بصر بالسارق,ورفع رأسه فلمّا بصر بالسارق عرف أن الخشية منه هي التي دعتها إلى ما صنعت
112,5cfef152-7d6b-40e3-a021-c6550bcaf5a5,Old Man Rewards Thief,ونادى بالسارق أيّها السارق أنت في حلّ ممّا تأخذ من مالي ولك الفضل بما عطّفت عليّ زوجتي في هذه الليلة,وقال له أنت في حلّ ممّا تأخذه من مالي ولك المنّة عليّ بذلك لأنّ مجيئك عطّف عليّ قلب زوجتي في هذه الليلة,فقال أيّها السارق أنت في حلّ ممّا أخذت من مالي ومتاعي ولك الفضل بما عطّفت قلب زوجتي على معانقتي,وقال أيّها اللصّ أنت في حلّ لما عطّفت عليّ امرأتي,قال أيّها السارق أنت في حلّ ممّا أردت أخذه من مالي ومتاعي ولك عليّ الفضل بما عطّفت عليّ هذه المرأة من معانقتي,فناداه أيّها السارق أنت في حلّ ممّا أردت أخذه من مالي ومتاعي ولك الفضل بما عطّفت عليّ هذه المرأة حتّى عانقتني,ناداه فقال أيّها الرجل أنت في حلّ من مالي ومتاعي ولك الفضل عليّ بعطفك هذه عليّ حتّى عانقتني,ناداه أيّها الرجل أنت في حلّ من جميع ما أخذت من مالي ولك الفضل عليّ بما عطّفت من ردّ هذه على عناقي,فقال له الرجل أيّها اللصّ قد آتيت إليّ ما أنا شاكرك عليه إلى الأبد لأنّك أصلحت لي من أنا محبّ وهو عنّي متباعد فخذ من متاع البيت ما أردت كونك عطّفت عليّ من معانقتي لمن أنا أحبّه †وأختار ذلك منه وهو يمتنع منّي,فقال أيّها اللصّ قد آتيت إليّ ما شكره جدير إذ وفّقت ما [إن] أنا له محبّ وهو لي مباعد فخذْ من متاع البيت ما بدا لك,,,ناداه أيّها السارق أنت في حلّ ممّا أخذت من بيتي ومالي ومتاعي ولك الفضل بما عطّفت هذه عليّ من معانقتي,فقال له أيّها اللصّ قد أتيت إلى ما أنا بشكره جدير وقد وفّقت لي من أنا له محبّ وهو لي مباعد وعطّفت به عليّ فخذ من متاع البيت ما بدا لك فأنت في حلٍّ من كلّ ما أخذت من مالي ومتاعي ولك الفضل عليّ واليد عندي للذي <مكّنني> من معانقة هذه المرأة التي لي
113,2bdda394-df39-4fc0-b301-f21985173627,Vizier Comments Old Man Story,,وأنا ضربت لك هذا المثل لكي تفعل ما [ما] فيه الصواب,,,,,,,,,,,,
114,424ba9be-ceab-4dd3-99f8-057a720325e7,King O Asks Third Owl,فقال الملك لوزيره الثالث ما تقول في هذا الأمر,فقال ملك البوم لوزير آخر وأنت كيف رأيك,قال ملك البوم لوزير آخر من وزرائه ما تقول في الغراب,ثمّ إنّ [أنّ] الملك سأل الثالث من وزرائه عن رأيه في الغراب,ثمّ إنّ الملك سأل الثالث من وزرائه عن رأيه في الغراب,ثمّ إنّ الملك سأل الثالث من وزراءه عن الغراب,ثم إنّ ملك البوم سأل الثالث من وزرائه عن رأيه في الغراب,قال ثمّ إنّ الملك سأل الثالث من وزرائه عن الغراب,ثمّ قال ملك البوم للوزير الثالث ما رأيك في هذا الغراب,ثمّ قال ملك البوم للثالث ما رأيك في هذا الغراب,ثمّ قال ملك البوم للثالث من وزرائه ما رأيك في هذا الغراب,,ثمّ إنّ المَلك سأل الثالث من وزرائه عن الغراب,ثمّ إنّ الملك سأل الثالث من وزرائه عن رأيه في الغراب
115,58b0c849-f5d9-4f4c-a9fd-c1d4b9d818d9,Welcome Estranged Friend Of Foe,,,,,,,,,فقال له ما الرأي أن نقتله فإنّ المرء إذا ظفر بصديق عدوّه وقد تيقّن أنّه أسخطه وعذّبه كان باستبقائه جديرًا أن يصيبه منه منفعة,فقال ما أرى أن تقتله فإنّ المرء إذا ظفر بصديق عدوّه قد استيقن به وأُسخط وعُذّب كان *باستبقاءه جدير أن يصيب من منفعته,فقال ما أرى أن نقتله فإنّ المرء إذا ظفر بصديق عدوّه وقد استيقن به أنّه قد أُسقط وعُذّب كان باستبقائه جديرًا رجاء أن يصيب منفعة منه,,,
116,ca24a4b8-8d06-4b83-9f99-41084092e84c,Spy To Be Kept For Counsel,فقال أرى من الرأي أن يحسن الملك إليه فإنّه حليف مناصحتك وقتيل هواك من غير إحسان إليه,قال إنّي أرى أن تحسن إليه لأنّه ?تُهم بصحبتك وزعموا أنّه من هواك,قال أرى أن تستبقيه وتحسن إليه فإنّه خليق أن ينصحك,فقال أرى أن ?نسقيه ونحسن إليه فإنّه خليق أن يناصح,فقال الثالث أرى أن تستبقيه وتُحسن إليه فإنّه خليق بمناصحتك,فقال الثالث الرأي أن تستبقيه وتحسن إليه فإنّه خليق أن يناصحك,فقال أرى أن نبقيه ونحسن إليه فإنّه خليق أن يناصحك,فقال أرى أن تستبقيه وتحسن إليه فإنّه خليق أن يناصحك,وإن أنت أبقيته وأحسنت إليه رجوت أن يكون لك ناصحًا وفيك محبًّا لأنّه يرى ذلك فضيلة وغنمًا,,وإنّه خليق إن أنت *استبقيته وأحسنت إليه يناصحك,,فقال الثالث أرى أن نحسن إليه ونستبقيه فإنّه خليق أن ينصحنا ويكون عينًا لنا على الغربان,فقال أرى ستُبقيه ولا تقتله وتُحسن إليه فإنّه خليق أن يناصحك ويكون عينًا لكم على الغربان
117,b1e45a25-123c-4c61-89e8-c0adb9522ea2,Turn Foes Against Each Other,,,,,وإنّ من إحكام تمكّن الرجل من أعدائه أن يستدخل منهم أعوانًا على الباقين,,,,,,,,فإنّ من إحكام تمكّن الرجل من أعدائه أن يستدخل منهم أعوانًا على الباقين,فإنّه من إحكام تمكّن الرجل من أعدائه أن يستدخل منهم أعوانًا على الباقين
118,9c4565a8-4e5b-4b84-9b0e-5dc62a759ae7,Dispute Between Foes Is Beneficial,,,والعاقل يرى معاداة بعض أعدائه {بعضًا} ظفرًا حسنًا واشتغال بعض العدوّ ببعض ظفرًا حسنًا وخلاصًا ونجاة,وإنّ ذا العقل ?متى ظفرًا حسنًا معاداة بعض عدوّه عدوًّا فإنّ في اشتغال بعض العدوّ ببعض واختلافهم,وإنّ ذا العقل يرى ظفرًا حسنًا معاداة بعض عدوّه بعضًا وأنّ اشتغال بعض العدوّ ببعض واختلافهم نجاة له,وإنّ ذا العقل يرى ظفرًا حسنًا معاداة بعض عدوّه بعضًا فإنّ في ذلك اشتغال بعض العدوّ ببعض واختلافهم,فإنّ ذي العقل يرى معاداة بعض أعداءه بعضًا من حسن الظنّ في استعمال بعضهم ببعض واختلافهم,فإنّ ذا العقل يرى ظفرًا عظيمًا معاداة بعض عدوّه بعضًا ففي اختلاف العدوّ واشتغال بعضهم ببعض,فإنّ ذو الفضل يرى ظفرًا حسنًا في معاداة الأعداء بعضهم لبعض فإنّ في اشتغال بعض الأعداء ببعض واختلافهم خلاصًا من كيدهم,,وإنّ ذا الفضل يرى ظفرًا حسنًا معاداة عدوّه فإنّ في اشتغال بعض العدوّ ببعض خلاص,,في استقبال بعض العدوّ ببعض واختلاف بعضهم على بعض,وإنّ ذو العقل يرى ظفرًا حسنًا معاداة بعض عدوّه بعضًا فإنّ *في اشتغال بعض العدوّ ببعض واختلافهم نجاة ورجاء أنّه يصيب منهنّ منفعته
119,2d5f9239-5a7f-427c-847e-f998e6e1af21,Win Over Weak Foe,ويستميل قلبه إلى محبّته وينتفع برأيه فإنّ ذو العقل إذا رأى عدوًّا ضعيفًا حقيرًا لا يجوز له قتله بل يأمنه على نفسه ويزيد في الإحسان إليه,فإنّ ذوي العقل إذا رأى عدوًّا صغيرًا حقيرًا لا يجيز قتله بل يأمنه على نفسه وينتفع برأيه,,,,,,,,,,,,
120,98d8d8ba-d536-45d3-b1e4-334b78ba25f6,Mention Thief Demon Story,,,كنجاة الناسك من اللصّ والشيطان حين اختلفا عليه,مثل الذي كان في اختلاف اللصّ والشيطان,كنجاة الناسك عند اختلاف اللصّ والشيطان,كنجاة الناسك عند اختلاف [الناسك] اللصّ والشيطان,مثل الذي كان في اختلاف الشيطان واللصّ حتّى نجا الناسك,مثل الذي كان من اختلاف اللصّ والشيطان وخلاص الرجل,مثلما كان في اختلاف اللصّ والشيطان من نجاة الرجل وخلاصه,*** مثل ما وصل إلى الرجل الذي نجا من البلاء لقتل الشيطان اللصّ,كاختلاف اللصّ والشيطان فكان فيه نجاة الرجل وخلاصه,,مثل الذي كان من اختلاف اللصّ والشيطان من تخليص الناسك,مثل الذي وصل إلى الناسك الذي نجا من البلاء عند اختلاف اللصّ والشيطان في تنازعهما
121,ae84b7d8-13ea-4282-a09c-1de26469b6b5,King Request Thief Demon Story,,,قال الملك وكيف كان ذلك,حسنًا معاداة بعض عدوّه عدوًّا,قال الملك وكيف كان ذلك,قال الملك وكيف كان ذلك,قال الملك وكيف كان ذلك,قال الملك وكيف كان ذلك,قال ملك البوم وكيف كان ذلك,فقال ملك البوم وكيف كان ذلك,قال ملك البوم وكيف كان ذلك,,قال المَلك وكيف كان ذلك,قال ملك البوم وكيف كان ذلك
122,74ea3995-6f90-401e-8a17-cc671ec9eda6,Story Thief Demon Cow,,,قال الوزير زعموا أنّ ناسكًا أصاب من رجل بقرة حلوبة فانطلق بها يقودها إلى منزله فعرض له لصّ أراد سرقتها وتبعه شيطان يريد اختطافه,قال الوزير زعموا أنّ ناسكًا أصاب من رجل بقرة حلوبًا فانطلق بها يقودها إلى منزله وتبعه لصّ يريد سرقتها وصحب اللصّ شيطانًا في صورة إنسان,قال الوزير زعموا أنّ ناسكًا مرّة أصاب بقرة حلوبًا فانطلق بها يقودها وتبعه لصّ فحدّث نفسه بأخذها وتبع اللصّ شيطان في صورة إنسان,قال الوزير زعموا أنّ ناسكًا أصاب من رجل بقرة حلوبًا فانطلق بها إلى منزله فتبعه لصّ وشيطان,قال الوزير زعموا أنّ ناسكا أصاب بقرة حلوبًا فأقبل بها يقودها إلى منزله وتبعه لصّ يريد أن يسرقها وصحب اللصّ شيطان في صورة إنسان,قال الوزير زعموا أنّ ناسكًا أصاب من رجل بقرة فانطلق بها يقودها وبصر به لصّ فتبعه يريد سرقتها وتبع اللصّ شيطان في زيّ إنسان,قال له الوزير زعموا أنّ ناسكًا أصاب بقرة حلوبًا فانطلق بها يقودها فرآه لصّ فحدّث نفسه بأن يسرقها منه فاتّبعه لذلك وصحبته شيطان ممثّل له في صورة إنسان,(مثل) فقال زعموا أنّ ناسكًا مرّة أصاب بقرة حلوبًا فرآها اللصّ فحدّث نفسه باستراقها وانبعث لذلك شيطان فصحبه في صورة إنسان,قال الوزير زعموا أنّ ناسكًا أصاب بقرة حلوبًا فانطلق بها يقودها فرآها لصّ فحدّث نفسه بسرقتها فصاحب اللصّ للشيطان وتمثّل له في صورة إنسان,,قال الوزير زعموا أنّ ناسكًا أصاب من رجل بقرة حلوبة فانطلق بها الناسك يقودها واتّبعه لصّ يريد سرقتها وصحب ذلك اللصّ شيطان في صورة إنسان يريد قتله,قال الوزير زعموا أن ناسكًا أصاب من رجل بقرة حلوبًا فانطلق بها يقودها إلى منزله فرآه لصّ فحدّث نفسه باستراقها منه واتّبعه لذلك وصحب اللصَّ شيطان تمثّل له في صورة انسان
123,43252d64-a596-48d3-8ebb-3ed66da21fa8,Thief And Demon Plot,,,فقال الشيطان للصّ من أنت قال أنا اللصّ ... أسرق هذه البقرة من الناسك إذا نام فمن أنت قال أنا الشيطان أُريد اختطافه إذا نام وأذهب به فاتّفقا على هذا *** إلى المنزل فدخل منزله ودخلا خلفه,فقال اللصّ للشيطان من أنت فقال أنا شيطان أتبع هذا الرجل فإذا نام الناس أخذته قال اللصّ وإنّما أريد أخذ بقرته فانطلقا مصطحبَين حتّى أتيا مع الناسك إلى منزله عشاء,فقال اللصّ للشيطان من أنت قال أنا شيطان أريد أن أتبع هذا الناسك فإذا نام خنقته فأنت ماذا قال وأنا أريد أن أتبعه إلى منزله لعلّي أسرق البقرة فانطلقا مصطحبين حتّى انتهيا إلى منزل الناسك ممسيين,فقال اللصّ للشيطان من أنت قال أنا شيطان أريد أن أتبع هذا الناسك فإذا نام أخذته فخنقته فقال اللصّ إنّي أريد أن أتبعه إلى منزله لعلّي أن أسرق هذه البقرة منه فانطلقا مصطحبين حتّى انتهيا مع الناسك إلى منزله ممسيين,فقال اللصّ للشيطان من أنت قال أنا الشيطان أريد أن أتبع هذا الناسك فإذا نام أخذته قال اللصّ إنّي لصّ أريد أن أتبعه إلى منزله لعلّي أسرق بقرته فاصطحبا يتبعان الناسك فلمّا انتهى إلى منزله ممسيًا,فقال اللصّ للشيطان {ما أنت} قال شيطان أريد أتبع هذا الناسك فإذا نام الناس خبلته وقال اللصّ أنا أريد أن أتبعه فإذا نام سرقت هذه البقرة فانتهيا إلى منزله,فقال له ما أنت وما تريد فقال له أنا شيطان أطلب هذا الناسك لأخنقه فقال له اللصّ وأنا أريد أن أذهب ببقرته فاتّبعاه جميعًا حتّى أتى منزله هدأة من الليل,فقال له من أنت وما تريد فقال له أنا شيطان أطلب هذا الناسك لأخنقه وقال اللصّ وأنا أريد أذهب ببقرته فاتّبعاه حتّى أتى منزله بعد هدوء من الليل,فقال اللصّ للشيطان من أنت وما تريد فقال أنا الشيطان أطلب هذ الناسك لأخنقه فأنا متّبعه فإذا نام الناس أخذته فقال وأنا أيضًا أتبعه إلى منزله لأذهب ببقرته هذه فأتبعاه إلى أن انتهيا إلى منزله بعد هدأة من الليل,,فقال اللصّ للشيطان من أنت قال أنا الشيطان أريد قتل هذا الناسك وقال اللصّ أنا أريد أن أتبعه إلى منزله فأسرق بقرته فانطلقا مصطحبَين حتّى انتهيا مع الناسك إلى منزله,فقال اللصّ للشيطان من أنت وما تريد قال أنا شيطان أريد أن أتبع هذا الناسك فإذا نام الناسك خنقته قال اللصّ وأنا أريد أيضًا أن أتبعه إلى منزله لعلّي أسرق هذه البقرة فانطلقا مصطحبَين حتّى انتهيا مع الناسك إلى منزله بعد هدأة من الليل
124,14b1c5b4-00a6-4ef7-9ab5-843ded4e8e3a,Man Goes To Sleep,,,وأدخل البقرة فربطها في زاوية المنزل وتعشّى ونام,هذا الرجل فإذا نام الناس أخذته قال اللصّ وإنّما أريد,فدخل الناسك وأدخل بقرته ثمّ تعشّى ونام,فدخل الناسك بيته وأدخل البقرة بيتًا وتعشّى ونام,دخل بيته وأدخل البقرة بيتًا,فدخل الناسك بيته وشدّ بقرته,فأصاب شيئًا من الطعام فجلس يتناوله,فأدخل البقرة وأصاب من الطعام,فدخل الناسك فأصاب من الطعام ما أكل منه وشبع وأدخل البقرة بيتًا,,فأدخل البقرة بيتًا ودخل هو في بيته ونام,فدخل الناسك بيتًا ثمّ أدخلها بيتًا ثمّ تعشّى ونام
125,23c06f46-afff-4b64-8521-45da00fd78cc,Thiefs Concerns,,,فأشفق اللصّ إن بدأ الشيطان باختطافه ربّما استيقظ فلا يقدر على أخذ البقرة فقال لا بل أنظرْني أنت حتى آخذ البقرة وشأنك وما تريد,فأشفق اللصّ إن بدأ الشيطان بأخذ الناسك <أن> يصيح فيفوته البقرة,فأشفق اللصّ أن يبدأ الشيطان بالناسك قبل أن يسرق البقرة فيصيح فيجتمع الناس بصوته فلا يقدر على سرقة البقرة فقال له انتظرْ حتّى أخرج البقرة ثمّ عليك بالرجل,فأشفق اللصّ إن بدأ الشيطان بأخذ الناسك قبل أن يسرق البقرة فيصيح فيجتمع الناس لصوته فلا يقدر على سرقة البقرة فقال له أنظرْني حتّى أخرج البقرة ثمّ شأنك والرجل,فلمّا نام الناسك أشفق اللصّ إن بدأ الشيطان بأخذ الناسك قبل أن يسرق البقرة أن يصيح الناسك فيجتمع الناس عليه فلا يقدر على البقرة فقال اللصّ للشيطان أنظرنْي حتّى أخرج بالبقرة ثمّ عليك بالرجل,فلمّا نام الناس أشفق اللصّ إن بدأ الشيطان بالرجل أن يصيح فيجتمع الناس بصوته فلا يقدر على البقرة فقال للشيطان أنظرْني آخذ البقرة وشأنك والرجل,فقال اللصّ في نفسه لعلّ الشيطان لمّا يأخذه يصيح فيفزع الناس إليه ولا أقدر أن أسرق البقرة فقال اللصّ للشيطان أنظرني حتّى آخذها منه ثمّ دونك وإيّاه,فقال اللصّ لعلّ الشيطان إذا بدأ بخنقه صاح فيجتمع الناس فلا أقدر على سرقة البقرة فقال انتظرني حتّى *** ثمّ دونكه,فقال اللصّ لعلّ الشيطان إن بدأ بأخذ الناسك فأخذه ففزع به النّاس فلا أقدر على استياق البقرة فقال اللصّ للشيطان أنظرني حتّى آخذ أنا البقرة ?من شأنك أنت والناسك,,وأشفق اللصّ أن يبدأ الشيطان بالرجل قبل أن يسرق البقرة فيصيح الناسك فيجتمع الناس لصوته فلا يقدر على أخذ البقرة فقال اللصّ انتظرني حتّى آخذ البقرة ثمّ عليك بالرجل,وأشفق اللصّ أن يبدأ الشيطان بأخذ الناسك فيجتمع الناس لصوته فلا يقدر على سرقة البقرة فقال اللصّ للشيطان انتظرني حتّى أخرج وأُخرج البقرة ثمّ عليك بالرجل
126,73eaa1f6-0fbf-44d5-a6ff-f220d80ba509,Thief And Demon Confer,,,فأقبل اللصّ والشيطان يأتمران فيه واختلفا على من يبدأ بشغله أوّلًا,,,,,,,,,,,
127,3f6e4c2c-ad37-4d0a-a864-b8b53fe4fa8b,Demons Concerns,,,فقال الشيطان للصّ إن أنت بدأت بـأخذ البقرة ربّما استيقظ وصاح واجتمع الناس فلا أقدر على أخذه فأنظرْني ريثما آخذه وشأنك وما تريد,وأشفق الشيطان إن أخذ اللصّ البقرة أن يتنبّه الناسك فيفوّتها فتنازعا,فأشفق الشيطان أن يبدأ اللصّ بالبقرة فيتنبّه الناسك فلا يقدر على أخذه فقال له بل أنظرْني حتّى أخنقه ثمّ عليك بالبقرة فأبى كلّ واحد منهما على صاحبه,فأشفق الشيطان إن بدأ اللصّ بأخذ البقرة أن يشعر به إنسان فينتبه الناسك فلا يقدر على أخذه فقال الشيطان بل أنظرْني حتّى آخذ الناسك ثمّ شأنك والبقرة فأبى كلّ واحد على صاحبه,فأشفق الشيطان إن بدأ اللصّ بالبقرة أن يشعر به الناسك فيستيقظ ويستيقظ أهله فلا يقدر على شيء منه قال الشيطان بل أنظرْني حتّى آخذ الناسك ثمّ عليك بالبقرة فأبى كلّ واحد منهما على صاحبه,فخشي الشيطان إن بدأ الرجل بالبقرة أن يستيقظ به فلا يقدر على الناسك فقال *للصّ أنظرْني أخبل الرجل وشأنك والبقرة فأبى كلّ واحد منهما على صاحبه,قال فأشفق الشيطان إن هو فعل ذلك لم يأمن الناس أن يجتمعوا عليه ويشعروا به فلا يقدر على حاجته منه فقال رويدًا حتّى يهدأ فنظفر به جميعًا واختلفا فيما بينهما,وقال الشيطان مثل ذلك,فأشفق من ذلك الشيطان إن هو فعل ولم ينم الناسك أن يجتمعوا إليه ويشعروا به فلا يقدر على حاجته فقال رويدًا حتّى يهدأ ثمّ نظفر بهما جميعًا,,فأشفق الشيطان أن يأخذ اللصّ البقرة فيشعر به أحد فلا يقدر على قتل الرجل قال الشيطان بل انتظرني حتّى أقتل الرجل ثمّ عليك بالبقرة فأبى كلّ واحد منهما على صاحبه,فأشفق الشيطان أن يبدأ اللصّ بالبقرة أن يشعر به إنسان فينتبه الناسك ويشعر به فلا يقدر على أخذه فقال الشيطان انتظرني حتّى أخنق الناسك ثمّ عليك بالبقرة فأبى كلّ واحد منهما على صاحبه
128,7e192d57-f37d-4915-99c9-f7a5caa82500,Thief And Demon Shout,,,فلم يزالا في المجادلة هكذا حتّى نادى اللصّ أيّها الناسك انتبهْ فهذا الشيطان يريد اختطافك ونادى الشيطان أيّها الناسك انتبهْ فهذا اللصّ يريد أن يسرق بقرتك,فنادى اللصّ أيّها الناسك إنّ الشيطان يريد أن يأخذك وقال الشيطان إنّ اللصّ يريد سرقة بقرتك,فلم يزالا في اختلاف حتّى *نادى اللصّ أيّها الناسك أن انتبهْ فهذا الشيطان يريد أن يخنقك وناداه الشيطان أيّها الناسك إنّ هذا اللصّ يريد أن يسرق بقرتك,فلم يزالا على اختلافهما حتّى نادى اللصّ الناسك أن استيقظْ أيّها البائس فهذا شيطان يريد أخذك ونادى الشيطان بالناسك أن استيقظْ أيّها الناسك فإنّ هذا اللصّ يريد أخذ بقرتك,فلم يزالا في اختلافهما حتّى نادى اللصّ الناسك أيّها الرجل استيقظْ فهذا الشيطان يريد أن يأخذك وناداه الشيطان فقال استيقظْ أيّها الناسك فإنّ هذا اللصّ يريد أن يأخذ بقرتك,واختلفا فنادى اللصّ الناسك استيقظْ فإنّ ها هنا شيطان يريد أن يخبلك ونادى الشيطان الناسك إنّ هذا اللصّ يريد أن يسرق بقرتك,فلم يزالا يختصمان حتّى نادى اللصّ أيّها الناسك إنّ هذا الشيطان يريد أن يخنقك ونادى الشيطان الناسك إنّ هذا اللصّ يريد <أن> يأخذ بقرتك,ولم يزالا في مثل هذا الكلام وأشباهه يختصمان حتّى نادى اللصّ إنّ هذا الشيطان يريد خنقك ونادى الشيطان يريد أن يذهب ببقرتك,فلا يزالا حتّى نادى الشيطان بالناسك أن استيقظ فإنّ هذا اللصّ يريد أن يسرق بقرتك,,ولم يزالوا في اختلافهما حتّى نادى اللصّ أيّها الناسك استيقظ فهذا شيطان يريد قتلك ونادى الشيطان أن استيقظ أيّها الناسك فهذا لصّ يريد أخذ بقرتك,ولم يزالا باختلافهما حتى نادى اللصّ الناسك أن استيقظ أيّها الناسك فإنّ هذا الشيطان يريد أن يخنقك ونادى الشيطان الناسك أن استيقظ فهذا اللصّ يريد أخذ بقرتك
129,ffd31558-54c7-4410-aeb4-92bc41091006,Thief And Demon Flee,,,فانتبه الناسك وجيرانه بأصواتهما وهرب الخبيثان,فانتبه الناسك وجيرانه وهرب [[الناسك]] الخبيثان,فانتبه الناسك وجيرانه لصوتهما وهرب الخبيثان,فانتبه الناسك وجيرانه بصوتهما فنجا منهما ولم يقدرا على ما أرادا وهربا الخبيثان خائبين,فاستيقظ الناسك وأهله وجيرانه وهرب اللصّ والشيطان,فاستيقظ الناسك وجيرانه على صوتهما وهرب الخبيثان,قال فعند ذلك استيقظ الناسك وأهل بيته فلمّا نظر اللصّ والشيطان إلى ذلك انطلقا جميعًا ولم يظفر أحد منهما بشيء,,فاستيقظ هو وأهل بيته فلمّا رأيا ذلك انطلقا,,فاستيقظ الناسك وجيرانه وهرب الخبيثان,فاستيقظ الناسك بصوتهما وأهل بيته وجيرانه فلمّا رأيا ذلك هرب الخبيثان
130,55ce4b17-2468-4e86-9a00-134fbdf830ca,Owl Comments On Thief And Demon Story,,,,,,,,,وإنّما ضربت لك هذا المثل لأنّ الرجل حقيق له أن تصطنع عدوّه إذا أذنب وسُخط عليه لأنّه ربّما كانت عنده منفعة لأنّه يكشفه على عورات عدوّه †ويذعرا له على فرصة منه,وإنّما ضربت لك هذا المثل لأنّ الرجل حقيق أن يصطنع صديق عدوّه إذا *نابذه وخالفه وسُخط عليه فربّما أعظم المنفعة له فيه وأراه عورته ودلّه على فرصته,وإنّما ضربت لكم هذا المثل لأنّ الرجل حقيق أن يصطنع صديق عدوّه وإذا *نابذه وخالفه وسخط عليه فإنّه ربّما أعظم المنفعة له فيه وأراه عورته ودلّته على فرصته,,,وإنما ضربت لك هذا المثل لأنّ الرجل حقيق أن يصطنع صديق عدوّه إذا نابذه وخالفه وسُخط عليه فإنّه ربّما عطفت المنفعة له فيه وأراه عورته ودلّه على فرصته منه
131,091e9cf8-e48f-47ab-8de7-608b9adc98d1,Objectors Deems Owls Misled,,,قال الوزير الأكبر أظنّ أنّ الغراب قد خدعكنّ ووقع كلامه في نفس الغبيّ منكنّ موقعه,فلمّا فرغ الوزير الثالث من كلامه قال الأوّل الذي كان أشار بقتله قد خدعكم بتضرّعه,فلمّا فرغ الثالث من كلامه قال الأوّل الذي أشار بقتل الغراب أراكنّ قد غرّكنّ هذا [هذا] الغراب وخدعكنّ كلامه وتضرّعه,فلمّا فرغ الثالث من كلامه قال الأوّل الذي كان أشار بقتل الغراب أراكنّ قد خدعكنّ هذا الغراب وغرّكنّ كلامه وتضرّعه,فلمّا فرغ الثالث من كلامه هذا قال الأول الذي أشار بقتل الغراب أراكم خدعكم هذا الغراب برفقه ومكره وتضرّعه,فلمّا فرغ الوزير من كلامه قال الوزير الأوّل الذي كان أشار بقتل الغراب إنّكنّ قد خدعكنّ هذا الغراب والتغرير بجسيم الأمر,قال فلمّا فرغ الوزير الثالث من كلامه قال الأوّل من أهل مشورة البوم للآخر منهنّ إنّي أراكنّ قد غرّكنّ كلام هذا الغراب واسترسلتم إليه,فقال الأوّل من أهل مشورة البوم للآخر منهم إنّي أراه قد غرّكم قول الغراب حتّى اطمأننتم إليه واسترسلتم,فلمّا فرغ الثالث من كلامه قال الأوّل من أهل مشورته للبوم الآخر منهنّ إنّي قد أرى غرّكنّ قول الغراب وخدعكنّ بكلامه واسترسلتم إليه,,فلمّا فرغ الثالث من كلامه قال الأوّل الذي أشار بقتل الغراب كم قد غرّكنّ هذا الغراب وخدعكنّ *خبره *ومكره,فلمّا فرغ الثالث من كلامه قال الأوّل من أهل مشورة البوم الذي أشار بقتل الغراب للآخر منهنّ إنّي أراه غرّكم قول هذا الغراب وخدعكم بكلامه وتضرّعه حتّى ائتمنتوه وأمِنتم مكره واسترسلتم إليه
132,c9325fb9-71b7-4900-be57-2c01275cff54,Objector Asks Reconsideration,,,فزدن أن تضعن الرأي غير موضعه فمهلًا مهلًا أيّها الملك عن هذا الرأي,,فأنتم تريدون تضييع الرأي والتغرير بجسيم الأمور فمهلًا مهلًا عن هذا الرأي,فأنتنّ تردن تضييع الرأي وتجسيم الأمر فمهلًا مهلًا عن هذا الرأي,فأنتم تريدون تضييع رأيكم والتغرير بجسيم من الأمر فمهلًا لا تفعلوا,فمهلًا عن هذا,,,فأنتم تريدون تضييع الرأي وتصغير جسيم الأمر,,فأنتنّ تردن تضييع الرأي,فإن كنتنّ تردن تضييع الرأي والتغرير بجسيم الأمر فمهلًا عن هذا الرأي
133,64c1f0fb-8d2b-437f-9dd6-5d8f4418c981,Objector Advises Death,,,,,,,,,وإنّي أرى لك أيّها الملك أن تقتله فإنّي أتخوّف عاقبة أمره,وإنّي أرى لكم أيّها الملك لن تقتله فإنّي أخاف عاقبة كينونته بيننا,فإنّي أتخوّف عاقبة سوء تكون منه وإنّي أرى لك أيّها الملك أن تقتله فاقتله {ولا,,,وإنّي أرى لك أيّها الملك أن تقتله فإنّي أتخوّف عاقبة كينونته بينكم
134,87f86b53-2a8c-4194-ae32-374188b98816,Objector Warns Of Trickery,,,,فانظروا نظر الألباب,وانظرْن نظر ذي اللبّ الذين يعرفون أمورهم وأمور عدوّهم ولا يُثنيكنّ عن رأيكنّ,وانظرْن نظر ذوي الألباب الذين يعرفون أمورهم وأمور غيرهم ولا يلفتْكنّ من رأيكم,وانظروا نظر ذوي الألباب الذين يعزمون على أمورهم وأمر عدوّهم على الصواب ولا يغرّهم لين كلام عدوّهم ولا يلفتهم خضوعه عن رأيهم,وانظروا نظر ذوي الألباب الذين يعرفون أمورهم وأمور عدوّهم على الصواب ولا يغرّهم كلام عدوّهم,,,فانظروا فيما نظر فيه ذوو الألباب,,فانظرن نظر ذوي الألباب الذين يعرفون أمور عدوّهم,وانظرن نظر أولو الألباب الذين يعرفون أمورهم وأمور عدوّهم ولا يغرّكم كلام عدوّكم ولا تلتهوا بذلك عن أموركم
135,da88e3ef-1755-4f2b-a324-68ae3d297e5a,Foes Cant Fool The Wise,,,,,,,,,فإنّ الحكيم لا يعطّفه الكلام على عدوّه والجاهل ينخدع باليسير منه,فإنّ الحليم العاقل لا يعطّفه الكلام على عدوّه وإنّ الجاهل المغفّل ينخدع باليسير,تخالفني} فإنّ الحليم العاقل لا يعطّفه الكلام من عدوّه وإنّ الجاهل ينخدع باليسير منه,,,فإنّ الحكيم العاقل لا يعطّفه الكلام ولا يضارّه على عدوّه وإنّ الجاهل المغفل ينخدع باليسير من العبارة أو الإشارة
136,c35b6531-c43e-4ce1-bb5c-1aaa8a03ee56,Dont Be Credulous,,,,ولا تكونوا كالعجزة الذين يكذّبون أنفسهم *ويصدّقون غيرهم,فتكونوا كالعجزة الذين يغترّون بما يسمعون وتلين قلوبهم لعدوّهم عند أدنى ملق وتضرّع ويكونون بما يسمعون أشدّ تصديقًا منكم بما تعملون,فتكونوا كالعجزة الذين يغترّون بما يسمعون وتلين قلوبهم عند أوّل ملق من عدوّهم والتضرّع منه وتكونوا بما تسمعون أشدّ تصديقًا منهم بما يعلمون,ولا تكونوا كالعجزة التي تلين قلوبهم لعدوّهم عند أدنى ملق وتضرّع ولا تكونوا بما تسمعون أشدّ تصديقًا ممّا تعقلون,كالعجزة الذي يغترّون بما سمعوا وتلين قلوبهم عند أدنى ملق لعدوّهم فلا تكونوا بما سمعتم أشدّ تصديقًا ممّا علمتم,فلا تكونوا كالفجرة الذين يغترّون بما يرون من الكلام ويستمعون ما لا يكون وتلين قلوبهم لأعدائهم فيكونوا بما يسمعون أشدّ تصديقًا لما يرون,,ولا تكونوا كالعجزة الذين يغترّون بما يرون ويسمعون وتلين قلوبهم لعدوّهم عند أدنى ملق,,كالفجرة الذين يقرّون بما رأوه فتلين قلوبهم لعدوّهم عند أدنى ملق وتضرّع ويكونون لما سمعوا أشدّ تصديقًا منهم ممّا عاينوا وعلموا,فتكونوا كالفجرة الذين يغترّون بما يسمعونه وتلين قلوبهم عند أوّل ملقًا من عدوّهم إذا تضرّع لهم فيكونون لما سمعوا أشدّ تصديقًا منكم بما تعملون
137,fff7d740-da9c-4c8d-94ce-cd306a3ed636,Story Lion Thorn Man,,,,,,,,,,,,,,كما فعل الأسد بالذي صنع معه معروفًا وقصد الصانع أن يكون له عند الأسد واغترّ بذلك قال الوزير زعموا أنّ رجلًا رأى أسدًا خارج المدينة وهو يمشي على ثلاث قوائم ومتألّم من القائمة الأخرى من عوسجة دخلت في كفّه وخرجت من الجانب الآخر فتعرّض الرجل له فمسك كفّه بيده وأخرج العوسجة منها وعصر كفّ الأسد وأخرج منها المادّة ثمّ قطع الرجل من عمامته عصابة فعصبها به ثمّ وضعها إلى الأرض فاستراح الأسد من الوجع فقصد الأسد مُجازاة الرجل على ما فعل معه من الخير فأشار الأسد للرجل أنّك تعبت وأريد أن تركبني على ظهري لأحملك إلى البستان فمن سخافة عقله ركب ظهر الأسد فحمله وانطلق به إلى بستان فتركه عند عين باردة وانطلق الأسد فجاء إليه بحزمة ريحان فرأى الرجل قد شرب من الماء وجاءت سِنة من النوم فنام فلمّا رآه الأسد نائمًا جعل ينشّ الذباب عنه بالباقة الريحان وكان كلّما نشّ الذباب يعود فانقهر الأسد من ذلك فمسك *** صغيرة وألقاها على وجه الرجل ليقتل الذباب فقتل الرجل من وقته
138,0e02f936-6635-4218-9235-b0b8492daf60,Disbelieve The Foolish,,,,,,,,,,,,,,وإنّما ضربت لك هذا المثل لأنّ الرجل حقيق عليه أن يصادق عاقلًا ويمتنع من الجاهل بكلّيّته فإنّ أشدّ البلاء معاداة العقلاء ومصادقة الجهّال
139,fc61e65a-1ee2-4070-8196-6485e9091c5b,Second Vizier Narrates,,,,,,,,,,,,,,فلّما فرغ من كلامه قال الثاني من أهل مشورته إنّ الجاهل الغفل ينخدع باليسير
140,7ff74a83-120c-468f-89b4-755bdeb07f1b,Mention Deceived Carpenter,,,ولا تكوننّ كالنجّار الذي كذّب بما رأى وصدّق بما سمع وانخدع بالمحال,كالتاجر الذي كذّب ما رأى وسمع وخدع علمه,كالنجّار الذي كذّب ما رأى وصدّق بما سمع فاغترّ وانخدع,كالتاجر الذي كذّب بما رأى وصدّق بما سمع فاغترّ وانخدع,كالنجّار الذي كذّب بما رأى وعلم وصدّق بما سمع واغترّ وانخدع,فتكونوا كالنجّار الذي صدّق بما سمع وكذّب بما رأى وعلم واغترّ فانخدع,كالنجّار الذي كان بما يسمع أشدّ تصديقًا بما رأى,كالنجّار الذي كان بما سمع أشدّ تصديقًا منه بما رأى,فيكون بما يسمع أشدّ تصديقًا منه بما رأى,,كالنجّار الذي كذّب بما رأى وعلم وصدّق بما سمع فلان قلبه وانخدع واغترّ,كالنجّار الذي كذّب بما رأى وعلم وصدّق بما سمع ولان قلبه واغترّ
141,89c98db0-1eda-4ec6-beca-0a065399545a,King O Request Story D C,,,قال الملك وكيف كان ذلك,قال المَلك وكيف كان ذلك,قال الملك وكيف كان ذلك,قال الملك وكيف كان ذلك,قال الملك وكيف كان ذلك,قال الملك وكيف كان ذلك,قال الملك وكيف كان ذلك,فقال ملك البوم وكيف كان ذلك (مثل),فقال ملك البوم وكيف كان ذلك,,قال مَلك البوم وكيف كان ذلك,قال ملك البوم وكيف كان ذلك
142,d65c993d-dde3-4fdc-854d-5dc44ad8af29,Carpenter Learns Of Wifes Affair,,,قال الوزير زعموا أنّه كان رجل نجّار وكان له امرأة يحبّها *وكانت قد علّقت رجلًا وعلم النجّار بذلك وقيل له في معناه,قال الوزير زعموا أنّ تاجرًا كانت له امرأة يحبّها وكانت قد علقت رجلًا فاطّلع على ذلك منها بعض أهل بيت الرجل فأخبروه عن امرأته بما رأوا,قال الوزير زعموا أنّ نجّارًا كانت له امرأة يحبّها وكانت قد علّقت رجلًا فاطّلع على ذلك بعض أهل النجّار فأخبره,قال الوزير زعموا أن تاجرًا كان له إمرأة يحبّها وكان قد عشقها رجل فاطّلع على ذلك بعض أهل التاجر فأخبره,قال الوزير زعموا أنّ نجّارا كانت له امرأة يحبّها وكان قد علّقها رجل فاطّلع على ذلك بعض أهل النجّار فأطلعوه على خبر امرأته,قال الوزير زعموا أنّ نجّارًا كانت له امرأة وكان يحبّها وكانت قد علقت رجلًا فاطّلع على ذلك بعض أهل النجّار فأخبروه,قال له [الملك] زعموا أنّ نجّارًا كانت له امرأة حسنة فعشقها رجل ففطن أهله بذلك وأعلموه به,فقال زعموا أنّ نجّارًا كانت له امرأة فعلّقها جار له ففطن أهله بذلك,قال زعموا أن تاجرًا كانت له امرأة فعلقها جار لها ففطن أهل التاجر بذلك فأعلموه به,,قال وزيره زعموا أنّه كان نجّار وكانت له امرأة يحبّها [[فأخبروه]] وكانت عشقت رجلًا فاطّلع على ذلك أهل النجّار فأخبروه,قال الوزير زعموا أن النجّار كانت تحبّه امرأته وكان يحبّها وكان قد علّقها رجل فاطّلع على ذلك بعض أهل النجّار فأخبره بما رأى من صنيعها
143,db73941c-973b-423c-8cfd-659cd31557db,Carpenter Wants Proof,,,,فأحبّ التاجر أن يعرف ذلك القول ويستبينه,فأحبّ أن يتيقّن ذلك [ذلك],فأحبّ أن يتيقّن ذلك,فأحبّ النجّار أن يستيقن من ذلك,فأحبّ النجّار أن يتيقّن ذلك فقال,فقال لهم لست مصدّقًا عليها بشيء من ذلك حتّى أعاينه,فقال لست أصدّق عليها شيئًا حتّى أعاينه,فأحبّ أن يتبيّن ذلك فقال لست مصدّقًا عليها حتّى أعاين,,فأحبّ النجّار أن يطّلع على حقيقة ذلك,فقال النجّار لست مصدّقًا ذلك حتّى أعاينه وأحبّ النجّار أن يتيقّن ذلك
144,eed47e1e-8563-4c4a-87b5-f190a3c1b0c7,Carpenter Feigns Work Travel,,,فقال لها أريد الذهاب إلى قرية كذا وهي منّا على فراسخ لبعض عمل السلطان فأعدّي لي زادًا,فقال لامرأته إنّي أريد الذهاب إلى قرية منّا على فراسخ في بعض عمل الإمارة وماكث هناك أيّامًا فأعدّي لي زادًا,فقال لامرأته إنّي أريد الذهاب إلى قرية هي منّا على فراسخ لأعمل هنالك عملًا لبعض الأشراف وإنّي غائب عنك أيّامًا فأعدّي لي زادًا,فقال لامرأته إنّي أُريد الذهاب إلى قرية منّا على فراسخ لبعض أعمال الإمارة وأمكث هناك أيّامًا فأعدّي لي زادًا,فقال لامرأته إنّي ذاهب إلى قرية كذا وهي منّا على ثلاثة فراسخ لعمل بعض الأمر وماكث هناك أيّاما فأعدّي لي زادًا,لامرأته إنّي ذاهب لعمل على فراسخ فأقيم فيه أيّامًا فأعدّي لي زادًا,فقال لها ذات يوم إنّي أريد أن أعمل للسلطان عملًا على فراسخ فاصنعي لي زادًا,فقال لها ذات يوم إنّي أريد أن أعالج السلطان عملا على رأس فرسخ فاصنعي لي زادًا,فقال لها ذات يوم أريد أن أعالج *للسلطان عملًا على فراسخ فاصنعي لي زادًا,,فقال لامرأته إنّي ذاهب إلى قرية كذا وكذا وهي منّا على فراسخ لعمل رجل من الأشراف فأعدّي لي زادًا,فقال لامرأته ذات يوم إنّي أريد الذهاب إلى قرية منّا على فراسخ لبعض عمل الأمراء وإنّي ماكث هناك أيّامًا فاصنعي لي زادًا وأعدّيه
145,4cc8b741-747b-4353-b689-e7c476ecec07,Wife Rejoices At Chance,,,ففرحت المرأة كيف يذهب ويخلو وجهها لخليلها,ففرحت المرأة وصنعت له زادًا,ففرحت المرأة بذلك وأعدّت له زادًا,ففرحت المرأة بذلك وهيّأت له زادًا,ففعلت,ففرحت المرأة بذلك وأعدّت له زادًا,ففعلت ذلك,ففعلت,ففرحت بذلك وصنعت له زادًا,,ففرحت المرأة بذلك ووضعت له زادًا,ففرحت المرأة بذلك وهيّأت له زادًا كثيرًا
146,3f48e7ae-b2ef-400e-be62-cb2d69d52619,Wife Sees Carpenter Off,,,ثمّ لمّا أراد الخروج قال لامرأته استوثقي من الباب والممرق وأراها أنّه يخرج,فلمّا أمسى قال لها استوثقي من بابك واحفظي بيتك حتّى أرجع بعد أيّام وخرج,فلمّا أمسى قال لها استوثقي في باب الدار واحفظي بيتك حتّى أرجع إليك فخرج وهي تنظر إليه [إليه] حتّى جاوز الباب ثمّ,فلمّا أمسى قال لها استوثقي من باب دارك واحتفظي من بيتك حتّى أرجع إليك بعد أيّام وخرج وهي تنظر حتّى جاوز الباب,فخرج النجّار وقال احفظي بيتك وأوثقي بابك حتّى أرجع إليك,فخرج النجّار من عند امرأته فودّعها وقال لها استوثقي من بابك وهي تنظر إليه حتّى جاوز الباب,فلمّا خرج من عندها قال لها أغلقي بابك واحفظي بيتك ونفسك ثمّ إنّه توجّه وهي تنظر إليه,,فلمّا خرج من عندها قال لها أغلقي بابك واحفظي بيتك ثمّ توجّه وهو ينظر إليها وهي تنظر إليه,,فلمّا خرج قال لها استوثقي من بابك حتّى أرجع إليك فخرج وهي تنظر إليه حتّى جاوز الباب,فلّما أمسى خرج من عندها وقال استوثقي من باب دارك وأغلقيه واحفظي بيتك حتّى أرجع إليك ثمّ توجّه وهي تنظره حتّى جاوز الباب
147,721822c1-57f1-4890-b78c-ee67cc93e88e,Carpenter Returns To Hide Under Bed,,,وعطف إلى مكان خفيّ خلف الباب فاختفى فيه فانسلّ فدخل البيت الذي فيه مرقده فدخل واختفى تحت السرير,ثمّ عاد من مكان خفيّ فصار تحت سريره الذي فراشه فيه,دخل من مكان خفيّ من منزل جار له واحتال حتّى دخل تحت سريره,ثمّ عطف فدخل بيت المرأة الذي فيه سرير فراشه فدخل تحت السرير,وقد خالف النجّار فدخل البيت من مدخل خفيّ حتّى اندسّ تحت السرير الذي عليه فراشه وفراش امرأته,ثمّ دخل من مكان خفيّ حتّى صار تحت السرير الذي عليه فراشه,فلمّا توارى عنها عاد ودخل منزله وكمن تحت السرير فظنّت المرأة أنّه مضى,فلمّا خرج من عندها رجع فتحيّل حتّى دخل منزله فكمن تحت سريره وظنّت أنّه قد انطلق,فلمّا توارى عنها رجع حتّى توارى ودخل إلى منزله فكمن تحت السرير الذي كان عليه فراشه وفراش امرأته ولم تدر المرأة به,,ثمّ دخل من موضع خفيّ حتّى صار تحت السرير الذي عليه فراشه,فلمّا توارى عنها عطف فدخل من مكان خفيٍّ حتّى وصل إلى بيته الذي فيه المرأة وفيه سريره وفراشه فدخل تحت السرير وأرخى ستارة السرير وكمن
148,e906754a-e79e-438c-aaec-222df98210ca,Wife Summons Lover,,,ثمّ إنّ المرأة أرسلت إلى خليلها أن ائتنا فأتاها,فأرسلت المرأة إلى خليلها أن ائتنا فقد انطلق التاجر في حاجة سيغيب أيّامًا فأتاها,وأرسلت المرأة إلى خليلها أن ائتنا فإنّ الرجل النجّار قد خرج في حاجة له يغيب فيها أيّامًا فأتاها الرجل,وأرسلت المرأة إلى خليلها أن ائتنا فإنّ التاجر قد انطلق في حاجة سيغيب فيها أيّامًا فأتاها الرجل,فلمّا فصل من عندها أرسلت إلى خليلها بأنّ النجّار قد غاب لحاجة له وهو ماكث عنّا أيّاما فأتاها,فأرسلت المرأة إلى خليلها أن ائتينا فإنّ النجّار قد غاب في شغل سيقيم فيه أيّامًا فأتاها الرجل,فأرسلت من ساعتها إلى صديقها وأعلمته بسفره وأنّه غير راجع إلى أيّام فأتاها صديقها,فأرسلت إلى صديقها فأعلمته ذهابه وأنّه غير راجع أيّامًا,فأرسلت إلى صديقها فأتاها,,وأرسلت المرأة إلى خليلها أن ائتنا فقد انطلق النجّار لبعض شأنه وسيغيب أيّامًا فأتى الرجل,فأرسلت المرأة إلى خليلها أن ائتنا فقد ارتحل النجّار إلى قرية له يغيب فيها عشرون يومًا فأتاها الرجل
149,1ad9fa7c-cfb3-4232-8d9c-89af1edda2c6,Lover Spends The Night,,,وخلا بها على فراش زوجها طول ليله,فأطعمته وسقته ثمّ [[ضا]] ضاجعها على السرير فلبثا في شأنهما ليلًا طويلًا,فهيّأت له طعامًا فأكلا وسقته ثمّ تضاجعا على السرير وأتيا في شأنهما ليلًا طويلًا,فأطعمته وأسقته ثمّ ضاجعها على السرير فلبثا في شأنهما ليلًا طويلًا يتحدّثان,فلمّا جاء خليلها أكلت معه وشربت ثمّ اضطجعا على السرير وكانا كذلك ليلتهما,فأطعمته وسقته ثمّ اضطجعت معه على السرير فكانا كذلك ليلًا طويلًا,فبات عندها,فبات عندها,فبات عندها,,فأطعمته وسقته ثمّ ضاجعته على السرير فلبثا في شأنهما ليلًا طويلًا,فأطعمته وسقته ثمّ ضاجعها على السرير فلبثا في شأنهما ليلًا طويلًا
150,f312d8dc-f15d-4694-b03e-3217c3b9cd0a,Carpenter Falls Asleep,,,ثمّ إنّ النجّار غلبه النعاس فنام فمدّ رجله فخرجت من تحت السرير,حتّى غلب التاجر النوم فخرجت رجله من تحت السرير,ثمّ إنّ النجّار غلبه النعاس فنام فخرجت رجله من تحت السرير,حتّى غلب التاجر النعاس فنام فخرجت رجلاه من تحت السرير,فلمّا كان آخر الليل غلب النجّار النوم وخرجت رجله من تحت السرير,وغلب النجّار عليه النوم فنام فخرجت رجلاه من تحت السرير,فبينما هما يتحدّثان إذ نام زوجها وهو تحت السرير ومدّ رجليه فخرجت رجله من تحت السرير,فبينما هما يتحدّثان وبعينه كلّما يفعلان وإنّه نام ومدّ رجلاه فخرجتا من تحت السرير,فبينما هما يتحادّثان وهو يرى كلّ ما يعملون إذ نعس فنام وأثقله النوم فخرج رِجل الرجل من تحت السرير,,حتّى غلب النجّار النوم فنام تحت السرير فخرجت رجله من تحت السرير,فبينما هما يتحدّثان وهو ينظر كلّ الذي يعملان إذ غلب على النجار النعاس فنام وخرجت رجله من تحت السرير
151,9bf669d7-4b81-4a8b-91f0-367f52882995,Wife Prompts Question From Lover,,,فلمّا رأتها زوجته عرفتها فأيقنت بالشرّ فقالت لخليلها سلْني وارفعْ صوتك وسلْني أيّما أحبّ إليك زوجك أو أنا فسألها,فرأتها امرأته فأيقنت بالسوء وأشارت إلى خليلها أن ارفع صوتك وسلني أيّهما أحبّ إليك أنا أم زوجك فسألها كما أمرته,فرأتها امرأته فأيقنت بالشرّ *فساررت خليلها أن ارفعْ صوتك فسلْني أيّما أحبّ إليك أنا أو زوجك وإذا امتنعت فألحّ عليّ فسألها عمّا قالت,فرأتهما امرأته فأيقنت بالسوء *فسارّت عشيقها أن ارفعْ صوتك *فاسألْني أنا أحبّ إليكي أم زوجك فسألها الرجل عن ذلك,فأبصرت المرأة رجله فعرفته وأيقنت بالسوء فسألت خليلها أن ارفعْ صوتك واسألْني هل أنا أحبّ إليك أم زوجك فسألها خليلها كما أمرته,فرأتها المرأة فعرفتها فأيقنت بالشرّ فساررت خليلها أن ارفعْ صوتك *فاسألْني أنا أحبّ إليك أم زوجك ففعل ذلك,فعرفته زوجته فقالت لصديقها عند ذلك ارفع صوتك واسألني وقل لي أيّما أحبّ إليك أنا أم زوجك كلّ ذلك حيلة منها ومكرًا قال فسألها صديقها عمّا قالت,فنظرت المرأة إلى رجليه وساررت صديقها وقالت له سلني وقل أنا أحبّ إليك أم زوجك وارفع صوتك ففعل,فبصرت به امرأته فأيقنت بالشرّ فسارّت صديقها أن ارفعْ صوتك وسلْني أنا أحبّ إليك أم زوجك فسألها صديقها عمّا قالت,,فرأته المرأة فأيقنت بالسوء وسألت خليلها أن ارفع صوتك فاسئلني فقل أنا أحبّ إليك أم زوجك فإذا امتنعت عليك من الردّ فألحّ عليّ حتّى أجيبك فسألها الرجل عن ذلك,فبصرت بها المرأة فأيقنت بالسوء وسارّت صديقها أن ارفع صوتك فسلني أيّنا أحبّ إليك أنا أم زوجك فإذا أنا امتنعت عليك فألحّ عليّ فأخبرك بذلك وبما أريد فسألها الرجل من ذلك
152,d75b31bb-bd3a-4be9-83e8-c7b935b5de71,Wife Feigns Surprise,,,فقالت يا خليلي ما يضطرّك إلى هذه المسألة,فردّت عليه يا خليلي ما اضطرّك إلى هذا السؤال,فردّت عليه يا خليلي ما يضطرّك إلى هذه المسألة وما حاجتك إليها فألحّ عليها كما أوصته,فقالت يا خليلي ما يضطرّك إلى هذه المسألة,فردّت عليه يا خليلي ما اضطرّك إلى هذه المسألة,فردّت عليه أن يا خليل ما اضطرّك إلى هذه المسألة,فقالت له لعمري لئن ظننت أنّ أحدًا من الناس أحبّ إليّ من زوجي وأكرم عليّ وأبرّ عليّ لقد أخطأت وخاب ظنّي,فقالت له وما سؤالك عن هذا الأمر أظننت أنّ أحدًا من الناس أحبّ إليّ من زوجي أو أكرم عليّ أو أقرّ عندي منه لقد أخطأت,فقالت له وما سؤالك إيّاي عن هذه *المسألة لعمري لئن ظننت أنّ أحدًا من الناس أحبّ إليّ من زوجي وأكرم عليّ منه,,فردّت عليه يا خليلي ما يضطرّك إلى هذه المسألة فقال لها بحقّ ما بيني وبينك إلّا ما أخبرتني,فردّت عليه المرأة أن يا خليلي من اضطرّك إلى هذه المسألة قال فبحقّي عليك إلّا ما أخبرتني
153,21680099-3b29-4ef7-b121-deca8d988855,Carpenter Hears Wifes Speech,,,,,,,,,قال فلمّا سمع زوجها منها هذه المقالة *وثق *منها *بالمحبّة *والمودّة لقولها ذلك,,فاستيقظ زوجها بكلامها فلمّا سمع الجاهل هذه المقالة منها وثق منها وصدّق مقالتها وتحقّق مودّتها,,والنجّار يسمع ذلك كلّه وقد انتبه من نومه وعرف مكان الرجل على سريره,والنجّار يسمع ذلك كلّه وقد استيقظ من نومه وعرف مكان الرجل على سريره
154,814d96ee-f62e-4692-9610-e470ac990f42,Wife Says Lovers Serve Only Pleasure,,,ألم تعلم أنّا معاشر النساء إنّما نريد الأخلّاء لقضاء الشهوة فقط ولا نلتفت إلى أحسابهم ولا أنسابهم ولا إلى ما يتغيّر من أمورهم,فإنّا معشر النساء إنّما نريد الأصدقاء لقضاء الشهوة ولا نلتفت إليهم فهو كبعض الأباعد,فقالت له ألست تعلم أنّا معشر النساء إنّما نريد الأخلّاء لقضاء الشهوة ولسنا نلتفت إلى أحسابهم ولا إلى شيئًا من أمورهم فإذا قضينا من أحدهم هومًا كان كغيره من الناس,ألست تعلم أنّا معاشر النساء إنّما نريد الرجل لقضاء الشهوة ولا نلتفت إلى حسانهم ولا أخلاقهم ولا إلى شيء من أمورهم فإذا قضينا من أحدهم حاجتنا كان كغيره من الأباعد,لست تعلم أنّا معشر النساء إنّما نخالّ الرجال لقضاء الشهوة ولا نلتفت في ذلك إلى أحسابهم ولا إلى أخلاقهم فإذا قضينا شهوتنا صاروا عندنا كغيرهم من الرجال الأبعدين,ألست تعلم أنّا معاشر النساء إنّما نريد الأخلّاء لقضاء الشهوة لا نلتفت إلى إحسانهم ولا إلى أخلاقهم فإذا قضينا ذلك كانوا عندنا كغيرهم من الأبعدين,لأنّنا معاشر النساء لا نحبّ الأخلّاء إلّا لقضاء الشهوة وبلوغ الدنيا ولا نلتفت إلى إحسانهم ولا إلى شيء من أمورهم فإذا قضينا من أحدهم حاجتنا كان عندنا كغيره من الأبعدين,فإنّا معاشر النساء لا نحبّ الأخلّاء إلّا لقضاء الشهوة وبلوغ اللذّة,فإنّا معشر النساء لا نحبّ رجلًا إلاّ لقضاء الشهوة وبلوغ اللذّة ولا نلتفت إلى أحسابهم ولا إلى شيء من أمورهم,,فقالت إنّا معشر النساء إنّما نريد الأخلّاء لقضاء الشهوة فإذا قضينا من أحد وطرًا صار كغيره من الناس,فقالت تعلم أنّنا معشر النساء إنّما نريد الأخلّاء لقضاء الشهوة ولسنا نلتفت إلى أحسابهم ولا إلى أخلاقهم ولا إلى شيء من أمورهم فإذا قضينا من أحدهم حاجتنا كان كغيره من الأباعد
155,4b654a0e-4e98-4c95-ad11-316bdeb9244f,Wife Says Husband Is All To Her,,,وأمّا الزوج فهو بمنزلة الوالد والأخ,فأمّا الزوج فهو عندنا أفضل من الأخ والوالد,فأمّا الزوج فإنّه بمنزلة الأب والأخ والولد وأفضل من منزلتهم,وإنّما الزوج معادل الأخ والولد,وأمّا الزوج فهو كالأب والأمّ,فأمّا الزوج فإنّه بمنزلة الأب والأخ,لأنّ الزوج أفضل للمرأة من الولد والأخ والأب لأن كدّه وسعيه لها وعليها وأنا لك بعد ذلك مُحبّة ووادّة,فإنّ الزوج للمرأة خير من الولد والوالد لأنّ كدّه وسعيه إنّما هو لها وعليها وأنا لك وادّة,,,وإنّما الزوج بمنزلة الأب والأمّ,ولإن ظننّت أن أحدًا من الناس أحبّ إليّ من زوجي وأكرم عليّ منه وآثر عندي من حسن صورته لقد أسأت الظنّ فإنّ الزوج خير للمرأة من الوالدة والوالد والولد والأخ منزلهم لأنّ كدّه وسعيه إنّما هو لها وعليها
156,a6977ab7-42e8-4995-a04f-efe8906d4e5e,Wife Curses Fathless Women,,,فقبّح الله إمرأة لا يكون زوجها عديل نفسها ولا متعّتك بعد هذا بلذّة,فلعن الله امرأة لا يكون زوجها عندها أوفى من خليلها فلا ترجع تذكره,فلحا الله امرأة لا يكون زوجها عندها كعدل نفسها أو أحبّ إليها منها,فلحا الله إمرأة لا يكون عندها زوجها كعديل نفسها فلا أسمعك تذكره مرّة أخرى,فلحا الله امرأة لا يكون زوجها لها عندها كعدل نفسها لأنّ سعيه وكدّه لها وإنّي لا أسمعك تذكره مرّة أخرى,فلحا الله امرأة لا يكون زوجها عندها بعدل نفسها,فلعن الله امرأة لا يكون زوجها عندها عديل نفسها,,,,فقبّح الله امرأة لا تكون حياة زوجها أحبّ إليها من حياء نفسها,فقبّح الله امرأة لا يكون زوجها عندها آثر من نفسها ولا يكون حياته أحبّ إليها من حياتها
157,e568a4e4-95ac-4a65-8c75-6cf46c7636a8,Wife Says She Values Husband,,,,,,,,,ثمّ قالت لصديقها والله إنّ أصبع من يد زوجي أو رجله أفضل عندي منك قال,غير أنّ أصنع مريد زوجي ولقد رجله أحبّ إليّ منك,والله إنّ أصبعًا من يد زوجي أو رجله أحبّ إليّ من ملء الأرض ناسًا ثمّ قالت,,,وأنا لك وادّة وإصبع من يد زوجي أو رجله أحبّ إليّ منك فلا أسمع منك تذكُره مرّة أخرى
158,8152dcef-b943-4714-9d7e-830a071344da,Wifes Speech Charms Carpenter,,,فلمّا سمع زوجها كلامها رقّ لها وأخذته الرحمة,فلمّا سمع التاجر هذه المقالة من امرأته رقّ عليها وبكى ووثق بمودّتها,فلمّا سمع النجّار هذه المقالة وثق من زوجته بالمودّة وبقي موضعه إلى الغد,فلمّا سمع التاجر هذه المقالة من امرأته رقّ لها وأخذته العبرة والرحمة ووثق منها بالمودّة,فلمّا سمع النجار مقالة امرأته رقّ لها وأخذته لها رحمة وعبرة ووثق منها بالمودّة,فلمّا سمع النجّار من امرأته هذه المقالة رقّ لها ووثق منها بالمودّة,فاستيقظ عند ذلك زوجها لكلامها فقال في نفسه إنّ امرأتي شديدة الحبّ لي,فاستيقظ الرجل لكلامها وقال إنّي أرى امرأتي شديدة الحبّ إليّ,ويقول تبيّنت لي منك يا حبيبتي المحبّة الصادقة فاستيقظت,,فلمّا سمع النجّار هذه المقالة رقّ لها ووثق منها بالمودّة,فلمّا سمع النجّار هذه المقالة من امرأته قال في نفسه إنّ هذه امرأتي شديدة الحبّ لي ووثق منها بالمودّة ورقّ لها وأخذته الغيرة والرحمة
159,0b6ba044-b311-45d8-ae86-d65b987bed3d,Carpenter Waits Till Wife Awakens,,,فلمّا أصبح خرج من تحت السرير فوجد امرأته نائمة فقعد عند رأسها يروّحها,ولم يبرح من تحت السرير حتّى أصبح وعلم أنّ خليل امرأته قد خرج ثمّ خرج من تحت السرير فقعد عند رأسها يروّحها,فلمّا علم أنّ الخليل قد خرج قام فوجد امرأته متناومة فقعد عند رأسها وجعل يذبّ عنها,فلم يبرحْ كراهة أن يؤذيهما ولم يزلْ مكانه حتّى أصبح وعلم أن الخليل قد خرج وخرج من تحت السرير فوجد امرأته نائمة فقعد عند رأسها وجعل يذبّ عنها,ولم يبرحْ مكانه حتّى أصبح وأيقن أنّ الرجل قد ذهب ثمّ خرج فوجد امرأته متناومة فظنّها نائمة فقعد عندها يذبّ على وجهها,ولم يبرحْ من مكانه حتّى أصبح وعلم أنّ الآخر قد ذهب فخرج من تحت السرير فوجد امرأته متناومة فجعل يذبّ عنها,فلمّا أصبحت خرج صديقها من عندها وتناومت هي على السرير فخرج زوجها من تحت السرير وجعل يروّح عليها,فلمّا أسحرت أخرجت صديقها وتناومت على السرير فجاءها زوجها فجعل يروّح عليها,فلمّا أصبح أخرجت صديقها ونامت على السرير فخرج زوّجها الشقيّ من تحت السرير وجعل يذبّ عنها,,فلم يبرح من مكانه حتّى أصبح وعلم أنّ الخليل قد ذهب ثمّ خرج فوجد امرأته متناومة فقعد عندها وجعل يذبّ عن وجهها,ولم يبرح من مكانه حتّى أصبح فلمّا أسحرت خرج صديقها وتناومت هي على السرير فخرج زوجها من تحت السرير فقعد عندها يروّح عليها ويذبّ عنها
160,942168cd-828b-46b4-bdba-32602a41d2ef,Carpenter Forgives Wife,,,فلمّا انتبهت قال لها يا حبيبة قلبي نامي فقد بتّ ساهرة ولولا كراهة ما يسوؤك لكان بيني وبين ذلك الرجل صخب وأمر شديد,فلمّا انتبهت قال يا حبيبتي نامي فقد كنت البارحة سهرانة ولولا حفظ قلبك لخاصمت الرجل وإنّما,فلمّا تحرّكت قال لها زوجها يا حبيبة نفسي نامي فإنّك بتّ الليلة ساهرة ولولا كراهة ما ساءك لقد كان بيني وبين ذلك الرجل صخب شديد,حتّى انتبهت قال يا حبيبة نفسي نامي فقد بتّي ساهرة ولولا كراهة ما ساءك لكان بيني وبين ذلك الوجل أمر شديد,ثم إن المرأة التوت كأنّها انتبهت فقال بأبي أنت وأمّي يا حبيبتي كأنّك بتّ ساهرة ولم تزالي منذ الليلة في تعب مع ذلك الحدث ولولا أنّي كرهت *مساءتك لشاتمته ولكنّي أمسكت عن ذلك لما أعرف من إلفك إيّاه,حتّى إذا انتبهت قال لها نامي يا حبيبة نفسي فإنّك بتّ ساهرة ولولا كراهة ما ساءك لكان بيني وبين ذلك الرجل صخب شديد ولكنّي أكرمك لما أعرف منك وأنّي أحبّ الناس إليك,فاستيقظت من نومها فقال لها يا خليلتي ارضي عنّي وتجاوزي عن زلّتي فإنّك لم تزالي طول ليلتك تهذي بي وتذكريني ولولا كراهيتي فيما يسوئك لكان بيني وبين ذلك الرجل قتال عظيم وأمر شديد لكنّي تركت ذلك لوجهك,فانتبهت فقال لها يا خليلتي *** *فإنّك لم *تزالي معنّاة ?مثل الليلة,ويقول تبيّنت لي منك يا حبيبتي المحبّة الصادقة فاستيقظت فقال لها نامي فإنّك لم تزالي الليلة متعوبة ولولا خفت على قلبك لتعديّت على صديقك بالشرّ,,حتّى تحرّكت المرأة كأنّها انتبهت من نوم فقال لها *بنفسي أنت نامي فإنّك بتّ البارحة ساهرة ولولا إنّي كرهت مساءتك لقتلت ذلك الفاجر وصارمتك على ما كان منك,فاستنبهت وتحرّكت كأنّها كانت نائمة قال لها بنفسي أنتي يا خليلتي اغفلي فإنّك لم تزالي تعبانة معنا في هذه الليلة ولولا خوفي على خاطرك لقتلت هذا الرجل *وصاخبتك على ما كان منك
161,f712ed55-cd9d-49de-bc6a-5f566cb3f077,Carpenters Story Comment,,,,,,,,,فمن جهله وقلّة عقله كذّب ما رأت عيناه وصدّق زوجته بكذبها وفجورها ومكرها وحيلتها,فمن جهله وقلّة عقله كذّب بما رأت عينه وصدّق امرأته لهواها,فمن جهله وقلّة عقله كذّب بما رأت عيناه وصدّق امرأته بقولها,,,فمن جهله وقلّة عقله ركن إلى ما سمع من كلامها وصدّق بما سمع من ادّعائها محبّته وسالمها كالمكذّب بما رأت عيناه وشاهد من أمرها واستعبده هواه وغلبه على رأيه
162,0e5436be-2ad8-44e9-b66e-33bb833ff135,Carpenters Story Motivation,,,وإنّما ضربت لك المثل إرادة ألّا تكون كذلك النجّار الذي كذّب بما رأي وصدّق بما سمع,ضربت لك هذا المثل إرادة أن لا تكونوا مثل ذلك التاجر الذي كذّب بما رأى وصدّق بما سمع من الكذب,وإنّما ضربت لكم هذا المثل لئلّا تكونوا كذلك النجّار المكذّب بما عمل وتغافل,وإنّما ضربت لك هذا المثل إرادة أن لا تكون كذلك التاجر المكذّب بصره,وإنّما ضربت لكم هذا المثل لئلّا تكونوا كذلك النجّار المائق الذي كذّب بعلمه وما أبصرت عيناه وصدّق بما سمع من العدوّ ومن كذب امرأته,وإنّما ضربت لكم هذا المثل لئلّا تكونوا كالنجار الذي كذّب بما أبصر وصدّق بما سمع من امرأته,وإنّما ضربت لك هذا المثل إرادة أن لا تكون كالنجّار المكذّب بما رأته عيناه ومصدّق زوجته بما سمع من كلامها,وإنّما ضربت لك هذا المثل,إلى أحسابهم ولا إلى شيء من أمورهم فاستيقظ زوجها بكلامها فلمّا,,وإنّما ضربت لكنّ هذا المثل لئلّا تكونون كذلك النجّار المكذّب عينه المصدّق ما سمع,وإنّما ضربت لك هذا المثل إرادة ألاّ تكونوا كالنجّار المكذّب علمه وبصره المصدّق بما سمع
163,04ddfc9d-92e1-4f60-b92f-1f44be9474c1,Suspect A Fawning Foe,,,,فلا تصدّقوا الغراب في مقالته واذكروا أنّ كثيرًا من الأعداء لا يُستطاع ضرّه إلّا بالمقاربة,فلا تصدّقوا هذا الغراب في مقالته واعلموا أنّ كثير من العدوّ لا يستطيع ضرر عدوّه بالمباعدة حتّى يلتمسه بالمقاربة والمسامحة,وإنّ كثيرًا من العدوّ ولا يستطيع ضرّ عدوّه بالمباعدة على ذلك حتّى يلتمسه بالمقاربة والمماسّة,ولا نصدّق الغراب بمقالته واعلموا أن العدوّ إذا لم يستطيع ضرّ عدوّه بالمباعدة التمس ضرّه بالمقاربة والمناصحة إذا كان ذا أدب,فلا تصدّقنّ هذا الغراب واعلموا أنّ كثيرًا من العدوّ لا يقدر على ضرّ عدوّه بالمباعدة حتّى يلتمسه بالمقاربة,فلا تصدّقوا هذا الغراب الآن فإنّه لا يقدر على ضرّ عدوّه إذا نازعه وهو إذا أمّنّاه لا يُطمئنّ إليه,لتعلم أنّ الغراب ليس بأهل أن يُصدّق,فلا تصدّقوا هذا الغراب لأن العدوّ لا يقدر على ضرّ عدوّه إذا نازعه وهو بعيد منه وإنّما يقدر عليه في قربه منه,,فلا تصدّقن هذا الغراب في مقالته واذكرن أنّ كثيرًا من العدوّ لا يستطيع ضرّ عدوّه بالمباعدة حتّى يلتمسه بالمقاربة,فإيّاكم أن تصدّقوا مقالة الغراب واذكروا أن كثيرًا من العدوّ لا يستطيع ضرّ عدوّه بالمباعدة حتّى يلتمسه بالمقاربة والمماسحة
164,02809446-fff8-4a65-99f4-f759cd2d6370,Objector Became Fearful Of Crows,,,,وإنّي لم أخف الغربان قطّ خوفهم البوم وخاصّة مذ رأيت هذا الغراب,وإنّي لم أخفْ الغربان حتّى رأيت هذا الغراب وسمعت مقالتكم فيه,وإنّي لم أخفْ الغربان قطّ تخوّفي مذ رأيت هذا الغراب وسمعت مقالتكم فيه,ولم أخفْ الغربان قطّ خوفي إيّاهم حتّى رأيت هذا الغراب وسمعت مقالته والقول,وإنّي لم أخفْ الغراب قطّ حتّى رأيت هذا الغراب وسمعت مقالتكم فيه,فإنّي أتخوّف الغربان خوفي إيّاهم منذ رأيت هذا الغراب,,فإنّي لم أتخوّف الغربان قطّ,,وإنّي لم أتخوّف الغربان قطّ كتخوّفي منهنّ منذ رأيت هذا الغراب وسمعت مقالتكنّ فيه,وإنّي لم أخف الغربان قطّ خوفي لهم مذ رأيت هذا الغراب وسمعت مقالتكم فيه
165,934bb707-3906-43e6-9791-c1ad43a77d81,Objector Expects Trickery From Crows,,,,,,,,,,وإنّ المرء لا يقدر على ضرّ عدوّه إلّا بالقرب إليه وإنّ الغربان لم يستطعن القرب منّا ولعلّ هذا لنا حلول بلاء ووقوع محذور,وإن الغربان لم يستطعن أن *ينكوننا بشيء من هذا,,,وإنّ المرء لا يقدر على ضرّ عدوّه إذا نابه نأي عنه وهو يظفر به في قربه منه وإنّ الغربان لم يستطعن أن ينكيننا بشيء إلى يومنا هذا ولعلّ في دنوّ هذا منّا إذا نحن أمّناه وألجأناه واسترسلنا إليه حلول بلاء أو وقوع محذور
166,ad2399e6-3f79-4321-a62b-1d692f2057fa,Objector Advises Death Again,,,,,,,فخذوا برأيي فإنّكم إن تركتم رأيي وضيّعتموه ونبذتم منه بالحزم وما كنت ذكّرتكم به ***,,والرأي قتله وتعجيل إمضاء رأي الملك في قتله,والرأي للملك قتله وتعجيل ذلك من رأيه فيه,وإن رأى الملك قتله وتعجيله إمضاء ذلك,,,والرأي للملك قتله وتعجيل إمضاء ذلك فيه
167,59471e26-b213-47fd-bfa3-c3ca6d721fe0,King O Ignores Objector,,,فلم يلتفتْ الملك إلى قوله ثمّ,فلم يلتفت الملك وسائر وزرائه إلى كلام هذا البوم الذي كان أشار بقتل الغراب,فلم يلتفتْ ملك البوم وسائر وزرائه إلى كلامه,فلم يلتفتْ ملك البوم إلى كلامه,فلم يلتفتْ ملك البوم إليه ولا إلى مقالته وما أشار به,فلم يلتفتْ ملك البوم إليه,قال فلم يلتفت ملك البوم إلى كلام وزيره لجهله وقّلة معرفته,فلم *يلتفت *ملك البوم إلى قتله ولا إلي قوله لجهله رأي وزرائه,فلم يلتفت الملك يعني ملك البوم إلى قوله ولم يسمع منه لجهله وقلّة عقله,,فلم يلتفت مَلك البوم ولا سائر وزرائه إلى قوله,فلم يلتفت ملك البوم وسائر وزرائه إلى قوله ولم يستمع ذلك منه لجهله وقلّة عقله وسخافة رأيه ووزرائه
168,683491a1-afdb-46bc-b89c-3259f040b3ae,Spy Well Accommodated,,,,,ثمّ إنّ ملك البوم أمر بحمل الغراب إلى مكانهم فيُتوصّى به خيرًا ويُكرم ويُحسن إليه,وأمر ملك البوم بالغراب أن يحمل إلى مكانهم ووصّى أن يُصنع به خيرًا ويُكرم,وأمر الغراب إلى منزله بأن يُكرم واستوصى به خيرًا,وأمر بالغراب أن يُحمل إلى منازل البوم ويُكرم ويُستوصى به خيرًا,فأمر بالغراب أن يُحمل إلى موضعه وأمر بإكرامه وأن يُرفق به ويُحسن إليه,واحتمل الغراب فانطلق به إلى مجمع جنده ومكانهنّ وأمر بكرامته والاستيصاء به,وأمر بإحسانه وإكرامه,,وأمر به البوم أن يُحمل إلى مكانهنّ وأن يُستوصى به خيرًا ويُكرم,وأمر ملك البوم أن يُنطلق بالغراب إلى مجمع جنده وإلى مكانهنّ فيُكرم ويوصى به خيرًا حتّي يبرأ من جرحاته
169,3bf23a58-dfd3-4335-b7b4-4d12df27fbe9,Advice Mistrust Spy,,,,فقال للملك إن لم تقتل هذا الغراب فاحذره واحترس منه فإنّه ذو مكر وحيلة ولا أراه فعل هذا إلّا ليهلكنا,فقال الوزير المشير بقتله إذا لم يقتلْ الملك هذا الغراب فليكنْ منزلته منكم منزلة العدوّ المخوف المحترس منه فإنّ الغراب ذو أدب ومكر ومكيدة وما أراه يرضى بالمقام معنا ولا جاء إلينا إلّا لما يصلحه ويفسدنا,فقال الوزير الذي كان يشير بقتلته إذا لن يقتل هذا الغراب فليكنْ منزلته على ذلك منزلة العدوّ المخوف شرّه المحترس منه فإنّ الغراب ذا إرب ومكر ومكائد ولا أراه ولج إلى هاهنا إلّا لما يصلحه ويفسدنا,فقال الوزير الذي كان أشار بقتله إن لم تقتلوا هذا الغراب فلتكنْ منزلته عندكم منزلة العدوّ المخوف واحترسوا منه فإنّه ذو أدب ومكر ولا أراه جاء إلى هاهنا إلّا لما يصلحه ويفسدنا فلم,قال البوم الذي أشار بقتله إن لم تقتلوا هذا الغراب فليكنْ بمنزلة العدوّ المخوف فإنّ الغراب ذو مكر ولا أراه جاء هاهنا إلّا لما يصلحه ويفسد أمرنا فلم,ثمّ قال البوم الذي كان رأيه في قتل الغراب أيّها الملك إن كنت لا تريد قتله فاجعله بمنزلة العدوّ المخوف وأقصِه ولا تطمئنّ إليه ولا إلى كلامه لأنّه عالم ذكيّ دهيّ ذو مكر وحيل وخداع وإنّما أتاك لمنفعة نفسه وأصحابه,ثمّ إنّ البوميّ الذي كان رأيه قتل الغراب قال له أيّها الملك إن كنت لا تريد قتله فاجعله بمنزلة العدوّ وأقصِه عن نفسك وجندك فإنّه عالم دهيّ ذو مكر وخدائع وإنّما أتاك لمنفعة نفسه وأصحابه,فقال البوم الذي كان رأيه قتل الغراب أيّها الملك إن كنت لا تريد قتله فأجعله بمنزلة العدوّ المتخوّف فإنّ الغراب عالم دهيّ ذو مكر وأدب وحيل وخدائع وإنّما أتى لمنفعة نفسه وأصحابه وفسادنا,,قال الوزير الذي أشار بقتله إن لم يُقتل هذا الغراب فلتكن منزلته منكنّ منزلة العدوّ المحترس المخوف منه فإنّ الغراب ذو شرّ وخديعة,فقال الوزير الذي أشار بقتله أيّها الملك إن كنت لا تريد قتل هذا الوزير أي الغراب فليكن منزلته على ذلك منزلة العدوّ المخوف المحترس منه واقْضِه واتّهمه على نفسك وجندك فإنّه عالم دهاء ومكر وأرب وختل وخدع وما أراه رضي بالقيام معنا إلّا لالتماس ما يصلحه ويفسدنا
170,c46ab026-de75-46b5-90a8-ab5fb7119fbb,Everyone Trusts Spy,,,,فآنسوا بالغراب وأطلعوه على سرّهم,فلم يرفعْ الملك بقوله رأسًا ولم يزدْه إلّا كرامة للغراب وإحسانًا إليه,فلم يرفعْ الملك بقوله رأسًا ولم يمنعْه <من> *الإكرام للغراب والإحسان إليه,يرفعْ الملك لقوله رأسًا ولم يمنعْه ذلك من إكرام الغراب والإحسان إليه,يرفعْ الملك بقوله رأسًا ولم يمتنعْ الملك من إكرام الغراب والإحسان إليه,فلم يلتفت ملك البوم إلى ذلك ولم يمنعه ذلك من إكرام الغراب ولا من الإحسان إليه,فهان ذلك على ملك البوم من قوله وصُنعه الذي حضره وجنوده من الهلاك,فهان ذلك على ملك البوم وصنعه للذي حضر وجنوده من الهلاك ولم يمنعه قوله من إكرام الغراب والإحسان إليه,,,فهان ذلك علي الملك وضعه ولم يرفع بقوله رأسًا للذي احتقره هو وجنوده من الهلاك ولم يمنعه ذلك من إكرام الغراب والإحسان إليه
171,f371e5b9-013b-4db7-bcea-a0c51484be79,Spy Charms By Eloquence,,,,,وكان الغراب يكلّمه إذا دخل عليه ويكلّم من يخلو به من البوم كلامًا يزدادون به ثقة في كلّ يوم وإليه استرسالًا وله تصديقًا,وجعل الغراب يكلّمه إذا دخل عليه بألطف ما يجد وكلّم البوم إذا خلا بهنّ,وجعل الغراب إذا دخل على الملك يكلّمه كلامًا رفيقًا فازداد له رقّة وبه لطفًا وإليه استئناسًا واسترسالًا وله تصديقًا وإنصاحًا,وجعل الغراب يكلّمه إذا دخل عليه ويكلّم البوم إذا خلا بهنّ كلامًا رفيقًا ليزددن به في كلّ يوم ثقة وإليه استرسالًا وله تصديقًا,لأنّ الغراب كان لبيبًا عاقلًا فصيح اللسان عارفًا بكلّ ما يحبّ ملك البوم وكان يحدّثه في كلّ يوم حديث يعجبه فاطمأنّ إليه ملك البوم وازداد فيه إعجابًا,وكان الغراب لبيبًا حلو اللسان عارفًا بما يحبّ به ملك البوم فكان يحدّثه كلّ يوم قولًا يعجبه ويطمئنّ إليه,وكان الغراب لبيبًا *عذب اللسان عارفًا بما يحبّ ملك البوم وكان يحدّث له في كلّ يوم قولًا يعجبه,,,وكان الغراب لبيبًا طلق اللسان عارفًا بما يحبّ ملك البوم فكان يحدّث له في كلّ يوم قولًا يعجبه ويطمئنّ إليه ويزداد عزّه والثقة به ويكلّم البوم إذا خلا بهنّ كلامًا يزددن له في كلّ يوم أنسًا وإليه استرسالًا وله تصديقًا
172,bd806fed-36f6-47e5-8c19-daf5729fea43,Objector Outvoted,وكذلك قال كلًّا من البوم سوى الوزير الأوّل الذي أشار بقتله وغلب على رأيه,وكذلك قال كلّ من البوم إلّا ذاك الوزير الأوّل فإنّه لم يشرْ إلّا بقتله فغلبوا على رأيه,,,,,,,,,,,,