unit_order,unit_id,unit_title,A4095,A4095-Mc-English,CCCP578,CCCP578-Mc-English,P3465,P3465-Mc-English,P3466,P3466-Mc-English,P400,P400-Mc-English,R2536,R2536-Mc-English
1,8ed98aa8-2cb8-49ad-b198-3012e46a7f5a,Chapter Title,باب السنّور والجرذ,The Chapter of the Cat and Rat,باب الجرذ والسنّور,The Chapter of the Cat and Rat,باب الجرذ والسنّور,The Chapter of the Cat and Rat,باب الجرذ والسنّور,The Chapter of the Rat and Cat,باب الجرذ والسنّور,The Chapter of the Cat and Rat,باب السنّور والجرذ,The Chapter of the Cat and Rat
2,e28d2615-9a0c-4c9a-8ede-c56a7c5827a9,Abstract,,,,,,,,,,,,
3,b28ab3b3-b8e2-4e42-8b46-d48dc3755e0d,The King Asks about Escaping Enemies,قال الملك للفيلسوف قد سمعت المثل الذي ضربت فاضرب لي الآن إن رأيت مثل رجل كثر عدوّه وحصروه من كلّ جانب فأشرف للهلكة فالتمس المخرج بموالاة بعض العدوّ ومصالحته فسلم ممّا يتخوّف ووفى لمن صالح منهم فأخبرني عن موضع الصلح وكيف يُلتمس ذلك,"“I have heard the parable you presented,” said the King to the Philosopher. “Present to me now, if you will, the parable of a man whose enemies are many and surround him on every side; who is on the brink of perishing; who sought a way out by partnering with one of the enemies, reconciling with him; who was saved from that he feared; and who kept his promise to the one enemy with whom he had reconciled. Tell me about the nature of truce and how that is sought.",قال الملك للفيلسوف قد فهمت ما ذكرت من أمر العلم والعقل وما لصاحبهما من المنفعة والفضل فاضرب لي مثل رجل كثير أعداؤه وقد أشرف على الهلكة منهم والتمس مصالحتهم لما يتخوّفه منهم فأخبرني عن موضع الصلح وكيف ينبغي أن يكون,"“I have understood what you mentioned of the matters of knowledge and reason,” said the King to the Philosopher, “and how a man of both benefits and gains merit. Now, tell me the parable of a man whose enemies are many, and being on the brink of perishing at their hands, sought to reconcile with them, since he feared them. Tell me about the nature of truce and how it should be.”",قال دبيشلم الملك لبيدبا الفيلسوف قد سمعت هذا المثل فاضرب لي مثل رجل كثر أعداؤه وأحدقوا به من كلّ جانب فأشرف معهم على الهلاك فالتمس النجاة والمخرج بموالاة بعض أعدائه ومصالحته فسلم من الخوف وأمن ثمّ وفى لمن صالحه منهم,"“I have heard this parable,” said King Dabīshalm to the Philosopher Baydabā. “Present to me now a parable about a man whose enemies were many and surrounded him on every side, so that he was on their account on the brink of perishing; from whom he, therefore, sought safety and a way out by partnering with one of the enemies, reconciling with him; who was thus saved from his fear and felt secure; and who then kept his promise to the one enemy whom he had reconciled with.”",قال ديشليم الملك لبيدنا الفيلسوف قد فهمت هذا المثل فاضرب لي مثل رجل ضعيف وأعداؤه كثيرة *وحضروه من كلّ مكان فأشفى على الهلاك فالتمس الصلح لبعض أعدائه فسلم بذلك ووفى لمن صالح وأخبرني عن موضع الصلح كيف ينبغي أن يُلتمس,"“I have understood this parable,” said King Dayshalīm to the Philosopher Baydanā. “Now tell me a parable about a man who was weak and his enemies were many and, blocking him from every side, put him on the brink of perishing, so he sought reconciliation with one of his enemies, thereby becoming safe, then kept his promise to the one with whom he had reconciled. So tell me about the nature of truce-how it should be sought.”",قال المَلك للفيلسوف قد فهمت ما ذكرت من أمر الحكم والعقل وما لصاحبهما من المنفعة فاضرب لي مثل هذا الرجل إذا كثر أعداؤه وأشرف على الهلكة فالتمس المخرج بمصالحة بعضهم فسلم ممّا تخوّف ووفى لمن صالحه وأخبرني عن موضع الصلح كيف يكون !محال,"“I have understood what you mentioned of the matters of government and reason,” said the King to the Philosopher, “and how a man of both stands to benefit. Now, tell me the parable of the man who, outnumbered by enemies and on the brink of perishing, sought a way out through reconciling with one of them, was saved from that which had frightened him, and kept his promise",قال المَلك للفيلسوف قد سمعت هذا المثل فاضرب لي مثل الرجل الذي يصير أعداؤه إلى الظفر به كيف يقدر على التخلّص منهم,"“I have heard this parable,” said the King to the Philosopher. “Present to me the parable of the man whose enemies are going to vanquish him-how can he get rid of them"
4,8dff9975-7896-4767-8d61-84595927c558,The Philosopher Responds that Emotions Change,قال الفيلسوف إنّ العداوة والمودّة والبغضاء ليس كلّها تثبت وتدوم وكثير من المودّة يتحوّل بغضًا وكثير من البغض يتحوّل محبّة ومودّة عن حوادث العلل والأمور,"The Philosopher said: “Not all instances of enmity, amity, and hatred become firm and endure. Much affection turns into hatred and much hatred turns into love and affection, as motives and conditions change; and",قال الفيلسوف إنّ العداوة والولاية لا تدوم ولا تثبت وكثير من المودّة يتحوّل بغضًا وكثير من البغضة تتحوّل مودّة عن حوادث العلل والأمور وربّما صار البغض حبًّا والحبّ بغضًا,"The Philosopher said: “Enmity and closeness do not endure and become firm. Much affection turns into hatred and much hatred turns into affection, as motives and conditions change- and hatred might also become love and love hatred.",قال الفيلسوف إنّ المودّة والعداوة لا يثبتان على حالة واحدة أبدًا وربّما حالت المودّة إلى العداوة وصارت العداوة ولاية ولهذا حوادث وعلل وتجارب,"The Philosopher said: “Amity and enmity do not sustain the same state forever: amity might become enmity and enmity might transform into amity. This entails circumstances, causes, and experiences;",قال الفيلسوف إنّ العداوة والولاية والمودّة والبغض ليس كلّها تدوم وتثبت وكثير من المودّة ربّما يتحوّل بغضًا وكثير من البغض يتحوّل مودّة عند حوادث العلل ومعارض الأمور,"The Philosopher said: “Not all instances of enmity, closeness, amity, and hatred endure and become firm. Much affection might turn into hatred, and much hatred does turn into into affection, at any change of motives and upon the arrival of new of circumstances;",<فقال> الفيلسوف إنّ العداوة والولاية ليس كلّها تدوم وتثبت وكثير من المودّة تتحوّل بغضًا وكثير من البغض يتحوّل مودّة عن حوادث العلل والأمور,"me about the nature of truce-how it is” The Philosopher said: Not all instances of enmity and closeness endure and are made firm. Much affection turns into hatred and much hatred turns into affection, as motives and conditions change;",قال الفيلسوف إنّه ينبغي لمن ظفر به أعداؤه وصار إليهم أن يلتمس صداقة بعض أعدائه ويتّخذه خليلًا ويصالحه ليهزم به سائر أعدائه فإنّه ليس كلّ حين يكون الصديق صديقًا ولا العدوّ عدوًّا فإذا رأى الصديق من صديقه كراهة صار منه إلى العداوة وإذا رأى العدوّ من عدوّه منفعة لم يقف على عداوته بل يرجع إلى الصداقة والصفاء,"The Philosopher said: “He who has been vanquished by his enemies and fallen victim to them should seek the friendship of one of the enemies, make him a dear friend, and enter into a pact with him, so as he can defeat, with his aid], the rest of his enemies. For a friend is not always a friend nor an enemy always an enemy: if a friend sees in his friend that which he abhors, he turns to enmity, and if the enemy sees profit to be had from his enemy, he doesn’t hold on to his enmity; rather, he changes to friendship and loyalty."
5,cf2994dc-8253-4e79-8455-05d78345291f,The Intelligent Adapts to Situations,وذوى الرأي والعقل يهيّئ لكلّ ما حدث من ذلك رأيًا من الطبع فيما يحدث من ذلك قبل العدوّ ولا بأس فيما عند الصديق,so a man of reason and intelligence prepares for all such arising events a natural judgment regarding that which ensues with an enemy-and there is no issue with the feelings of a friend.,,,وذو الرأي يحدث لكلّ ما يحدث رأيًا جديدًا أمّا من قبل العدوّ فبالبأس وأمّا من قبل الصديق فبالاستئناس,"and so a man of reason creates for whatever happens a new judgment: for that which comes from the enemy, he uses boldness; and for that which comes from friends, he fosters intimacy.",وذو الرأي يحدث لكلّ حادث من ذلك رأيًا ويعدّ له عدّته عند الطمع فيما قبل العدوّ واليأس بما عند الصديق,"and so a man of reason creates for every such instance a judgment and prepares resources for that accordingly, when he covets that which the enemy has to offer after being disappointed at what the friend couldn’t offer]. A man",فذو الرأي يتحرّك لكلّ ما يطرأ عليه من ذلك عملًا من الطبع فيما قبل العدوّ,and so a man of reason adapts to all such arising changes acting upon the character of the enemy before him.,والعالم هو الذي يصير عند الاضطرار إلى مصادقة أعدائه والذي لا يعلم تسنّد عنه الوجوه في ذلك ولا يعرف له سببًا ولا وجهًا حتّى يهلك في العماء,"The man of knowledge proceeds, when compelled, to befriend his enemies. And he who doesn’t know looses his way of things; and he recognizes neither motive nor direction until he perishes in blindness."
6,f41ab2e5-b602-4a67-83dc-35ed07a5f09d,Enmity Must Not Stop One from Requesting Help,ولا يمنعنّ ذا العقل عداوة كانت لعدوّه من مقاربته والتماس ما عنده إذا طمع منه في دفع مخوف ويُعمِل الرأي في إحداث المواصلة والموادعة,"A man of reason is not hindered by an enmity toward his enemy from approaching him and soliciting aid, if he desires him to avert a scary matter, and so he applies judgment in creating connection and reconciliation;",ولا يمنع ذو العقل عداوة كانت في نفسه لأحد من أقربائه ولا غيرهم من طلب ما عندهم إذا طمع فيه في دفع مخوف أو جرّ منفعة ولا يقصّر في الأخذ بالرأي في إحداث المواصلة,"A man of reason is not hindered by an enmity in his soul toward someone of his kin, or otherwise, from asking aid, if he so covets, to avert a scary matter or draw benefit; and he does not fail to use his judgement in creating a connection,",ولا تمنع عداوة ذا العقل من عاداه بالاستنجاد به على دفع مخوف أو جرّ مرغوب,"Enmity does not hinder a man of reason from … someone who had shown him hostility to seek his aid, if he desires him to avert a scary matter or attract a desired thing;",ولا يمنع ذا العقل عداوة كانت في نفسه لعدوّه من مقاربته والتماس ما عنده إذا طمع منه في دفع مخوف أو إجرار نفع ويُعمل الرأي في إحداث المواصلة والموادعة,"of reason is not hindered by an enmity in his soul toward his enemy from approaching him, soliciting aid, if he desires him to help avert a scary matter or draw benefit; so he applies judgment in bringing connection and reconciliation.",,,,
7,dc50bd0b-ef8a-4c7b-a566-b72be4792465,One's Disposition toward Friends and Foes Changes,,,,,,,,,,,,
8,dd5234fa-2b41-4d93-8053-31c30c0399a1,The Intelligent Man Could Make Friends or Foes ,,,,,,,,,,,,
9,23bb585b-795e-48fc-91d9-f04dd640b7ed,The Resolute Attains His Need,ومن أبصر الرأي في ذلك فأخذ فيه بالظفر بحاجته,for he who sees a fitting judgment for that and acts upon it to attain his need ...,فإنّه من أخذ في تقصير ذلك وعمل فيه بالحزم ظفر بحاجته وأدرك طلبته,for he who preempts such failure and acts diligently in this will attain his need and reach his pursuit.,ومن عمل في ذلك بالحزم ظفر,for he who acts diligently with regards to that will attain his need.,ومن أعمل رأيه في ذلك وأخذ بالحزم ظفر فيه بحاجته وخلص من ورطته,He who employs his judgment on this and acts with diligence will thereby attain his need and emerge from his predicament.,,,,
10,2f213521-7473-42cc-915b-d9327194a8c4, The Parable of the Cat and Rat Is Invoked,ومن أمثال ذلك مثل الجرذ والسنّور الذين اصطلحا حين كان ذلك الرأي لهما صوابًا وكان في صلحهما صلاحهما جميعًا ونجاتهما من الورطة الشديدة,"An example of this is the parable of the rat and the cat, who put their disagreements aside, when such judgment proved sensible to them, and in their agreement was the wellbeing of them both and rescue from dire difficulty.”",ومن أمثال ذلك مثل الجرذ والسنّور اللذين اصطلحا لمّا وقعا في الورطة والشدّة وكان في ذلك صلاحهما جميعًا,"An example of this is the parable of the rat and the cat, who put their disagreements aside when they fell into trouble and difficulty, and therein was the wellbeing of them both.”",ومثل ذلك مثل الجرذ والسّنور حين وقعا في الورطة فنجيا باصطلاحهما جميعًا من الورطة الشديدة,"An example of this is the parable of the cat and the rat, when they fell into trouble, yet were both saved, upon reconciling with one another, from dire difficulty.”",ومن أمثال ذلك مثل الجرذ والسنّور الذين اصطلحا حين وقعا في الورطة والشدّة وكان في ذلك خلاصهما جميعًا ممَّا وقعا فيه,"An example of this isthe parable of the rat and the cat, who put their disagreements aside when they fell into trouble and difficulty, and wherewith came deliverance for them both from what they had fallen into.”",*ومن المثل في ذلك مثل السنّور والجرذ الذين اصطلحا حين وقعا في الورطة والشدّة فكان في ذلك من صلحهم ما فيه *حياتهما,"An example of this is the parable of the cat and the rat, who put their disagreements aside when they fell",ومثل ذلك مثل السنّور والجرذ الذين تخلّصا من الشرك بمصانعة كلّ واحد منهما صاحبه,"A example of this is the parable of the cat and the rat, who escaped from a trap with either one doing the other a favor."
11,05992b63-fc37-47b8-94d3-2fdae95f3b6f,The King Requests the Full Parable,قال الملك وكيف كان ذلك قال الفيلسوف,“And how was that?” said the King.,قال الملك وكيف كان ذلك,“And how was that?” said the King.,قال الملك وكيف كان ذلك قال بيذبا,“And how was that?” said the King.,قال الملك وكيف كان ذلك قال الفيلسوف,“And how was that?” said the King. “The,فقال المَلك وكيف كان ذلك,And how was that said the King.,قال المَلك وكيف كان ذلك قال الفيلسوف,"“And how was that,” said the King."
12,9b8d9ffb-5d99-4130-90f6-ed163fa442fe,The Rat and the Cat Live Next to a Tree,زعموا أنّه كان بأرض سرنديب شجرة من الدوح وكان في أصلها حجر لجرذ يُقال له فريدون وجحر لسنّور يُسمّى روميّ,"“The claim goes,” said the Philosopher, “that, in the land of Sarandīb, there was a tall tree, and at its foot there was the burrow of a rat called Farīdūn and the den of a cat named Rūmī.",قال فيلسوف زعموا أنّه كان بأرض سرنديب شجرة وكان في أصلها جرذ وكان إلى جانب الشجرة جحر,"“The claim goes,” said the Philosopher that, in the land of Sarandīb, there was a tree, at its foot lived a rat, and next to the tree there was",زعموا أنّ شجرة عظيمة كان في أصلها جحر سنّور يُقال له روميّ وقريبًا منه جحر جرذ يُقال له فريدون,"“The claim goes,” said Baydhabā, “that at the root of a great tree was the den of a cat called Rūmī and close by the burrow of a rat called Farīdūn.",زعموا أنّه كان بمكان كذا وكذا شجرة من اليبروط عظيمة وكان في أصلها حجر جرذ يُسمّى فيروز وكان بالقرب من ذلك المكان مكان لسنّور يُقال له روميّ,"claim goes,” said the Philosopher, “that in such-and-such a place there was a great yabrūṭ tree at whose foot was the burrow of a rat called Fayrūz and near that site was the dwelling of a cat named Rūmī.",قال الفيلسوف زعموا أنّه كان بأرض سرنديب شجرة في أصلها جرذ يُسمّى فريدون وإلى جانبها جحر سنّور يُسمّى روميّ,"The claim goes, said the Philosopher that, in the land of Sirandīb, there was a tree at whose foot lived a rat named Farīdūn and next to it was the den of a cat named Rūmī. Hunters",ذكروا أنّ شجرة في بعض البلدان عظيمة في أسفلها سباع كثيرة وفي فروعها وكور للطير وكان في أصل تلك الشجرة سنّور,"“They mentioned that in some region there was a great tree at whose bottom lived many wild animals and on whose branches were nests of birds; that at the root of that tree, there was a cat;13"
13,3d513f01-783e-477d-8464-0733bb00936d,The Cat Is Caught,وكان الصيّادون ربّما اجتازوا بذلك المكان يلتمسون صيد الوحش وأنّ صيّاد أمرّ ونصب حباله ذات يوم فوقع فيها روميّ,"Hunters, at times, passed by that place, seeking to hunt wild game. One such huntsman came by, one day, set his snares, and Rūmī fell into them.",وكانوا قُنّاص تلك البلد كلّ يوم يلتمسوا الأوديّة والمواضع ليلتقوا لهم صيدًا لينتفعوا به فلمّا كان بعض الأيّام مرّوا بتلك الشجرة فوجدوا الطير والوحش يأوي إليها فصاروا يلتزمون ذلك المكان في كلّ وقت [[وكلّ ما]] قال فلمّا كان بعض الأيّام جاء رجل منهم فنصب حباله فوقع فيها ذلك السنّور الذي اسمه رومي قال وكان لمّا وقع السنّور في الحبائل,hunters of that land went every day to valleys and other sites to find game,وكان الصيّادون كثيرًا يتداولون ذلك المكان يصيدون فيه الوحش والطير فنزل ذات يوم صيّاد فنصب حباله قريبًا من موضع روميّ فلم يلبث أن وقع فيه,"Hunters frequented that place, hunting game and fowl there. One day, a huntsman arrived and set his snares near Rūmī’s place-it wasn’t long before he fell into them.” “The",وكان الصيادون ربّما التمسوا صيد الوحوش والطير قرب تلك الشجرة وأنّ صيّادًا نصب حبائلًا له ذات يوم فوقع فيها السنّور,Huntsmen occasionally sought game and fowl near that tree; and that one day one such huntsman set a snare of his into which the cat fell.,فكان القنّاص ربّما التمسوا صيد الوحوش والطير †فرىها وأنّ رجلًا من الصيّادين نصب حباله ذات يوم فوقع في السنّور,"occasionally sought game and fowl there; one day, one such huntsman set his snares, into which the cat.",وكان الصيّادون ربّما التمسوا صيد الوحوش والطير قرب تلك الشجرة وأنّ صيّادًا نصب حبائله ذات ليلة فوقع فيها السنّور,"that huntsmen at times used to seek game and fowl near that tree; and that one night one such huntsman set his snares, into which the cat fell."
14,a722e18e-8067-46a5-9ee2-c745688633fa,The Rat Seeks Food,وخرج الجرذ يبتغي ما يأكل وهو مع ذلك حذر يتلفّت وينظر فلمّا رأى السنّور مقتنصًا في الحبال فرح,"“The rat came out wanting to eat something, yet all the while cautious, turning around, surveying; upon seeing the cat trapped in the snares, he rejoiced.",خرج الجرذ يلتمس له شيئًا يقتات به وصار الجرد لمّا رأى السنّور في الحبائل خائفًا على نفسه وهو يلتفت يمينًا وشمالًا ثمّ نظر السنّور في الحبائل ففرح فرحًا شديدًا كأنّه قد وقع بفرصة,"the rat was coming out to seek some nourishment. Upon seeing the cat in the snares, he became afraid for himself, turning left and right. Then saw the cat in the snares and rejoiced greatly at that, as if he fell upon an opportunity.",فخرج الجرذ يدبّ ويبغي ما يأكل وهو حذر من روميّ فبينما هو يسعى إذ بصر به في الشرك فسُرّ واستبشر,"rat came out creeping, wanting something to eat, yet cautious of Rūmī. As he was pursuing his search he noticed him in the net; so he was pleased, welcoming the sight He",وخرج الجرذ يدبّ ليبتغي ما يأكل وهو مع ذلك حذر يتلفت وينظر فلمّا رأي السنّور مقتنصًا في الحبائل فرح بذلك,"“The rat came out creeping, to seek something to eat, yet all the while cautious, turning around, surveying; upon seeing the cat trapped in the snares, he rejoiced at it.",وخرج الجرذ يدبّ في ابتغاء ما يأكل وهو يلتفت وينطر فلمّا رأى السنّور في الحبال فرح لذلك,"The rat came out creeping, seeking something to eat, turning around, surveying; upon seeing the cat in the snares, he rejoiced at it.",فخرج الجرذ فدبّ يلتمس ما يأكل وهو مع ذلك حذر يلتفت يمينًا وشمالًا فلمّا رأى السنّور في الحبال فرح,"The rat came out and crept along seeking something to eat, yet all the while cautious, turning right and left. Upon seeing the cat in the snares, he rejoiced."
15,1505dede-f614-426d-8c7b-8364589df51c,Foes Surround the Rat,ثمّ التفت خلفه فأبصر ابن عرس قد تبعه فنظر فوقه فإذا بومة على شجرة ترصده فخاف إن انصرف راجعًا أن يثب عليه ابن عرس وإن ذهب يمينًا أو شمالًا أخذته البومة وإن تقدّم فالسنّور أمامه,"He then turned behind him and saw that a mongoose had tracked him; and looking over his head, he saw an owl, atop a tree, watching him. And so, he feared-that if he turned back, the weasel would jump on him; that if he moved left or right, the owl would take him; and that if he stepped forward, the cat was right in front of him.",عليه ابن عرس وإن هو تقدّم أن يأخذه السنّور فبينما هو فرحان إذ نظر إلى خلفه فإذا هو بابن عرس ثمّ رفع طرفه نحو الشجرة فإذا هو ببومة على الشجرة فخاف على نفسه إن هو انصرف وثب,"While joyful, he happened to look behind and suddenly saw a mongoose; he then raised his eye toward the tree and saw an owl on the tree. And so, he feared for himself: if he turned back, the mongoose would jump on him and if he stepped forward, the cat would take him.",ثمّ التفت فرأى خلفه ابن عرس يريد أخذه وفي الشجر بومًا يريد اختطافه فتحيّر في أمره وخاف إن رجع وراءه أخذه ابن عرس وإن ذهب يمينًا أو شمالًا اختطفه البوم وإن تقدّم أمامه افترسه السنّور,"then turned and saw behind him a mongoose who wanted to take him, and in the tree an owl who wanted to snatch him. And so he became perplexed about his situation. He feared- that if he stepped back, the mongoose would take him; that if he moved right or left, the owl would snatch him; and that if he stepped straight ahead of him, the cat would kill him as prey.”",ثمّ التفت خلفه فأبصر ابن عرس قد تبعه وكمن له ونظر فوقه فإذا بومة في الشجرة ترصده فخاف إن انصرف راجعًا أن يثب عليه ابن عرس وإن ذهَب يمينًا وشمالًا أن تخطفه البومة وإن هو تقدّم أمامه أكله السنّور,"He then turned behind him and saw that a mongoose had tracked him and lay in wait; and looking over his head, he saw an owl, atop the tree, watching him. And so he feared-that if he turned back, the mongoose would jump on him; that if he moved left or right, the owl would snatch him; and that if he stepped forward the cat would eat him.",ثمّ نظر خلفه فإذا هو بابن عرس قد اتّبعه فكمن له ونظر فوق الشجرة فإذا هو ببومة ترصده فخاف إن هو انصرف أن يثب عليه ابن عرس وإن ذهب يمينًا وشمالًا أن تخطفه البومة وإن هو تقدّم أن يأخذه السنّور,"Then he looked behind and saw that a mongoose had tracked him and lay in wait, and looking toward the top of the tree, he saw an owl watching him. And so, he feared- that if he turned back, the weasel would jump on him; that if he moved left and right, the owl would snatch him; and that if he stepped forward, the cat would take him.",ثمّ التفت فأبصر ابن عرس قد اتّبعه وكمن له ونظر فوقه فإذا بومة على الشجرة ترصده فخاف إن انصرف راجعًا أن يثب عليه ابن عرس وإن ذهب يمينًا أو شمالًا أن تختطفه البومة وإن تقدّم فالسنّور أمامه,"Then he turned around and saw that a mongoose had tracked him and lay in wait, and looking over his head, he saw an owl, atop the tree, watching him. And so, he feared-that if he turned back, the mongoose would jump on him; that if he moved left or right, the owl would snatch him; and that if he stepped forward, the cat was right in front of him."
16,c8d0b54f-e304-489c-8084-e751e699a227,The Rat Weighs His Predicament ,فقال الجرذ هذا بلاء قد اكتنفني وشرار قد تظاهرت عليّ ولا مفزع لي إلّا إلى عقلي وحيلتي فلا يكوننّ الدهش من شأني ولا يذهبنّ قلبي شعاعًا,"“‘This is trouble which has besieged me’ said the rat and evils that have come upon me in succession, and I have no resort but to my sense and ingenuity. I should not fall into confusion and be disheartened;",فقال هذه بلايا اكتنفتني وشرور قد تظاهرت عليّ ولا مفزع لي إلّا حيلتي وعقلي فلا يكوننّ من شأني الدهش ولا يذهب قلبي شعاعًا,"‘These are troubles that have besieged me,’ he said, ‘ ,and evils that",فقال في نفسه هذا بلاء قد اكتنفني وشرور تظاهرت عليّ ومحن قد أحاطت بي وبعد فمعي عقلي فلا يفزعني أمري ولا يهولنّني شأني ولا يلحقني الدهش ولا يذهب قلبي شعاعًا,"“These are troubles that have besieged me,’ he therefore said to himself. ‘Evils have come upon me in succession, and trials have surrounded me. Yet I still have my intelligence: my situation should not frighten me, nor my affair should terrify me, perplexity overtake me, nor should I be disheartened.",فقال هذه بلايا قد اكتنفتني وشرور قد تظاهرت عليّ ولا مفرغ لي إلاّ عقلي وحيلتي وليس ينبغي أن يغلب عليّ الدهش ولا يذهب عقلي شعاعًا,"‘These are troubles that have besieged me,’ he said, “and evils that have come upon me in succession, and I have no resort but to my sense and ingenuity. I should not be overtaken by confusion, and my intelligence must not be scattered in dismay].",فقال هذه بلايا اكتنفتني وشرور قد تظامرت عليّ ولا يرجع إلّا لعقلي وحيلتي فلا تكوننّ من شأني الدهش ولا يذهب قلبي شعاعًا,"‘These are troubles that have besieged me,’ he said, ‘and evils that",فقال الجرذ ينبغي إليّ أن أستعين بالحلم والمودّة والاحتيال لهذا الأمر حتّى أتخلّص منه,"The rat said, “I need to rely upon self-control, friendliness, and cunning to deal with this matter, so that I can escape from it,"
17,8f48103d-687b-48de-8984-82b0bbfcc9da,Intelligence Is Revealed in Crises,,,,,,,,,,,,
18,0b9c6aa9-07b5-475a-beaa-03866ae6f72d,The Intelligent Always Keeps Alert,فإنّ العاقل لا يتفرّق عليه رأيه ولا يعزب عنه عقله على حال,"the sensible man does not lose judgment and his intelligence does not abandon him, whatever the circumstance,",فإنّ العاقل لا يفترق عليه رأيه ولا ينصرف عنه عقله على حال,"the sensible man does not lose judgment and his intelligence does not abandon him, whatever the circumstance. for",فالعاقل لا يفرق عنه رأيه ولا يغرب عنه ذهنه على حال,"The sensible man does not lose his judgement, and his mind does not abandon him, whatever the circumstance;",فإنّ العاقل لا يتفرّق عليه رأيه ولا يغرب عنه عقله على حال,"The sensible man does not lose judgment, and his intelligence does not abandon him, whatever the circumstance;",فإنّ العاقل لا يتفرّق عليه [[عقله]] رأيه ولا يعرب عنه عقله على حال,"the sensible man does not lose judgment and his intelligence does not abandon him, whatever the circumstance.",,
19,2a49ee2c-5ddc-439a-8e0c-642e8ca711f3,Intelligence Is Like the Sea,وإنّما عقول ذوي الرأي كالبحر الذي لا يُدرك غوره,for the minds of the level-headed are like the sea whose depth cannot be reached.,وإنّما عقول ذوي الألباب كالبحر الذي لا يُدرك غوره,"the minds of the wise are like the sea whose depth cannot be reached,",وإنّما العقل شبيه بالبحر الذي لا يُدرك غوره,for intelligence resembles the sea whose deeps cannot be reached. The,وإنّما عقول ذوي العقول كالبحر الذى لا يُدرك غوره,for the minds of the intelligent are like the sea whose depth cannot be reached.,ولكن النبل في هذا كالبحر الذي <لا> يُدرك غوره,"Indeed, agood judgment in this is like the sea whose depths cannot be reached,",فإنّ قلوب العلماء بحر عميق لا يُدرَك غوره,"for the hearts of the knowledgeable are a deep sea whose depth cannot be reached,"
20,786b0613-3211-4ac8-abe0-922c77517e90,Situations Do Not Blind the Intelligent,ولا يبلغ البلاء من ذي الرأي مجهود عقله فيهلكه ولا للرخاء يبلغ منه مبلغًا ينظره ويشكره ويعمي عليه أمره,"Trouble does not affect the level-headed man with the loss of his sense as to cause him to perish; and neither should comfort affect him so as to make him complacent, exuberant, and blind to his situation.",ولا يبلغ البلاء من ذي رأي ما يذهل عقله فيهلكه,and trouble does not so much affect a level-headed man as to stupefy his mind and cause him to perish.,ولا يبقى ذو الرأي مجهودًا ولا ينبغي للرجل أن يبلغ به رأيه مبلغًا يعمي عليه أمره,level-headed man does not remain exhausted; and one should not allow one’s disposition to reach the point where one becomes blind to one’s situation.,ولا يبلغ البلاء من ذي الرأي مجهوده فيهلكه ولا الرجاء ينبغي له أن يبلغ منه مبلغًا ينظره ويسكره ويعمي عليه أمره وينبغي لي أن أستعمل عقلي,"Trouble does not affect the level-headed man’s capacities as to cause him to perish; nor should hope affect him to a point where he is made complacent, intoxicated, and blind to his situation. I must use my intelligence!’”",ولا يبلغ البلاء من ذوي الرأي ولا سيّما مجهود عقله فيهلكه والرجاء منه مبلغًا,"and trouble does not so much take over a level-headed man-especially over his intelligence-as to cause him to perish, while hope is attainable.",ولا يبلغ البلاء من ذوي العقول مجهود عقولهم ولا الرجل ينبغي له أن يبلغ مبلغًا يشكّه فيه ويعمى عليه,and trouble does not affect the men of intelligence with the loss of sense; and neither should one reach a point where one doubts oneself and becomes blind to one’s situation.”
21,65d548ad-2527-4090-af4a-af93b61c4a31,The Rat Decides on a Pact with the Cat,ثمّ قال لا أرى حيلة أمثل من التماس صلح السنّور فإنّ السنّور قد نزل به بلاء ولعلّي أقدر على صلاحه ولعلّه لو قد سمع منّي ما أكلّمه به من الكلام الصحيح الذي لا خداع فيه أن يفهم عنّي ويطمع في معونتي ويستلين لذلك بصلحي ولعلّي يكون له ولي في ذلك نجاة,"Then he said, ‘I see no better strategy than to seek reconciliation with the cat, for the cat has been beset by trouble, and I might be able to bring about his well-fare. Perhaps, if he listens to what I’m going to address him with-words that are genuine and without deceit-he would understand me, would desire my help,and would be reassured to reconcile with me. Perhaps, this will hold, for me and him, the rescue.’”",ولا حيلة أمثل من التماسي صلح السنّور فإنّه قد نزل به قادح ولعلّي أقدر على تخليصه ولو قد سمع ما أنا قائل له من الكلام الصحيح الذي لا خداع فيه لفهمه عنّي وطمع في [[مودّتي]] معونتي ولعلّه يكون لي وله في ذلك نجاة,"I see no better strategy than for me to seek reconciliation with the cat, for he has been beset by a harmful affair, and I might be able set him free. If he listens to what I’m going to say to him, in words that are genuine and without deceit, he would understand me and would desire my amity my help, and this could be, for me and him, the rescue.’",ولست أرى لي من هذا البلاء مخرجًا إلّا مصالحة السنّور فإنّه قد نزل به من البلاء مثل ما قد نزل بي أو بعضه ولعلّه إن سمع كلامي الذي أكلّمه به ووعي عنّي فصيح خطابي ومحض صدقي الذي لا خلاف فيه ولا خداع معه فهمه وطمع في معونتي إيّاه فنتخلّص جميعًا,"I see no way out for me from this trouble except reconciliation with the cat, for he has been beset by the same trouble that has beset me-or part thereof. Perhaps, if he listens to my words, which I shall address him with, and heed my eloquent address and pure sincerity, about which there is no disagreement and with which comes no deceit, he will understand it and desiremy help to him, thus delivering us together.’”",ثمّ قال لا أرى في حيلة أفضل من التماس صلح السنّور فإنّ السنّور قد نزل به من البلاء ما لا يستطيع أحد أن يخلّصه غيري ولعلّه لو قد [[قد]] سمع منّي ما أكلّمه به من الكلام الصادق الذي لا خداع فيه أن يفهم عنّي ويطمع في معونتي فيصالحني لنفع نفسه فيكون لي وله في ذلك خلاص,"“Then he said, ‘I see no more excellent strategy than to seek reconciliation with the cat, for the cat has been beset by the kind of trouble that no one can rid him of], except me. Perhaps, if he listens to what I’m going to address him with-truthful words that bear no deceit-he would understand me and would desire my help, reconciling with me for his own benefit, wherewith bringing], for me and him, salvation.’”",ولا أرى حيلة أحسن من التماس صلح السنّور فإنّه قد نزل به فادح ولعلّي عنّي وطمع في معيشتي ولعلّه يكون في ذلك لي وله نجاة,"I see no better strategy than to seek reconciliation with the cat, for he has been beset by a grave burden. I could … me, and he would desire my remaining alive, and in that could lie my and his rescue.’",أمره ثمّ قال لا أرى حيلة أبلغ من التماس صلح السنّور فإنّه قد أصابه من الشرّ ما لا يستطيع أحد أن يخلّصه منه غيري فلعلّه يصالحني لنفع نفسه فأتخلّص به أيضًا من هذا !الشرف الذي أنا مشرف عليه,"He then said: “I see no strategy more effective than to seek reconciliation with the cat, for he has been beset by the kind of evil of which no one can rid him, except me. He might, therefore, enter into an agreement with me to benefit himself, so that I too escape from this evil I am verging upon.”"
22,b62e8a87-9c68-40f2-81f5-b44a4ecdf321,The Rat Comes Up to the Cat,ثمّ دنا منه فقال كيف حالك,"“He approached him and said, ‘How are you?’",ثمّ إنّ الجرذ دنا من السنّور فقال له كيف,"“And so the rat approached the cat and said,",ثمّ أنّ الجرذ دنا من السنّور فقال له كيف حالك,"“And so the rat approached the cat and said, ‘How are you?’",,,ثمّ دنا منه فقال له كيف حالك,"He approached him and said, ‘How are you?’",ثمّ دنا من السنّور فقال له كيف حالك,"He approached the cat and said to him, ‘How are you?’"
23,a66a2ffc-f6d7-44a8-83fa-dfa57a44956b,The Cat Acknowledges Being Trapped ,فأجابه السنّور كالذي تهوى في الضنك والضيق,"The cat answered, ‘As you would fancy-in dire straits.’",حالك فقال كالذي ترى وتهوى في الضيق والضنك,"‘How are you?’ The cat said, ‘As you can see and would fancy-in dire straits.’",قال كما تحبّ في ضنك وضيق,"‘As you would like,’ he said, ‘in dire straits!’ ‘And today,",أفضل من التماس صلح السنّور فإنّ السنّور قد نزل به,"“So he said to him, ‘How are you?’ He said, ‘As you would fancy - in dire straits!’",قال له السنّور كالذي تهوى في الضيق والضنك,"The cat said, ‘As you would fancy-in dire straight .’",فقال كالذي تهواه من الضنك والضيق فما مساءلتك إيّاي,"He said, ‘As you would fancy-in dire straits. Why do you ask?’"
24,d49ef126-c512-4c85-b2e4-8a8fd4f565f7,The Rat Resolves to Be Sincere,,‘I,,,,,,,,,,
25,cd7fe811-83d4-46ba-94f5-5ca14991330c,The Rat Points Out Their Common Problem,قال الجرذ لا تكذيب لك لعمري لقد كان يسرّني ما ساءك وأرى ما ضُيّق عليك لي سعة ولكنّي اليوم قد شاركتك في البلاء فلا أرجو لنفسي خلاصًا إلّا بالأمر الذي أرجو لك به الخلاص فذلك الذي عطّفني عليك,"wouldn’t accuse you of lying,’ said the rat, ‘for I swear that I used to find delight in everything that used to sadden you, and I used to view that which constrained you as comforting to me. Today, however, I have joined you in trouble, and I can only hope to be delivered through hoping that the same thing will deliver you; it is this that has made me feel compassion toward you.",فقال الجرد لا كدت لعمري لقد كنت وأنا يسرّني ذلك وكلّما يسوءك وأرى ما ضيّق عليك لي سعة ولكن قد شاركتك في البلاء فلست أرجو لنفسي خلاصًا إلّا بالذي أرجو لك به فقد عطفني لك عليك,"‘I wouldn’t dupe you,’ said the rat, ‘for I swear that I used to find delight in that and everything that used to sadden you, and I used to view that which constrained you as comforting to me. However, I have now joined you in trouble, and I can only hope to be delivered through hoping the same for you, for this has made me feel compassion toward you.",قال وأنا اليوم شريكك في البلاء ولست أرجو لنفسي خلاصًا إلّا بالذي أرجو لك من الخلاص وكلامي هذا ليس فيه كذب ولا خديعة,"I’m your partner in trouble,’ he said. ‘I can only hope to be delivered through hoping that you similarly be delivered. These words of mine contain no lie or deceitfulness.",قال الجرذ {إنّي أحدّثك حديثًا} لا أكذب فيه لعمري قد كنت أوّلًا يسرّني ما ساءك وأرى ما ضيّق عليك لي سعة ولكنّي اليوم قد شاركتك في البلاء وقد نزل بي من الضنك ما لا يسرّنى به موتك فأنا شريكك ولست أرجو خلاصًا إلاّ بالذى أرجو لك فيه الخلاص فذلك هو الذي عطّفنى عليك وأنت أيضًا فليس أحد أقدر على معونتك وتخليصك من هذه الورطة منّي,"The Rat said: ‘{I shall tell you something in which I will not lie: I swear that before I found delight in everything that saddened you, and I viewed that which constrained you as comforting to me. Today, however, I have joined you in trouble and have been so beset by dire straits that your death cannot delight me-I am your partner in misfortune], and I can only hope to be delivered through hoping that you be delivered, too]; it is this that has made me feel compassion toward you. You, too: no one is more capable of helping you get out of this plight than I am.",قال الجرذ لعمري لقد كان يسوءني ما يسرّك ولربّما كنت أحبّ يضيق عليك أمرك ويقرب منك أجلك ولكنّه قد نزل بي من الشرّ ما لا يسرّني معه ضيق مكانك ولا موتك وأنت أيضًا ليس أحد أقدر على تخليصك من هذا المكان منّي,"‘I swear,’ said the rat, ‘that which delighted you used to sadden me, and I might have liked for your conditions to be dire and for your end to be near. However, I have been so beset by evils that neither the precariousness of your situation nor your death can delight me. You, too: no one is more capable of getting you out of this situation than I am.",قال الجرذ لا أكذب فإنّ الكذب مكروه عند العلماء وربّما كنت أحبّ أن يضيق عليك أمرك ويقرب منك أجلك ولكنّي قد نزل بي من الشرّ ما لا يسرّني أن يضيق مكانك ولا موتك وليس أحد أقدر منّي على خلاصك,"‘I will not lie,’ said the rat, ‘for lying is abhorred by the men of knowledge"
26,919f8eba-f500-4648-bdbe-353e25737b67,The Rat Proves His Sincerity,وستعرف في مقالتي أن ليس فيها ريب ولا مخادعة فإنّه قد ترى مكان ابن عرس كامنًا لي والبومة تريد اختطافي وكلّهم لي ولك عدوّ وهما يخافانك ويهابانك فإن أنت جعلت لي أن تؤمّنّي إن أنا دنوت منك فأنجو بذلك منهم فإنّي مخلّصك ممّا أنت فيه فاطمئنّ إلى ما ذكرت وثق بي,"You will know that my words bear neither doubt nor deceit, for you can see the mongoose lying in ambush for me, and the owl wants to snatch me, and both, to me and you, are enemies. They, however, fear and respect you. So, if you provide to secure me as I approach you, thus saving me from them, I will deliver you from what you are in. Be reassured as to what I have mentioned and trust me.",وستعرف مقالتي أنّها ليست بزور ولا خِلابة ولا خديعة فإنّك ترى مكان ابن عرس كامنًا لي والبومة تريد اختطافي وكلاهما لي ولك عدوّ وهما يخافانك ويتّقيانك فإن جعلت لي أن تؤمّنّي إذا دنوت منك فأنجو منها بك وأقطع حبالك ثمّ أخلّصك ممّا كنت أنت فيه فعلت,"You will know that my words are neither false nor scheming or deceitful, for you can see where the mongoose is lying in ambush for me, and the owl wants to snatch me, and both, to you and me, are enemies. They, however, fear and avoid you. So, if you provide to secure me as I approach you-thus saving myself from them-to cut your bonds and deliver you from what you are in, I would do so.",وابن عرس ها هو كامن لي والبوم يرصدني وكلاهما لي ولك عدوّ فإن أنت جعلت لي الأمان قطعت حبائلك وخلّصتك من هذه الورطة فإذا كان ذلك تخلّص كلّ واحد منّا بسبب صاحبه,"The mongoose, here, is lying in ambush for me, and the owl is watching me, and both, to you and me, are enemies. So if you provide me with safety, I shall cut your bonds and deliver you from this trouble. If that happens, either one shall be delivered by the other- as with",وستعرف صدق مقالتي وأنّه ليس فيها كذب ولا مخادعة قد ترى مكان ابن عرس كامنًا لي ومكان البومه تريد اختطافي وكلاهما لي عدوّ وهما يخافاك ويتّقيانك فإن أنت أمّنتني وعاهدتني ألّا تقتلني دنوت منك وقطعت حبالك وخلّصتك ممّا أنت فيه ونجوت بذلك فاطمئنّ إلى ما ذكرت وثق به منّي,"You will know the truth of my words and that they bear no lie or deceit. You can see where the mongoose is, lying in ambush for me, and where the owl is, wanting to snatch me, and both are my enemies. They, however, fear and avoid you. If you safeguard me and vow not to kill me, I shall approach you and cut your cords, delivering you from that in which you are and saving myself in the act. Be reassured as to what I have mentioned, and trust me through it.",وإنّما على †ىعرف †حدر من ابن عرس والبومة فإنّما يرصداني وأنا ضعيف لا أطيق دفعهما فإن أنت أمّنتني من نفسك وضنت لي الخلاص من غيرك مّمن قد اكتنفني ورصدني أنقذتك ممّا أنت فيه وخلّصتك من وثاقك فاغتنم ذلك,"I am weary of the weasel and the owl: they are watching me, and I am weak, incapable of fending them off. If you guarantee me restraint on your part and ensure deliverance from the others that have besieged and are watching me, I will save you from that in which you are and deliver you from your bonds. Seize on that, then,",وأنا حذر من ابن عرس والبومة فإنّهما يرصداني وأنا ضعيف لا أقدر على دفعهما فإن أنت آمنتني من نفسك وضمنت لي الخلاص من غيرك قد أخافني وأرصدني أنقذتك ممّا أنت فيه وخلّصتك من وثاقك فانتهز ذلك وعاونّي على خلاصك وخلاص نفسي,"situation. I am weary of the mongoose and the owl: they are watching me, and I am weak and cannot fend them off. If you guarantee me restraint on your part and ensure deliverance from the others who scare me and are watching me, I will save you from that in which you are and deliver you from your bonds. Seize on that, and help me deliver you and myself;"
27,e5413dbc-0717-4980-a6ac-a3288a02785a,People Fail without Mutual Trust,فإنّه ليس أحد أبعد من الخير من اثنين منزلتهما واحدة وصفتهما مختلفة أحدهما من لا يثق بأحد والآخر من لا يثق به أحد,"For no one is farther from the good than two whose situation is the same and their quality is different: one, is he who trusts no one; and the other, is he whom no one trusts.",فإنّه ليس أحد أبعد من الخير من اثنين منزلتهما واحدة وصفتهما مختلفة وأحدهما لا يثق والآخر لا يُوثق به,"No one is farther from the good than two whose situation is the same, their quality is different, and one is distrustful and the other cannot be trusted.",,,فإنّه ليس أحد أبعد من الخير من اثنين منزلتهما واحدة وصفتهما مختلفة أحدهما من لا يثق بأحد والآخر من لا يثق به أحد,"For no one is farther from the good than two whose situation is the same and their quality is different: one, is he who trusts no one; and the other, is he whom no one trusts.",,,,
28,8e5140d3-e06e-49fa-ab7f-88ca274049d1,The Rat Promises Faithfulness,ولك عندي الوفاء بما جعلت لك من نفسي فاقبل منّي واسترسل إليّ وعجّل ذلك ولا تؤخّر,I will fulfill to you the commitment I pledged on my behalf. So do accept my proposal and be open to me-make haste in that and don’t delay,ولك عندي الوفاء بما جعلت لك على نفسي فاقبل مني واسترسل إلىّ وعجّل ذلك,"I will fulfill my commitment to you. So do accept my proposal and be open to me; and make haste in that, for the sensible",,,ولك عندي الوفاء بما جعلت لك من نفسي فاقبل ذلك منّي واسترسل إليّ ولا تؤخّر الأمر ما استطعت,I will fulfill to you the commitment I pledged on my behalf. So do accept this from me and be open to me. Don’t delay the matter while you can,,,,
29,9df23ced-7abd-4df3-9b2d-f5e089acd64f,The Intelligent Does Not Postpone Action,فإنّ العاقل لا يؤخّر عمله,For the sensible man does not postpone his action. And let yourself,فإنّ العاقل لا يؤخّر عمله,man does not postpone his action.,,,فإنّ العاقل لا يؤخّر عمله في حينه,The sensible man does not postpone his action beyond its time.,,,,
30,eb4a0dd4-9931-4bf4-9776-57190cbc3d2e,The Cat Should Desire Common Rescue,ولتطب نفسك ببقائي كما طابت نفسي ببقائك,"be pleased by my survival as I will be pleased by yours,",ولتطب نفسك ببقائي كما طابت نفسي ببقائك,"And let yourself be pleased by my survival as I will be pleased by yours,",,,فلتطِبْ نفسك ببقائي كما طابت نفسي ببقائك فإنّ كلّ واحد منّا إنّما ينجو بصاحبه,"And let yourself be pleased by my survival as I will be pleased by yours, for either one of us shall indeed be saved by the other- as with",وعاونّي في خلاصك وخلاص نفسي فإنّي كما أحببت بحياتي حياتك فكذلك أنت حقيق أن تحبّ بحياتك حياتي وخلاص نفسي,"and help me deliver you and myself, for as I desire my survival",فإنّه كما أحببت بحياتي حياتك فلذلك أنت أيضًا حقيق أن تحبّ بحياتي حياتك وخلاصي وخلاص نفسك,"for as I desire my survival to be bound to your survival, you, too, should desire my survival to be bound to your survival and desire deliverance for me and yourself."
31,bdd68c89-7a27-4565-99fa-daffa41b9795,Sailors Depend on Ships and Vice Versa,فإنّ كلّ واحد منّا ينجو بصاحبه كالسفينة والركّاب في البحر فبالسفينة تخرج الركّاب وبالركّاب تخرج السفينة,"for each one of us will be saved by the other, as with a ship and its passengers at sea: it is by the ship that the passengers are delivered, and it is by the passengers that the ship is delivered.",فإنّ كلّ واحد منّا ينجو بصاحبه كالسفينة والركّاب يتخلّص بها أهلها ثمّ تخرج بهم فيتخلّص,"for each one of us will be saved by the other, as with a ship and its passengers-they are delivered by the ship, which in turn emerges from the sea and is delivered by them.",كالسفينة والركّاب في البحر فبالسفينة ينجون وبهم تنجو السفينة,a ship and its passengers at sea: by the ship they are delivered and by them the ship is delivered.’”,كالسفينة في البحر إنّما تنجو بالركّاب وبالسفينة ينجو الركّاب,a ship at sea: it survives with the help of the passengers and the passengers survive with the help of the ship.,وكما أنّ نجاة الناس من البحر بالسفن,"As people survive the sea with ships,",كما أنّ نجاة الناس من البحر بالسفينة ونجاة السفينة بالناس,"As people survive the sea with a ship, and the ship survives with the people;"
32,e3559fe0-79b6-4654-a7c6-9d159b842425,Cooperation Ensures Delivery for Both,,,,,,,كذلك أيضًا بالتعاون منّي ومنك نرجو الخلاص من هذه البليّة,"So, through cooperating-you and I-can we hope for survival from this trouble.’”",فكذلك نرجو أن نصير بالتعاون إلى الخلاص جميعًا من هذه البليّة,"so I hope that we arrive, through cooperation, at survival for us both from this trouble.’ “",فلذلك نرجو أن نصير بالتعاون إلى الخلاص جميعًا من هذه البليّة,"therefore, I hope that we arrive, through cooperation, at survival for us both from this trouble.’"
33,745a4a65-ddd4-4b9d-aa60-08523f7ffa73,Everything Happens According to Fate,,,,,,,,,,,,
34,514bcba7-8746-4c01-9b13-98be4bd3dc2a,The Cat Puts His Trust in the Rat,فلمّا سمع السنّور بمقالة *الجرذ سُرّ بها وعرف أنّه صادق فقال للجرذ أرى قولك شبيهًا بالحقّ والصدق فأنا راغب في هذا الصلح الذي أرجو لنفسي ولك فيه الخلاص ثمّ لأشكر لك ذلك ما بقيت *وأجازيك به أحسن الجزاء,"“When the cat heard the talk by the rat, he was delighted by it and knew that he was truthful and said to the rat, ‘I see that your words are akin to truth and sincerity. I am desirous of this truce, in which for myself and you, I hope, will be deliverance. I will then thank you for it, as long as I live, and grant you for it the best reward.",فلمّا سمع السنّور مقالته سرّه وعرف أنّه صادق فيها فقال له أرى قولك شبِهًا بالحقّ وأنا أرغب في هذا الصلح الذي أرجو لي ولك فيه البقاء ثمّ سأشكرك وأجازيك بأحسن الجزاء وأنت مشكور وأكون أنا في ذلك مأمون العاقبة من جانبك لا خائف منك ولا مذعور,"“When the cat heard his talk, he was delighted and knew that the rat was truthful in it and said, ‘I see that your words are akin to the truth, and I desire this truce, in which for you and me, I hope, will be survival. I will then be grateful and grant you the best reward. You are to be thanked, and with that, I will be safe in the end due to you-I will neither fear you nor panic.’”",فلمّا عرف السنّور مقالة الجرذ عرف أنّه صادق فقال له إنّ قولك هذا لشبيه بالحقّ وأنا أيضًا راغب فيما أرجو لك ولنفسي به الخلاص ثمّ أنّك إن فعلت ذلك سأشكرك ما بقيت,"“When the cat comprehended the talk by the rat, he knew that he was truthful and said to him, ‘Your words are, indeed, akin to the truth. I, too, am desirous of this truce, in which for you and for myself, I hope, will be deliverance. And if you do this, I will thank you as long as I live.",فلمّا سمع السنّور كلام الجرذ عرف أنّه صادق فسرّه ذلك ووثق بقوله وقال للجرد أرى قولك هذَا شبيهًا بالحقّ والصدق فأنا قابل هذا الصلح الذي أرجو لنفسي ولك به الخلاص ثم سأشكر لك ذلك ما بقيت وأجازيك أحسن الجزاء فتعاقدا على ذلك,"“When the cat heard the rat’s speech, he knew that he was truthful; so he got delighted by them, believing his words, and said to the rat, ‘I see that these words of yours are akin to truth and sincerity I accept this truce, in which for myself and you, I hope, will be deliverance.",فلمّا سمع السنّور ذلك من الجرذ علم أنّه قد صدق وقال له صدقت وقلت الحقّ فأنظر الصلح الذي نتخلّص به جميعًا من هذه البليّة فأفعله فإنّي أحفظ لك هذه النعمة آخر الأبد وأحرص على جزائك ومكافأتك,"When the cat heard this from the rat, he knew that he was truthful and said, ‘You are correct and have spoken the truth. See to the arrangement by which we can be rid of this trouble, and I will act on it. I will remember this favor forever and will ensure that I properly reward you.’",فلمّا سمع السنّور ذلك من الجرذ علم أنّه قد صدق وقال له صدقت وقلت الحقّ فأنظر إلى الصلح الذي نتخلّص به جميعًا من هذه البليّة فأفعله فإنّي أحفظ لك هذه النعمة آخر الأبد وأحرص على مجازاتك ومكافأتك بها,"“When the cat heard this from the rat, he knew that he was truthful and said, ‘You are correct and have spoken the truth. See to the arrangement by which we can both be rid of this trouble, and I will act on it. I will remember this favor forever and, I will ensure that I properly reward you for it.’"
35,4287443c-22f5-4237-91e7-10f5ae631db4,The Rat Explains the Strategy,قال الجرذ فإذا دنوت منك فلتُر ابن عرس والبومة ما يعرفان به صلحنا فينصرفان آيسين وأقبل أنا على قرض الحبال,"“The rat said, ‘When I approach you, show the mongoose and the owl that by which they will learn of our truce, making them leave, having given up on us, and I will proceed to gnaw at the ropes.",قال فلمّا تكلّم السنّور بهذا الكلام إلى آخره التفت إليه الجرد وقال له فأنا إذا دنوت منك !فلتروني ابن عرس والبومة فيعرفان عند ذلك صلحنا فيرجعان عنّا آيسين منّا فقال الجرد صدقت في ذلك,"“When the cat reached the end of his speech,” he continued, “the rat turned to him and said, ‘When I approach you, the mongoose and the owl should see us, so they will know of our truce, and withdraw, giving up on us.’ ‘You have spoken truthfully,’ the rat said.” “When",,,ثمّ قال الجرذ للسنّور إذا أنا دنوت منك فأري ابن عرس والبومة منك ما يعرفان به صلحنا فينصرفان آيسين ثمّ أقبل أنا على قطع حبائلك وأنا آمن,"“The rat then said to the cat, ‘When I do approach you, show the mongoose and the owl that by which they will learn of our truce, making them leave, having given up on us; then I can proceed to cut the ropes while feeling secure.’",قال الجرذ دعني أدنو منك فإنّ البومة وابن عرس إذا أبصرانا مصطلحين انصرفا عنّا فإذا أمنت منهما قطعت وثاقك وأنا آمن,"‘Allow me to approach to you,’ said the rat, ‘for if the owl and the weasel see us in agreement, they will leave us, and when I am in safety from them, I will cut your bonds while feeling secure.’ “ The cat did so, ensuring his safety, and the rat approached him.",قال الجرذ دعني أدنو منك فإنّ البومة وابن عرس إذا أبصرانا مصطحبين انصرفا عنّا فإذا أمِنت منهما قطعت وثاقك وأنا آمن,"‘Allow me to approach to you,’ said the rat, ‘for if the owl and the mongoose see us in company, they will leave us, and when I am in safety from them, I will cut your bonds while feeling secure.’"
36,342d242d-98c3-4db1-86ec-39190134670c,The Rat Explains the Detail of the Last Rope,,,,,قال الجرذ فإنّي سأدنو منك فأقطع الحبائل كلّها إلّا حبلًا واحدًا أبقيه لأستوثق لنفسي منك,"The rat said: I shall approach you and cut all your cords, except for one cord, which I shall keep to secure myself against you.’”",,,,,,
37,cc8ab2db-90a1-4e12-9594-9b5f54ff0fd1,The Cat Accepts the Pact,,,,,,,,,,,,
38,21c63eae-be9e-4444-a744-8d4bb6ff6aa7,The Cat Fulfills His Part,فلمّا دنا الجرذ من السنّور أخذه فالتزمه,"“When the rat approached the cat, he took him and held him close.",فلمّا قرب الجرد إلى السنّور يريد أن يفعل ما أمره السنّور,"the rat approached the cat, intending to do what the cat had ordered",,,فلّما دنا الجرذ من السنّور أخذه السنّور فالتزمه ورحّب به وصافحه,"“When the rat approached the cat, the cat took him and held him close, greeting him and shaking his hand.",ففعل ذلك به السنّور وأمّنه ودنا منه,"The cat did so, ensuring his safety, and the rat approached him.",ففعل ذلك السنّور وآمنه ودنا منه,"“The cat did so, ensuring his safety, and the rat approached him."
39,d6650bc0-5f17-4f98-9464-694f770af661,The Foes Leave Frustrated,فلمّا رأت البومة وابن عرس ذلك انصرفا خائبين,"When the owl and the mongoose saw that, they left disappointed,",ورأوه البومة وابن عرس انصرفا خائبين,"and the owl and the mongoose saw him, they left disappointed.",ثمّ أنّ البوم وابن عرس لمّا رأيا دنوّ الجرذ من السنّور أيسا منه وانصرفا,"“He then took to gnawing at his cords. When the owl and the mongoose saw the rat approach the cat, they gave up on catching him and left. But the",فلمّا رأى ابن عرس ذلك والبومة انصرفا آيسين الجرذ [[وانصرفا]] {ورجعا} خائبين,"When the mongoose saw that- and the owl too-they left having given up on the rat, retreating disappointed,",فلمّا أبصر ذلك ابن عرس والبومة انصرفا من ذلك المكان,"“When the mongoose and the owl saw that, they left the place,",فلمّا أبصر ذلك البومة وابن عرس انصرفا من ذلك المكان,"“When the owl and the mongoose saw that, they left the place,"
40,25ba6992-3417-41bd-8f13-b6030fb20e50,The Rat Approaches to Cut the Rope,وأخذ الجرذ في قطع حبائل السنّور,and the rat took to gnawing at the cat’s cords.,قال فدنا منه الجرد وأخذ في تقريض رباط السنّور,"” He said: “The rat approached him and took to gnawing at the cat’s ties,",,,,,,,وأخذ الجرذ في قطع الشرك فجعل يقطع سلكًا سلكًا,"and the rat took to cutting the net, one cord at a time."
41,1c0b33ac-c52c-466c-a48c-0b0fcb298523,The Rat Begins to Cut the Rope,,But,,,ثمّ أخذ في تقريض حبائله,then took to gnawing at his cords.,وأخذ الجرذ في قطع رباط السنّور فجعل يقطعه قليلًا قليلًا,and the rat took to cutting the cat’s bonds; he cut them little by little.”,وأخذ الجرذ في قطع الشرك فجعل يقطعه سلكًا سلكًا,"and the rat took to cutting the net, one cord at a time. “",,
42,8c2b46dd-8c53-4b7d-b6ca-1ff4d049f92e,The Cat Deems the Rat's Efforts Slow,فاستبطأه السنّور وقال للجرذ ما أراك جادًّا في قطع رباطي فإن كنت حين ظفرت بحاجتك تبدّلت عمّا كنت عليه وتوانيت في حاجتي,"the cat found him slow and said, ‘I don’t see that you are serious in cutting my bond If, having attained your want, you have changed from your earlier commitment and tarried in fulfilling my need,",فاستبطأه السنّور وقال له ما أراك جادًّا فإن كنت قد ظفرت بحاجتك فتحوّلت عمّا كنت عليه وتوانيت في هذا الأمر,"but the cat found him slow and said, ‘I don’t see that you are serious If you’ve attained your want and have shifted away from your earlier commitment to tarry in the matter at hand,",ثم أن الجرذ أبطأ على روميّ في قطع الحبائل فقال له ما لي لا أراك مجدًّا في قطع حبائلي فإن كنت قد ظفرت بحاجتك فتغيّرت عمّا كنت عليه في حاجتي,"When the owl and the mongoose saw the rat approach the cat, they gave up on catching him and left. But the rat held some speed from Rūmī while cutting the cords, so Rūmī said: ‘Why do I not see you being diligent at cutting my cords. If you have attained your want and changed from your earlier commitment concerning my need,",فلّما رأى السنّور أنّ الجرذ غير مجتهد في قطع الشرك استبطأه وقال ما أراك جادًّا في قطع رباطي فإن كنت حين ظفرت بحاجتك تغيّرت عمّا كنت عاهدتني عليه وتواخيت فيّ,"“When the cat noticed that the rat was not hard at work cutting the net, he judged him to be slow and said, ‘I don’t see that you are serious in cutting my bond. If, having attained your want, you have changed from your earlier vow and tarried at my need],",فلمّا رأى السنّور الجرذ ليس بجادّ في قطع الشرك قال له يا خليلي ما منعك أن تجتهد في قطع الشرك له والفراغ لعلّ الذي يمنعك من ذلك أنّك قد صرت إلى حاجتك من الأمن,"When the cat noticed that the rat was not diligent about cutting the net, he said, ‘What stops you, dear friend, from assiduously cutting the trap and being through. Is having secured",فلمّا رأى السنّور الجرذ ليس بجادّ في قطع الشرك قال له يا خليلي ما يمنعك من ذلك إنّك قد صرت إلى حاجتك من الأمن,"“When the cat noticed that the rat was not diligent about cutting the net, he said, ‘What stops you, dear friend, is having secured your need for safety;"
43,aedf54df-c554-4747-a6e3-518c9df7d3c7,The Noble Must Help,فليس هذا *للكريم بخلق أن يتوانى في حاجة صاحبه إذا استمكن من حاجة نفسه,well it is not fit for the noble to tarry in fulfilling the need of his companion once he has attained his own need.,فليس هذا للكريم بخلق ولا يجمل به أن يقصّر في حاجة صاحبه إذا قدر عليها,"well that is not a quality of the noble, who should not fail to fulfill the need of his friend, if he is able to do so. You",فإنّ الكريم لا يتوانى في حقّ صاحبه,the noble does not tarry in fulfilling what is due to his companion.,فليس هذا الكريم بخليق أن يتوانى في حاجة صاحبه إذا هو قضى حاجة نفسه,"well it is not fit for a noble, such as yourself], to tarry in fulfilling the need of his companion once he has fulfilled his own need.",*وإن كان ذلك كذلك فليس ذلك من فِعل الصالحين,"your need for safety preventing you from that If that is so, it is not a deed the righteous would do",إن كان ذلك كذلك فليس ذلك من فعل الصالحين,"if that is so, it is not a deed the righteous would do"
44,81c5dffc-1b3e-44ec-93dd-725bf2dedd37,The Cat States the Rat's Duty of Reciprocation,وقد كان لك في مودّتي من عاجل المنفعة والاستنقاذ من الهلكة ما قد رأيت وأنت حقيق أن تكافئني,You found in my amity,وقد كان لك في مودّتي عاجل النفع والاستنقاذ من المهلكة ما قد رأيت وأنت حقيق أن تكافئني بذلك,"found in my amity, swift benefit and deliverance from perishing, as you have seen; and you owe me reward accordingly",وقد كان لك في سابق مودّتي من الفائدة والنفع ما قد رأيت وأنت حقيق أن تكافئني بذلك,"You found in my previous amity gain and benefit, as you have seen: you owe me reward accordingly and",وقد كان لك في عاجل مودّتى من النفع والخلاص من الهلكة ما قد رأيت وأنت حقيق أن تكافئنى بذلك,"You found in my prompt amity benefit and deliverance from perishing, as you have seen; you owe me reward accordingly",,,,
45,2490226c-c032-45f5-bf95-fbf70dd1864a,The Rat Should Forget Enmity,ولا تذكر عداوة ما بيني وبينك فإنّ ما حدث بيننا حقيق أن ينسيك ذلك,and are not to remember the enmity between you and me. What has transpired between us should make you forget that.,ولا تذكر عداوة ما بيني وبينك فإنّ ما حدث بيننا أهل أن يُستكمل,and are not to remember the enmity between you and me. What has transpired between us deserves to be brought to completion. The,ولا تذكر العداوة التي بيني وبينك فالذي حدث بيننا يمحو ما سلف من الضغينة ويثني كلّ واحد عمّا وقر في نفس صاحبه,"are not to remember the enmity between you and me, for what has transpired between us erases any previous grudge and turns each one away from what nested in his companion’s heart.",ولا تذكر شيئًا من سالف العداوة فإنّ الذي حدث بيني وبينك من الصلح حقيق أن ينسيك ذلك معما في الوفاء من الفضل وما في الغدر من سوء العاقبة,"and ought not remember anything from the times of hostility, for the truce that has transpired between us should make you forget that, since merit lies in loyalty and treachery begets evil consequences.",وإن كنت تذكر العداوة القديمة فلست حقيقًا أن تفعل ذلك مع بلائي عندك الذي مثله ودونه شكر,"you still remember that old enmity, you should not, especially that I have done well by you, and a deed of this kind is deserving of gratitude- one good",إن كنت تذكر العداوة القديمة فلست حقيقًا أن تفعل ذلك مع حسن بلائي عندك الذي مثله ودونه يُشكر فيثبت على حقد,"And if you still remember that old enmity, you should not, especially that I have done very well by you, and a deed of this kind, or a lesser one, should receive a gratitude that persists"
46,907e4afc-2fea-404e-bdd2-7dbea601eee1,Good Deeds Erase Bad Deeds,وأنّ الكريم لا يكون إلّا شكورًا غير حقود تنسيه الخلّة الواحدة من الإحسان الخلال الكثيرة من الإساة,"The noble person is always grateful, free of grudge, one good quality makes him forget many harmful qualities;",فإنّ الكريم لا يُلقى إلاّ شكورًا غير حقود *تنسيه الخلّة الواحدة من الإحسان الأمور الكثيرة من الإساءة,"noble person will always be found grateful, free of grudge, one good quality sticks with him outweighing many harmful qualities;",,,فإنّ الكريم لا يكون إلّا شكورًا غير حقود تنسيه الخلّة الواحدة من الإحسان الخلال الكثيرة من الإساءة,"The noble person is always grateful, free of grudge, one good quality makes him forget many harmful qualities.",والحسنة الواحدة تمحو عندهم سيّئات كثيرة,"deed rights many wrongs!’ “The rat said, ‘Friends are of two kinds, and one of them is the sincere friend, who must prefer his friend over himself, his kin, and his possessions.",فإنّ الصالحين ليسوا بذوي حقد ولكنّهم أهل الشكر والحسنة الواحدة تمحو عنهم سيّئات كثيرة,against
47,4f520db5-2db5-4e69-8daa-95ea9644ca1f,The Punishment of Betrayal Comes Swiftly,وأعجل العقوبة عقوبة الغدر واليمين الكاذبة ومن إذا تُضرّع إليه *وسُئل العفو لم يعف ولم يصفح,and the swiftest punishment is that of betrayal and perjury and of him whom you plead with and ask his forgiveness but who neither forgives nor forgets.’,وأعجل العقوبة عقوبة الغدر واليمين الكاذبة ومن إذا تضرّع إليه وسأل العفو لم يصفح ولم يعف,and the swiftest punishment is that of betrayal and perjury and of him who you plead with and ask his forgiveness but who neither forgets nor forgives.’ The rat,وأعجل عقوبة الكاذب الغدر ومن تُضرّع إليه وسُئل العفو فلم يعف فقد غدر,The swiftest punishment is that of the treacherous liar; and he with whom you plead with and ask his forgiveness but who does not forgive has acted treacherously.’”,وقد كان يُقال إنّ أعجل العقوبة عقوبة الغدر واليمين الكاذبة ومن إذا تضرّع إليه الملهوف أو سأله المذنب العفو والتجاوز لم يعف ولم يغفر وهو يجد إلى ذلك سبيلًا وإنّه ليس بحافظ أخلاق الصالحين من لا يعمل أعمالهم,It has been,,,,
48,0592a93a-84f3-4637-a652-925b35370e6d,The Rat Must Fulfill the Pact,,,,,,,وكما أسرعت أنا في خلاصك ومعونتك فكذلك أنت حقيق بالاجتهاد في خلاصي من هذا الوثاق,"As I did make haste to deliver and help you, you, too, should be assiduous in delivering me from these bonds.’”",وكما أنّي أسرعت في خلاصك فلذلك فلتكن أنت في الاجتهاد في خلاصه,"As I made haste to deliver you, so you should likewise be assiduous in delivering me.",وكما أنّي أسرعت في خلاصك كذلك فكن أنت في خلاصي,"As I made haste to deliver you, you should act likewise in delivering me."
49,f093b5ad-9121-435d-8054-a7d95b327a27,The Two Kinds of Friends,قال الجرذ الأصدقاء صديقان طائع ومضطرّ وكلاهما يلتمس المنافع ويحترس من المضارّ فأمّا الطائع منهما فيُسترسل إليه ويُوثق به على كلّ حال,"The rat said, ‘Friends are of two kinds: the complaisant and the compelled, and both seek benefits and are wary of harm. One should be open toward and trustful of the complaisant, whatever the situation may be;",قال الجرذ إنّ الأصدقاء صديقان طائع ومضطرّ وكلاهما يلتمس المنافع ويحترس من المضارّ فأمّا الطائع فيُسترسل إليه على كلّ حال,"said, ‘Friends are of two kinds: the complaisant and the compelled, yet both seek benefits and are wary of harm. One should be open to the complaisant, whatever the situation may be;49",قال الجرذ إنّ الصديق صديقان طامع ومضطرّ وكلاهما يلتمسان المنفعة ويحترسان من المضرّة فأمّا الطامع فيسترسل إلى الصديق ويعمل له في جميع الأحوال,“The rat said: ‘A Friend can be one of two kinds: either eager or compelled. Yet both seek benefit and are wary of harm. The eager acts openly toward his friend and serves him in all situations;,قال الجرذ إنّ الصديق صديقان طائع ومضطرّ وكلاهما يلتمس المنافع ويحترس من المضارّ فأمّا الطائع منهما فليسترسل إليه ويؤمن على كل حال,"“The rat said: ‘A Friend can be one of two kinds: either complaisant or compelled, yet both seek benefits and are wary of harm. One should be open toward the complaisant and trust him whatever the situation; as",قال الجرذ إنّّ الأخلّاء خليلان وأحدهما الخليل المصافي ينبغي الذي يؤثر خليله على نفسه وأهله وماله,And if,قال الجرذ إنّ الأخلّاء خليلان فأحدهما الخليل المصافي والآخر المؤاخي صاحبه على حال الاضطرار إلى ذلك فالخليل المصافي ينبغي له أن يؤثر خليله على نفسه وماله وأهله,"“The rat said, ‘Friends are of two kinds: one of them is the sincere friend, and the other is the one who creates bonds of brotherhood with someone while in a state of compulsion. The sincere friend must prefer. his friend over himself, his possessions, and his kin."
50,367c3555-ee49-4e64-9b2a-7098891ed76d,Trusting a Foe Is Like Eating Bad Food,,,,,,,,,يكون صلحه ذلك كالذي يأكل مع من يتبع هوى نفسه فتضعف عن *هضمه معدته,As,يكون صلحه كالذي يأكل ما يتبع فيه هوى نفسه فتضعف عن هضمه معدته,"his truce is that of he who eats the food which fulfills his fancy, and whose stomach cannot digest."
51,1dfdfde6-d1cc-4dd9-bba3-ed42fc4098f0,The Intelligent Trades Favors,فلا يزال العاقل يرتهن منه بعض حاجته ببعض ما يتّقي وما يخاف,the sensible man always holds back a need of the other as a guarantee against what he is cautious of and what he fears;,فلا يزال العاقل يرتهن منهنّ بعض حاجته لما يخاف,as,ولا يزال العاقل يرمي بعض حاجاته ببعض لالتماس النفع الحاصل منها,as,فلا يزال العاقل يرتهن منه بعض حاجته ببعض ما يبقي ويخاف,"so[, in these situations, the sensible man always holds back a need of the other for some danger that remains and which he fears; and",,,,
52,08a53201-d8bf-4247-8298-227071bc0741,The Intelligent Protects Himself,,,,,,,,,ولكن ينبغي للعاقل أن يحفظ لسانه فإنّ الذي يصالح العدوّ ويثق به ويعمل عمله ولا يحفظ نفسه,"a wise man should hold his tongue For he who reconciles with the enemy, trusts him, acts in his interest, and does not watch out for himself- his truce is that of he who eats with someone who follows his fancy with food, and his stomach cannot digest it",ولكن ينبغي للعاقل أن يحفظ نفسه [[يكون صلحه كالذي يأكل]] فإنّ الذي يصالح العدوّ ويثق به ويعمل عمله ولا يحفظ نفسه,"But a wise man should watch out for himself. his truce is like him who eats For he who reconciles with the enemy, trusts him, acts in his interest, and does not watch out for himself-"
53,1cb7e744-a12c-4bcd-938b-667cef2d81f2,Forced Friendship Does Not Last,وأمّا المضطرّ فإنّ له حالات يُسترسل إليه فيها وحالات يُتّقى فيها,"as for the compelled, there are",وأمّا المضطرّ فإنّ له أحوالًا لا تطمئنّ إليه فيها وآخر تبقى,"for the compelled, there are situations in which you can feel secure with him and others in which you keep your reserve.",وأمّا المضطرّ ففي بعض الأحوال يسترسل وفي بعضها يتعزّز,"for the compelled, in some situations he acts openly, and in others he shows pride.",وأمَّا المضطرّ فإنّ له حالان يُسترسل اليه فيها وحالان يُتّقى فيها,"for the compelled, there are two situations in which you can be open toward him and others in which you remain cautious of him.",وأمّا الخليل الذي اضطرّ إلى مودّة صاحبه فربّما ثبت وتمّت المودّة بينهما وكثيرًا ما ينفسخ فلا ينمي ولا يتمّ,"for the friend who is compelled into amity with an acquaintance, it could happen that the amity becomes firm and lasting; but oftentimes, it disbands, going stale and unfulfilled.",وأمّا الخليل الذي يضطرّه إلى مودّته فربّما تمّت وتمّت العداوة والمودّة بينهما وكثيرًا ما تنفسخ فلا تتمّ ولا تنمو,"As for the friend who is compelled into amity, it could happen that both the enmity and the amity become fulfilled; but oftentimes, they disband, going unfulfilled and stale."
54,291df1aa-6cd4-4151-bc6b-7f664ccd1127,Friendship Is Pursued For a Need,وليس عامّة التواصل والتحابب بين الناس إلّا التماس عاجل النفع,"and on the whole, connections and mutual love among people exist only to seek an immediate benefit.",وليس عامّة التواصل والتجارب من الخلق إلّا لالتماس عاجل النفع ومؤخّره,"And so in these situations, the sensible man always holds back a need of the other as a guarantee against what he fears; and on the whole, people’s connections and experiences only exist to seek an immediate or deferred benefit.",,,وليس عامّة التواصل والتحابب بين الناس إلاّ لالتماس عاجل النفع ومرجوّه,"And so[, in these situations, the sensible man always holds back a need of the other for some danger that remains and which he fears; and on the whole, connections and mutual love among people only exist to seek an immediate or anticipated benefit.",,,,
55,217a0ba1-f2ce-42e5-939f-7a0c1f37bc49,The Rat Acknowledges His Remaining Obligation ,,,,,,,,,,,وقد خلّصت عملي وبقي ما عليّ,"I have finished my work, and some is due still;"
56,e147a3be-cc27-4c57-b663-7b2e65603f33,The Rat Explains the Reasons for Self-Protection,وأنا واف لك بما جعلت على نفسي ومحترس من أن يصيبني منك ما هو الذي ألجاني إلى صلحك,I will fulfill to you what I have pledged upon myself but am wary not to be afflicted with the very thing which had made me seek a truce with you;,وأنا موف لك بما جعلت لك على نفسي ومحترس من أن يصيبني منك ما هو ألجأني إلى صلحك,I will fulfill to you what I have pledged upon myself but am wary not to be afflicted with the very thing which had made me seek a truce with you;,,,وأنا واف لك بما قلته ومحترس مَع ذلك من أن يصيبني منك ما هو ألجأني إلى صلحك وألجأك إلى قبول ذلك منّي,"I will fulfill what I have said but am wary, despite that, not to be afflicted with the very thing which had made me seek a truce with you and made you accept that from me;",,,,
57,ccc10ba3-64bf-4078-9f93-4fd1d75808c0,The Rat Resumes Cutting the Rope,,,,,ثمّ أنّ الجرذ أخذ في قطع حبائل السنّور,"And so, in these situations], the sensible man always prioritises some of his needs over others, to seek the benefit that results from doing that.’” “Then the rat took to cutting the cat’s cords. While Farīdūn",,,,,,
58,be88d988-29a6-4a80-bb16-d5fa65f5194a,Ill-Timed Harvest,,,,,,,,,,,,
59,d1867dd0-552e-4617-8a5d-bb44d5cd1d14,Everything Has Its Time,فإنّ لكلّ عمل حينًا,"for each action has a set time,",فإنّ لكلّ عمل !حباله,"for each action has a catch,",,,فإنّ لكلّ عمل حينًا,"for each action has a set time,",,,ولكلّ عمل حين ينبغي أن يُعمل فيه,"but every action has a set time at which it should be carried out,"
60,9be666f4-4981-40d8-b6ac-0cbbe2bf07e5,Bad Timing Brings Failure,وإن لم يكن في حينه فلا عاقبة له,"and if it is not carried out in its proper time, it will have no outcome.",,,,,وما لم يكن في حينه فلا عاقبة له,"and whatever is not carried out in its proper time, will have no outcome.",,,ومن لم يعمل العمل في حينه لم ينتفع بثمرة عمله,"and whoever doesn’t carry out a work at its set time, does not reap the fruits of his work."
61,aa280264-42d0-431e-989e-858ef6b86f17,The Rat Explains Not Cutting the Last Rope,وأنا قاطع حبائلك لوقتها غير أنّي تارك عقدة واحدة أرتهنك بها فلا أقطعها إلّا في الساعة التي أعرف أنّك عنّي فيها في شغل,I will cut your bonds in due time but will leave one knot to guarantee my safety from you and won't cut it until the time when I know you’re too busy with some matter to notice me.’”,وأنا قاطع حبالك لوقتها ولكنّي تارك منها عقدة أرتهنك بها ولا أقطعها إلاّ في الساعة التي أعلم أنّك فيها عنّي مشغول,and I will cut your bonds in due time but will leave one knot to guarantee my safety from you and won't cut it until the time when I know your attention to be distracted from me.’,,,وأنا قاطع حبائلك كلّها غير أنّي تارك عقدة واحدة أرتهنك بها فلا أقطعها إلاّ في الساعة التي أعلم أنّك فيها عنّي مشغول لا تستطيع إدراكي إذا نجوت من الوثاق,I will cut all of your bonds but will leave one knot to guarantee my safety from you and won't cut it until the time when I know your attention to be distracted from me and that you cannot reach me when you become freed from the bonds.’”,وأنا قاطع وثاقك وأترك سلكًا واحدًا أرتهنك به لتقطعه أنت حتّى لا تستطيع إدراكي فإذًا نجوت من الوثاق,,وأنا قاطع وثاقك وتارك سلكًا واحدًا أرتهنك به لتقطعه أنت حتّى لا تستطيع إدراكي إذا نجوت من الوثاق,"‘I will cut your bonds, leaving one cord, which I will take as a security, for you to cut yourself, so that you could not catch me, when you become free from your bonds.’"
62,265a3999-8639-4a3c-adf3-8ed6c599660c,The Rat Cuts All but One Rope,ففعل ذلك,"“He did so,",,,,,ففعل ذلك,"“He did so,",,,,
63,f9ea4cc5-f504-4bcd-8ad2-0bc0c3224bfe,The Huntsman Approaches,وباتا يتحادثان حتّى إذا أصبحا إذا هما بالصيّاد قد أقبل من بعيد,"and they spent the night, talking until morning came when they suddenly saw the huntsman had approached their place from afar.",قال فلمّا أصبحا الجرذ والسنّور وجدا الصيّاد من بعيد فقال الجرد,"“When morning came, “he continued,“ the cat and the rat noticed the huntsman had approached their place from afar, so the rat said",فبينما هو كذلك إذ وافى الصيّاد,"was at it, the huntsman arrived,",فلمّا أصبحا إذا هما بالصيّاد قد أقبل من بعد,"and when morning came, they suddenly saw the huntsman approaching from afar.",فلمّا أصبحا وجاء الصيّاد إلى ذلك المكان,"“When morning came, the huntsman arrived at the place and",فلمّا أصبحا وجاء الصيّاد إلى ذلك المكان,"“When morning came, and the huntsman arrived at the place,"
64,ed1ad7e4-8df4-4132-a3c6-d928355998bb,The Cat Expects to Die,,,,,,,فلمّا رآه السنّور استشعر الهلكة,"When the cat saw him, he sensed perdition.",استقبل السنّور,set his eyes on the,استقلّ السنّور,the cat rose istaqalla
65,d47ac39b-704b-424e-8f93-48be02022c87,The Cat Requests Fulfillment,,,,,فقال له السنّور الآن جاء الجدّ في قطع حبائلي,and the cat said to him: ‘The time has come for showing seriousness in cutting my cords.’,,,,,,
66,38dcab3d-9849-4aa0-a72c-ae878ae8b677,The Rat Resolves to Cut the Last Rope,فقال الجرذ الآن جاء موضع الجدّ في قطع بقيّة حبائلك,"So the rat said to the cat, the time now has come for diligence in cutting what is left of your cords.’”",للسنّور الحين حين جاء موضع الحذر سأجدّ في قطع ما بقي من حبالك,"to the cat, ‘the time for alertness has now come indeed; I will diligently cut what is left of your cords.’”",,,فقال الجرذ الآن جاء مكان الجدّ في قطع ما بقي من حبائلك,"So the rat said to the cat, ‘now is the place for diligence in cutting what remains of your cords.’”",,,,
67,6b296c7d-611a-45cd-bb88-625badb1fa17,The Rat Fulfills the Pact,فقطع حبائله ولم يدن منهما الصيّاد حتّى فرغ الجرذ على سوء ظنّ من السنّور ودهش,"“He cut his cords, and before the huntsman came close, the rat had finished, despite the cat’s mistrust and perplexity.”",فلم يدن منهما الصيّاد حتّى فرغ الجرذ من قطع بقيّة الحبال الذي كان السنّور موثوق بها وقد قطعها على سوء ظنّ منه وخائف منه أن يمكر به لعلّمه أنّه غادر لا أمانة له,"“And before the huntsman could come close, the rat had finished cutting the rest of the cords with which the cat had been tied-he cut them despite his mistrust in the cat and afraid that he",فأجهد الجرذ نفسه في القرض حتّى إذا فرغ,"So the rat exerted himself at gnawing. When he was through, the cat jumped",فلم يدنو الصيَّاد حتّى فرغ الجرذ من قطع الحبائل على سوء ظنّ من السنّور ودهش منه,"“Before the huntsman came close, the rat had finished cutting the cords, despite the cat’s mistrust and his perplexity.”",,,,
68,dfa71f27-5d70-4df6-8053-da95d7263b67,The Cat Breaks from the Last Rope,,,,,,,,,ونظر السنّور الى الجرذ وقد ترك السلك ولم يقطعه فجذب الشرك وهو لا يطمع قطعه فانقطع السلك,"cat. The cat looked at the rat, having had left the one cord uncut; he pulled at the net, not expecting the cord to be cut, but it did,",فجذب السلك وهو لا يطمع في قطعه فانقطع السلك,"and pulled at the cord, not expecting it to be cut, but the cord did,"
69,a48385e0-44da-4552-98b8-2190ab89accf,The Cat and the Rat Escape,فلمّا أفلت عدا إلى الشجرة فصعدها ودخل الجرذ الحجر فأخد الصيّاد حبائله مقطّعة وانصرف خائبًا,"“When he got free, he ran to the tree and climbed it, the rat entered his burrow, and the huntsman grabbed his shredded cords and left disappointed.”",فلمّا قطع بقيّة حباله وعلم السنّور أنّه خلص من الحبال مرّ هاربًا داهشًا إلى الشجرة فصعدها وانحجر الجرذ في حجره وأخذ الصيّاد حباله مقطّعة وانصرف حزينًا,"“When he cut the rest of his cords, and the cat knew that he had been delivered from the cords, he passed toward the tree, scampering, flabbergasted, and climbed it; the rat went into his den; and the huntsman grabbed his shredded cords and left feeling sad.”",وثب السنّور إلى الشجرة على دهش من الصيّاد ودخل الجرذ بعض الأحجار وجاء الصيّاد فأخذ حباله مقطّعة ثمّ انصرف خائبًا,"to the tree-to the huntsman’s amazement- and the rat entered some burrow. The huntsman approached and grabbed his shredded cords, then left feeling disappointed.” “Then the rat",فلمّا فرغ عدا السنّور إلى الشجرة فصعدها وانجحر الجرذ وأخذ الصيّاد حبائله وشبكته وانصرف خائبًا,"“When he finished, the cat ran to the tree and climbed it, the rat dived into his burrow], and the huntsman grabbed his shredded cords and net and left feeling disappointed.”",ونجوا جميعًا فصعد السنوّر إلى الشجرة ودخل الجرذ الجحر وانطلق الصيّاد ممّا هنالك,"and both survived The cat climbed up the tree, the rat went into the den, and the huntsman left the place. “Later,",ونجوا جميعًا فصعد السنّور الشجرة ودخل الجرذ في جحره وانطلق الصيّاد بما هنالك,"and both survived The cat climbed the tree, the rat went into the burrow, and the huntsman left"
70,fd754d0f-996d-40f9-b2d8-0ffc36fa1dd3,The Cat Calls Back the Rat,وخرج الجرذ بعد ذلك من جحره فرأى السنّور من بعيد فكره أن يدنو منه وناداه السنّور أيّها الصديق ذو البلاء الحسن,"The rat came out of his burrow after that, saw the cat from afar and dreaded approaching him. ‘O, friend,’ cried the cat, ‘you who have done a good deed",وخرج الجرد بعد ذلك فرأى السنّور فكرِه أن يتقرّب منه فناداه السنّور هلمّ أيّها الصديق ذو البلاء الحسن,"The rat came out after that, saw the cat and dreaded coming close to him. ‘Come, friend,’ cried the cat, ‘you who have done a good deed.",ثمّ أنّ الجرذ خرج بعد ذلك وكره أن يدنو من السنّور فناداه السنّور أيّها الصديق الناصح ذو البلاء الحسن,"came out, after that, and dreaded approaching the cat, so the cat cried to him: ‘O friend who advises well, you who have done a good deed:",وخرج الجرذ بعد ذلك من جحره فرأى السنّور من بعيد فكره أن يدنو منه فناداه السنّور أيّها الصديق ذا البلاء الحسن عندي,"The rat came out of his burrow after that, saw the cat from afar and dreaded approaching him.",ثمّ إنّ الجرذ أراد الخروج من الجحر فرأت السنّور فلم تقربه فصاح به السنّور,"the rat wanted to come out of the burrow, but he saw the cat and did not come close to him. ‘Why don’t you approach me, O gracious",ثمّ إنّ الجرذ [[اخر]] أراد الخروج من الجحر فرأى السنّور فلم يقربه فصاح به السنّور,"“Later, the rat tarried wanted to come out of the burrow, but he saw the cat and did not come close to him. So the cat cried,"
71,facede21-ce8d-491f-8f86-1791e273c8dd,The Rat Refuses the Call,,,,,,,,,,,,
72,765c2f1d-6635-42f8-853d-bf39798e246f,The Cat Reminds the Rat of their Friendship,ما يمنعك من الدنوّ مني لأجزيك بأحسن ما أبديتني هلمّ إليّ ولا تقطع إخائي,"What is stopping you from approaching me, so that I can endow you with the best for the favor you have done me Do come to me and don’t sever my brotherly ties;",ما منعك من الدنوّ منّي فأجازيك بما أبليتني فتعال إليّ ولا تقطع إخائي,"What is stopping you from approaching me, so that I can reward you for the good you’ve done by me Come to me, then, and don’t sever my brotherly ties;",ما منعك من الدنوّ إليّ لأجازيك بأحسن ما أسديت إليّ هلمّ إليّ ولا تقطع إخائي,"What is stopping you from approaching to me, so that I can endow you",ما يمنعك من الدنوّ منّي لأجازيك بأحسن ما أبليتني هلمّ إليّ ولا تقطع إخائي,"is stopping you from approaching me, so that I can endow you with the best for the favor you have done me Do come to me and don’t sever my brotherly ties;",لم لا تدنو منّي يا خليلي المنعم,"friend,’ cried the cat.",لم لا تدنو يا خليلي,"‘Why don’t you approach me, O dear friend"
73,ae975bba-ec92-45d1-afaa-1c77691917b8,If One Gives Up a Friend One Loses Out,فإنّه من اتّخذ صديقًا ثمّ أضاع ودّ إخائه حُرم ثمرة الإخاء وأيس من منفعة الإخوان,for he who takes a friend and then loses the affection of those brotherly ties will be prevented from reaping the fruits of brotherhood and will despair from obtaining benefits from brethren.,فإنّه من اتّخذ صديقًا ثمّ أضاع إخاءه حُرم ثمرة الإخاء وأيس منه أهل مودّته,for he who takes a friend and then loses those brotherly ties will be prevented from reaping the fruits of brotherhood and will make despair those people who hold affection for him.,فإنّه من اتّخذ صديقًا وقطع إخاءه وأضاع صداقته حُرم ثمرة إخائه,"for he who takes a friend, and cuts off any brotherly connections and loses his friendship, will be prevented from reaping the fruits of his brotherhood;",فإنّه من اتّخذ صديقًا وقطع أخاه حُرم ثمرة الأصدقاء والإخاء وأيس من نفعه الإخوان والأصدقاء,"for he who takes a friend and cuts off any brotherly connections will be prevented from reaping the fruits of friendship and brotherhood, and brethren and friends will despair from obtaining benefits from him.",,,,
74,3119ff49-7b90-4b7d-86e1-b9b8d06af38b,The Cat Suggests a Reward,وإنّ يدك عندي اليد التي لا تُنسى فأنت حقيق أن تلتمس مكافأة ذلك منّي ومن إخواني وأصدقائي,"Your favor, to me, is a favor that cannot be forgotten, and you are entitled to seek the reward for that from me and from my brothers and friends. So fear nothing",فإنّ يدك عندي اليد التي لا تُنسى وأنت حقيق أن تلتمس مكافأتي إيّاك بذلك *ومجازاة إخواني وأصدقائي لك,"Your favor, to me, is a favor that cannot be forgotten, and you are entitled to seek my reward for it-as well as that of my brothers and friends.",واعلم أنّ ما قبلي لك مبذول,and know that what I owe you will be bestowed upon you.’”,وإنّ يدك عندي لا تُنسى وأنت حقيق أن تلتمس مكافأة ذلك منّي ومن إخوانى وأصدقائي,"Your favor to me cannot be forgotten, and you are entitled to seek the reward",فإنّي أحبّ أن أكافئك على إحسانك وأطعمك ثمرة عملك فادن منّي,‘I would love to reward you for your beneficence and let you taste the fruits of your deed.,فإنّي أحبّ أن أكافئك على إحسانك إليّ وأطعمك ثمرة عملك فادن منّي,I would love to reward you for your beneficence toward me and let you taste the fruits of your deed. Approach me and fear not:
75,4bccc948-093c-4dcf-9c96-6df3e3232692,The Cat Reassures the Rat,فلا تخافنّ منّي شيئًا واعلم أنّ ما قبلي لك مبذول ثمّ حلف له واجتهد على تصديق ما قال,"from me and know that what is mine will be bestowed upon you.’ He then swore to him, fervently emphasizing to the truth of what he had said.”",فلا تخافنّ مني شيئًا فاعلم إنّ ما قيل لك مبذول ثمّ إنّه حلف له واجتهد على صدقه,"So fear nothing from me, for you should know that what has been declared to you will be bestowed.’ He then swore fervently emphasizing to the truth of his words.”",,,فلا تخافنّ منّي شيئًا واعلم أنّ ما قبلي لك مبذول ثمّ حلف واجتهد على صدقه فيما قال,So fearnothing from me and know that what is mine will be bestowed upon you.’ He then swore fervently to the truth in what he had said.”,ولا تخف فنفسك أعزّ عليّ من نفسي وحلف له أن لا يبغيه سوءًا,"Approach me and fear not: you are dearer to me than myself,’ and he swore he did not want to do him harm. ”",ولا تخف فما نفسي بأعزّ عليّ منك وحلف له أن لا يبغيه سوءًا,"for my self is not dearer to me than you,’ and he swore he did not want to do him harm.”"
76,3b84fefd-5a0c-47ce-ace9-c9082653d313,The Treatment of Friends or Foes,,,,,,,,,فقال الجرذ إنّ الذي لا يحسن مداراة الأعداء والأصدقاء أضرّ بنفسه وأهلكها,"‘He who fails to appease friends and enemies,’ said the rat, ‘harms and ruins himself.",فقال الجرذ إنّ الذي لا يحسن *مداراة الأعداء والأصدقاء أضرّ بنفسه ويهلكه,"‘He who fails to appease friends and enemies,’ said the rat, ‘harms himself and ruins it."
77,874b7e8c-b015-49ee-a256-30d8c6f754b3,The Rat Distinguishes Hidden from Overt Enmity,فأجابه الجرذ أنّه ربّ عداوة باطنة ظاهرها صداقة وهي أشدّ ضرًّا من العداوة الظاهرة,"“The rat answered: ‘Many a hidden enmity is, on the surface, a friendship, which is more harmful than open enmity,",فقال الجرذ أنّه ربّ عداوة باطنة ظاهرها صداقة وهي أشدّ ضررًا من العداوة الظاهرة,"“The rat said: ‘Many a hidden enmity is, on the surface, a friendship, which is more harmful than open enmity,",فناداه الجرذ رُبّ صداقة ظاهرة باطنها عداوة كامنة وهي أشدّ من العداوة الظاهرة,"“The rat cried back ‘Many an open friendship is deep down a hidden enmity, which is more harmful than open enmity,",فقال الجرذ إنّه ربّ عداوة باطنة ظاهرها صداقة وهي أشدّ ضررًا وأبلغ من العداوة الظاهرة,"“The rat said: ‘Many a hidden enmity is, on the surface, a friendship, which is far more harmful than open enmity,",,,,
78,eafd61bd-6c64-4732-bc5e-51d44bdf720e,Hypocricy Is the Worst Danger,,,,,,,,,,,,
79,d7476ec6-31f5-4c03-b638-b6d8648de1ce,Riding an Elephant's Tusk,ومن [ومن] لم يحترس منها وقع في موقع من يركب ناب الفيل المغتلم ثمّ يغلبه النعاس,and whoever is not wary of it will suffer that which befalls he who rides the tusk of a rutting elephant then falls asleep.,ومن لم يحترس منها وقع موقع الرجل الذي ركب ناب الفيل ثم تغلّبه النعاس,and who ever is not wary of it will suffer that which befell the man who was riding the tusk of an elephant and fell asleep.,التي موقعها موقع الرجل الذي يركب ناب الفيل المغتلم ثمّ يغلبه النعاس فيطيح ويهلك,"and its outcome is similar to that of a man who rides the tusk of a rutting elephant then falls asleep, topples over, and perishes.",ومن لم يحترس منها وقع موقع الرجل الذي يركب ناب الفيل المغتلم ثمّ يغلبه النعاس فيستيقظ تحت فراسن الفيل فيدوسه فيقتله,"and whoever is not wary of it will suffer that which befell the man who rides the tusk of a rutting elephant, fell asleep, then wakes up beneath the feet of the elephant, who tramples him to death.",,,,
80,42d1ffe4-eb56-40d2-be3d-ed1b16cfc697,An Enemy Is Befriended in Times of Need,وإنّما سُمّي الصديق صديقًا لما يُرجى من نفعه وسُمّي العدوّ عدوًّا لما يُخاف من ضرره فإنّ العاقل إذا رجا نفع العدوّ ظهّر له الصداقة وإذا خاف ضرّ الصديق أظهر له العداوة,"Now the friend is called a friend precisely for the benefits one hopes to gain from him, and the enemy is called an enemy for the damage one fears from him: for, when the sensible man hopes to benefit from the enemy, he shows him friendship; and when he fears harm from a friend, he shows him enmity.",وإنمّا سمّي الصديق صديقًا لمّا يُرجى من نفعه والعدوّ عدوًّا لمّا يُخاف من ضرره فالعاقل إذا رجا نفع العدوّ أبدى له الصداقة وإذا خاف شرّ الصديق أبدى له العداوة,"Now the friend is called a friend precisely for the benefits one hopes to gain from him, and the enemy an enemy for the damage one fears from him: when the sensible man hopes to benefit from the enemy, he displays friendship; and when he fears evil from a friend, he displays enmity.",وإنّما سُمّي الصديق صديقًا لما يُرجى من نفعه وسُمّي العدوّ عدوًّا لما يُخاف من ضرره والعاقل إذا رجا نفع العدوّ أظهر له الصداقة,"Now the friend is called a friend precisely for the benefits one hopes to gain from him, and the enemy is called an enemy for the damage one fears from him; so when the sensible man hopes to benefit from the enemy, he shows him friendship. Don’t you see how the offspring of animals follow their mothers hoping for their milk, but when that stops flowing they part from them",وإنّما سُمّي الصديق صديقًا لما يُرجى من نفعه والعدوّ عدوًّا لما يُخاف من ضرّه والعاقل إذا رجا نفع العدوّ أظهر له الصداقة وإذا خاف ضرّ الصديق أظهر له العداوة,"Now the friend is called a friend precisely for the benefits one hopes to gain from him, and the enemy is called an enemy for the damage one fears from him; and when the sensible man hopes to benefit from the enemy, he shows him friendship; and when he fears harm from a friend, he shows him enmity.",,,,
81,07492cb2-a721-4aee-ac30-1035360c1ddd,One Should Not Befriend an Enemy Indefinitely,,,,,,,,,وللعداوة والصداقة موضع ينبغي للعاقل أن يتصرّف فيها على ما ينبغي منها ولن ينبغي ... *يؤاخي أخًا كان له عدوًّا إلّا على حال الضرورة,"Enmity and friendship are of such a nature that the wise man acts according to their nature . . . should not fraternize with someone unto whom he was an enemy, except in the case of necessity.",*وللعداوة والصداقة مواضع <لا> ينبغي للعاقل أن يؤاخي أخًا قد كان له عدوًّا إلّا على حال ضرورة,"Enmity and friendship are of such a nature that the wise man should not fraternize with someone who was an enemy to him, except in the case of necessity."
82,3940f503-fe5a-405f-91dc-59b1677eb548,Young Cattle Only Nurse for a While,أولا ترى أولاد البهائم تتّبع أمّهاتها رجاء ألبانها فإذا انقطع ذلك انصرفت عنها,"Don’t you see that the offspring of animals follow their mothers hoping for their milk, but when that stops flowing they part from them",أو لا ترى أولاد البهائم تتبعها رجاء ألبانها فإذا انقطعت انصرفت عنها,"Don’t you see that the offspring of animals follow them hoping for their milk, but when it stops flowing they part from them",ألا ترى تتابع البهائم أمّهاتها رجاء ألبانها فإذا انقطع ذلك انصرفت عنها,"you see how the offspring of animals follow their mothers hoping for their milk, but when that stops flowing they part from",أولا ترى أنّ الأولاد تتبع أمّهاتها رجاء ألبانها فإذا انقطع ذلك اللبن انصرفت عنها,"Don’t you see that the offspring of animals follow their mothers hoping for their milk, but when that milk stops flowing], they part from them Just",فإنّ أولاد الدوابّ تتبع أمّهاتها في حال رضاعتها فإذا استغنت عن الرضاع افترقت عن أمّهاتها,"The offspring of animals follow their mothers during nursing time and, when they do without being nursed, part from",وإنّ أولاد الدوابّ تتبع أمّهاتها,The offspring of animals follow their mothers...
83,ac5e3d06-07f5-4f5a-9b7b-cb8ddaa2c500,Clouds and Rain Come and Go,وكما أنّ السحاب يلتئم ساعة وينقطع أخرى ويهمي ساعة ويمسك أخرى,"Just as clouds gather at a certain hour and disperse at another, pour down at a certain hour and hold off at another,",وكما أنّ السحاب يتهيّأ ساعة ثمّ ينقطع ويظهر مرّة ويغيب أخرى,"Just as cloud form at a certain hour then disperse, appear once and disappear the other,",,,وكما أنّ السحاب يتهيّأ مرّة وينقطع أخرى ويقطر ساعة ويمسك أخرى,"as clouds form one moment and disperse at another, drop rain at a certain hour and hold off at another,",,,,
84,b3477c73-130b-462f-aece-7c2fa94c9ccb,The Intelligent Adapts,كذلك العاقل يتلوّن مع متلوّنات الأمور عن اختلاف أحوال الأصحاب فينبسط مرّة وينقبض أخرى ويسترسل مرّة ويحترس أخرى,"so the sensible man changes his disposition, as matters alter according to the diverse states of his companions: he can be at ease at times and reserved at others; open at times and cautious at others.",فكذلك العاقل يغّير أحواله مع متلونات الأمور على اختلاف أخلاق الأصحاب فينبسط مرّة ثمّ ينقبض أخرى ويسترسل مرّة وينقبض أخرى ويرضى مرّة ويسخط أخرى,"so the state of the sensible man changes, as matters alter according to the diverse characters of his companions: he can be open at times and reserved at others; trusting at times and again reserved at others; pleased at times and cross at others.",,,كذلك العاقل يتلوّن تلوّن الأمور على اختلاف أحوال الأصحاب فيستيقظ مرّة وينقبض أخرى ويسترسل مرّة ويحترس أخرى ويرضى مرّة ويسخط أخرى ويتجلّد مرّة ويشتكي أخرى,"so the sensible man changes his disposition as matters alter, according to the diverse states of his companions: he can be alert at times and reserved at others; open at times and cautious at others; pleased at times and cross at others; immutable at times and irritated at others.",,,,
85,7ba38ab1-0ecf-484c-aa8d-aea90eff10dd,Enmity Turns into Friendship in Times of Need,وربّما قطع المرء عن صديقه بعض ما كان يصله بفضله فلم يخف شرّه لأنّ أصل أمره لم يكن عداوة فأمّا من كان أصل أمره عداوة وتحدث صداقته لحاجة حملته على ذلك فإنّه إذا ذهب الأمر الذي أحدث ذلك صار إلى أصل أمره,"And a person might cut off some of the favor that had allied him to his friend and not fear any evil from him, because the basis of the affair had not been enmity. As for someone towards whom the basic state is enmity and he strikes up a friendship out of a need that causes him to do so-well, when the the matter which made this happen goes away, things return to the basic state,",وربّما قطع المرء عن صديقه بعض ما كان يصله به فلا يخاف ضرّه لأنّ أصل أمره لم يكن عداوة وربّما أحدث المرء صداقة لعدوّه لحاجة حملته عليها فإذا ذهب الأمر الذي كان منه ذلك تحوّلت صداقته عداوة,"And a person might break off some of what had allied him to his friend without fearing any harm from him, because the basis of the affair had not been enmity; a person might also strike up a friendship from enmity, out of a need that causes him to do so, and when the matter that brought this about goes away, that friendship turns into enmity-",فأمّا العداوة التي أحدثت الصداقة فالحاجة تحمل على ذلك,"them As for the enmity that has been made into friendship, only need drives one toward that.",وربّما قطع الصديق عن صديقه بعض ما كان يصله فلم يخف شرّه لأن أصل أمره لم يكن عداوة فأمّا من كان أصل أمره عداوة جوهريّة ثمّ أحدث صداقة لحاجة حملته على ذلك فإنّه إذا زالت الحاجة التي حملته على ذلك زالت صداقته فتحوّلت عداوة وصار إلى أصل أمره,"And a friend might cut off some of what had allied him to his friend and not fear any evil from him, because the basis of the affair had not been enmity. As for someone towards whom the basic state is innate enmity and he strikes up a friendship out of a need that causes him to do so-well, when the the need which made him act this way goes away,",والرجل إذا كان عدوًّا ثمّ صار خليلًا في سبب منفعة تنقطع خلّته إذا انقطعت منفعته وتصير الى عداوة,"them. If a man turns from enmity to friendship for profit, his friendship ends when that profit ends, turning again into enmity-",والرجل إذا كان عدوًّا ثمّ صار خليلًا في سبب منفعة ينقطع إخاؤه إذا انقطعت منفعته ويصير إلى عداوته,"If a man turns from enmity to friendship for profit, his amity ends when that profit ends, and he turns to his previous enmity-"
86,15a98b33-4135-4034-bc4c-efe7b3042df5,Heated Water Cools Down,كالماء الذي يُسخّن بالنار فإذا رُفع عنها عاد باردًا,"as with water heated with fire: when it is taken off it, the water turns cold again.",فصار أمره كالماء الذي يسخن بالنار فإذا وقع عليها صار,"his case is like water heated with fire: when it is extinguished, the water becomes cold.",,,كالماء الذي يُسخّن بالنار فإذا رُفع عنها عاد باردًا,"as with water heated with fire: when it is taken off it, the water turns cold again. And",كالماء الذي يُسخّن بالنار فإذا فرق بينه وبين النار عاد الى البرد,"as with water heated on fire: when it is separated from the fire, it reverts to being cold.",كالماء السخن إذا فرّق بينه وبين النار عاد إلى أصله البرودة,"as with hot water: when it is separated from the fire, it reverts to its initial state-coldness."
87,27110ffa-ffc2-4ced-ab0a-d1911e1761b5,The Cat Is the Rat's Worst Enemy,فلا عدوًّا أضرّ لي منك,And no enemy is more harmful to me than you.,باردًا ولا شيء أضرّ لي عداوة منك,And no enmity is more harmful to me than yours.,,,وليس من أعدائي عدوّ أضرّ لي منك,of my enemies there is none more harmful to me than you.,وأنت لي عدوًّا وأنا لك مثل ذلك وكيف تستقيم الخلّة بيننا,"You are an enemy unto me and I unto you. How can friendship work between us,",فأنت لي عدوّ وأنا لك عدوّ ومثل ذلك وكيف يستقيم أن تكون الخلّة بيننا والإخاء,"You are an enemy unto me, and I am, likewise, an enemy unto you. How can friendship and amity work between us,"
88,68a462f9-7139-44b2-9137-0109069d07eb,The Rat's Need for Friendship Has Gone,وقد كان اضطرّني وإيّاك أمر أخرجنا إلى ما صرنا إليه من المصالحة وقد ذهب الأمر الذي احتجت إليّ واحتجت إليك فيه وأخاف أن يكون مع ذهابه عود العداوة بيني وبينك,"You and I were compelled by a matter which had brought us to the agreement we achieved; but the matter which had made you need me and me you has passed, and I fear that in its passing is the return of the enmity between me and you.",وقد اضطرّني وإيّاك حالة أحدثنا !لنا المصلحة وقد مضى الأمر الذي احتجت فيه إليّ واضطررت فيه إليك وأخاف أن يكون مع ذهابه إحياء العداوة بيني وبينك,"You and Iwere compelled by a situation to create an agreement; but the matter which made you need me, and which obliged me to you is over, and I fear that in its passing is the revival of the enmity between me and you.",,,وقد اضطرّني وإيّاك حاجة إلى ما حدثنا من المصالحة وقد ذهب الأمر الذي احتجت إليّ واحتجت إليك فيه وأخاف أن يكون مع ذهابه عودة العداوة,"You and I were compelled by a need to the agreement we created; but the matter which made you need me and I you has passed, and I fear with its passing the return enmity. There",وقد اضطرّتني وإيّاك حاجة للمصالحة فقد مضى الأمر الذي احتجت إليّ فيه واضطرّ إليك فأخاف أن يكون مع ذهابه رجوع العداوة بيني وبينك,"while I know that you have no need except that of eating me You and I were compelled, by a need, to enter an agreement, and the matter which made you need me and which obliged me to you has passed. I fear, then, that in its passing is the return of the enmity between you and me.",,
89,6ec8bb5a-58eb-4494-97a2-592f91bacfb4,The Weak Must Avoid the Strong,ولا خير للضعيف في قرب العدوّ القويّ ولا الذليل في قرب العدوّ العزيز,There is no good in the weak being close to the powerful enemy and no good in the humble being close to the proud enemy.,ولا خير للضعيف في قرب العدوّ القويّ ولا للذليل في الدنوّ من العزيز,There is no good in the weak being close to the powerful enemy and no good in the humble being near the grand.,,,ولا خير للضعيف في قرب العدوّ القويّ ولا للذليل في قرب العدوّ العزيز,is no good in the weak being close to the powerful enemy nor in the humble being close to the proud enemy.,ولا خير للضعيف في قرب العدوّ القويّ ولا الذليل في الدنوّ من العزيز,There is no good in the weak becoming close with the powerful enemy and no good in the humble approaching the grand.’ “,,
90,b2f29829-7756-44c9-b3b5-c6958df39e6a,The Cat Desires the Rat for Food,ولا أعلم لك فيّ حاجة إلّا أن تريد أكلي,"And I’m not aware that you have any need for me except your wanting to eat me,",ولا أعلم لى منك حاجة إلّا أن تكون تريد أكلي,"And I’m not aware that you need me in any way except your wanting to eat me,",,,ولا أعلم لك قبلي حاجة إلّا أن تكون تريد أكلي,And I’m not aware that you have any need regarding me except your wanting to eat me. There,وأنا أعلم أنّ ليس لك حاجة إلاّ أكلي,I know that you have no,وأنا أعلم أن ليس لك حاجة إلّا أكلي,while I know that you have no need except that of eating me
91,06d2375d-6ea4-4f98-a177-36a2fc95d2fe,The Prudent Rat,ولا أرى الثقة بك,so I don’t see any trust in you; for,فلا أرى لي الثقة بك,so I don’t see that I should trust you;,,,ولا الثقة بك,is no trusting you For I,,,,
92,9a972061-f3b4-4b1d-8a64-2861566f2c8e,The Cautious Weak Is Better Than Deluded Strong,فإنّي قد علمت أنّ الضعيف هو أقرب إلى أن يسلم من العدوّ القويّ إذا هو احترس منه ولم يغترر به من القويّ إذا اغترّ بالضعيف واسترسل إليه,"I have learned that the weak person is closer to being safe from the powerful enemy when he is wary of him and not misled by him, than the powerful who is misled by the weak and open to him.",فإنّي قد علمت أنّ الواهن هو أقرب إلى أن يسلم من الشديد إذا احترس منه ولم يغترّ به من القوي إذا آمن وأغترّ بالضعيف واسترسل إليه,"for I have learned that the weak person is closer to being safe from the strong, when he is wary of him and not misled by him, than the powerful who feels safe while he is misled by the weak and trusts him.",,,فإنّي قد علمت أنّ الضعيف المحترس من العدوّ القويّ أقرب إلى السلامة من القويّ [[المغترّ]] اذا اغترّ بالضعيف واسترسل إليه,have learned that the weak person who is cautious of the strong enemy is closer to safety than the proud enemy when he becomes misled by the weak and open to him.,,,,
93,89388b76-4977-4344-848c-d880340cf3c3,The Intelligent Escapes Forced Friendship,والعاقل يصانع عدوّه إذا اضطرّ إليه فيظهر له ودّه ويريه من نفسه الاسترسال ***,"The sensible man shows his enemy favor, if he is compelled to it: he displays friendliness, and shows himself open ...",والعاقل يصالح عدوّه إذا اضطرّ إلى ذلك ويصانعه ويظهر له ودّه ويريه من نفسه استرسالًا إليه إذا لم يجد بدًّا ويجعل الانصراف عنه إذا وجد إلى ذلك سبيلًا,"The sensible man makes peace with his enemy, if he is compelled to that: he treats him well, displays friendliness, and shows him trust on his part-if he can’t manage otherwise-but he makes haste to get away from him when he finds a way for that.",,,والعاقل يصلح عدوّه إذا اضطرّ إليه ويصانعه ويظهر له ودّه ويريه من نفسه الاسترسال إليه إذا لم يجد من ذلك بدًّا ثمّ يعجّل الانصراف عنه حين يجد إلى ذلك سبيلًا,"The sensible man makes peace with his enemy, if he is compelled unto him: he treats him well, displays friendliness, and shows him some trust on his part- if he can’t manage other than that; he then makes haste to part from him when he finds a way for that.",,,,
94,0e2099fa-f78a-4e25-b828-5ae6d0bb1da1,Trusting Quickly Is Risky,*** لا يكاد يستقيل عثرته,can hardly be excused for his misstep;,ويعلم أن صريع الاسترسال لا يكاد أن يستقيل عثرته,He also knows that he who is felled by his own candor can hardly be excused for his misstep;,واعلم أنّ صريع الاسترسال لا تُقال عثرته,And know that the misstep of he who is felled by his own candor cannot be excused.,وقد قيل إنّ سريع الاسترسال لا يكاد يستقيل عثرته,It has been said that someone too quick to act openly can hardly be excused for his misstep;,,,,
95,d85d6b0f-c783-4831-9f9f-498872c1b718,The Intelligent Distrusts Forced Friendship,والعاقل يفي لمن صالح بما جعل له ويثق بذلك من نفسه ولا يثق لها بمثل ذلك من أحد,"and the sensible man keeps his promise to whom he enters into a truce with, while trusting himself but does not trust",وهو يفي لمن يصالح بما جعل فيثق بذلك من نفسه ولا يثق بمثل ذلك من أحد,"he should keep his promise to whom he enters into a truce with, while trusting himself with this in ways in which he doesn’t trust others",والعاقل يبقي لمن صالحه من عدوّه بقيّة من نفسه ولا يثق به كلّ الثقة,The sensible man treats his enemy with whom he reconciled with some of his previous reserve and does not trust him fully.,والعاقل يفي لمن صالح بما جعل له من نفسه بمثل ذلك من أحد,"and the sensible man keeps his pledge upon himself to whom he enters into a truce with, … anyone to do the same, and he prefers",,,,
96,74115d9e-1d73-4d00-9de9-65521290b093,The Intelligent Must Leave Forced Friendship,,,,,,,,,,,,
97,64e2ad84-614f-4495-9d2c-0c361f0cdc80,The Best Thing Is Distance From the Enemy,ولا يؤثر على البعد من عدوّه ما استطاع شيئًا,his enemy as much as he can. For you to stay away from the huntsman,ولا يؤثر على البعد من عدوّه ما استطاع,and preferring nothing to distance from his enemy as much as he can.,ولا يأمنه على نفسه مع القرب منه والبعد عنه ما استطاع,"Neither does he trust him with his safety, when he approaches him and stays away from him as much as he can.",ولا يؤثر على الاحتراس,nothing above caution … For me to,,,,
98,8360da13-9e53-4591-ad77-a3b65ef83363,Staying Away from the Enemy is the Best Judgment,والبعد لك من الصيّاد والبعد لي منك من أحزم الرأي,and for me to stay away from you is the most prudent judgment.,فالبعد لك من الصيّاد حزم والبعد لي منك حزم,Staying away from the huntsman is prudent for you; and staying away from you is prudent for me.,,,والبعد لي من قربك أحزم الراي,stay away from getting close to you is the most prudent judgment.,,,,
99,1ab189cb-0b47-48fd-8a6f-6b44c0bad574,The Rat Will Love the Cat from Afar,وأنا أودّك من بعيد,"I shall like you from afar,",والرأي لي أن أودّك من بعيد,"My judgment is to like you from afar,",وأنا أودّك من بعد,"I shall like you from afar,",وأنا أودّك من بعيد وأحبّ لك البقاء والسلامة ما لم أكن أحبّه لك قبل اليوم,I shall like you from afar and desire for you survival and safety in a way that I didn’t desire for you before today.,,,,
100,b74e0835-b671-400d-b926-f230a977dd47,The Rat Does Not Need a Reward,ولا عليك أن تجزيني بمثل ذلك إن رأيت,and you need not reward me likewise-if you so judge.,ولا عليك تحترمني بمثل ذلك,and there’s no duty for you to honor me likewise.,ولا عليك أن تجازيني على صنيعي,"and you don’t have to reward me for my good deed, for there",ولا عليك تجاريني بمثل ذلك,and there’s no harm for your treating me likewise}.,,,,
101,83e7b09d-d272-4fef-9600-a28baf3900bd,The Last Verdict Is No Reunion,وإلّا فلا سبيل إلى اجتماعنا أبدًا والسلم,"Otherwise, there is no way for us to ever reunite. Peace!’”",ولا إلى اجتماعنا سبيل,There isno way for us to ever reunite.’”,إذا لا سبيل إلى اجتماعنا,is no way for us to reunite.’”,ولا سبيل إلى اجتماعنا والسلام,"There is no way for us to reunite. Peace!’ The Chapter of the King and the Bird Fatra “King Dayshalīm said to the Philosopher Baydanā, ‘I have heard the parable of the man who",,,وليس إلى اجتماعنا سبيل,There is no way for us to reunite.’
102,09ada6ad-d0c3-4ff9-9110-4f51535e3b38,The Rat Departs to Safety,,,,,,,,,ثمّ صار الجرذ إلى الأخذ بالحزم والاحتراس من السنّور,"And so the rat stood firm in his stance, remaining wary of the cat.”",ثمّ انجحر الجرذ وصار إلى الحزم والاحتراس من السنّور,"“Then the rat went into his burrow and stood firm in his stance, remaining wary of the cat.”"
103,b53f76aa-9726-4885-a808-d1494253b543,The Philosopher Comments on the Rat's Foresight,,,,,,,,,,,,
104,133fb0ab-0236-429a-bf08-e837e8522c42,The Philosopher Comments on Human Foresight,,,,,,,,,,,,
105,439fc036-840f-46ac-b3e2-cabc6bbbf737,The Gist of the Chapter,,,,,,,,,فهذا مثل الجرذ الذي صادق السنّور,This has been the parable of the rat who became friend to the cat.,,
106,4eeff3c1-bdb7-472c-b0be-f58abaf21397,The Ending of the Chapter,,,,,انقضى باب الجرذ والسنّور,Here ends the Chapter of the Rat and the Cat.,,,,,,