unit_order,unit_id,unit_title,IH,R2536,P3471,CCCP578,P3475,Met-1981.373,A4095,L8751,Cheikho,L4044,P3466,P3465,P3473,R2407,JBE-Hebrew,JBE-MSH-Eng,P5881
1,98cc0341-3d81-4a5f-bf79-19731e64dea0,Chapter Title,|باب |البحث عن أمر دمنه,باب البحث عن أمور دمنة,باب الفحص عن أمر دمنة,باب البحث عن أمر دمنة,باب البحث عن أمر دمنة,باب الفحص عن أمر دمنة,باب الفحص عن أمر دمنة,باب الفحص عن أمر دمنة وما كان وعذره مع الأسد وهو الباب الخامس,باب الفحص عن أمر دمنة,باب الانبحاث عن أمر دمنة,باب الفحص عن أمر دمنة,باب الفحص عن أمر دمنه,الباب الرابع باب البحث عن أمر دمنة,الباب الثاني وهو باب البحث عن أمر دمنة,שער חקור בעד דברי דמנה,,باب الفحص عن أمر دمنة
2,59711c22-7b14-41b7-ad76-a1d135c18cda,On Seeking One's Benefit by Others' Harm,,,وهو باب من أراد منفعة نفسه بضرّ غيره إلى ما يصير عاقبة أمره,,وهو باب من أراد منفعته بضرّ غيره إلى من يصير عاقبة أمره,,,,وهو باب من أراد منفعته بضرّ غيره إلى *ما يؤول إليه أمره,,,,,وهو مثل من يطلب المنفعة لنفسه بضرر غيره ويُهلك البريء بالقذف والكذب,,,
3,b3602c66-ec2c-4263-9745-f0d0d4c67677,Frame Dialogue,,,,,,,,,,,,,,,,,
4,04aed540-9d09-45e8-bfa2-dc8380ee79ce,The Philosopher Shows a Minor Animal to Sow Discord,,,,,,,,,,,,,,,,,قال الفيلسوف فكان من صنيع دمنة على صغره وضعفه وهو من أرذل السباع وأخبثها وأدبرها وكان ممّن شأنه ما قد سمعته وما صنع وما طرح بين الأسد والثور وما شعث بينهما حتّى وثب كلّ واحد منهما على صاحبه حتّى قطع ودّهما
5,9c13a18e-cc49-482e-bc05-d06605c3b8c6,Dimna's Deed Makes the Intelligent Reflect,,,,,,,,,,,,,,,,,وصنع العجائب بينهما ما تذهل عنه العقول [وذوي] *والألباب وفيه عبرة لذوي العقول في *الاتقاء لأهل النميمة والنظر فيما يوردون من تعبهم ومكرهم وسعايتهم
6,e39b3279-de87-41be-91ad-0f51daad806a,The Intelligent Must Verify Statements,,,,,,,,,,,,,,,,,فذووا الألباب حقيقون أن يتحفّظوا عن الأشياء المذمومة ثمّ لا يقدموا على شيء من أقاويلهم إلّا بعد التثبّت والنظر ويرفضوا من عرفهم على مثل ذلك من أهل السعاية والنميمة فإنّه من أحزم الرأي وأسعد السعادة وأحمد في عواقب الأمور
7,e3323699-ba55-4cfd-8a70-32784de2101a,The King Asks about Dimna's Fate,|فقال فاذكرْ لي قتلَ دمنَهْ ### يا بيدبا مِن بعدِ هذي الفتنَهْ,قال الملك للفيلسوف قد فهمت هذا المثل عن الواشي المحتال [[هذا المثل عن]] حيث أفسد اليقين بالشبهة حتّى أزال المودّة وجعل مكانها العداوة والبغضاء حتّى ما كان من أمر دمنة بالاعتذار حين أمر الأسد بقتله,قال الملك الفيلسوف أخبرني ما كان عذر دمنة حين أمر الملك فقتله,ثمّ قال ديشلم الملك لبيديا الفيلسوف حدّثْني عن الواشي المحتال الماهر بالخلابة المفسد الودّ الثابت بين المتحابّين وفيما قال دمنة بعد قتل شتربة في غدرٍ حتّى برّأ نفسه من الذنب حتّى صدّقه الأسد وسائر جنده ووثقوا به وبقوله فقُتل أشرّ قتلة,قال ديشلم الملك لبيدبا الفيلسوف أخبرني ما الذي كان من اعتذار دمنة حين أمر الأسد بقتله وكيف ظهر ذلك في أمر,قال الملك للفيلسوف قد فهمت كلامك فأخبرني ما كان من اعتذار دمنة [[حتّى]] {حين} أمر الأسد بقتله,قال ديشلم ملك الهند *لبيدبا الفيلسوف قد سمعت خبر الواشي المحتال الماهر بالخلابة كيف يفسد بتشبّهه وتلبيسه الودّ الثابت بين المتحابّين فأخبرني إلى ما آل إليه أمره وما كانت عاقبته,قال الملك للفيلسوف أخبرني ما كان عذر دمنة حين أمر الأسد بقتل شتربة,قال الملك للفيلسوف قد سمعت حديثك في مِحال العدوّ المحتال كيف أفسد اليقين بالشبهة حتّى أزال المودّة وأدخل العداوة فحدّثني إن رأيت كيف اطّلع الأسد على ذنب دمنة حتّى قتله وكيف كانت معاذيره ودفعه عن نفسه,قال الملك للعالم قد سمعت حديثك عن الواشي المختال الماهر بالخلابة كيف أفسد النفس بالشبهة حتّى أزال المودّة وأدخل مكانها العداوة فحدّثني ما كان من معذرة دمنة للأسد وجنوده حتّى راجع الأسد رأيه في أمر الثور وأدخل التهمة على دمنة وأمر به أن يُقتل شرّ قتلة وكيف اطّلع على عدوّه وما كان حجّته التي أدلى بها,قال ديشلم الملك لبيدنا الفيلسوف رأس الفلاسفة قد حدّثتني عن الواشي الماهر بالخلابة وكيف يفسد الودّ بين المتحابّين فحدّثني إن رأيت ما قال دمنة بعد قتل شتربة وما كان عذره إلى ما صار إليه دمنة,قال ديشلم الملك لبيديا الفيلسوف قد حدّثتني عن الواشي الماهر بالمحال كيف يفسد بالنميمة المودّة الثابتة بين المتحابّين فحدّثني إن رأيت بما كان من حال دمنة وإلى ما آل *مآله بعد قتل شتربة <وما> كان من معاذيره عند الأسد وأصحابه حين راجع الأسد رأيه في الثور وأدخل النميمة على دمنة وما كانت حجّته التي احتجّ بها,قال ديشلم الملك لبيدبا الفيلسوف قد حدّثتني عن الفاجر الماهر القادر كيف يفسد بالنميمة والمكر الودّ الثابت بين المتحابّين فحدّثني ما يؤول أمر الرامي بينهما إذا اتضّح سعيه بالباطل,قال ديسلم الملك لتنديا الفيلسوف قد حدّثتني عن الفاجر الماكر الغادر كيف يفسد بالنميمة والمكر الودّ الثابت بين المتحابّين فحدّثني ما يؤول إليه أمر الواشي بينهما إذا اتضّح سعيه بالباطل,ויאמר׳ המלך לדוד הכמות כבר בינתי משליך על הנרנן המשחית. אשר יוכל להפר בין אחים ברית. המסיר מביניהם אהבה. ומשים תחתיהם איבה. ועתה הגירה לי מענה דמנה וחרמיתו. בעת צוה האריה להמיתו.,,قال ديشلم لبيدبا رأس الفلاسفة أخبرني عن الواشي المحتال الماهر في الخيانة كيف يفسد الودّ الثابت بين المتحابّين وحدّثني كيف كان غدر دمنة للأسد حتّى قتل الثور وما كانت حجّته عنده إلى ما صار إليه أمره وكيف اطّلع على فعله وسوء تدبيره وحيله ومكره
8,a3a8e80d-f7ff-4d90-8295-174ceff072d0,The Philosopher Mentions Dimna's Trial Parable,,,,,,,,,,,,,قال الفيلسوف إنّ الفاجر الغادر الساعي بالنميمة والكذب ليكون عاقبة أمره إلى ما يكره ومن أمثال ذلك ما كان من دمنة بعد قتل شتربة وندامة الأسد عليه حين مراجعته لرأيه ونظره في أمره وإطّلاعه على غدر دمنة من حجّته ومناظراته له,قال الفيلسوف إنّ الفاجر الغادر الساعي بالنميمة والكذب تكون عاقبة أمره إلى ما يكره ومن أمثال ذلك ما كان من دمنة بعد قتل شتربه وندامة الأسد عليه وحين راجع رأيه ونظر في أمره واطّلاعه على غدره وما كان حجّته ومناظرته,,,
9,d71b9861-5fbe-42af-916f-ad8e72329ede,The King Requests the Parable,,,,,,,,,,,,,قال الملك وكيف كان ذلك,قال الملك وكيف كان ذلك,,,
10,da6355bd-d16b-4829-bb87-0e8d4bf621bc,The Philosopher's Answer About the King's Killing,|قال نعمْ لمّا استبانَ كذِبُهْ ### عند الهُمامِ كانَ فيهِ عَطَبُهْ,قال الفيلسوف أيّها الملك بلغنا أنّ الأسد لمّا قتل شتربة ومرّ لذلك أيّام ندم على معالجته إيّاه بالقتل وكان يطيل مسامرة أصحابه عليه ليستسلي عن غمّه,قال الفيلسوف بلغنا أنّ الأسد لمّا قتل شتربة ومضى لذلك أيّامًا,قال بلغنا أنّ الأسد لمّا قتل شتربه ومرّ لذلك أيّام خرج النمر ذات يوم وكان معلّم الأسد وخالصته وأمينه في أموره,قال بيدبا الفيلسوف بلغنا أنّ الأسد لمّا قتل الثور مضى لذلك أيّام,قال الفيلسوف بلغنا أنّ الأسد لمّا قتل شتربة ومرّ عليه أيّام ندم على معاجلته إيّاه بالقتل وكان يطيل مسامرة أصحابه,قال بيدبا إنّا وجدنا في الكتب أنّ الأسد لمّا قتل شتربه ومرّ لذلك أيّامٍ,فقال الفيلسوف بلغنا أنّ الأسد لمّا قتل شتربة ومرّ لذلك أيّامًا,قال بيدبا الفيلسوف إنّا وجدنا في كتب خبر دمنة أنّ الأسد لمّا قتل شتربة ندم على معاجلته بالقتل وتذكّر حرمته,قال الفيلسوف وجدنا في الأحاديث أنّ الأسد لمّا قتل الثور ندم على معاجلته إيّاه وذكر حرمته وصحبته وكان يطيل مسامرة أصحابه ليقطع عن نفسه بحديثهم بعض ما دخله من الحزن والكآبة,قال بيدنا إنّا وجدنا في كُتُب دمنة واعتذاره أنّه لمّا قتل شتربة كان الأسد يطلب منادمة أصحابه ليقطع بذلك عنه بعض همّه,قال الفيلسوف [إنّا] {وجدت} في حديث دمنة أنّ الأسد حين قتل شتربة ندم على قتله وذكر قديم صحبته وجسيم خدمته وأنّه كان أكرم أصحابه عليه وأخصّهم منزلة لديه وأقربهم وأدناهم إليه وكان يوصل به المشورة دون أصحابه,قال الفيلسوف إنّ الأسد لمّا قتل شتربه ندم على قتله وتذكّر عقله وحسن صحبته خدمته ورأيه وكونه كان أكرم أصحابه عليه,قال الفيلسوف إنّ الأسد لمّا قتل شتربه ندم على قتله وذكر صحبته وعقله وحسن رأيه وخدمته لكونه كان من جملة أصحابه وقريبًا منه,ויאמר דוד הכמות אמרו כי האריה אחרי המיתו את שנזבה. נהם על מהרו להמיתו בלי חקור ובלי מחשבה. ויזכור את ידידותו. ויאנח על פרידותו. ויאסוף אליו אלף ידידים. ורבוא עברים. להיות אחד מהם כשנזבה ידידו ועבדו. ולא מצא עזר כנגדו.,,قال إنّه لمّا قتل الأسد الثور ندم على قتله وعلى عجلته في أمره وتذكّر خدمته له ونصيحته إيّاه وما كان يطيل حديثه مع أصحابه ليقطع عنه ما يداخله من الحزن والكآبة على قتل الثور
11,689b67bf-5bc3-4708-ab4b-d05d317e532e,Narrative Transition from Lo,,,,,,,,,,,,,,,,,
12,14bd21cf-184a-4153-b4d0-2473fc07a9c3,A Leopard Was the Lion's Confidant,|راحَ مِن المجلسِ الليلِ النمِرْ ### وقد كان ساهَرَهُ حتّى سهِرْ |وَهْوَ أخصُّ القومِ جمعًا عندَهْ ### قلّده خراجَهُ وجندَهْ,وكان من جنود الأسد وقرابته نمر كان من أكرم أصحابه عليه وأخصّهم به,خرج النمر ذات ليلةٍ وكان يُدعى معجب الوشي وكان معلّم الأسد ومعينه,خرج النمر ذات يوم وكان معلّم الأسد وخالصته وأمينه في أموره,خرج النمر ذات ليلة وهو معلّم الأسد وأمينه,فلمّا كان ذات ليلة خرج النمر وكان معلّم الأسد وأمينه,خرج النمر ذات يومٍ وكان يُدعى المعجب الوشي وكان معلّم الأسد وأمينه وموضع سرّه,خرج النمر ذات ليلةٍ وكان معلّم الأسد,وكان من جنود الأسد وقرابته نمرٌ كان من أكرم أصحابه عليه وأخصّهم عنده منزلةً وأطولهم به خلوةً بالليل والنهار وكان الأسد بعد قتله شتربة يطيل مسامرة أصحابه ليقطع عنه بحديثهم بعض ما قد داخله من الكآبة والحزن بقتله الثور وإنّ النمر لبث في سمره ذات ليلةٍ حتّى مضت هدأةٌ من الليل,فكان من قرابة الأسد نمر كان من أكرم أصحابه عليه وأخصّهم عندهم منزلة وأطولهم به خلوة في الليل والنهار [النمر] وأنّه أمسى ذات ليلة عند الأسد بعد قتل الثور,وأنّه خرج ذات ليلة من عند الأسد نمر يُدعى معجب الوشي وكان معلّم الأسد وخاصّته وموضع سرّه متوجّهًا إلى منزله,وكان خواصّه من أخصّ أصحابه عنده بعد الثور النمر فاتّفق أنّه أمسى النمر ذات ليلة عند الأسد,وكان من جملة أصحاب الأسد وقريبًا منه وخاصًّا عنده نمرًا من جنوده وكان أمينه على أسراره وجميع أحواله وهو مقبول الكلمة عنده,وكان أيضًا من جُملة أصحاب الأسد وخاصٌّ عنده نمرٌ وكان أمّنه على جميع أسراره وكافّة أحواله ومقبول الكلمة عنده,ויסר אליו נמר אחד אל משמעתו נכסף. וישימהו משומרי הסף.,,قال وكان من جنود الأسد ووزرائه نمر وكان من أكرم أصحابه عنده وأطولهم به خلوة وكان لا يفارقه ليلًا ولا نهارًا وكان معلّم الأسد
13,bc29461d-2802-4e07-9d77-02a4da544851,The Leopard Overhears Kalila Chastising Dimna,|فمرّ ما بين البيوتِ قابِسا ### نارًا يرى بضوءها الحنادِسا |لمّا دنا من البيوتِ سمِعا ### كليلةً لصوتهِ قد رفَعا,فخرج النمر ذات ليلة يطلب قبسًا من بيت كليلة ودمنة يعاذله على غدره ونميمته ويفتّح له سوء رأيه وصنيعه فيما ارتكب من شتربة في غير ذنب أتاه إليه,يطلب قبسًا من بيت كليله فلمّا انتهى إلى الباب إذا هو بكليله يلوم دمنة ويعدله عن صنيعه وما ارتكبه من الثور عن غير ذنبٍ,يطلب قبسًا من بيت كليلة ودمنة فلمّا انتهى إلى الباب إذا هو بكليلة يلوم دمنة ويعدّ له على سوء رأيه,يطلب أن يقبس نارًا من بيت كليلة ودمنة فلمّا انتهى إلى بابهما إذا كليلة يلوم دمنة ويعذله إلى سوء رأيه وما ارتكب من الثور ظلمًا بغير ذنب كان منه,يطلب قبسًا من بيت كليلة فلمّا انتهى إلى الباب إذا هو بكليلة يعاتب دمنة ويعذله على سوء رأيه وصنعه في أمر شتربة من غير ذنب *أسداه إليه,يطلب قبسًا فاضطرّته السماء منزل كليلة ودمنة فلمّا انتهى إلى الباب سمع كليلة يعاتب دمنة ويلومه على سوء رأيه وصنيعته وما ارتكب من شتربه في غير ذنبٍ أتاه إليه,يطلب قبسًا من بيت كليلة ودمنة فلمّا انتهى إلى الباب إذا هو بكليلة يلوم دمنة ويعذله على سوء رأيه وصنيعه وما ارتكب من شتربة في غير ذنبٍ أتاه إليه,ثمّ خرج من عنده منصرفًا إلى منزله وقد كان منزل كليلة ودمنة قرب منزل الأسد فدنا النمر من منزلهما ليصيب قبسًا يستضيء به وكانا مترافقين فسمع النمر محاورتهما ونصت لهما حتّى سمع كلامهما كلّه ووجد كليلة قد أقبل على دمنة يعذله ويقبّح له رأيه وفعله ويعظم له جرمه ويوبّخه بغدره,وانصرف ممسيًا إلى منزله فمرّ على مسكن كليلة ودمنة وكانا مترافقين في بيت واحد فسمع كليلة موبّخًا لدمنة فيما كان منه من الغدر والمكر مذكّرًا له نهيه إيّاه وعصيان دمنة له فسمع النمر كلامهما كلّه,فاضطرّ به المساء فتوجّه إلى بيت كليلة ودمنة الذي كانا فيه وكان على طريقه فلمّا انتهى <إلى> الباب سمع كليلة يعاتب دمنة ويلومه فيما أفسد بين الأسد والثور,فخرج من عنده جون الليل يريد منزله فاجتاز على منزل كليلة ودمنة فلمّا انتهى إلى الباب سمع كليلة يعاتب دمنة على ما كان منه ويلومه في النميمة واستعمالها مع الكذب والبهتان في حقّ الخاصّة وعرف النمر عصيان دمنة وترك القبول له فوقف يستمع ما يجري بينهما,فلمّا كان بعد قتل الثور بأيّامٍ تمشّى النمر عند الأسد ثمّ مضى إلى منزله ليلًا اجتاز على منزل كليلة ودمنة فلمّا انتهى إلى الباب سمع كليلة وهو يعاتب دمنة ويلومه على إقدامه بالنميمة [بالنميمة] والكذب,فلمّا كان بعض الأيّام مشى النمر لعند الأسد بعد قتله الثور وندامته عليه وعاد النمر إلى منزله آخر وقتٍ فاجتاز على منزل كليله ودمنة عنده فلمّا انتهى إلى الباب سمع كليله يعاتب دمنة ويلومه على إقدامه بالنميمة والكذب,ויצא לילה לבקש אש אנה ואנה. עד בואו אל בית כלילה ודמנה. וישמע כלילה מחרף דמנה על בנדו אשר בגד ועל פשעו אשר פשע ועל מחשבתו היתרה. ועצתו הנבערה. אשר סבב מות שנזבה בלי חטאה.,,فخرج [[الأسد]] النمر ذات ليلة متوجّهًا إلى منزله فاضطرّه المشي إلى بيت كليلة ودمنة وكان البيت على طريقه فلمّا انتهى النمر إلى الباب سمع كليلة يعاتب دمنة ويعذله في فساده بين الأسد والثور
14,129d2084-7401-498c-b30f-d83271f8f7c1,Kalila Predicts Dimna's Doom,|يقول يا دمنةَ لستَ ناجِيا ### فلا تكنْ منه الخلاصِ راجِيا |لا بدَّ أن يظهرَ ما فعلْتا ### له وإن يظهرْ له هلكْتا,ويعلمه أنّه غير ناجٍ من الأسد,ويُعلمه أنّه غير ناجٍ من نميمته وكذبه وأنّه معاقبه ومهلكه,ويعلم أنّه غير ناجٍ من الأسد وأنّه لا بدّ أن يطّلع على ما فعل من كذبه وأنّه معاقبه ومهلكه,ويخبره أنّه غير ناج من الأسد وأنّه لا بدّ أنّ يطّلع على ما كان منه من أمر نميمته وكذبه فيعاقبه عقوبة يكون فيها هلاكه,ويعلمه أنّه غير ناج من الأسد وأنّه لا بدّ أن يطّلع على ما كان من نميمته وكذبه وأنّه معاقبه ومهلكه,وكان في بعض قوله إنّ الذي أتيت من النميمة والخلابة سيظهر للأسد ويطّلع طلعه بعد اليوم ولست بناجٍ منه إلّا بأكثر ممّا يُعاقب به أهل الذنوب,ويعلمه أنّه غير ناجٍ من الأسد وأنّه لا بدّ له أن يطّلع الأسد على ما كان من نميمته وكذبه وأنّه معاقبه ومهلكه,,,وقال في بعض قوله يا دمنة إنّ الذي أتيت من النميمة والخلابة سيظهر للأسد ويطّلع عليه ولست بناج منه يا دمنة إلّا بأشدّ ما يعاونوه أهل الذنوب,,,,כי אם בשנאה וקנאה. וכל חושב מחשבת רעה ההפך עליו. ולא ימלט רשע את בעליו. ואני ידעתי כי התחתים יהיו בכל הליביך. ולא תצליח דרכיך. כי דם נקי שפכת. ובדרך חטאים הלכת. ולא יחסר מגיד לאריה רעתך. וגולה את אזנו ערותך. אם אזרח אם נר ואם הלך. וכל דבר לא יכחד מן המלך.,,وقول كليلة في بعض كلامه إنّ الذي أتيت من هذه النميمة والسعاية لا بدّ أن يظهر إلى الأسد ويطّلع عليها فإذا اطّلع عليها فلست بناج بل تعاقب بأكثر ممّا تعاقبه أهل الذنوب
15,4d212005-0002-4b72-92c5-c7449655b7c9,Kalila's Accusation of Dimna,|حينئذٍ يجتمعُ الهَوانُ ### عليك والقتلُ ولا غفرانُ |لأنّهم يخشَوْن شرَّ مكرِكا ### والقتلُ لا شكَّ مُزيلُ شرِّكا,وأنّه لا بدّ أن يطّلع على ما كان منه فلا يبقى له عاذل ولا ناصر وأنّه معاقبه ومهلكه,,,,,,,وكان فيما أثبته به أن قال إنّ الذي هيّجت بين الأسد والثور من العداوة بعد المودّة والفرقة بعد الألفة والشحناء بعد السلامة بسخافة عقلك وقلّة وفائك لمظهرٌ أمرك ومطلعٌ طلعه ولازمك من بغته (بغيه) ما تستوبل عاقبته وتستمرّ مذاقته,وكان ممّا قال كليلة لدمنة قد ركبت أمرًا عظيمًا قبيحًا ودخلت من الغدر مدخلًا ضيّقًا وخنت الأسد خيانة عظيمة توشك عواقبها أن تصرعك وينكشف أمرك فلا يبقى لك من السباع عاذر ولا ناصر بل تجتمع عليك كلمتهم بالهلاك والقتل,,فكان فيما قال كليلة لدمنة لقد ارتكبت مركبًا صعبًا ودخلت مدخلًا ضيّقًا وجنيت على نفسك جنايةً موبقةً وعاقبةً وخيمةً وسوف يكون مصرعك شديدًا إذا انكشف للأسد أمرك واطّلع عليه وعرف غدرك ومحالك وبقيت لا ناصر لك فيجتمع عليك الهوان والقتل مخافة شرّك وحذرًا من غوائلك,[فكان] فيما قاله له إنّك قد ارتكتب أمرًا عظيمًا ودخلت مدخلًا ضيّقًا وجنيت على نفسك جنايةً عظيمةً وعاقبتها وخيمةً إذا اطّلع الأسد عليه وانكشف له غدرك فلا يبقى لك في السباع عاذرٌ ولا ناصرٌ بل تجتمع عليك بالهلاك والقتل مخافة شركٍ وحذرًا من !غوائك,وكان فيما قال له إنّك قد ارتكبت ذنبًا عظيمًا ودخلت مدخلًا ضيّقًا وجنيت على نفسك جنايةً عظيمةً وعاقبتها وخيمةً إذا اطّلع الأسد على أمرك وانكشف له غدرك فلا يبقى لك في السباع عاذر ولا ناصرٌ وجميعهم عليك بالتلاف والقتل مخافةً من شرّك وحذرًا من غوائلك,,,
16,3fa1fa75-9b2d-49f3-a4b9-baccc203cb90,Betrayals Lead to Perdition,,,,,,,,,فإنّ الغدر وإن لان عاجله واستُحليَت فروعه مُرّ العاقبة بعيد المهواة وخيم المزلقة,,,,,,,,
17,8ec6a2f5-7c92-42b9-8b08-01c8a70583ed,Kalila Rejects Dimna as Friend,|ولستُ بعد اليومِ أرتضيكا ### خلًّا ولكنّي أتّقيكا |ولستُ بعد اليومِ أُفشي سرًّا ### لك لأنّي منك أخشى الضُّرّا,,,,وقال له فيما قال لست متّخذك خليلًا بعد اليوم ولا مفشيًا إليك سرًّا,,ولست إنّما أيضًا فيما بعد اليوم متّخذك خليلًا ولا مفشٍ إليك سرًّا ولا مقاربك في شيءٍ,,وإنّي باجتنابك وترك مقارنتك والاقتداء بك لحقيقٌ فلست بآمنٍ على نفسي من معرّتك وشرهك وغدرك,ولا أرى مقاربتك ولا مشاركتك رأيًا,ولست أنا أيضًا بمتّخذك بعد اليوم خلًّا ولا مفش إليك سرًّا ولا مساكنك في منزل,فلست *بمتّخذك بعد اليوم خليلًا ولا مفش إليك سرًّا,فأمّا أنا فلست !آخذك بعد هذه الليلة خليلًا ولا [بمض] بمفضٍ إليك سرًّا,وأمّا أنا !فليس اليوم متّخذك خليلٌ ولا مفضي إليك سرًّا,,,ولست أدري بعد هذا اليوم هل هو متّخذك خليلًا ولا مفشي إليك سرًّا ولا مساكنك في [في] بيت
18,cd746141-8824-4bff-bdb2-29e060a27738,One Must Avoid Bad People,,,,,فإنّ العلماء قالوا تباعد ممّن لا رغبة له في الخير وتخلَ عن أهل النميمة,,كان العلماء قد قالوا تباعد ممّن لا رغبة له في الصلاح وإنّما عمله النميمة *والخِلابة,,وقد قالت العلماء اجتنب أهل الريبة لئلّا تكون مريبًا,,,لأنّ العلماء قد قالوا تباعد ممن لا رغبة فيه,فإنّ الحكماء قالوا تباعد عمّن لا رغبة له في,فإنّ العلماء قد قالوا تباعد عمّا لا رغبةً له في الخير,,,فإنّ العلماء قد قالوا باعدْ من لا رغبة له في السرّ والصلاح
19,9dee46b2-7728-4ad5-8ded-b7c24c255e49,Dimna is Evil and to Be Shunned,|وإنّني بالبعدِ عنك أهلُ ### إن جزاءَ القربِ منك القَتْلُ,,,,,,,,فإنّي تاركٌ مقارنتك ومتباعدٌ منك ومغتربٌ عنك لسوء أخلاقك,,,وأنا جدير بمباعدتك والتماس الخلاص لي ولك ممّا وقر في نفس الأسد من هذا الأمر,وأنا جديرٌ بمباعدتك فالتمس الخلاص لي ولك بما قد وقر في نفسي ونفس الأسد من هذا الأمر,وأنا جديرٌ بمباعدتك فألتمس الخلاص لي ولك ممّا قد أثّر في نفس الأسد من هذا الأمر,,,وأنت يا دمنة إنّما عملك النميمة والفساد والسعاية والغيبة وأنا جدير بمباعدتك فإنّ سعيك ليس في شيء ممّا يعرف بالخير والصلاح ولكنّه من النميمة والفساد
20,2bd0f311-09ae-42fc-ba82-2a09d39d9970,Kalila Accuses Dimna of Causing the Ox's Killing,|فإنّما القَسْوَرُ غضبانُ لِما ### جرى وسوءَ فعلِهِ قد علِما,,,,,,وكذلك حملت الملك على خليله البريء الرفيق العالم شتربه ولم تزل به حتّى اتّهمه فقتله,,التي بها أنشبت العداوة بين الملك ووزيره الناصح المأمون فلم تزل بتشبيهك وتمويهك بالباطل حتّى حملته على القسوة *وأورطته الورطة فقتلته مظلومًا بريئًا,,لِما حملت سيّدنا على خليله البريء العالم الرفيق شتربة ولم تزل به حتّى اتّهمه فقتله,,,,,,وبذلك حملت سيّدنا الملك على قتل خليله الناصح الشفيق العالم الزكيّ الحكيم الوفيّ فلم تزل تدور حوله حتّى اتّهمه وقتله
21,8e1a4eb1-eaf2-4e67-b3c7-fa2c439e4fe4,Dimna Admits His Guilt,,فقال دمنة لكليلة قد وقع من الأمر ما وقع فدعْ تضييق الأمور عليّ وعلى نفسك واعمل في التغيير عن موقع الأثم في نفس الأسد وأمّا أنا فقد كرهت ما كان منّي ولكن الحسد والخوض والشره حمّلوني عليه,,,,,,,قال دمنة قد وقع من الأمر ما لا مردّ له فدع تضييق الأمور عليّ وعلى نفسك واعمل في التغييب عن موقع الأمر كذا في نفس الأسد فقد كرهت ما مضى منّي والحسد والحرص حملاني على ما صنعت,قال دمنة قد وقع من الأمر ما لا مردّ له فدع أيّها الأخ تضييق الأمور عليّ وعلى نفسك واعمل في تغييب ما قرّ في نفس الأسد منه ولعمري ما أنا الرأيَ فيما سلف منّي بحامد ولكنّ الحرص والحسد حملاني على ما صنعت,,,قال دمنة لعمري ما أنا برادٍّ ما سلف منّي ولكنّ الحسد والحرص حملاني على ما فرط منّي,قال دمنة فلعمري ما أنا *برادٍّ ما سلف منّي لكنّ الحرص والحسد حملاني على ما فرط منّي,ויאמר דמנה לכלילה כי הבצע והאיבה והקנאה והשנאה. ישימון האיש לשואה ומשואה. ועתה כבר נפל דבר ממני ורפואה אין בו. ולא אוכל להשיבו. ולמה תכה לחיי בחטאתי. ותוכיח חרפתי. ומה תגדפיני וראש עלי תנוד. כי פשעי אני אדע וחטאתי נגדי תמיר. וכבר שהותי,,
22,85da4a21-adb7-43e9-9fe6-24c1a6568442,The Leopard Confides in the Lion's Mother,|فأخبرَ النمرُ به أمَّ الأسَدْ ### وكان في الصِّدقِ لديْها معتمًدْ |مِن بعد أن حلّفها لا تُظهرُ ### لأحدٍ ما جاءَ عنه يُخبرُ,فلمّا سمع النمر من كلامهما انصرف إلى أمّ الأسد فدخل عليها في بيتها فحدّثها بعد أن أخذ عليها العهود والمواثيق ألّا تفشيه عنه إلى أحدٍ,فلمّا سمع بذلك النمر انطلق حتّى دخل على أمّ الأسد فحدّثها بما سمع وجرى,فلمّا سمع النمر ذلك انطلق فدخل على أمّ الأسد فحدّثها بما سمع,فلمّا سمع النمر ذلك منهما انصرف ودخل على أمّ الأسد فخبرّها بما سمع منهما,فلمّا سمع ذلك انصرف فدخل على أمّ الأسد فحدّثها به,فلمّا سمع النمر قول كليلة رجع فدخل على أمّ الأسد فحدّثها الحديث الذي سمع كلّه,فلمّا سمع ذلك النمر انصرف فدخل على أمّ الأسد ***,فلمّا سمع النمر ذلك من كلاهما انصرف خفيًّا مسرعًا حتّى دخل على أمّ الأسد فأخذ عليها عهدًا ألّا تفشي سرّه إلى الأسد ولا إلى غيره فجعلت ذلك له فأخبرها بالقصّة على وجهها من قول كليلة وإقرار دمنة,فلمّا سمع النمر ذلك من كلامهما انصرف فدخل على أمّ الأسد وأخذ عليها العهود والمواثيق أن لا تفشي بشيء من ذلك فجعلت له ذلك فأخبرها بما سمع من كليلة وإقرار دمنة,فلمّا سمع النمر قول كليلة رجع فدخل على أمّ الأسد فحدّثها الحديث كلّه بما سمع,فلمّا سمع النمر هذا من كلامهما ذهب راجعًا فدخل على أمّ الأسد فأخذ عليها العهود والمواثيق أنّها لا تفشي بما يُسرّ إليها فعاهدته على ذلك فأخبرها بما سمع من كلام كليلة ودمنة,فلمّا سمع النمر ذلك من كلامهما انصرف ودخل على أمّ الأسد وأخذ عليها عهدًا أنّها لا تفشي ما يُسرّ إليها فجعلت تحلف له ذلك فأخبرها النمر ما [ما] سمع من كليلة وإقرار دمنة واعترافه بما صنع,فلمّا سمع النمر من كلامهما انصرف ودخل على أمّ الأسد وأخد منها عهدًا أنّها لا تفشي ما يُسرّ إليها فعاهدته على ذلك فأخبرها بما سمع من كليله وإقرار دمنة,כשמוע הנמר את דבריהם. ועל הרגנם באהליהם. וירץ אל אם האריה ויאמר לה עמדתי הלילה אצל כלילה ודמנה וכזאת וכזאת יספרו. הקשבתי ואשמע לא כן ידברו. ועל מות שנזבה בחילה יסלדו. וחטאתם כסדום הגידו לא כחדו.,,قال فلمّا سمع النمر ذلك منهما رجع من ساعته فدخل على أمّ الأسد وأخبرها بالحديث الذي سمعه على جهته
23,ba62e8af-4004-4133-8db4-7c582f7351a1,Scene 1: The Lion and His Mother,,,,,,,,,,,,,,,,,
24,1c9b3d00-5821-4630-be40-9209b21b4f5d,The Mother Goes to the Lion and Finds Him Sad,|فدخلتْ على ابنِها بالبكرَهْ ### فوجدتْه مُطرقًا ذا فكرَهْ,فانطلقت أمّ الأسد حتّى أصبحت حتّى دخلت على ابنها فرأته كئيبًا حزينًا فلمّا *عاينـت ذلك منه عرفت أنّ ذلك ليس إلّا لقتل شتربة,فانطلقت أمّ الأسد حين أصبحت إلى ابنها فرأته حزينًا فلمّا رأت ذلك منه علمت أنّه ليس إلّا على شتربة حزنه,فانطلقت أمّ الأسد فدخلت على ابنها فوجدته حزينًا كئيبًا فلمّا عاينت ذلك منه علمت أنّ ليس حزنه إلّا على شتربه,فانطلقت أمّ الأسد حين أصبحت فدخلت على ابنها فلمّا رأت حزنه على الثور واهتمامه,فانطلقت حتّى أتت ابنها فرأته حزينًا كئيبًا فلمّا عاينت ذلك منه عرفت أنّ ذلك ليس إلّا على شتربة,فلما أصبحت انطلقت إلى ابنها فرأته حزينًا كئيبًا فلما عاينت ذلك منه عرفت أنّه ليس إلّا على شترية,*** فرأته كئيبًا حزينًا فلمّا عاينت أمّ الأسد ذلك وعرفت [وعرفت] أنّه ليس ذلك إلّا على شتربة,فلمّا أصبحت أمّ الأسد أقبلت حتّى دخلت على الأسد فوجدته مكتئبًا حزينًا,فلمّا أصبحت دخلت على الأسد فوجدته مكتئبًا حزينًا لما قد فرط منه في أمر الثور,فلمّا أصبحت أمّ الأسد دخلت على الأسد فلمّا رأت شدّة حزنه على شتربة,فلمّا أصبحت دخلت على الأسد فوجدته كئيبًا حزينًا مهمومًا لما ورد عليه من قتل شتربة,فلمّا أصبحت أمّ الأسد دخلت عليه فوجدته حزينًا كئيبًا,فلمّا أصبحت أمّ الأسد دخلت عليه فوجدته كئيبًا حزينًا,ותשכם,,فلمّا أصبحت أمّ الأسد دخلت على ولدها فلمّا رأت شدّة حزنه على الثور
25,c972a4f3-117f-47ab-80e7-af92d9632d74,The Mother Praises the Lion's Wisdom and Knowledge,,,,,,,,,,,,,,,,,قالت له قد جعل الله الملك كثير الحلم قليل الغضب عظيم العلم يبصر من الأمور ما لا يبصره سائر الناس
26,a22f4bae-4c27-4627-8d12-2e630c2bca85,The Mother Asks About the Cause of Grief,,,,,,,,,,فقالت ما يحزنك فقال,قالت يا سيّد السباع ما هذا الحزن الذي قد أخذ منك وغلب عليك,فقالت له ما هذا الهمّ الذي قد أخذ منك وغلب عليك قال,فقالت يا ولدي ما هذا الغمّ الذي غلب عليك وأحزنك,فقالت له ما هذا الغمّ الذي غلب عليك وأحزنك,,,فما لي أراك حزينًا مهمومًا
27,d79e7f66-8438-46e0-b07d-2c0159ad4758,The Mother Says Grief is Weakening,|قالت له فكرُك في ما فاتا ### مُصيبةٌ تُنغّصُ الحياتا |لا تجعلْ الحزنَ عليك عونا ### قطُّ وصُنْ قلبَك منهُ صونا |فالحزنُ داءٌ للنفوسِ مُهلِكْ ### وللجسومِ فاحذرَنْهُ مُنهِكْ,فقالت له إنّ الهمّ والحزن لا يردّان عليك شيئًا وهما يُنحلان الجسم ويفسدانه ويذهبان العقل ويضعفان القوّة,فقالت إنّ الهمّ والأسف لا يزِدان شيئًا وهما يُنحلان البدن ويذهبان العقل والقوّة,فقالت له إنّ الهمّ والأسف لا يردّان شيئًا وهمُا يُنحلان الجسم ويضعفان القوّة ويذهبان العقل,قالت إنّ الحزن والهمّ لا يردّان شيئًا لأنّهما يُنحلان الجسم ويُذهبان القوّة ويُضعفان العقل,فقالت إنّ الأسف والهمّ لا يردّان شيئًا وهما يُنحلان الجسم ويذهبان القوّة ويضعفانهما,فقالت إنّ الأسف والهمّ لا يزيدان شيئًا وهما يُنحلان الجسم ويذهبان العقل ويضعفان القوّة,قالت إنّ الأسف والهمّ لا يردّان شيئًا وهما يُنحلان الجسم ويذهبان العقل ويضعفان القوّة,فقالت إنّ حزنك غير رادٍّ عليك مدبرًا ولا سائقٌ إليك نفعًا وأنت غنيٌّ عن أن تجعله للبلاء عونًا عليك تضعف به فؤادك وتنهك به جسمك وتحمل به المضرّة على نفسك,,,,,,ותאמר כי הדאגה והיגון לא יועילו. ומכל צרה לא יצילו. אבל יהליאו את הגוף ואור הפנים יפילו.,,
28,329141b6-4b9d-4bfa-acd0-26ef881801f9,The Mother Criticizes Lion's Grieving,,فأعلمنى ما شأنك فإن كان ممّا ينبغي أن تحزن عليه فليس لأحدٍ أن يخلو من ذلك وإن كان إنّما هو لقتلك شتربة فقد تبيّن لنا ولك أنّك ركبت ذلك منه ظلمًا عن غير جرمٍ ولا ذنبٍ ولا مخالفةٍ ولو كنت حين ما بلغك عنه ملكت غيظك وفكّرت في أمره وفتّشت وقست بما له فى نفسك دليلًا ومعتبرًا,فأعلمني ما شأنك فإن كان ممّا ينبغي أن يُحزن له فلست ولا واحدًا من جندك يخلوا من مكانٍ وإن كان إنّما هو لقتل شتربه فقد استبان لك ولنا أنّك ركبت ذلك منه ظلمًا عن غير جرمٍ ولا حدثٍ ولا غشٍّ ولا مخالفةٍ ولو كنت فكّرت في أمره وقست ذلك في نفسه بما تجد في نفسك له لكان فيه معتبرًا,فإنّ ممّا ينبغي لك أن تحزن له فلست ولا أحد من جندك يخلو من ذلك وإن كان إنّما هو لقتلك شتربه فقد استبان لنا ولك وإنّك ركبت ذلك منه ظلمًا على غير جرم ولا ذنبٍ ولا غشٍّ ولا مخالفة ولقد فكّرت في أمره وفتّشت ما لك في نفسه بما تجد في نفسك له كان هذا معتبرًا,فأعلمني ما همّك وحزنك فإن كان ممّا ينبغي لك أن تهتمّ به وتحزن له فلست أنا ولا أحد من جندك *يخلو من ذلك وأمّا إن كان ذلك لقتلك الثور فقد استبان لنا ولك أنّك قتلته ظلمًا على غير جرم كان منه ولا ذنب ولا إحداث حدث ولا مخالفة لك ولا مظاهرة عليك ولو كنت فكرّت في أمره قبل قتله وقست ما لك في نفسه ممّا تجد له في نفسك كان في ذلك معتَبر,فأعلمني ما شأنك فإن كان ممّا ينبغي لك أن تحزن له فلست ولا أحدًا من جندك يخلو من ذلك وإن كان إنّما هو لقتلك شتربة فقد استبان لك ولنا أنّك ركبت ذلك منه ظلمًا على غير ذنب ولا جرم ولا غشّ ولا مخالفة ولو كنت فكّرت في أمره وقست ما له في نفسك كان في ذلك معتبرًا,فأعلمني شأنك فإن كان ممّا ينبغي لك أن تحزن له وتحيل عنه فلست ولا أحدًا من جندك يخلو من ذلك وإن كان إنّما هو لقتل شتربه فقد استبان لنا ولك أنّك ركبت ذلك منه ظلمًا على غير جرمٍ ولا غشٍّ ولا حدثٍ فلو كنت فكّرت في أمره وقست ما لك في نفسه لما تجد في نفسك له لكان في ذلك معتبرٌ,فأعلمني ما شأنك فإن كان ممّا ينبغي لك أن تحزن عليه فلست ولا أحدٌ من جندك يخلو من ذلك وإن كان إنّما هو من قتلك شتربة فقد استبان لك ولنا أنّك ركبت منه ظلمًا على غير جرمٍ ولا ذنبٍ ولا حدثٍ ولا غشٍّ ولا مخالفةٍ ولو كنت فكّرت في أمره وفتّشت ما لك في نفسه بما تجد له في نفسك كان في ذلك معتبر,وأنت بحمد الله بتحصيل الأمور رفيق بصير بصادرها وواردها فإن علمت أنّ لك في الحزن فرجًا فحمّلنا منه مثل أنت فيه وإن علمت أنّك لا ترجع به مدبرًا ولا تسوق به إليك نفعًا فارغب عنه وانظر فيما يعود عليك نفعه,,,,,,הודיעני למה תשתוחח. ועל מה אתה נאנח. אם מדאגה סתר תדאג הגידה לנו. ונדאג עמך כולנו. ואם תדאג על מות שנזבה אתה ידעת וכולנו יודעים כי חנם המיתו. ועל פי נרגן הרגתו. וברית איש שלומך חללת. וגמול רע אותו גמלת. הרגת ולא חמלת . ודמנה הרע הסיתך בו. ולבכור מת הסגירו. ועל ידי חרבך היגירו . כי דמנה הוא בזוי כל החיות ולכולם נראה קלונו. חץ שחוט לשונו. ואיך לקולו שמעת. וחרבך מדם לא מנעת. ולהמיתו לא איחרת. וכסאו לארץ מגרת. ולא השבות לבבו אל לבבך ואל דעתך. ולא הזכות לו רעיונך ומחשבתך. והיה לך לייסרו בדברים בקול רם או בלחשך. ואל המיתו אל תשא נפשך. אבל עמד שטן להרגו על צידך. כי מה עשה ומה מצאת בעבדך.,,
29,363de435-dce7-4efd-a704-e8ab982a615f,The Mother Asks About the Lion's Feelings and Heart,|فقالتِ ابحثْ عن حديثِ شتربَهْ ### فليس في ذاك عليك مثلبَهْ |قال وهلْ من حيلةٍ,,,,,,,,وإنّ اعتبار ما بلغك عن شتربة حتّى يصحّ لك حقيقٌ ذلك من باطله ليسير فقال الأسد فكيف لي بذلك,,,,,,,,إن كنتَ لك من ذلك فرحًا لم ينبغي لك أن تحزن وإن لم يكن ذلك فاعلم أنّ قلبك يشهد لك أنّ عملك الذي عملته لم يكن صوابًا ولا عدلًا
30,7934c36b-c006-4559-960a-f4039d9a0120,Love and Hate Are Reciprocal,قالتْ نعمْ ### إنّ الحكيمَ العادلَ الحُكْمِ زَعَمْ |أنّ الفتى إذا أراد يَكْشِفْ ### أسرارَ مَن يحبُّهُ ويعرِفْ |أيّهُمُ يصدُقُ في وِدادِهْ ### فلْيرجِعَنْ فيه إلى فؤادِهْ |فإنّه يحبُّ مَن يحبُّهْ ### وليس يُخفيهِ الصحيحَ قلبُهْ,فإنّه يقال إنّ امرءًا لن يودّه أحد ولن يبغضه إلّا وجد له في نفسه مثل ذلك,فإنّه كان يُقال إنّ امرءًا لا يودّ أحدًا ولا يبغضه إلّا وجد له في نفسه مِثل ذلك,فإنّه يقال إنّ امرءًا لن يودّ أحدًا ولن يبغضه إلّا وجد في نفسه مثل ذلك,فإنّه يقال إنّ امرءًا لا يودّ امرءًا ولا يبغضه إلّا وجد له صاحبه في نفسه مثل ذلك,فإنّه يُقال إنّ الرجل لا يودّ أحدًا ولا يبغض أحدًا أو يبغضه إلّا وجد له قبل قلبه مثل ما عنده بعينه والله أعلم,فإنّه يُقال امرءًا لا يودّ أحدًا ولا يبغضه إلّا وجد له في نفسه مثل ذلك,فإنّه يقال ليس امرء يودّ أحدًا ولا يبغضه إلّا وجد له في نفسه مثل ذلك,قالت أمّ الأسد إنّ العلماء قد قالوا من أحبّ أن يعرف محبّه من مبغضه وعدوّه من صديقه فليعتبر ذلك من نفسه فإنّ الناس له على مثل ذلك وما هو عليه لهم كذا,,,,,,כי לא ישנא איש את עמיתו. עד אשר ימצא בלבו שנאתו.,,فإنّ العلماء قالوا إذا أردت أن تعلم عدوّك من صديقك ففكّر في نفسك وانظر في منزلته منك وموضع حاله في نفسك فإن لم يكن قلبك له سليمًا فاعلم أيضًا أنّه له مثل ذلك ولو هلك على يديك
31,2c9b1bf2-5c34-4803-b332-a7a0103ef70a,Dead Foes Need Not Be Mourned,,,,,,,,,,,,,,,,,ومن كان بهذه المنزلة من أعدائك ما كان ينبغي لك أن تحزن عليه ولم تندم على هلاكه
32,d433c505-90b9-435b-9500-0fa0678a7607,The Mother Asks About the Lion's Feelings Toward the Ox,|فارجعْ إلى قلبِك يشهدْ صادِقا ### أصافيًا كان الفتى أم ماذِقا,فاعلمني كيف كانت نفسك له قبل قتله وبعده,فأعلمني كيف كانت نفسك قبل قتله وبعده,فاعلمني كيف كانت,فأعلمني كيف [كيف] كانت نفسك عند قتل الثور وقبله وبعده,,فأعلمني هل ترى ضميرك يشهد أنّ الذي فعلت شترية كان على حقدًا أو عداوةً,فأعلمني كيف كانت نفسك قبل قتلك إيّاه وبعده,,,,,,,הגידה נא לי איך היה לבבך עם לבו. בטרם תפגע בו.,,فانظر الآن بعقلك وابحث عن ذات نفسك هل ترى ضميرك يشهد لك بذلك إنّ الذي فعلته بالثور كان من محبّته لك فعلت ذلك به أو من عداوته
33,44471f0b-cb9b-491b-b330-9dee74047cf7,Killed Enemies Need Not Be Mourned,|إن كنتَ عن بُغْضٍ وحِقْدِ وحَسَدْ ### قتلتُه فبُغضُهُ كانَ أَشَدْ,,,,,,فإن كان كذلك فهو لك عدوّ وقد أظفرك الله به وأراحك منه فدع الحزن عليه والتأسّف لفراقه فإنّ العداوة لا تُستقال,,,,,,,,אם מצאת לו בלבך רע. הוא היה אות כי כולו חנף ומרע.,,فإنّ الضمير بذلك على ذلك منه فإن كان لك عدوًّا في حياته ثمّ أمكنك الله منه فأهلكته فليس ينبغي لك أن تحزن عليه بل ينبغي لك أن تفرح بهلاكه فإنّ العدوّ أهل أن نفرح بموته
34,15aea02a-d0ab-4aca-8b27-25ed2eff6b12,Grieve Is Justified if the Lion Remembers the Ox Fondly,|وإن يكنْ قلبُك كانَ راضِيا ### عنه فكنْ بمثلِ ذاك قاضِيا,,,,,,وإن كان قلبك لا يشهد بعداوته ولا يذكر منه حقدًا ولا مخالفةً لك فأنت حريٌّ بالحزن عليه,,,,,,,,ואם מצאת לבך ישר אל לבו. הוא היה אות כי היה לך נאמן ומום אין בו.,,فإذا رأيت ضميرك لا يشهد لك بعداوة الثور ولا تزال تذكر منه <لا> غدرًا ولا عدواة ولا مكرًا فقد أخطأت فيما صنعت من أمره
35,96446b23-2849-4ac6-bde4-a68ecc425e6b,The Ox Was Loyal,|وإنّني أعلمُ أنّ قلبَكا ### يشهدُ أن قد كان يُخفي حبّكا |وأنّه ما كان قطّ خائِنا ### ولا عدوًّا يُضمُرُ الضَّغائِنا |نفسُك فاعلمْ أصدقُ الشهودِ ### في خَبَرِ العدوِّ والوَدودِ,,,,,,,,,,,,,,,,لأنّك تعلم أنّ الثور كان لك ناصحًا وفيك محبًّا وعليك مشفقًا ولسرّك كاتمًا ولم أقل لك ذلك إلّا لأنّك تنظر إلى الأمور بعلمك وعقلك وحسّ بصيرتك
36,e1295b4c-254c-475b-a9b3-5b6bade98c58,The Lion Misses the Ox and Regrets Killing Him,|قال لها يحزنُني تذكُّري ### إردائِيَ الثورِ بلا تفكُّرِ |وإنّني لَذاكرٌ مودّتَهْ ### ونَصحَهُ بالخيرِ لي وصُحْبَتَهْ,,,,,,,,,يحزنني قتل الثور وتذكّرت صحبته ومواظبته كانت معي وما كنت أستمتع به من رأيه وأسكن إليه من مشورته ونصيحته,قال لها حزنت على عقل شتربة وكلّما تذكّرت صحبته ومواظبته عليّ وما كنت أسمع من مؤامرته وأسكن إليه في مشاورته وأقبل من مناصحته ندمت على قتله,يحزنني قتل شتربه إذا تذكّرت صحبته ومواظبته معي وما كنت أسمع من مؤامرته وأسكن إليه في مشاورته وأقبل من مناصحته,قال لها كلّ ذلك أسفًا على ما فرط منّي في أمر شتربه وقتله وكلّما ذكرت حسن صحبته وخدمته ومناصحته وما كنت أستمع به من منادمته ورأيه وأسكن إليه من مشورته ونصحه,فقال لها كلّ ذلك أسفًا على ما فرّطت في أمر شتربه وقتله وكلّما تذكّرت حُسن صحبته وحديثه وخدمته ومناصحته وما كنت أسمع منه من رأيه وعشرته,ויאמר האריה הלא שנזבה אשר היה אתי זה ימים או זה שנים. ומצאתיו איש אמונים. והתענגתי על אהבתו כי נעמה.,,
37,aaf998ca-a765-4b9b-8f81-6385add59b60,The Lion Reflects about the Ox,,فقال الأسد لأمّه لقد أكثرت التفكّر في أمر الثور وحرصت أن أقف على ذنبٍ أو جرمٍ أقوّى به همّتي فلم أجده,,,,,,,فقال الأسد لقد أكثرت الفكر وحرصت على التجنّي على الثور بعد قتلي إيّاه على أن أغضب في ذنبٍ واحدٍ كان فيما بيني وبينه أقوّي به تهمتي فما يزداد ظنّي به إلّا حسنًا وله ودًّا,قال الأسد لقد أكثرت التفكّر في ذلك وحرصت على التجنّي عن الثور بعد قتلي إيّاه وعلى أن أغضب به ذنبًا واحدًا فيما بيني وبينه أقوّي به تهمتي إيّاه فما تزداد تهمتي إيّاه ولا يزداد ظنّي به في تردادي إلّا حسنًا,,,قال الأسد لقد أكثرت في أمر الثور فكري وحرصت على البحث عليه بعد قتلي إيّاه على أن أصيب له ذنبًا واحدًا فيما بيني وبينه أقوّي به سلوته وأغري به نفسي عنه فلا أجد لذلك أثرًا,قال الأسد لقد أكثرت في أمر الثور فكري وحرصت على قتلي له تجنّي أن أصيب له ذنبًا واحدًا فيما بيني وبينه أتقوّى به على سلوته وأُعزّي نفسي عنه فلم أجدْ,ולא מצאתי בו מאומה. ואחר כך בגדתי בו בגוד.,,فقال الأسد لأمّه قد فتّشت ذات نفسي فوجدتني منذ عرفت الثور لم أزلْ إلى اليوم محبًّا له
38,fe86258c-1b19-423b-952a-15d65a6d51ba,The Lion Finds no Fault with the Ox,,وما زلت لشتربة سليم الصدر واثقًا به معجبًا برأيه آخذًا عنه مسترسلًا إليه وما أنكرت من نفسي له قبل قتله ولا بعده,قال الأسد ما زلت له سليم الصدر واثقًا به معجبًا برأيه مستريحًا إليه وما أنكرت من نفسي له *قبل قتلي إيّاه,قال الأسد ما زلت لشتربه سليم الناحية وأثق به مجيبًا لرأيه مسترسلًا إليه وما أنكرت من نفسي له شيئًا,[قال] الأسد ما زلت للثور سليم الصدر واثقًا به معجبًا برأيه مسترسلًا إليه وما أنكرت في نفسي له شيئًا قبل قتله,قال الأسد ما زلت لشتربة سليم الصدر معجبًا برأيه آخذًا منه {آمنًا} إليه وما أنكرت في نفسي له شيئًا قبل قتله ولا بعده,فقال الأسد ما زلت لشتريه سليم الصدر واثقًا به معجبًا برأيه محبًّا له مسترسلًا إليه وقد دخل عليّ لقتله همّ شديد وما أنكرت من نفسي شيئًا قبل قتله ولا بعده,فقال الأسد ما زلت لشتربة سليم الصدر واثقًا به معجبًا برأيه آخذًا منه مستميلًا إليه وما نكرت من نفسي به شيئًا من قبل قتله ولا بعده,ولست أتذكّر منه شرارة خلقٍ أقول هي حملته على أن ابتدأني بالحسد ولا نقض رأي أتّهمه به على طلب مغالبتي ولا أتذكّر منّي إليه أمرًا سيّئًا أرى أنّه دعاه إلى عداوتي,ولست أتذكّر منه شراسة خلق أقول حملته على أنّه حسدني ولا بغضًا أتّهمه في طلب مغالبتي ولا أتذكّر منه إليّ سببًا أرى أنّه دعاه إلى مغالبتي,,,ولست أتذكّر منه سوء أدبٍ ولا شراسةٍ في خلقٍ ولا أمرًا سيّئًا أقول دعا ذلك إلى عدواتي,ولست أتذكّر منه سوء أدبٍ ولا شراسة خُلقٍ ولا أمرًا شيْنًا أقول ذلك دعاه إلى عداوتي,,,
39,93d7c29d-bba0-4556-9b6b-91b2f47500dc,The Lion's Remorse for Killing the Ox,|قال لها لقد رأيتُ قلبي ### يشهدُ لي عن قلبِهِ بالحبِّ,وإنّي لندمت على ما كان منّي *متلهّف عليه ومتوّجع له,ولا بعده وإنّي لنادمٌ على قتله موجعٌ,وإنّني لنادم على ما كان منّي,وإنّي لنادم على ما كان منّي لهفان عليه موجَع وقلبي,{وإنّي} لنادم على ما كان منّي ومتلهّف له ومتوجّع,وإنّي لنادمٌ على ما كان منّي متلهّفٌ له موجعٌ,وإنّي لنادمٌ على ما كان منّي متلهّفٌ عليه موجعٌ له,,,,,,,הנה הסכלתי ואשגה הרבה מאוד.,,وقد دخل عليّ من قتلي له همًّا وغمًّا عظيمًا وحزنًا شديدًا
40,08543d58-9920-4725-805c-a6e29cdf3af9,Self-Accusation is the Most Damning,,,,,,,,,وإنّ أقنع ما شهد على امرئٍ نفسه,قالت له إنّ أقنع ما شهد على امرئ نفسه,قالت أمّ الأسد إنّ أشدّ شيئًا شهادة المرء على نفسه وأصدق عدلًا شهادة القلب,قالت أمّ الأسد إنّ أشدّ ما شهد امرؤ على نفسه,قالت أمّ الأسد إنّ أشدّ ما مرّ على نفسي هذا الأمر,قالت أمّ الأسد ما مرّ على نفسي أمره هذا,,,
41,232a3bc7-0488-4200-8629-e4338dac63de,Killing the Ox Was Wrong,,,,,,,,,فهذا من قولك دليلٌ على أنّ قلبك يشهد عليك بأنّك عملت ما عملت بغير علمٍ ولا وضح لعينٍ وذلك,وهذا من قولك دليل على أنّ قلبك شاهد بأنّك قد أقدمت على الثور بغير علم ولا وضح يقين بذلك,وكيف أقدمت على قتل الثور بغير علم ولا يقين إنّ هذا من أشدّ الخطأ,وهذا خطأ عظيم كيف أقدمت على قتل الثور بلا علمٍ ولا يقين,وعجبت من وهن رأيك إذ أنّك قدمت على قتل الثور بغير علمٍ ولا خبرٍ يقينٍ واعلم أنّ ذلك كان الخطأ كلّه,وعجبت من وهن رأيك إذ قدمت على الثور بغير علمٍ ولا وُضح يقين فاعلم أنّ ذلك كان خطأ كلّه,,,
42,85c28d6b-61d2-46b3-967c-d6d0f504f933,Haste is the Worst Mistake,,,,,,,,,فاعلم أنّه رأس الخطإ,واعلم أنّ رأس الخطأ العجلة,,,,,,,
43,e2dc2090-65d0-4663-a43f-8008dbf0c24c,The Mother Alludes to Her Secret Knowledge,,,,,,,,,قالت أمّ الأسد نعم قد بلغني أمرًا (أمرٌ) استكتمنيه بعض أهلك ولولا ما قالت العلماء في إذاعة السرّ والتضييع للأمانات وأنت تترك ما لا نفع فيه ولا منجى لمن ضرّه مجفوف كذا,قالت أمّ الأسد بلغني أمر استُكتمته ولولا ما قالت العلماء ممّا في إذاعة السرّ من العيب لذكرته لك,ولولا ما قالت العلماء في إذاعة الأشرار وكراهة ما فيه من الإثم والشنار لذكرت لك وأخبرتك بما علمت من أمر شتربة,ولولا ما قالت العلماء من إذاعة الأسرار وما فيها من الإثمّ والشنار لذكرت لك ذلك وأخبرتك بما علمت,قالت أمّ الأسد قد بلغني خبرًا استُكتمته ولولا ما قالت العلماء في إذاعة السرّ من الإثم والشرّ لذكرته لك ولا ولأخبرتك به,قالت أمّ الأسد قد بلغني خبرًا استُمسكته ولولا ما قالت العلماء إنّ إذاعة السرّ من الإثم والشرّ لذكرته لك وأخبرتك به,,,قالت له أمّه افعلْ ما أمرتك به وثقْ بقولي واطمئنّ إليّ فإنّي مخبرك بالذي أخبرني ذلك وأطلعني على السرّ حتّى عرفته
44,d1d93706-c9dd-4f35-a1ea-c07e59e393cd,The Lion Should Have Controlled Himself,,,,,,,,,ولو كنت حين بلغك عن الثور ما بلغك كففت نفسك وملكت غيظك ثمّ عرضت ما بلغك عنه على قلبك بحسن النظر لاكتفيت بقلبك دليلًا على تكذيب ما أتاك عنه لأنّ القلوب تكافأَ فيها يتراقى كذا بعضها من بعض في سرّها وعلانيّتها,فلو كنت حين بلغك عن الثور ما بلغك كففت نفسك وملكت سورة غضبك ثمّ عرضت ما بلغك عنه على قلبك بحفظ نظر لاكتفيت بقلبك دليلًا على صدق ما أتاك عنه وكذبه *لأن القلوب تتكافأ فيما بينهما,,,ولو كنت حين بلغك عنه ما بلغ ثبت قلبك بحسن رويّةٍ ونظرٍ وكففت سورة رأيك وعرضت وبلغك عنه على قلبك لاكتفيت بمواقع أمره,ولو كنت حين بلغك عنه ما بلغك تثبّتت قلبك بحسن رأيٍ ونظرٍ وكففت *سورة *غيظك لاكتفيت مواقع أمره,,,
45,298b7c4d-3b25-48f1-a086-f28807c8f0c7,The Lion Should Evaluate His Feelings after the Ox's Death,,,,,,,,,فقسْ أمرك وأمر الثور بموقع أمرٍ كان في نفسك وجنايته وموقعه اليوم بعد موته,فقسْ أمرك وأمر الثور بموقع أمره كأنّ نفسك في حياته وموقعه,,,كافئ أسفك على حياته وبعد موته,,,,
46,b314e976-1410-4f38-a7f9-a203faa26fda,The Lion Wants to Conduct an Investigation,,,,,,,,,فإنّي أحبّ أن أفحص عن أمره وأبالغ في البحث عنه,وإنّي لأحبّ أن أفحص عن أمره وأبالغ في الفحص عن شأنه,,,وإنّي أحبّ أن أفحص عن أمره فحصًا شديدًا,وإنّي أحبّ أن أفحص عن أمره فحصًا شافيًا,,,فالآن علمت أنّ كثرة البحث والفحص تظهران الحقّ وتبطلان الباطل
47,8ab60da8-60c4-43d1-bc82-9839cb9b3d6e,The Lion Seeks an Evaluation of His Action,,,,,,,,,وإن كنت أعرف أنّ ذلك غير مصلحٍ ما فرط منّي ولكنّي أحبّ أن يعرف موقعي الذي أنا عليه فيما صنعت من الخطإ والصواب,وإن كنت أعرف أنّ ذلك غير مصلح ما فرط منّي في أمره ولكنّي أحبّ أن أعرف موقفي الذي أنا عليه فيما صنعت من الخطأ والصواب,,,,,,,
48,685cf021-8ae7-4ebd-aa4e-1cd1d5ea2206,The Lion Finds the Ox's Innocence Hard to Bear,,وما يشكل عليّ الرأي أنّه كان <بريـئـًّا> ممّا لطّخ به صحيح الأديم غير متّهم,وما أشكل على ذي رأيٍ أنّه كان بريئًا ممّا لُطّخ به صحيح الأديم غير مُتّهمٍ,وما شكل عليّ أنّه كان بريئًا ممّا لطّخ به صحيح الأدم غير متّهم,يتيقّن الآن أنّه كان بريئًا ممّا لطّخ به صحيح الأديم غير متّهم,وما أشكل عليّ الرأي أنّه كان بريئًا ممّا لُطّخ به صحيح المودّة غير متّهم,وما أشكل عليّ الرأي أنّه بريء ممّا لُطّخ له غير مُتّهمٍ,وما أشكل عليّ الرأي أنّه بريئًا ممّا لطّخ به صحيح الأديم غير متّهمٍ,,,,,,,,,
49,70a02d1b-a46f-4697-a458-0c969085484e,The Lion Feels Misguided by a Schemer,|لكنّما دمنةُ بالزورِ سعى ### ما بيننا وكادَ حتّى قطَعا,ولكنّه حملني على ما صنعتُ به الفاجر الرجس دمنة بنميمته ومكره وذكره للكلام الكاذب الذي لم يكن الثور خليقًا به ولا جديرًا,ولكنّه حمّلني على ما صنعتُ به الفاجر وزخرفته الكلام الكاذب الذي لم يكن شتربه خليفًا له ولا به حريًّا,ولكنّه حملني على ما صنعت الرجس الفاجر دمنة ونميمته وزخرفته الكلام الكذب,ولكنّه حملني على فعلتي الفاجر بنميمته وقذف بها شتربه ولم يكن خليقًا بل كان بعيدًا,ولكن حملني على ما صنعت الخبيث الفاجر دمنة بنميمته وذكر فيه الكلام الكاذب الذي لم يكن شتربة خليقًا به ولا حريًّا,ولكن لتحميل الأشرار وبغيهم وزخرفتهم الكلام الكاذب,ولكنّه حملني على ما صنعته خدع الفاجر دمنة ونميمته وزخرفته الكلام والكذب الذي لم يكن شتربة له خليقًا ولا به حرّيًا,,,,,,,,,وقد بان لي بقولك أنّي لم أقتل الثور بذنب أذنبه إليّ ولكن قتلته بتحمّل الأشرار وبغيهم ولم أسمع من أحدهم مثل مقالتك هذه
50,377b447e-7f2c-4612-9939-96387c48e771,The Lion Asks Whether His Mother Has Any News,|ولو سمعتُ خبرًا يُصدّقُ ### ظنّي لِما كنتُ عليهِ أُشفِقُ,ولكنّه أعلميني هل بلغك شئ أو سمعتيه أو حدّثك به أحد,ولكن أعلميني هل سمعتي شيئًا أو حدّثكي أحدًا فإنّه,ولكن أعلميني هل سمعتي شيئًا أو حدّثك به أحد,ولكن أعلميني هل سمعت شيئًا أو حدّثك به محدِّث بعلم,ولكن أعلميني يا أمّاه هل سمعت شيئًا أو حدّثك أحد بشيء,ولكن أعلميني هل سمعت شيئًا أو حدّثك به أحدًا فإنّه,ولكن أعلميني هل سمعت شيئًا أو حدّثك به أحدٌ,فأخبريني هل سمعتي (سمعت) من أمره شيئًا تذكرينه لي,فأخبريني هل سمعت شيئًا,,,,,ויקם האריה על רגליו. כאשר ידע כי לא חטא שנזבה אליו. ויתחנן לאמו במיליו. כי נמכרו רחמיו עליו. ויאמר לאמו אנה אמי. הגידי לי מי הגיד לך מתרמית דמנה.,,فأخبريني الآن من ذكر لك ذلك وممّن سمعته
51,e427d1f7-d860-4880-a6f1-f2f80b741911,Keeping Secrets is Praiseworthy,,,,,,,,,,,,,,,,,اعلمْ أبقاك الله أنّ العلماء قد قالوا إنّ أحمد الناس عاقبة في الدنيا والآخرة أكتمهم للأسرار
52,dc518a9e-3562-415f-a5ff-e50fb5140580,Scholars Say Various Things,,,,,,,,,قال الأسد إنّ العلماء لأقاويلهم وجوه كثيرة ومعاني مختلفة وأحوال متصرّفة ليس في كلّ الوجوه أمرٌ بالكتمان ولكلّ أمر موضع وخبر,قال الأسد إنّ لأقوال العلماء وجوهًا كثيرة ومعاني مختلفة وأحوالًا ينصرف فيها لذوي العقول العمل ببعضها في حال والترك للعمل بها في حال,قال الأسد إنّ أقوال العلماء لها وجوه كثيرة ومعان مختلفة وإنّي لأعلم صواب ما تقولين,قال الأسد أن أقوال العلماء لها وجوه كثيرة ومعانٍ مختلفة وإنّي لأعلم صواب ما تقولين,قال الأسد إنّ أقوال العلماء كثيرةٌ ومعانيها مختلفة وأجزاء لا يتصرّف إليها الرأي ولذوي العقول العمل ببعضها والترك لبعضها على مقتضى الحال,قال الأسد إنّ أقوال الحكماء كثيرة ومعانيها مختلفة,,,قال لها الأسد قول العلماء على أمور كثيرة وليس قولهم في كلّ خبر وفي كلّ أمر نصيحة يُعمل بها
53,356bc15c-7483-4ac1-b9be-afcd84b65395,Leaving Crimes Unreported Leads to Harm,,,,,,,,,,,,,,,,,فإنّهم قالوا من اطّلع على ذنب المذنبين فكتمه السلطان ولم يعاقبوا بذنوبهم ولم يُدانوا بها عوقب بها يوم القيامة الذي كتمها مع الذي عمل بها
54,401d0899-9f9d-48ca-a828-2003e9811584,It is Immoral not to Report Crimes,,,,,,,,,,وقد قالت العلماء الكتمان على أهل الريبة والتغييب عنهم شعبة من الريبة وسبيل من الإساءة,,,وقد قالت العلماء إنّ الكتمان عن أهل الريبة وترك البحث عنهم شعبةٌ من الريبةٌ وسبيلٌ من الإساءةٌ,وقد قالت العلماء إنّ الكتمان على أهل الرتبة والبحث عنهم سعةٌ من الريبة وسبيلٌ من الإساءة,,,
55,cf928fd4-c4ab-46ed-933c-c40bfee19919,The Lion Asks for His Mother's Secret,,,,,,,,,,,فإذا كان عندك سرّ فلا تطويه عنّي وإن كان أسرّ إليك أحد سرًّا فأخبريني به وأطلعيني على جملة الأمر فإن كان صالحًا حمدتك وإن كان مذمومًا عذرتك,وإن كان عندك رأي فلا تطويه عنّي وإن كان قد أسرّ إليك أحد سرًّا فأخبريني به واطلعيني عليه وعلى جملة الأمر,,,ויאמר האריה אל תאמרי אבל לא יתכן להסתיר האמת.,,
56,34e1fcfc-76ce-4a26-b927-2e13912ce51c,The Lion Does Not Insist on Knowing His Mother's Source,|قال لها صدقتِ حدّثيني ### بما جرى بالخَبَرِ اليقينِ |وإن كتمتِ مَن به أتاكِ ### فجائزٌ ذاك إذا أرضاكِ,,,,,,,,قال الأسد الأمر على ما قلت وما أنا عمّا كرهت بالمفتّش وما يختلج في صدري الارتياب بنصحك فأخبريني بجملة الأمر إذ كرهت أن تخبريني باسم صاحب السرّ وتفشين ما أسرّ إليك منه,فإذا رأيت أن لا تخبريني باسم المسرّ إليك وتفسير ما أسرّ فأخبريني بجملة الأمر,وإن أنت لم تؤثري أن تخبريني باسم المسرّ إليك فأخبريني بجملة القول,,فإذا كان من رأيك ألّا تخبرين بإسم المسرّ إليكي وتفشين ما أخبرك فأطلعيني على جملته,,,,
57,17077dc8-cf81-4e9f-ad18-3aa8c5df66a7,Accounts Must Be Confirmed by a Trusted Source,,فإنّه إذا كان الرأي موافقًا لأخبار الموثوق به وكان أشدّ للبصيرة وأبلج للصدر وأحرى أن يقدم المرء على غير !يقين,إن كان الرأي موافقًا للأخبار الموثوق بها كان أنفذ للبصيرة وأبلج للصدر وأحرى أن يُقدّم المرء نفسه على غير الشبهة والشكّ,فإنّه إذا كان ذو الرأي موافقًا الأخبار الموثوق بها كان أشدّ للبصيرة,فإنّه إذا كان الرأي موافقًا الأحاديث الموثوق بهم كان †أنقا للصدر وأبلج وأحرى أن يقدم المقدم هذه على غير الشبهة والشكّ,فإنّه إذا وافق الرأي الأخبار كان أشدّ للبصر وأثلج للفؤاد وأحرى أن يقدّم على غيره,إذا كان الرأي موافقًا لإخبار الموثوق به كان أسدّ البصيرة أبلج الصدر وأحرى أن يقدّم المرء يده على *غير الشبهة والشكّ,فإنّ الرأي إذا كان موافقًا للخبر الموثوق به كان أشدّ للبصيرة وأثلج للصدر وأحرى تقدّم المرء يد له على غير الشبهة والشكّ,,,,,,,,,
58,127b7427-54c0-4754-acf7-b84c68bc0969,The Mother's Source Attributes Dimna's Act to Envy of the Ox,|قالتْ له لقد سمعتُ خَبَرا ### صدّقتُهُ أنّ الخبيثَ مكَرا |لمّا رآك قد خصصتَ شتربَهْ ### بالودِّ والبرِّ وحُسنِ المرتبَهْ |أفسدَ ما بينكما حتّى فَسَدْ ### كذاك كلُّ حاسدٍ إذا حَسَدْ,قالت أمّ الأسد حدّثني الصديق الأمين غير المتّهم أنّ دمنة لم يركب من شتربة الذي ركب من تحصيله إيّاك عليه إلّا بحسده إيّاه على منزلته منك ومكانه عندك,قالت أمّ الأسد أخبرني الأمين بأنّ دمنة لم يركب من شتربه الذي ركب من تحمّلك عليه إلّا لحسده إيّاه على منزلته منك ومكانه عندك,فقالت أمّ الأسد حدّثني الأمين غير الكاذب أنّ دمنة لم يركب من شتربه الذي ركب تحميله إيّاك عليه إلّا حسده على منزلته منك ومكانه عندك,قالت أمّ الأسد حدّثني الأمين الصدوق أنّ دمنة لم يركب منه ما ركب ويحملك على ما حملك عليه إلّا الحسد لشتربة لمّا رأى منزلته منك وإكرامك إيّاه,فقالت أمّ الأسد حدّثني الصادق الأمين أنّ دمنة لم يرتكب من شتربة ما ارتكب من تحميله إيّاك عليه إلّا لحسده إيّاه ولكونه قريبًا ذا مكانة منك,فقالت أمّ الأسد حدّثني الأمين الصدوق عندك أنّ دمنة لم يركب من شتربه الذي ركب من تحميله إيّاك عليه إلّا لحسده إيّاه على منزلته منك ومكانه عندك,قالت أمّ الأسد حدّثني الأمين غير المأمون أنّ دمنة لم يركب من شتربة الذي ركب بحملته إيّاك عليه إلّا لحسده إيّاه على منزلته من نفسك,,,,,,,,,
59,e3f48d25-5bb6-4e6d-82b4-17d9c7665880,Lion Asks for Source but Mother Wants to Keep It Secret,|قال ومَن أنباكِ هذا قالتِ ### منْ هُوَ أهلُ البرِّ والأمانَةِ |لكنّه قال دعي تسميَتي ### واقْتنِعي بسِمتي وصِفتي,قال الأسد من أخبرك بذلك قالت أمّ الأسد إنّ الذي أخبرني استكتمني والمستكتم مؤتمن,قال الأسد ومن أخبرك بذلك قالت استحفظته والمتكتّم مؤتمنٌ,فقال الأسد ومن أخبرك بذلك فقالت أمّ الأسد إنّه قد استحفظنيه والمستكتم مؤتمن,قال الأسد ومن حدّثك به قالت إنّه قد استمسكنيه والمستكتَم سرًّا فهو أمين عليه,فقال الأسد من خبّرك بذلك فقالت أمّ الأسد إنّه قد استكتمني والمستكتم مؤتمن,فقال الأسد ومن خبّرك بهذا فقالت أمّ الأسد قد استحفظنيه والمستكتمُ مُؤتمنٌ,فقال الأسد من أخبرك بذلك فقالت أمّ الأسد إنّه قد استحفظنيه والمستكتَم مؤتمنٌ,,,,,,,ותאמר לו אמו היאות לגלות סוד הוקפד אצלי. חלילה לי. הלא ידעת אם לא שמעת המשל ריבך ריב וסוד אחר אל תגל.,,
60,58f2421b-ee64-4614-8f84-53f2811e598e,Sharing Entrusted Secrets Betrays Trust,|وإنّ مَن أَفشى لخِلٍّ سِرّا ### لخائنٌ يلقى بذاك صُغْرا,ومن أفشى سرًّا أُستودعه فقد خان أمانته ومن فعل ذلك فهو بشرّ المنازل ولا يعود أحد يفشي إليه سرًّا,ومن أفشى سرًّا استودعه فقد خان أمانته ومن فعل ذلك نزل بشرّ المنازل في المعاد,ومن أفشى سرًّا قد استودعه فقد خان أمانته,ومن أفشى سرًّا ائتُمن عليه فقد خان أمانته ومن خان أمانته فهو بشرّ المنازل في المعاد,ومن أفشى سرًّا اُستودعه فقد خان أمانته ومن فعل ذلك فهو بأشرّ المنازل في المعاد,ومن أفشى سرًّا استودعه فقد خان أمانته ومن فعل ذلك كان بشرِّ المنازل في المعاد,ومن أفشى سرًّا استودعه فقد خان أمانته ومن فعل ذلك فهو بشرّ المنازل في المعاد,,,,,,,,,
61,3db17698-e166-4927-b464-2e9f80a588b0,Divulging Secrets Is a Punishable Sin,,,,,,,,,,,قالت أمّ الأسد إنّي لم أجهل قول العلماء في تعظيمهم العقوبة وتشديدها وما يدخل على الرجل في إذاعة الأسرار وما في ذلك من الإثم والشنار,وقالت إنّي لم أجهل قول العلماء في تعظيم العقوبة وتشديدها وما يدخل على الرجل من العار في إذاعة الأسرار,إنّي لم أجهل قول العلماء في تعظيم العقوبة ودخول العار عليّ في إذاعته الأسرار وما في ذلك من الإثم,وقالت إنّي لم أجهل قول العلماء في تعظيم العقوبة وما يدخل من العار في إذاعة الأسرار وما في ذلك من الإثم,,,
62,92d708fe-3b26-40a7-88bf-d4e6408053a2,The Mother Places the Lion's Benefit Over That of the Subjects,,,,,,,,,,,ولكنّي أحبّ أن أخبرك به بما فيه من المصلحة لك وإن وصل خطأه وضرره إلى العامّة فأضرارهم على خيانة الملك ممّا لا يدفع الشرّ عنهم,ولكنّي أخبرك بما فيه المصلحة لك وإن وصل خطأه وضرره إلى العامّة فإصرارهم على خيانة الملك ممّا لا يدفع الشرّ عنهم,,,,,
63,a542f193-98c2-4666-91a4-b7c558816b12,The Foolish Spread Doubt to Cover Their Crimes,,,,,,,ويحتجّ بها السفهاء عند ما يكون من أعمالهم السيّئة واستغشاء الملك بالأمر الذي يفعل خطأً إن كان فيه إلى العامّة,,وتحتجّ بها السفهاء عند ما يكون من أعمالهم السيّئة واستعدّ بها الملك بالأمر الذي يضلّ خطره فيه إن كان إلى العامّة,ويحتجّ به السفهاء عند ما يكون من أعمالهم السيّئة وإنّ من فساد العامّة ترك عقوبة مستوجبي العقوبة,وبه يحتجّ السفهاء ويدخلون الشبهة على ما يكون من أعمالهم القبيحة وأشدّ معارّهم إقدامهم على ذي الحزم الشريف,وبه تحتجّ السفهاء ويدخلون الشبهة على ما يكون من أعمالهم القبيحة وأشدّ معارّهم وإقدامهم على ذي الحزم,,,,,
64,37b1339b-40c7-42e7-9e56-f225a04665ef,The Mother Quotes the Leopard Anonymously,|فخبّرتْهُ بجميعِ ما جرى ### منه وقالتْ هكذا فما ترى |نعمْ وما أجهدُ فضلَ الحِلمِ ### والعفوِ عن كلِّ عظيمِ الجُرمِ |إلّا إذا ما أرهقَ النفوسا ### وخَرَقَ الحِشمةَ والناموسا |واجْترأَتْ بفعلِهِ الرعيَّهْ ### فعظُمتْ من ذلك البليًّهْ,,,,,,,,فأخبرته بجملة ذلك الحديث ولم تسمّ ذاكر ذلك له,فأخبرته أمّه بجميع ذلك الحديث ثمّ,ثمّ أخبرت الأسد بجميع ما ألقاه إليها النمر من غير أن تخبره باسمه,فأخبرته بجميع ما ألقاه إليها النمر,فأخبرته أمّه بجميع الحديث وما كان عرّفها به النمر وقالت,فأخبرته أمّه بجميع الحديث وما كان عرّفها النمر به,,,قال فامتثلت أمّ الأسد ما قال لها ولدها فأخبرته بكلّ كلام كليلة ودمنة ومعاتبة كليلة لدمنة أخيه في قتل الثور وسعيه بالنميمة وعرّفته بجميع ما ذكر لها النمر من غير أن تبوح باسم صاحب السرّ فإنّها كتمته
65,c6b2e722-9116-43bc-94a5-0886751580ad,Serious Crimes Do Not Allow Secrecy,|قال لها ليس مِن المحمودِ ### كتمانُ ذي الأخبارِ والشهودِ |في ذِكرِه أجرٌ له وشكرُ ### إن كان بالحالِ لديه خَبْرُ |أحيى به حقَّ امرئٍ مظلومِ ### وفضحَ الباغي مِن الخُصومِ |كتمانُكِ الأسرارَ نِعم الشيمَهْ ### وعادةٌ حميدةٌ كريمَهْ |لكنّها جميعَها لا تُستَرُ ### بل بعضُها يُخْفى وبعضٌ يُذكَرُ |لا سيّما إنْ كان فيهِ فائدَهْ ### فطيُّهُ مِن الخِلالِ الباِرَدْه,قال الملك لعمري لقد صدقت وإنّ ذلك لعلى ما وصفت وليس هذا ممّا ينبغي أن يُكتم بل يحقّ على صاحبه أن يُظهره ويفشيه ويستكمل الأجر فيه ولا يبطل عمله ولا سيّما في حقّ المظلوم فإنّ الدم عظيم شأنه,قال الأسد لعمري قد صدقت وإنّ ذلك لعلى ما وصفت ولكن ليس هذا ممّا يُكتم بل ينبغي أن يُعلن ويُثبت الشهادة عليه ويستكمل الأجر ولا يكتم حقًّا عليه ولا !يظلّ دم مظلومٍ,قال الأسد لعمري لقد صدقت وإنّ ذلك لعلى ما وصفت وليس هذا أمرٌ يستكتم بل يحقّ على صاحبه أن يعلنه ويظهر شهادته عليه ويستكمل الأجر فيه ولا يبطل حقًا ثمّ لا سيّما في دم المظلوم,قال الأسد صدقت لعمري إنّه كذلك وليس هذا ممّا ينبغي أن يُكتم بل ينبغي لصاحبه أن يعلنه ويثبت الشهادة عليه ويستكمل الأجر ولا يكتم حقًّا علمه ولا يبطل دم مظلوم,فقال الأسد لعمري لقد صدقت وإنّ ذلك لعلى ما وصفت وليس هذا ممّا ينبغي أن يُكتم بل يحقّ على صاحبه أن يعلمه ويظهر شهادته عليه ويستكمل الأجر فيه لا سيّما في دم المظلوم,فقال الأسد لعمري لقد صدقت ولكن ليس هذا ممّا ينبغي أن يُكتم بل يحقُّ على صاحبه أن يُعلنه ويُظهر شهادته عليه ويستكمل الأجر فيه ولا يبطلَ حقًّا عليه ولا سيَّما في دم المظلوم,فقال الأسد لعمري لقد صدقت وإنّ ذلك لعلى ما وصفت وليس هذا ممّا ينبغي أن يُكتم بل يحقّ على صاحبه أن ينقله ويظهر شهادته عليه ويستكمل الأجر فيه ولا يبطل حقًّا عليه ثمّ لا سيّما في دم المظلوم,فإذا كان في موضعه صلح العمل به ونفع وإن كان في غير موضعه ضرّ وأفسد فممّا تعظم مضرّته ولا يرضى استقالته كتمان ما ينبغي له أن يعلن وإعلان ما ينبغي له أن يُسرّ,,,,,,כי לא יקח נקמת המת. כי הוא מצוה לכל היודע עדות להגידה. ולפני הדיינים אל יכחידה. להוציא לאור משפט חבירו ודינו. והוא עד או ראה או ידע אם לא יגיד ונשא עונו. וכל יודע דיני נפשות אל יחשבם סוד. כי על דם רעהו יעמוד. ועתה אנה אמי. הגידה נא לי מי הגיד לך תרמית דמנה מי.,,
66,d6305197-583a-44bc-af60-b8f4c1a7a80a,The Source Wants to Extricate Himself,|وإنّ مَن قال لكِ المقالا ألقى بهِ عن نفسِهِ الأَثقالا |أمانةٌ أخرجَها مِن عُنُقِهْ ### محترِزًا بكَيْسِهِ لا حُمُقِهْ,,,,,,,,وهذا الأمر لا أرى لك عذرًا في إسراره ولا سعةٍ في السكوت عنه فإنّي أرى مطلعك عليه قد ألقى عن نفسي (نفسك) وزره وحمّلك خيره وشرّه,ولا أدري لعلّ الذي طرح إليك ذلك إنّما أراد بذكره لك إخراج نفسه من الحجّة عليه فيه *فانظري على ما يلزمك من ذلك فقد برئ إليك وخلع بإعلامه إيّاك الأمر من عنقه وقلّده في عنقك,واعلمي أنّ المسرّ إليك ذلك قد بَرِئ من عهدته وعلّق الأمر في عنقك,,ولعلّ الذي طرح إليك ذلك إنّما أراد به إخراج نفسه من الشناعة والحجّة عليه وحذر التوقّع على ذنبه,ولعلّ الذي طرح إليكي ذلك إنّما أراد به إخراج نفسه من الشناعة والحجّة عليه,,,فإنّ الذي أطلعك على هذا السرّ لم يطلعك عليه إلّا ليخبرني به
67,e028ed78-f591-4490-a84a-6e74ab5bb615,The Lion Urges His Mother to Disburden Herself,,,,,,,,,وأنت حقيقة بإظهاره والوجل على نفسك من كتمانه فألقي ما استودِعت منه عنك بإفشائه إليّ وإظهاره,فاخلعيه أنت أيضًا من عنقك وبيّنيه لي لنعمل فيه الذي ينبغي لنا أن نعمل في مثله,,,فانصرفي عن هذا الرأي فهو ممّا يلويك عن الحقّ,فانصرفي عن هذا الرأي فتلتوي عن الحقّ,,,فحدّثيني بالحديث وبيّني لي الأمر واخلعيه أيضًا من عنقك واتركيني أعمل فيه بالذي ينبغي
68,87fca616-26ee-4a6b-88df-a29c4fc6d622,The Mother Feels Criticized by the Lion,,,,,,,,,قالت أمّ الأسد قد عرفت الذي قلت وإنّه كما قلت وإن كان ليحملني على كثيرٍ من الكلام فيما ذكرت [كذا] لعلمي بموقع هذا الأمر في نفسك فلا أراك إذ كنت على ما أرى من الرأي على أن لا يمنعك من العزم والمبالغة في نكال أهل الجريمة والغدر واعتقاد الألفة والثقة والتصديق فحدّثني إن كان في نفسك منّي حرجًا (حرجٌ) قال الأسد ما في نفسي حرجٌ ولا أنت عندي نمّامةٌ ولا أنا في نصحك مرتابٌ ولا أرى عليك في ذلك من ضررٍ في إفشاء ذلك الأمر إليّ,,,,,,,,
69,751949f0-239a-4c95-8330-f2cbb00a4a61,The Mother Wants the Lion to Investigate,,,,,,,,,,,,,,,,,قالت له أمّه إنّي قد علمت أنّ الأمر كما ذكرت لكنّي إنّما كرّرت عليك القول لتزداد في الذي سعى في أمره بحثًا وطلبًا وحرصًا فإذا كنت على علم من هذا الأمر وأنت قادر فما يمنعك من الفحص عنه وتصحيح قولي فيه وتعمل في هذا الأمر ممّا ينبغي لك أن تعمله
70,a588550d-caad-4e7f-aeeb-ca29f3c06214,Hiding a Crime Is Complicity,|لكلِّ شيءٍ فاعرفيهِ قَدْرُ ### كتمانُ سرِّ الغادرينَ غَدْرُ |مَن كتمَ السلطانَ ذنبَ فاجِرِ ### فقد أتى لِأعظمِ الجَرائِرِ |وذاك في دينِ الوَفا خيانَهْ ### جزاؤُها التنكيلُ والإهانَهْ,وإنّ الكاتم لذنب المجرم في إثم معه مع شركته إيّاه فيه,فإنّ الكاتم ذنب المجرم في وقعٍ من ذنبه بل هو شريك المذنب,فإنّ الكاتم لدم المجرم في زيغ مع شركه فيه,فإنّ الكاتم لذنب المجرم شريك المذنب,فإنّ الكاتم لذنب المجرم في زيغ منه مع شركته إيّاه فيه,فإن الكاتم لجُرم المجرم في وَتَغ مُبتغ شركه إيّاه فيه,فإنّ الكاتم ذنب المجترم في وزرٍ منه [ما] شاركه إيّاه فيه,,,,,,,,,
71,bbfe1cd7-c38c-4c27-8e0c-85aa200175cd,A Ruler Must Not Punish Based on Suspicion,,فإنّ السلطان لا ينبغي له أن يعاقب على الظنّ والشبهة حتّى يضيء له الظنّ أو الأمر,فإنّ السلطان لا ينبغي أن يعاقب على الظنّ والشبهة إلّا بالأمر المضيء المقترّ فإنّ الدم عظيم عند الله عزّ وجلّ,وإنّ السلطان لا ينبغي له أن يعاقب على الظنّ والشبهة حتّى يضيء له الأمر ويستبين,فإنّ السلطان لا ينبغي له أن يعاقب على الظنّ والشبهة إلّا بالأمر المضيء البيّن فإنّ الدم عظيم أمره عند الله,وإنّ السلطان لا ينبغي له أن يعاقب على الظنّ والشبهة حتّى يستبصر قال الله تعالى يا أيّها الذين آمنوا إذا جاءكم فاسق بنبإٍ فتبيّنوا ألا وإنّ الدم عظيم شأنه,وإنَّ السلطان لا ينبغي له أن يُعاقب على الظنِّ والشبهة فإنَّ الدم عظيمٌ شأنه,[وإنّ السلطان لا ينبـ] وإنّ السلطان لا ينبغي له أن يعاقب على الظنّ والشبهة حتّى يضيء له الأمر ويستبين فإنّ الدم عظيمٌ شأنه,,,,,,,,,
72,ad2453bb-7075-4776-b211-3ac971ce0785,The Lion Wants to Avoid Killing Another Innocent,|لكنّني أخافُ أنْ أكونا الحالتيْنِ خاسِرًا مغبونا |أقتلُ ذاك أمسِ بالنميمَهْ ### واليومَ ذا بالظنِّ والسخيمهْ |ولستُ في الكلِّ على يقينِ ### مَن لي بعذرٍ واضحٍ يقيني,وأنا وإن كنت أوطئت عشوة في شتربة فأنا أكره أن أركب مثلها من دمنة وقد برئ إليك من أخبرك بما ذكرت وقذفه في عنقك,وأنا وإن كنت أوطئت *عشوة في *شتربه أكره إذا رُكب من دمنة مثلما ما ارتكبت من شتربه بغير بيّنةٍ ولا يقين وقد برئ إليك من بلّغك وأخرجه من عنقه وقذفه في عنقك,فإنّني أكره أن أركب دمنة بمثلها بغير ذنب ولا يقين وقد ترى إليك من أخبرك بما ذكرت وقذفه في عنقك وخلعه من عنقه,وأنا وإن كنت أوطئت عشوة في شتربة أكره أن أرتكب من دمنة [قال] ما ارتكبت من شتربة بغير بيّنة ويقين وقد برئ إليك من بلّغك ما ذكرت ونزعه من عنقه وقذفه في عنقك,وأنا وإن كنت قد أوطيت عشرة شتربة بما فعلت معه فإنّي أكره أن أرتكب من دمنة مثلها بغير !فتنة وقد برئ إليك من أخبرك بما ذكرت وقذف به في عنقك,وأنا وإن كنت أوطئت عشو في شتربة أكره أن أركب من دمنة مثلها بغير بيِّنةٍ ولا يقينٍ وقد رمى إليك من أخبرك بما ذكرت وقذفه في عنقك,وإنّي وإن كنت ذا ***,,,,,,,,,
73,e4672aff-8df2-4851-96e2-9678bf66249d,The Mother Expects Her Word to Suffice,|قالت له عرفتُ كلّ ذلكا ### ولستُ عندي للصوابِ تارِكا |أردتُ أن أعرفَ قَدْرَ أَدَبِكْ ### في رأيِ مَن خانَ لكَيْ يلعَبَ بِكْ,فقالت أمّ الأسد صدقت ولكن قد كنت أظنّ أنّك مستكفي بما حدّثتك وتصدّقني فيه ولا تتّهمني عليه,قالت أمّ الأسد صدقت ولكنّي قد كنت أظنّ أنّك تستكفي بما حدّثتك ولا *تتّهمني عليه,فقالت أمّ الأسد صدقت ولكنّني قد كنت أظنّك ستكفي بما حدّثتك به ولا تتّهمني عليه,قالت أم الأسد صدقت ولكنّي قد كنت أظنّ أنّك ستكتفي بما حدّثتك وتصدّق به ولا تتّهمني عليه,فقالت أمّ الأسد صدقت ولكنّي كنت أظنّ أنّك تكتفي بما حدّثتك به وتصدّقني ولا تتّهمني عليه,قالت أمُّ الأسد صدقت ولكنّي كنت أظنّ أنك تستكفي بي فيما حدَّثتك أوَ تصدّقني به فلا تتّهمني عليه,,,,,,,,,,
74,208f4c39-d5df-4fb2-99c9-8d9d4e773ea2,Without Blaming His Mother the Lion Is Curious,|قال لها ما أنتِ بالظنينَهْ ### عندي بلِ الصادقَةِ الأمينَهْ |وليس في نفسِيَ منهُ ريبُ ### ولا عليكِ إن ذكرتِ عيبُ,قال الأسد ما أنت عندي بمردودة القول ولكنّي أحبّ أن تعلميني فيكون أشفى لصدرى [فقالت إنّ الأسد] ما عليك أن تخبري من ذكره لك وما ذكره لك [وما ذكر] فإنّه لا مضرّة في ذلك عليك,قال الأسد ما أنت عندي بمتّهَمة ولكن أَحبّ إليّ أن تعلميني من هو فيكون أشفى لصدري ولا مضرّةٍ عليك فيه,قال الأسد ما أنت عندي بمردودة القول ولكنّ أحبّ أن تعلميني من هو فيكون أشفى للنفس,قال الأسد ما أنت عندي متّهمة ولكن أحبّ أن يعلمني من هو فيكون أشفى لصدري فإنّه لا مضرّة عليه فيه,فقال الأسد ما أنت عندي بمردودة القول ولكن أحبّ أن تعلميني من هو فيكون أشفى لصدري وما عليك أن تخبريني بذلك ولا ضرر فيه عليك,فقال الأسد ما أنت عندي بمردودة القول ولا أنتِ في نفسي بمتَّهمةٍ ولا أنا في نصحك بمرتابٍ ولكن أُحبُّ أن تُعلِميني من هو ليكون أشفى لصدري,,,,,,,,,,
75,fd03f056-0fcb-44a9-81e7-6f3482b61b2a,The Mother Asks the Lion to Punish Dimna,,,,فقالت أمّ الأسد كنتُ عند ذلك فعاقب هذا الفاجر دمنة عقوبة مثله,,فقالت أمّ الأسد فإن كنت عندك كذلك فعاقبْ هذا الفاجر عقوبة أمثاله,قالت أم الأسد فإن كنتُ عندك كذلك فعاقب هذا الفاجر عقوبةَ مِثلِه,,,,,,,,ותאמר לו אמו דע כי גלות סוד. חמס ושוד. ועתה בני שמע בקולי. וקום הרוג את דמנה האוילי. וימין ושמאל ממצותי אל תט.,,
76,6783387f-0cf0-4488-b60a-a6ed2474ba0f,The Lion Asks Again About the Source,,,,قال الأسد لا عليك أن تخبريني به فإنّه لا مضرّة عليك ولا منفعة لك في كتمانه,,فقال الأسد ما عليك في إخباري منقصة,قال الأسد وما عليك أن تُخبريني من ذكر ذلك لك فإنه لا مضرّةً فيه عليك,,,,,,,,,,قال لها الأسد إمّا أن تخبريني بالحديث أو تخبريني باسمه وحقّقي لي جميع الخبر من أوّله إلى آخره على جهته
77,207371da-9683-470e-953f-bd2b010b8297,The Mother Has Three Reasons for Keeping the Secret,|قالتْ إذا أفشيتُ سرَّ صاحِبْ ### أوحشتُهُ وعاد كالمُحارِبْ,,,,,,فقالت أمّ الأسد ضرر هذا عليَّ في خلالٍ ثلثةٍ *أمَّا الأولى فانقطاع ما بيني وبين صاحب هذا السرّ من المودّة لإباحتي بسرِّه والثانية خيانتي ما استُحفظت من الأمانة,,قالت أمّ الأسد بل ضررٌ منه عليّ في خلالٍ ثلاثةٍ أمّا واحدةٌ فانقطاع ما بيني وبين صاحب هذا السرّ من المودّة لإباحتي بسرّه وأمّا الأخرى فخيانتي لما استُحفظت من الأمانة,,,,,,,,
78,ea395d4a-8ebb-4fe4-8d8d-07b94350de75,The Mother Has Two Reasons for Keeping the Secret,,,,,,,,,,قالت أمّ الأسد قد عرفت صواب ما قلت ولكنّي أعرف ما يدخل عليّ في كشف السرّ وحمله إليك وإنّه يجتمع عليّ في ذلك خطآن منهما مقت المسرّ إيّاي وإنزاله أمري على الخيانة والسخف,,,قالت أمّ الأسد قد عرفت صواب ما قلت ولكن أعرف ما يدخل في كشف السرّ *وإذاعة وحمله إليك من العيب وإنّه يجتمع في ذلك خصلتان أحدهما مقت *المسرّ إليّ وإتراك أمري على الخيانة والسخف والأحزان,قالت أمّ الأسد قد عرفت صواب قلبك وما قلت ولكن أعرف ما يدخل في أمر كشف السرّ وإذاعته وحمله إليك مع العتب وإنّه يجتمع عليّ في ذلك خصلتين أحدهما مقت المسرّ لي وإنزاله على أنّي خائن,,,
79,3b7f3288-7459-4085-86ac-7db5f030176a,The Mother Deems That Divulging Will Harm Her Credibility,|ولم يعُدْ قطُّ لبيبٌ يعقِلُ ### إليَّ في أمورِهِ يسترسِلُ |وإنّ تفريطي في الأمانَهْ ### يقبُحُ في العقلِ وفي الدِّيانَهْ,قالت أمّ الأسد مضرّتي في سقوطي من عين من استودعني سرّه وائتمنني عليه وخبّأني إيّاه,قالت بل مضرّةٌ عليّ في سقوطي من !غير مَن استودعني سرّه,فقالت أمّ الأسد مضرّة ذلك ومنقصته عليّ سقوطي من عين من قد استودعني سرّه ائتمنني عليه,قالت بل مضرّته عليّ في سقوطي في عين من استودعني سرّه وخيانتي أمانته,فقالت لا يطمئنّ بعدها أحد إلى قولي ويكون سبب سقوطي عند من استودعني سرّه وائتمنني عليه,وأمّا الثالثة فوجل من كان يسترسل إليَّ قبل اليوم وقطعهم أسرارهم عنّي,,وأمّا الثالثة فوجل من كان يسترسل إليّ قبل اليوم منّي وقطعهم أسرارهم عنّي,,,,,,,,
80,5381ed53-551e-4d05-ae9b-26864e35521d,Mother Is Afraid to Lose People's Trust,,ومتى أفعل ذلك لا يثق لي أحد ولا يطمئنّ فيّ أحدًا,ومتى أفعل لا يتّقي بي أحدٌ ولا يطلعني على سرّه ولا يأمنّي عليه,ومتى أفعل ذلك لا يثق بي أحدٌ ولا يطمئنّ إلىّ,ومتى أفعل ذلك لا يثق بي أحد ولا يطلعني على سرّه ولا يأمنني عليه,,ومتى أفعل ذلك لا يثق بي أحدٌ ولا يطمأنّ إليَّ,,,ومنهما أنّ غيره لا يثق بي في سرّ بعدها,,,غيره لن يثق إليّ في كتمان السرّ بعدها,والآخر أنّ غيره لا يثق إليّ في كتمان السرّ بعدها,,,
81,74205948-80b4-4263-ab41-4125b514908b,The Lion Wants to Extricate Himself from Error,,,,,,,,,,قال الأسد إنّي لأعرف ما تقولين وما أحبّ أن أطلب المخرج من الخطأ بإدخالك فيه غدرًا,,,قال الأسد إنّي لأعرف ما تقولين !وإنّما أحبّ المخرج لنفسي من الخطأ بإدخالك في الغدر,قال الأسد [ما] أعرف ما تقولين وإنّما أحبّ المخرج لنفسي من الخطايا,,,
82,ba8bbb97-3591-4909-a174-bb11969134ec,The Lion Realizes His Mother Will Keep the Source Secret,,فلمّا سمع الأسد ذلك منها وعلم أنّها غير مخبرةٍ باسم من أخبرها,,قال فلمّا سمع الأسد ذلك منها علم أنّها غير محدثته باسم من أخبرها,,فلمّا سمع الأسد ذلك علم أنّ الذي أخبرها ثقة,فلمَّا سمع الأسد ذلك منها وعرف أنَّها غير مخبرته باسم من أخبرها وأخبرته بجملة الأمر,,,,,,,,,,
83,11d56556-6e9d-4637-a875-075d24b9e7d8,The Lion Dismisses His Mother,,قال لها انصرفي فانصرفت,,,,,,,فأمر الأسد أمّه بالانصراف عنه,,,,,,,,
84,4d3536ca-cd56-489a-ade4-b2f626adb21b,Harming King and People Cannot Be Pardoned,,,,,,,وقالت لست أجهل قول العلماء في تعظيم فضل العفو عن أهل الجرائم ولكنَّ ذلك إنّما هو فيما دون النفوس أو خيانة العامّة التي يقع بها الشرّ,,ثمّ قالت إنّي لست أجهل قول العلماء لتعظيم الفضل في العفو عن أهل الجرائم ولكنّ الفضل في ذلك إنّما هو فيما دون النفوس أو جناية العامّة التي يقع فيها الشيئن,قالت لست أجهل قول العلماء في تعظيم من الفضل ولكنّ الفصل في ذلك ربّما هو في دون خيانة العامّة وخيانة الملوك فيما يقع بين الشيئن,,,,,,,
85,3da2f6f9-32b5-4a2b-ac00-e06bef1a5cff,A Ruler Must Not Spare Traitors,|لا ينبغي استبقاءَ ذي خِيانَهْ ### ولا كَذوبٍ ناقصِ الأَمانَهْ,,,,,,وكان فيما يُقال له لا ينبغي للولاة استبقاء الخونة الفُجَّار أهل الغدر والنميمة والتحيّل والإفساد بين الناس ومن يكره صلاحهم ولا يرحمونهم لما نزل بهم وأولى من نفى عن الرعيّة ما أفسدهم وساق إليهم ما أصلحهم القادة المتولّون لأمورهم,,وكان فيما قالت أن قالت إنّه لا ينبغي للولاة والرؤساء استبقاء الخونة الفجرة أهل الغدر والنميمة والمحال والإفساد بين الناس بفساد الناس بصلاحهم وأولى من نفى عن الناس من يفسدهم وساق إليهم ما يصلحهم القادة المتولّون لأمورهم,,,,,,,,
86,1e0b07fc-5786-4aa9-8597-f90c673392a3,The Lion Is Entitled to Kill Dimna,|دمنةُ عندي خائنٌ في فعلِهْ ### فاقْتُلْهُ لستَ آثِمًا في قَتْلِهْ,,,,,,وأنت بقتل دمنة حقيق,,وأنت بقتل دمنة حقيقٌ,فلا تدع هذا الخائن المفسد هذا يعيش فوق ما عاش,,,,,ולא יהיה בך חטא.,,وكانت فيما قالت له والدته لا تدع هذا الخائن الكاذب المخادع أن يعيش فوق ما عاش
87,858f5b41-9293-4c44-9c07-5a83d3d2e7e3,Divulging Secrets and Shielding a Criminal Is Harmful,|إنّ الفسادَ من ظهوِر السرِّ ### والهُلْكُ في استِئمانِ أهلِ الغَدْرِ,,,,,,فإنّه كان يُقال إفساد جُلّ الأشياء من قِبَل خلّتين إذاعة السرّ وائتمان أهل الفجور,,فإنّه قد كان يُقال إنّ إفساد أجلّ الأشياء من قِبَل خصلتين إذاعة السرّ وائتمان أهل الغدر,,,,,,,,فإنّ العلماء قالوا إنّ فساد الأشياء يكون في حالتين إحداهما إفشاء السرّ والآخر ترك عقوبة من استوجب عقوبته
88,4beed79f-ffb9-495e-8125-26ce78115f32,Dimna Caused the Ox's Killing,|وإنّما غَشّكَ في ما ذَكَرا ### حتّى قتلتَ الثورَ خَيْرَ الوُزرا,,,,,,وإنّ الذي أنشب العداوة بينك وبين شتربة أنصح الوزراء وخير الأعوان حتّى قتلته غدرك دمنة بحيلته ?وخلابه ومكره وخيانته,,وإنّ الذي أنشب العداوة بينك وبين شتربة أنصح الوزراء وخير الإخوان حتّى قتلته غدر دمنة وجهالته ومكره وخيانته,,,,,,ונקום נקמת שנזבה ושמע מני. ועלי קללתך בני. ואל תאחר להרגוץ כי בן מות הוא.,,وما أدخل الفساد بينك وبين الثور وحملك على قتله غير دمنة بمكره وغدره وسعيه وحيلته فإذا اطّلعت على ذلك فلا تدعه حيًّا فيعود لمثل هذا من سوء عمله بعد اليوم
89,15987850-cc10-41ba-bf0c-ee12cee02c06,The Lion Discovered Dimna's Hidden Nature,|وقد عرفتَ الآن كُنْهَ أمرِهْ فجازِهِ بخَتْلِهِ ومكرِهْ,,,,,,?وقد اطّلعت على مكنونه وبدا لك ما كان يخفي عليك وعلمتَه في نحو ما تذكر من حديثه إيّاك قبل اليوم,,وقد اطّلعت على مكنونه وبدا لك ما كان يخفي عليك وعلمته نحو ما كان يذكر من حديثه إيّاك قبل اليوم,,,,,,,,
90,2729efb1-9009-4854-8e3d-8be76bd46743,Punishing Dimna Brings Comfort,|لتستريحَ أنتَ والجنودُ ### منهُ ويُنهى الناسُ أن يَكيدوا,,,,,,فالراحة لك ولجندك إذا ظهر لك منه ما تَكْتُم عقوبتُه لجريمته وإبقاءً على جندك من شرّه فإنّه ليس على مثلها بمأمون,,فالراحة لك ولجندك إن ظهر منه ما كان يَكتُم وعلن منه ما كان يبطن قلبه فاقتله عقوبةً لجريمته وأبقا (وأبق) على جندك فيما يستقيل (يستقبل) من شرّه فإنّه ليس على مثلها إن انتعش بمأمونٍ,,,,,,ואם תהרגיהו תצלח ויכונן מחשבותיך.,,
91,e92e5180-b812-49a9-b210-3b294ca6ed4c,Dimna's Crime Cannot Be Forgiven,|وإن نظرتَ في ثوابِ الحُكْمِ ### فليس مثلَ دمنةَ ذو جُرْمِ |لأنّه بالَغَ في الوقيعَهْ ### حتّى قتلتَ الثورَ بالخديعَهْ |وربّما عادَ لمثلِ ذلكْ ### فأفسدَ الجنودَ والممالِكْ,,,,,,ولعلّك أيّها الملك أن تركن إلى ما آثرته من العفو عن أهل الجرائم فإن *روَّيت في ذلك فاعلم أنّه ليس منهم من يبلغ جُرمه جرم دمنة,,ولعلّك أيّها الملك أن تركن إلى ما أمر به من العفو عن أهل الجرم فإن *روَّيت في ذلك فاعلم أنّه ليس في من بلغ جرمه جرم دمنة لأنّه لا ذنب له أكثر ممّا جنى دمنة علانيةً وسرًّا خلابته ومكره وتحميل الملك على البريّ من وزرائه السليم صدره الناصح جيبه حتّى انطوى منه على حسده وقتله على شبهة,,,,,,כי כל הימים אשר דמנה חי על האדמה לא תכון אתה ומלכותיך. כי המגיד לי דבר דמנה יתחלחל מאד על המת. והוא כאיש אמת.,,فإنّ العلماء قد قالوا في العفو عن الجاني والصفح عن المذنب لكنّهم قد نهوا عمّن اجترم الجرم العظيم وأذنب الذنب الكبير أنّه لا يترك ساعة واحدة ولا يعفى عنه لا سيّما دمنة بحيله ومكره وتحميله إيّاك على خليلك الثور حتّى قتلته من غير ذنب ولا خيانة
92,4dadcc8e-f70d-4cb5-b165-af7e431b0c19,Scene 2. Dimna's Hearing at the Lion's Court,,,,,,,,,,,,,,,,,
93,e2ef5a8d-845d-496e-9a8d-e4baa627542f,The Lion Assembles the Court and Summons Dimna,|وعندما انتهتْ تأكّدَ الأسدْ ### فِعالَ دمنةَ الخبيثِ فارْتَعَدْ |وجمعَ القوّادَ والمرازِبَهْ ### ومرتعُ البغيِ وخيمُ العاقبَهْ |وجيءَ بالخبِّ الخبيثِ دمنَهْ ### والحقُّ بادٍ ليس فيهِ ظِنَّهْ,وبعث الأسد [الأسد] حين أصبح إلي وجوه جنده وأحضرهم وبعث إلى أمّه فحضرت ثمّ دعي دمنة فأوتي وحضر الجند,فأمر الأسد أن يؤتى بدمنة ويحضر الجند فأتي بهم,ثمّ أرسل إلى دمنة فأتى دمنة ودخل على الأسد وجنده حوله,فأمر الأسد أن يؤتى بدمنة وحضر الجند,فأرسل الأسد إلى دمنة وأحضر الجند,فلمّا سمع الأسد ذلك نادى في جموعه فحضروا وأُتي بدمنة,,وبعث حين أصبح إلى جنوده فأدخل عليه وجهوههم فأرسل إلى أمّه فحضرت المجلس ثمّ دعا بدمنة فأتي به,فدعا الأسد بوجوه أصحابه فأُدخلوا عليه ثمّ دعا بدمنة,فأمر الأسد عند ذلك فأحضر جميع جنده وخواصّه وجلس مجلسًا عامًّا وأمر بدمنة فأُتي به,فلمّا قضت أم الأسد هذا الكلام تقدم فاستدعى أصحابه وجنده فأدخلوا عليه,فلمّا فرغت أمّ الأسد من كلامها أمر الأسد بدمنة فدخل عليه,فلمّا فرغت أمّ الأسد من كلامها أمر بدمنة فأُدخل على الأسد,ויקם האריה ויקבוץ את כל גדודיו. וכל שריו ועבדיו. ושוטריו ושופטיו מימינו ומשמאלו. והשגל אמו יושבת אצלו.,,قال فلمّا سمع الأسد ذلك من والدته صحّ عنده ما فعل دمنة فأمر عند ذلك بجمع جنده إليه فلمّا اجتمعوا أمر أن يؤتى بدمنة
94,e48cbe0f-5ca0-4805-820c-99b03d4b4fad,The Lion Lowers His Head in Shame,|فأطرقَ الضرغامُ إذ رآهُ ### مُفكّرًا ودمعتْ عيناهُ,ونكّس الأسد رأسه مستحيًا ممّا ركب من شتربة,فلمّا اجتمعوا نكّس الأسد رأسه استحياءً ممّا صنع بشتربه,فلمّا رأى دمنة نكّس الأسد رأسه مستحيًا ممّا ركب من قتل شتربه,فنظر الأسد إليهم فنكّس رأسه مستحيًا ممّا ركب من شتربة,ونكّس رأسه بينهم حياء من قتل شتربه,ونكَّس الأسد مستحيًا فيما ركب من قتل شتربة,,,,فلمّا مثل بين يديه نكّس الأسد رأسه حياء ممّا فعل بشتربة وحزنًا عليه,فلمّا وقف دمنة بين يدي الأسد ورأى ما هو عليه من الحزن والكآبة,,,,,فلمّا أتوا به وقام بين يديه نكّس الأسد رأسه إلى الأرض مليًّا
95,d077d763-7589-4373-ac75-2398eea44776,Dimna Inquires About the Lion's Dejection,|فقال للقومِ وقد تجاهلا ### أظنُّ للهُمام شغلًا شاغِلا |ما لي أراهُ مُطرِقًا مفكِّرًا ### فما الذي من حادِثِ الدهرِ طرا,فلمّا رأى دمنة ذلك أيقن بالهلكة وقال لبعض من يليه ما بال الأسد منكّسًا مهمومًا حزينًا هل حدث أمر فأجمعكم له,فلمّا رأوا الأسد مغمومًا قال دمنة لبعض من يليه ما لي أرى الملك مغمومًا هل حدث أمرٌ جمعكم عليه,فلمّا رأى ذلك منه قال لبعض من يليه ما للأسد مكتئبًا حزينًا مهمومًا هل حدث أمر جمعكم له,فلمّا رأي دمنة الأسد منكبًّا مهمومًا مكتئبًا قال هل حدث أمر جمعكم له,فلمّا رأى ذلك دمنة قال لبعض من يليه ما شأن الأسد كئيبًا مهمومًا هل حدث أمر حتّى جمعكم إليه,فلمّا رأى دمنة ذلك قال لبعض من يليه متجاهلًا فأخفى الكلام لبعض من يَقْرُب منه ما لي أرى الملك مكتئبًا مهمومًا هل حدث أمرًا جمعكم له,,فلمّا أقام بين يديه قلب الأسد يده بالتمثيل به فلمّا رأى دمنة ذلك أيقن بالهلكة فالتفت إلى بعض من يليه فقال له قولًا خفيًّا هل حدث من حديث أحزن الملك أو هل كان شيئًا (شيءٌ) جمعكم له كما أرى,فلمّا قام بين يديه رأى من حاله وعرف من حال جلسائه ما أيقن له بالشرّ فالتفت إلى بعض من يليه فقال له قولًا خفيًّا هل حدث حدث يحزن الملك أو حدث أمر جمعكم له كما أرى,فالتفت عند ذلك دمنة إلى بعض جلساء الأسد فقال له على خفية هل حدث أمر أحزن الملك وجمعكم له كما أرى,التفت إلى بعض الحاضرين فقال ما الذي حدث وما الذي أحزن الملك,فلمّا وقف بين يديه ورأى حاله وجلساءه أيقن بالشرّ والتفت إلى بعض أصحابه فقال له سرًّا خفيًّا هل حدث أمرٌ قد أحزن الملك وما سبب هذا الجمع,فلمّا وقف بين يديه ورأى جلساءه أيقن بالهلاك والتفت إلى بعض أصحابه وقال سرًّا هل حدث حديثًا حزن له الملك وما سبب جمعهم,ויאמר דמנה אל האריה מדוע פני אדוני המלך רעים.,,فلمّا رأى دمنة الأسد منكّسًا رأسه إلى الأرض قال ما لي أرى الملك منكّسًا رأسه إلى الأرض مفكّرًا هل حدث أمر اجتمعتم عليه
96,cd149282-3adc-4ae1-bd68-3d0f2470359d,The Mother Declares Dimna Responsible,|قالت له مغضبةً أمُّ الأسدْ ### وهْي لما يجري هناك بالرَّصَدْ |إطراقُهُ ندامةٌ إذ تَرَكَكْ ### ولم يكنْ من فورِهِ قد أَهْلَكَكْ |والآن منك يا خبيثُ يَنْتَقِمْ ### بسوءِ ما قدّمتَهُ ويَصْطَلِمْ,فقالت أمّ الأسد إنّ ما ترى من حال الأسد وحزنه لتركه إيّاك حيًّا إلى يوم بعد صنيعك به وحملك إيّاه نميمتك وفجورك على شتربة,فسمعت كلامه أمّ الأسد فقالت اهتمامه وحزنه في تركك حيًّا بعد ما صنعت من نميمتك وكذبك وفجورك حتّى قتل شتربه,فقالت أمّ الأسد إنّ ما ترى من الملك إنّما هو لتركك إلى اليوم حيًّا بعد صنيعك به ما صنعت وحملك إيّاه بنميمتك وفجورك على قتل شتربة,فسمعته أم الأسد فقالت اهتمامه وكآبته في تركه إيّاك حينًا إلى اليوم بعد صنيعك به وحملك إيّاه بنميمتك كذلك وفجورك حتّى قتل شتربة,فقالت أمّ الأسد إنّما ترى ذلك من حال الأسد لتركه إيّاك إلى اليوم حيًّا بعد صنعك به وحملك إيّاه بنميمتك وفجورك على قتل شتربة,فلمّا سمعت ذلك أمّ الأسد قالت مجيبةً له الذي أكرب الملك بقاؤك حيًّا إلى اليوم مع عظيم حَدثك وجُرمك أيها الغادر الكذوب,,,فسمعته أمّ الأسد فقالت نعم حزن الملك تركه إيّاك حيًّا بعد الذي رأى من غشّك له وإغرائك إيّاه بأهل نصيحته وليس ينبغي له أن يستبقيك طرفة عين,فقالت أمّ الأسد لدمنة إنّما يحزن الأسد أيّها الخائن بقاؤك حيًّا ولو طرفة عين ولن يدعك بعد اليوم,والتفتت أمّ الأسد إليه وقالت قد أحزن الملك بقاؤك ولو طرفة عين ولن يدعك بعد اليوم حيًّا,فأجابته أمّ الأسد نعم قد أحزن الملك إبقاؤك حيًّا طرفة عينٍ,*فأجابته أمّ الأسد نعم قد أحزن الملك *استبقاءك طرفة عينٍ وأن يدعك حيًّا,ותאמר אם האריה בעבור שהרגת את שנזבה הדוד והנעים. ולא לקח ממך עד היום נקמה. ואתה חי על האדמה.,,قالت له أمّ الأسد ما حدث أمر غير أمرك وإنّ الملك نادم لتركه إيّاك بالحياة أيّها المخادع المحتال
97,6fc0a344-091d-4af2-aaf4-1c48c9976d48,Dimna Wants to Know His Alleged Crime,|قال وما ذنبي,,,,,,قال دمنة وما الذي جنيت مما يُستحلّ به قتلي ويُكرب الملك بقائي,,,قال دمنة ماذا أحدث من أمري,قال دمنة وما الذي صنعت حتّى كره سيّدي بقائي,,,,,,قال لها دمنة وما حدث من أمري حتّى وجب قتلي
98,9fd15dbf-9d08-4d6c-ad69-8dd8e9de76d8,The Mother Is Outraged by Dimna's Feigned Ignorance,فقالتِ اقْطَعْ ### فأيَّ ذنبٍ فاحِشٍ لم تصْنَعْ |إنّك لو فكّرتَ في خيانتِكْ ### وعُظْمَ ما بلغتَ في سعايتِكْ |علِمتَ أنّ القتلَ ليس يشفي ### منك ولا يُقنعْهُ ويكفي |أوّلُ ما في ذلك استجهالُكا ### بجهلِك الجَمِّ الهُمامَ المالِكا |وتركُكَ البريءَ من أصحابِهْ ### مُمزَّقًا بظُفرِهِ ونابِهْ,,,,,,قالت أمّ الأسد أعظم الحدث حدثك وأشدّ الخيانة خيانتك واستجهالك الملك وقتلك البريء من وزرائه,,قالت أمّ الأسد أعظم الحدث حدثك وأشدّ الخيانة خيانتك واستجهالك الملك وقتلك البريء من وزرائه,,,,,,,,
99,17adfc79-6bbd-4e4d-8841-28f911bd4c38,The Mother Blames Dimna for Instigating the Lion,,,,,,,,,,قالت أمّ الملك استبان للملك صنعك به وتحميلك إيّاه بكذبك على شتربة,قالت أمّ الأسد تحميلك سيّدنا على خليله البريء ووشيُك إليه بالكذب والنميمة,,,,,,قالت له أمّ الأسد إنّه قد بان للملك أنّك حملته بخدعك ومكرك على قتل الثور من غير جرم اجترمه ولا ذنب كان منه فلست حقيقًا أن تترك بالحياة طرفة عين
100,7fee4ed7-64c3-49a4-aa2f-63005e687f86,Good People Suffer Misfortune Fastest,|قال لها دمنةُ قد أتاني ### تصديقُ ما سمعتُ في زماني |كان يُقال مَن تناهى واجتهَدْ ### في طلبِ الخيرِ رأى شرَّ نَكَدْ,فقال دمنة لا أرى الذي يقال إلّا حقًّا إنّ الذي يجهد لنفسه في الخير *الشرّ البلاءُ أسرع إليه من غيره,قال دمنة إنّ الذي يُجهد نفسه في طلب الخير والعمل به الشرُّ والبلاء إليه أسرع وأعجل,*** في طلب الخير والبلاء إليه أسرع منه إلى غيره,قال دمنة اسمع الذي كان يقال حقًّا الذي يجهد نفسه في طلب الرزق والخير *والعمل به الشرُّ والبلاء إليه أسرع,فقال دمنة ما [[قلت]] أسمع الذي يُقال إلّا حقًّا إنّ الذي !يجهل نفسه في طلب الخير البلاء منه أسرع إلى غيره,قال دمنة إنّ تصديق ما كان يُذكر قد حضر فإنّه كان يُقال من اجتهد في طلب الخير أسرع إليه الشرّ,,قال دمنة ما أرى الأوّل ترك للأخير مقالًا في شيءٍ من معاريض الأمور وقد جرى في بعض ما يُقال إنّ أشدّ الناس اجتهادًا في توقّي الشرّ أكثرهم فيه وقوعًا,قال دمنة ما أرى الأوّل ترك للآخر مقالًا في شيء من معاريض الأمور فإنّه كان يُقال إنّ أشدّ الناس اجتهادًا في توقّي شرور الناس أجدر أن يصيبه الشرّ,قال دمنة ما أرى الأوّل ترك للأخير مقالًا فإنّه كان يُقال [[ما أرى الأوّل ترك للأ]] إنّ أشدّ الناس في توقّي الشرّ يصيبه الشرّ قبل المستسلم,قال دمنة ما ترك الأوّل للأخير شيئًا لأنّه يُقال أشدّ الناس في توقّي الشرّ يصيبه الشرّ قبل المستسلم,فأجابها دمنة قائلًا ما ترك الأوّل للآخر مقالًا في شيءٍ من معاريض الأمور فإنّه يُقال أشدّ الناس في توقّي الشرور والحذر منها أجراهم أن يصيبه الشرّ من الملك والخاصّة والجند,أجاب دمنة وقال لها أمّا الرأي الأوّل ترك الآخر مقالًا في شيءٍ من معاريض الأمور فإنّه يُقال أشدّ الناس من يوقّي الشرور,ויאמר דמנה אמת אמרו הקדמונים והזקנים הראשונים. כי כל עבד אשר יעבוד את אדוניו בכל לב ובכל נפש. לא יראה לעולם חפש. ולא יגמול על עשות הטוב והישר חסדים כי אם אשר יש לו רום ותחת עבדים. אבל האדם יש אשר יגמול על הרעה טובה. ויש אשר יגמול על הטובה רעה ואיבה.,,قال لها دمنة صدق الذي قال كلّما ازداد الإنسان في الخير اجتهادًا كان الشرّ إليه سريعًا
101,b9e823cb-6b8f-440e-bfab-643ef2f7b500,Who Keeps Bad Company Does Not Escape Evil,|وليس هذا مثلَ الهُمامِ ### وجندِهِ الأفاضلِ الكِرامِ |بل مثلٌ لصُحبةِ الأشرارِ ### فإنّها تؤذنُ بالدَّمارِ |من صاحَبَ الشرّيرَ لاقى شرًّا ### وساءَهُ من أمرِهِ ما سَرّا,ولا يكون للملك ولا لجنده المثل السوء وإنمّا قيل ذلك إنّه من صحب الأشرار وهو لا يعمل عملهم لم ينجُ من شرّهم,,,,,ولا يكون الملك وجنوده المثل السوء وقد علمت أنّ ذلك إنّما كان قيل في صحبة الأشرار إنّه من صحبهم وهو يعمل عملهم لم ينجُ من شرّهم,,ولا يكون للملك وجنوده المثل السوء كذا وقد علمت أنّ ذلك إنّما قيل في صحبة الأشرار أنّه من صحبه وهو يعلم علمهم [كذا] لم يُنَجِّهِ من شروره توقّيه إيّاها,ولا يكون للملك ولا لجنوده المثل السوء وقد علمت أنّ ذلك إنّما قيل في صحبة الأشرار وأنّه من صحبهم وهو يعلم علمهم ثمّ لم يُنَجِّهِ من شرّهم توقّيه إيّاه,فلا يكوننّ للمك ولا لجنوده المثل السوء ولا لخاصّته وقد قيل إنّه من صحب الأشرار وهو يعلم علمهم كان أذاه من قِبَل نفسه,فلا يكون الملك وخاصّته وجنوده المثل السوء وقد علمت أن قد قيل من صحب الأشرار وعلم علمهم أذاه من نفسه,,,,,
102,df1a215f-5011-4e4c-a7e4-db40f123798a,Only God Rewards Justly,وليس يَجزي مُحسنًا بالحُسنى ### إلّا القديمُ رأفةً ومَنّا |والناسُ يُعطونَ بلا استحقاقِ ### أمورُهُمْ تجري بالاتّفاقِ,لأنّه لا يجزى بالخير خيرًا إلّا الله تعالى فأنا من دونه فقد يغلب على أمورهم الخطأ,,,,,لأنّه ليس أحدًا يجزي بالخير خيرًا إلّا الله وأمّا من دونه فقد تجري أمورهم فُنونًا يغلب على أكثر ذلك الخطأ,,لأنّه ليس أحدٌ يجزي بالخير خيرًا إلّا الله فأمّا من دونه فقد تجري أمورهم على فنونٍ شتّى مع ذلك في أكثرها الخطأ,لأنّه لا يجزي بالخير خيرًا إلّا الله فأمّا أكثر أهل الدنيا فإنّهم لا يعملون بالعدل ولا يجزون كلّ واحد بعملهم بل عامّة ما ينبغي أن يعاقبوا به الفجّار يصيبون به الأبرار,فإنّه ليس من يجزي بالخير خيرًا وبالإحسان إحسانًا إلّا الله ومن طلب الجزاء على الخير من الناس كان حقيقًا أن !يخطر بالحرمان إذ يخطئ الصواب في خلوص العمل لغير الله وطلب الجزاء من الناس,ومن يجزى بالخير خيرًا وبالإحسان إحسانَا إلّا الله ومن طلب الجزاء على الخير من الناس كان حقيقًا أن يحظى بالحرمان إذ يخطىء الصواب في خلوص العمل لغير الله وطلب الجزاء من الناس,,,,,لأنّهم علموا أنّ أهل الدنيا لا يعملون بالعدل ولا يجاوزون الحدّ بعمله ولكنّ عاقبة ما يعاقبون به الفجّار يُصابون به الأخيار وهذا الأمر شبيه بشأني
103,5dcd15a5-e32c-4050-9055-71f7808fd2e4,The King Is Most Deserving of the Truth/Good Attributes,|لكنّ أولى الناسِ بالصوابِ ### ألمَلِكُ المالِكُ للرِّقابِ |لأنّه يفعلُ لا لحاجَهْ ### ولا يخافُ اللومَ واللَّجاجَهْ,وما أحد أحقّ بالصواب من الملك,,,,,وما أحد أحقُّ بالصفات الجميلة من الملك الموفَّق الذي لا يُصانع أحدًا لحاجةٍ به إليه ولا لعاقبةٍ يتخوَّفُها منه,,وما أحدٌ بأحقّ بإصابة الصواب من الملك الموفّق الذي لا يُصانع أحدًا لحاجةٍ به إليه ولا لعاقبةٍ يتخوّفها منه,وما أحد أحقّ بإصابة الصواب من الملك الذي لا يُصانع أحد لحاجة ولا يعاقبه لتخوّفه منه,,,,,ולא יאות לאדם לגמול חסדים יותר מן המלך אדוני. אשר לעבדו בכל לב תמיד היה רצוני.,,
104,ec4f94ab-5c59-496d-8c20-82b9375e6da7,Ascetics Shun People's Company,|لذك لم يصحبْهُمُ الزُّهادُ ### والعلماءُ السادةُ العبّادُ |وانفردوا عنهم وفي التفرُّدْ ### رَوْحٌ من الهمومِ والتلدُّدْ |والله ما العاقلُ إلّا الزاهِدْ ### في الكَوْنِ لا العالِمُ والمُجاهِدْ |لأنّهمْ لا يعدلونَ حُكْما ### ولا يرونَ الحُكْمَ إلّا ظُلْمًا |فيجعلونَ البَرَّ مثلَ الفاجِرْ ### وحسبُهُمْ ذاك مِن المُغايِر,ولذلك يتوحّد عامّة النسّاك في الجبال ويدَعون مخالطة الناس ومحادثتهم ويؤثرون العمل لله سبحانه على العمل لخلقه,ولذلك يتوحّد النسّاك ويدَعون محادثة الناس ومجالستهم,ولذلك يتوجّه إليه عامّة النسّاك ويدَعون مخالطة الناس,ولذلك توجد عامّة النسّاك يدَعون مخالطة الناس ومحادثتهم,,ولذلك رفض أهل الدين والنسك الدنيا ولذّتها واختاروا الوحدة وتركوا مخالطة الناس ومحادثتهم لما يرون فيها من مؤاخذة الأبرار بأعمال الفجّار وإثابة الفجّار بأعمال الأبرار وآثروا العمل لله على العمل لخلقه,,ولذلك انقطعت النسّاك بأنفسها واختارت الوحدة في الجبال على مخالطة الناس وآثرت العمل لله على العمل لخلقه,ولذلك انقطعت النسّاك بأنفسها فاختارت الوحدة على مخالطة الناس وآثرت العمل لله عزّ وجلّ على العمل لخلقه,ولذلك انقطعت النسّاك بأنفسها واختارت الوحدة على المخالطة وحبّ العمل لله على حبّ الدنيا وأهلها,ولذلك انقطعت النسّاك بأنفسها عن الخلق واختارت الوحدة على المخالطة وحبّ العمل لله على حبّ الدنيا وأهلها,فلذلك انقطعت العلماء لأنفسها واختارت العمل بما يرضي الله في الدنيا والآخرة,,ולזאת יבחרו החסידים והנזירים. לשכון במדבר וביערים ובישימות ובהרים. ומחברת בני אדם ינזרו. ותהילות י״י יבשרו. ועם נפלאות בוראם התאחדם. ודבר אין להם עם אדם.,,ولذلك ترك الرهّاب الدنيا وأمرها وحمّلوا أنفسهم الصبر على الوحدة ولزموا العبادة
105,16ce58ce-f257-4a02-8e4c-6593ae4504ce,A King's Advisors Deserve Recognition/A King's Subjects Desire Good Character and Deeds,,,,,,,فإنّ أحقّ ما عظمت فيه رغبة الملك من محاسن الصواب المكافأة لأهل البلاء الحسن عندهم ومن يُرقّى إليهم نصيحته,,وإن كان أحقّ من ذلك ما عظمت فيه رغبة الملوك من محاسن الصواب فمكافأة أهل البلاء الحسن عندهم وما بلاءٌ أبين حسنًا من نصيحةٍ,فإنّ أحقّ ما عظمت رغبة الملوك فيه في محاسن الصواب مكافأة أهل البلاء الحسن وما لا يكن حسنًا أحقّ من نصيحتي,وإنّ أحقّ ما رغبت فيه رعيّة الملك هو محاسن الأخلاق ومواقع الصواب وجميل السِيَر,وإنّ أحقّ ما رغبت فيه رعيّة الملك هو محاسن الأخلاق ومواقع الصواب وجميل السير,,,,,
106,ea76fc82-3a2a-4853-9e80-814aacf1e49d,Dimna Claims He Only Warned Lion of Ox's Treason,|وإنّني خدَمتُهُ بخِدمَهْ ### رجوتُ منها زُلْفَةً ونِعمَهْ |نصحتُه وكلُّ مَن لا ينصَحُ ### مالِكَهُ فالكلبُ منه أصلحُ |خوفًا عليه مِن عنادِ المارِقِ ### شتربةَ المُخالفِ المُنافقِ |ولو كتمتُ ذاك عنهُ خُنْتُهْ ### فصنتُ نفسي جاهِدًا وصُنْتُهْ,ولكن حملني النصح للملك والإيثار له على أن أطلعته على أمر من أراد الغدر به والوثوب عليه وأعلمته بالذي ارتبت به منه وتبيّن لي من علامات ذلك,فإنّه بلغ بي النصح للملك والشفقة عليه أنّي أطلعته على من أراد الغدر به والوثوب عليه وأعلمته الذي ارتبت منه وتبيّن لي,فقال دمنة أسمع الذي يُقال حقًّا ولذلك فإنّه حملني النصح للملك والإيثار له على أن أطلعته على من أراد الغدر به والوثوب عليه وأعلمته الذي ارتبت به منه وتبيّن لي من علاماتٍ فيه ما استبان للملك,فإنّه حملني النصح للملك والثقة عليه على أن أطلعه على من أراد الغدر به والوثوب عليه وأعلمته الذي ارتبت به منه وتبيّن لي,وقد حملني النصح للملك والإيثار له على نفسي أن أطلعته على المغرّ به وأعلمته بالذي رأى من !السلامات !والشاه مات,وهذا أقرب من أمري وأشبه فيما حملني النصح للملك والإيثار له على غيره والنَّظرُ للعامّة في إعلان سرِّ الخائن الكفور وما كان ربض في نفسه وارتفعت إليه همّته من الغدر بالملك والوثوب عليه,,,,فأمّا أنا فإنّي نصحت لسيّدي فأطلعته على ما اطّلعت عليه من أمر العدوّ,,,,ואם אני הודעתי את אדוני המלך היועץ עליו רעות ורגזות. בתם לבבי ובנקיון כפי עשיתי זאת. ולא הרגהו עד שראה דעתן בעין האותות. ונודעו לו מועצותיו הנשחתות. אדוני המלך עוד בשכלך חקור. ונטע נעימך אל תעקור.,,فإنّه حملني حبّي للملك وشفقتي عليه ونصحي عليه وشكري إيّاه لحسن معروفه وحسن عهده هو الذي حملني أن أطلعه على سرّ عدوّه المبغض الكفور الخائن لأنّه كان أضمر الغدر والهلكة للملك وأراد إفساد أمر الملك
107,b6267f56-b910-4efa-a0a4-b617ae6ee0c8,Dimna Says the King Saw the Same Signs,|وقد رأى فيه دليلَ صِدقي ### وما أتى ما جاءَهُ بِخُرْقِ,فاستبان له ذلك ولم يأتِ له شيئًا إلّا عن بصيرة وهو أيضًا [أن] تحرّى الأمر وسأل عنه ونظر فيه عرف تصديق ما كنت قلته,فاستبان له أيضًا ولم يركبْ ما ركب إلّا على بصيرةٍ وإن هو تنجّز الأمر اليوم وسأل عنه ونظر فيه عرف مصداق ما كنت قلت له,ولم يأت إليه شيء إلّا عن بصيرة وإن هو أيضًا يتحقّق الأمر وقد نظر فيه وسأل عنه وعرف مصداق ما كنت قلت له,فاستبان له منه الذي حدّثته ولم يركبْ ما ركب إلّا على بصيرة وإن هو أيضًا تحرّى الأمر اليوم وسأل عنه ونظر عرف مصداق ما كنت قلت له,!فاستبان به ذلك وما فعل شيئًا إلّا عن بصيرة وإن هو أيضًا بحث عن الأمر وسأل عنه ونظر فيه عرف صدق ما كنت قلت له,وقد كان استبان للملك الذي كان منطوٍ عليه ومضمرًا له من العداوة والغلّ بالأمارات البيّنات الواضحات التي لا تحتاج معها إلى غيرها بالذي لقيه به حين لقيه واستبان له ولم يأتِ إليه شيئًا إلّا عن بصيرة وإن هو أيضًا تحرّى الأمر وسأل عنه ونظر فيه عرف مصداق ما كنتُ قلتُ له,,,,,,,,,,حتّى رأى الملك ذلك عيانًا وثبتت له العلامات التي ذكرتها له وقد كان اعتدّ لقتاله فأعانه الله عليه حتّى ظفر به وصرعه وأهلكه بذنبه فمات شرّ موتة
108,dd0fe4f5-9936-4249-a332-f89b0fa9b8af,Dimna Feels Ill-Rewarded for Warning the King,|فليس إن أَنصفَ أَجْرَ فِعلي ### وخِدمتي قَتْلي بغَيْرِ عَدْلِ |فإن يكنْ قد وافَقَ المِقدارا ### فما أُطيقُ منهما انتصارا |إن يُرِْدِني متّبعًا هواهُ ### فليس للمظلومِ إلّا اللهُ |فإنّه يُنفّسُ الكروبا ### وينصرُ المضطَهد المَحروبا,,,,,,,,وما كنت أتخوّف أن يكون جزائي على النصيحة وحسن البلاء أن يحزن الملك على تركه إيّاي حيًّا,وما كنت أرجو أن يكون جزائي على النصيحة وحسن البلاء حزن الملك على تركه إيّاي حيًّا,فما كان جزائي منه على النصيحة أن يكره بقائي,,,,,,فكان جزائي أكون مستحقًّا للقتل والهلاك على ما أدّيته من النصيحة
109,28cecc78-a001-4326-8417-30f75a990d03,The Mother Is Outraged by Dimna's Pretended Innocence,,,,,,,,,,,قالت أمّ الأسد انظروا إلى هذا المحتال مع عظيم جرمه كيف يجعل نفسه كمن لا ذنب له,,,,,,
110,bcbdcdc2-e98d-432b-8ef3-ab0fccc7335c,Dimna Claims Having Told the Truth,,,,,,,,,,,قال دمنة إنّما المحتال الذي يقول ما لا يفعل ويتكلّم بما لا يكون فأمّا أنا فتكلّمت بما كان وصدقت فيما قلت,,,,,,
111,8a5b3519-0f8f-4e66-b163-9e42c8239d52,Hidden Fire Is Extracted Only with List/Labor,|فالنارُ والماءُ مَعاشِرُ الحَجَرْ ### ويكمُنانِ الدهرَ في خُضْرِ الشَّجَرْ |وإنّما يُبديهما الإنسانُ ### بلُطفِهِ وللهُدى بُرهانُ |ثوّرتُ منه خَبْأَهُ فظَهَرا ### ما كان منه كامِنًا مُستَترا,فإنّ النار التي تكون في الحجر والعود إنمّا تستخرج بالحيل وليس يخفى مثل هذا,فإنّ النار قد يكون في الجحر والعود فستخرج منها بالحيل وليس يخفى مثل هذا,فإنّ النار التي تكون فى الحجر والعود إنّما يستخرجان بالحيل وليس يخفى مثل هذا,فإنّ النار قد يكون في الحجر والعود فتُستخرج النار منهما بالحيل وليس يخفى مثل هذا,,فإنّ النار التي تكون في الحجر والعود إنما تُستخرج بالحيل وليس يخفى مثل <هذا>,,وقد علمت أيّها الملك أنّ النار تكون مستكمنة في الشجر والحجارة فلا تخرج ولا تصاب منفعتها إلّا بالعمل والطلب,وقد علمت أيّها الملك أنّ النار تكون مسكنها الشجر والحجر لا تُخرج ولا يوصَل إلى منافعها إلّا بالعمل والطلب,,,,,כי האש בלב האבן והברזל צפונה. והיא מוצאת בערמה ובתבונה.,,
112,3ac960d7-006a-4cd5-8645-2ff109178f5a,Hidden Crimes Are Exposed by Investigation,,فإنّ حزم المرء إذا فحص عنه روى حقيقته واستبانته,وإنّ جُرم المجرم إذا فُحص عنه وفُتّش استبان واستنار,وإنّ حزم الملوك إذا فحص عنه وفتّش ازداد استنارة,فإنّ جرم المجرم إذا فحص عنه وفتّش ازداد استنارة واستبانة,فإنّ جرم المجرم وإذا فُحص عنه وتبيّن ازداد استنارة,فإنّ جُرم المرء إذا فُحص عنه وفُتّش ازداد استنارة واستبانة,,,,,,,,והאיש הערום בחקרו הדבר הנעלם ממנו נודעו לו תעלומותיו. ונגלו אליו סתומותיו.,,فإنّ الرجل ذو الجرم لا يحبّ أن يكثر الفحص عنه ولا عن أمره لأنّ الفحص عن جرم المجرم لا يزيد جرمه إلّا قبحًا
113,433f4acb-e0ac-43eb-89ae-51ce52f213d2,Stirred Up Mud Stinks,,كما أنّ كلّ شئ مُنتِن من حمأة وغيرها إذا ثوّر ظهر ريحه وقذره,كما أنّ كلّ نتنٍ من حمأةٍ وغيرها إذا سيط أو *ثوّر ازداد نتنًا,كما أنّ كلّ شئ من حمأة أو غيرها إذا ثُوّرت ظهر ما فيها ومن ريحها وقذرها,كما أنّ كل شيء منتّن من حمأة وغيرها إذا سيط أو قُلب أو ثوّر *ازداد نتنًا,كما أنّ كلّ شقّتين من حمأة أو غيرها إذا حُرّكت ظهر ريحها وقذرها,كما أنّ كلّ نتنٍ من حمأة وغيرها إذا ثُوّرت ظهر ريحها وقذرها,,وكذلك كلّ شيءٍ طابت رائحته أو نتنت فاليوم يزيده فوحًا وظهورًا,وكذلك كلّ شيء طابت ريحه بالتثوير يزيده فوحًا وظهورًا,,,,,כמו דבר אשר יבאש כמו הטיט היון וביצתו. אשר אם ירמסו אותו וירבו תבוסתו. ועלה באשו ותעל צחנתו.,,مثله في ذلك مثل السنّ المنتن كلّما عولج ازداد نتنًا
114,9fb6a417-05f2-4aac-a28c-e6e3c96bc176,Dimna Had Nothing to Do with the Ox,,,,,,,ولقد علم الملك ومن حضر أنَّه لم يكن بيني وبين الثور أمر أضطغنه عليه ولا أبغيه به غائلة وما كان يملك من ضرٍّ ولا نفعٍ لي,,ولقد علم وعلمت وعلم جميع من حضر أنّه لم يكن بيني وبين الثور أمرٌ أضطغن عليه فيه حقدًا ولا أبغي له غائلةً وما كان بذلك من ضرٍّ ولا نفعٍ,ولقد علم الملك وعلم جميع من حضر أنّه لم يكن بيني وبين شتربة أمرًا دخل *عليّ له حقدًا أو بعثته له غائلة وما كان لي بذلك ضرًّا ولا نفعًا,,,,,,,
115,b8157a09-e398-497e-a126-65c8901a34c6,Dimna Claims to Be a Victim of Scheme,,,,,,,ولقد كان الملك فيما أعلمته من أمره حتّى أبصر مصداقه أفضل رأيًا وأشدّ عزمًا وإنّي لأعرف أنّه يتخوّف مثلها منّي غيرُ واحد من أهل الغشّ والعدوان والعداوة للملك فنصبوا لمصيبتي واجتمعوا على هلاكي,,ولكنّي نصحت الملك فيه وأعلمته ما اطّلعت عليه من أمره حتّى أبصر مصداق ما ذكرت له وكان فيه أفضل رأيًا وأشدّ حزمًا وعزمًا ولقد أعرف أنّه قد تخوّف مثلها منّي غيرُ واحدةٍ من أهل الغشّ والعداوة فنصبوا نصبي وأجمعوا على طلب هلاكي,ولكن نصحت الملك فيه وأعلمته على ما اطّلعت عليه من أمره وكان الشاهد عليه ما أبصر الملك من مصداق ما ذكرت له من أمره وكان أفصل فيه رأيًا وأشدّ عزمًا وقد عرفت أنّه قد تخوّف مثلها منّي غيرُ واحد من أهل الغشّ والعداوة للملك فنصبوا لي العداوة وأجمعوا على طلب هلاكي,,,,,,,
116,8730203c-9c99-439d-b2a8-97e63a3fb332,Scene 3: The Lion Orders an Investigation,,,,,,,,,,,,,,,,,
117,54ae9ec0-10cd-43b8-8049-07b77cd75a79,The Lion Orders an Investigation,,,,,,,فلمّا سمع الأسد قوله ارتاب به *فأخرجه وأمر بالفحص عنه ورفعه إلى القضاة لينظروا في أمره,,فلمّا سمع الأسد قول دمنة قال أخرجوه عنّي وادفعوه إلى القضاة فليفتّشوا عن أمره فإنّي لست أحبّ أن أحكم على محسنٍ ولا مسيءٍ إلّا بتظاهر وجه الحقّ والعدل,فلمّا سمع الأسد قوله أمر به إلى القاضي وقال لقاضيه فتّش عن أمره فإنّي لا أحبّ أن أحكم على محسن ولا مسيء إلّا بظاهر من وجود الحقّ والعدل,,,,,,,قال فلمّا سمع الأسد ذلك منه أمر به أن يخرج من عنده حتّى يتثبّت في أمره ويبالغ في الفحص عن شأنه
118,bf392c24-9ad5-4f37-8485-82a5ba061579,Judge Deems Investigation Useful,,,,,,,,,فسجد دمنة للأسد ثمّ قال أيّها الملك إنّه ليس أكشف للعمى ولا أوضح للشبهة ولا أشدّ استخراجًا لغامضات الأشياء من الاجتهاد والمبادرة فيما يصاب به ذلك,قال القاضي أيّها الملك إنّه لا شيء أكشف للعمى وأوضح للشبهة وأشدّ استخراجًا لغامضات الأشياء من الاجتهاد والمبالغة في الفحص والكشف,,,,,,,
119,8910fe2a-f1c6-4e4d-be4c-56c7b23796ea,Dimna States Investigation Will Clear Him,|إن لم يُروِّ الملِكُ المخدومُ ### في قصّتي فإنّه مَليمُ,,,,,,فسجد دمنة للملك وقال أيّها الملك لستَ بحقيق بمعاجلة أحدنا بالعقوبة عن قول الأشرار دون الفحص والتثبّت وإنّي لواثق عن فحصك ببراءتي وتصديق مقالتي,,,قال دمنة ولستَ حقيقًا أيّها الملك بالعجلة في قتلي بقول الأمّ بل يبحث الملك على هذا الأمر فإنّه كلّما ازداد في شأني نظرًا ازداد ببراءتي ونصيحتي يقينًا,,,,,,,فسجد له دمنة ودعا له وقال أيّها الملك لا تعجل في قتلي بكلام الأشرار وليبحث الملك في أمري حتّى يصحّ له صدقي فيما قلت فإنّه كلّما ازداد الملك في أمري نظرًا بان له براءتي ويصحّ له قولي وصدق مودّتي
120,3e143809-c6b5-4b52-ae29-a914dcc38f9d,Extracting Fire Is Like Unveiling the Truth,,,,,,,وقد قالت العلماء إنّ من استخرج النار من الحجر وهو كامنة فيه كالقادر أن يستخرج بالفحص وطول البحث ما خفي عليه من الأمور,,,,,,,,,,وقد قالت العلماء كما أُخفيت النار في الحجارة فلا يأخذها الناس إلّا بالحيلة والرفق لينتفعوا بها وكلّما خفي أمري وأكثرت البحث عنه ببيّنة فإنّه ينكشف ويظهر وقد علم الملك أيّده الله تعالى أنّ قولي هذا يدلّ على براءتي
121,90fe0a39-d8f4-4158-896e-f20ff01c8933,If Guilty Dimna Would Prefer No Investigation,,,,,,,ولو كنتُ مُجرمًا سرّني تركُك التفتيش عنّي ولما كنت مرابطًا بباب الملك,,ولو كنت مجرمًا لتخوّفت التكشّف عن جرمي كما قد أصبحت لعلمي ببراءتي أرجو أن يخرج الفحص والتكشّف صحّة أمري,ولو كنت مجرمًا لتخوّفت التكشّف عن أمري لأنّي أصبحت ببراءتي عالمًا أرجو أن يستخرج الفحص صحّة أمري,,,,,,,
122,5d52e678-db60-46df-8cd8-7a21b7da5888,Dimna Cites His Staying as Proof of Innocence,,ولو كنت مذنبًا هربت في الأرض وكان لي فيها سعة ورحب ولم أقمْ بباب الملك ولكنّي لثقتي ببرأتي ونصيحتي لم أبرحْ ولم أفارقه,ولو كنت مذنبًا لهربت وكان لي في الأرض بسطةً وسعةً ولم أقمْ بباب الملك ولكنّي لبراءتي ونصيحتي لم أبرحْ ولم أفارقه,ولو كنت مذنبًا مريبًا هربت في الأرض وكان لي فيها منبسط رحب ولم أقرب باب الملك ولكنّي لثقتي برأي ونصيحتي له لم أفارقه,ولو كنت مذنبًا هربت وكان لي في الأرض منبسَط وأقم بباب الملك ولكنني لثقتي برأيي ونصيحتي لم أبرح من باب الملك ولم أفارقه,ولو كنت مذنبًا لهربت في الأرض وكان لي فيها مستبطنًا ونجوت فلم أقم بباب الملك ولكنّي لثقتي وبرائتي ونصيحتي لم أبرح ولم أفارقه,ولو كنت مذنبًا هربت في الأرض وكان لي فيها مذهبًا ولكن لثقتي وبراءتي ونصيحتي لم أبرحه ولم أفارقه,,ولو كنت أعرف مع ذلك لنفسي ذنبًا أو جرمًا لوجدت في الأرض مذهبًا ولما لزمت باب الملك انتظر ثواب عملي,ولو كنت عرفت لنفسي ذنبًا لوجدت في الأرض مذهبًا ولما لزمت باب الملك أنتظر ثواب عمل,,,,,ואילו כזבתי הייתי בורח ואתחבא מפני מענים וצועים. לבוא בנקרות הצורים ובסעפי הסלעים. ולא הייתי יושב בשער המלך ובמנוחיו. לשקוד על דלתותיו. יום יום לשמור מזוזות פתחיו... אדוני המלך או מי אשר יראה ודרשה. לתת חופשה.,,فلو كنت أعلم لنفسي ذنبًا فيما بيني وبينك أيّها الملك لم أقم ببابك لكنّي واثق ببراءتي
123,b0e54b55-ded0-4541-86a6-b414e905547b,Dimna Asks for Unimpeachable Investigator,,وأنا أرغب إليه إن كان في شكٍّ من أمري أن يأمر بالفحص عنه ويكون من يولّيه ذلك ذا أمانة لا تأخذه في الحقّ لومة لائم ويرفع إليه عذري وما يسمع من غيري و ينظر فيه لا يأخذ بأقاويل البغاة والحسدة,وأنا أرغب إلى الملك إن كان في شكٍّ من أمري أن يأمر ناظرًا لينظر فيه ويولّي ذلك أمينًا عدلًا لا تأخذه في الحقّ لومة لائمٍ ولا يكون عنده محاباةً ولا يوطئ الملك عشوةً فيرفع إليه عذري وقولي وما يسمع عنّي ولا يأخذني بأقوال الأعداء والحسدة,وأنا أرغب إلى الملك إن كان في شكّ من ذلك أن يأمر بالنظر فيه ويكون يتولّى ذلك ذو أمانة وإسلامٍ لا تأخذ في الحقّ لومة لائمٍ ولا تكون عنده محاماة لأحد ولا يستمع من غيري فينظر فيه ولا يأخذ أقاويل البغاة على الحسدة لي,وأنا أرغب إليك أيّها الملك إن كان في شكّ من أمري أن يأمر بالنظر فيه ويولّي ذلك أمينًا مسلمًا لا تأخذه في الحقّ لومة لائم ولا يكون عنده محاباة ولا غيرة لأحد فيرفع إليه قولي وعذري وما يستمع من غيري ولا يأخذ فيه أقاويل العداة والحسدة,وأنا أرغب إليه إن كان في شكّ من ذلك أن لا يأخذه في الحقّ لومة لائم ولا يكون عنده محاباة لأحد ولا يُرفع إليه ما سمع من غيري ولا يأخذ بأقاويل البغاة والحسدة,وأنا أرغب إليه إن كان في شكّ من ذلك أن يأمر بالنظر فيه ويكون من يولّيه إيّاه ذا أمانةٍ وإسلامٍ لا يأخذه في الحقّ لومة لائم ولا يكون عنده محاباة لأحدٍ ولا غمزة ويرفع إليه عذري وما يسمع من غيري فينظرُ فيه ولا يأخذه فيه أقاويل البُغاة عليَّ الحسدة لي فيها,*** أمانةٍ وإسلامٍ لا تأخذه في الحقّ لومة لائمٍ ولا تكون عنده محاباةٌ لأحدٍ ثمّ يرفع إليه عذري وما يسمع من غيري فينظر فيه ولا يأخذه في أمري أقاويل البغاة على الحسدة لي,ولكنّي أحبّ أن يأمر الملك من يلي الفحص عن أمري أن يرفع إليه في كلّ يومٍ ما يكشف من عذري وبراءتي ليرى فيّ رأيه ويفتّش بعض أمري ببعضٍ ولا يعمل في أمري بشبهات أهل البغي والعداوة,وأسأله الفحص إن كان في شكّ من أمري أن يأمر بالنظر فيه ويؤتي ذلك أمينًا مسلمًا لا تأخذه في الحقّ لومة لائم ليس بصاحب هوادة ولا حيف,,,,,,,وأنا أرغب إلى الملك إن كان في شكّ من أمري فيأمر بالنظر في أمري وتكون توليته إيّاه ذا أمانة لا يأخذه في الله لومة لائم ويرفع إليك عذري وما يسمع من أمري ويقيس بعض قولي ببعض
124,a24518bf-f2e1-4de6-a7f4-938cdb6d5115,Dimna Cites Ox's Treason as Proof for Being Falsely Suspected,,فإنّ الذي قد عرف الملك من تشبيههم عليه ما قد كان تبيّن له من عداوة شتربة حتّى استحلّ بذلك قتله جديرًا من أن يمنعه ذلك من الإقدام على قتلي,,,,,,,فإنّ الذي رأى الملك من تشبيههم عليه ما قد استبان من عداوة الثور جديرٌ أن يمنعه من الإقدام على قتلي بعد الذي علم من نصيحتي وحوطتي عليه,,,,,,,,
125,b9e9ec31-3c34-47f0-bb69-85d9d5c1f61a,Dimna's Station Exposes Him to Jealousy ,,فإنّه قد كانت لي من الملك منزلة أُنافَس فيها ومحلّ دانٍ إليه,فإنّه قد كان لي منزلة كان الحسّاد عليها كثيرًا,فإنّها قد كانت لي منزلة منه أُنافَس فيها فإن هو لم يفعل ذلك بي فلا ملجأ إلّا إلى الله تعالى,فإنّه قد كانت لي من المنزلة منزلة كانت الحسدة والبغاة عليّ فيها كثير,فإنّه قد كانت لي منه منزلة أُنافَس فيها من يصل إليه,فإنّه قد كانت لي منه منزلة أُنافَسها وأُحسد عليها,فإنّها قد كانت لي من الملك منزلةٌ أُنافَسها *ومحلّ بي إليه لها,ومن رأيه الذي قد علم الملك من منزلتي في نفسي من خساسة الحال وصغر الخطر وإنّي لست أستطيع أن أدفع نفسي عن نسبة العبودية ولا أطمع فيما يطمع فيه من فوقي,فقد كانت لي منزلة أُنافَس عليها ويُؤمر إليه أن يُكشف ويُرفع إليه في كلّ يوم ما يصحّ له من أمري وما أدلي به من حجّتي فليرى الملك في ذلك رأيه ويقيس بعض أمري ببعض ولا يعجّل في أمري بتشبيه أهل البغي والعداوة,,,,,,,
126,dfdbac63-e740-49a5-bcd0-29b55dae633a,Dimna Appeals to Lion for Justice,,,,,,,,,فإنّي وإن كنت عبد الملك فإنّ لي من عدله نصيبًا أعرف أنّ الملك معطينيه من نفسي في حياتي وبعد موتي فإن كان الملك أجمع على دفعي إلى من يبحث عن أمري وينظر في براءتي فإنّي أرغب إلى الملك أن لا يغفل أمري وأن يأمر برفع معاذيري إليه يومًا بيوم,,,,,,,,
127,65b86f08-d2cc-41b8-b6c9-01f5d3297b43,Dimna Claims only Investigation Can Save Him ,,فإن هو لم يفعل ذلك بي ويكون رأيه عليه من أمري فلا ملجأ ولا غياث إلّا إلى الله الذي يعلم سرائر العباد وخفيّ ضمائرهم ولعليّ لا أكون أضرّ بذلك منه,وإن لم يفعل ذلك واستحلّ منّي ما لا يحلّ له فلا قوّة بي ولا ملجأ إلّا إلى الذي يعلم أسرار العباد وخفيّ ضمائرهم,فإن هو لم يفعل ذلك بي فلا ملجأ إلّا إلى الله تعالى,فإنّه إن لم يفعل ذلك واستحلّ منّي ما لا يحلّ له فلا مولى ولا مجالس إلّا الله الذي يعلم سرائر العباد وخفيّ ضميرهم ولعلّي أن لا أكون أضير بذلك,وإن هو لم يقبل ذلك فرأيه غلط ولا ملجأ إلّا إلى الله الذي يعلم السرائر وخفيّ الضمائر لعلّى أن لا أكون ناظرًا ذلك منه,فإن هو لم يفعل ذلك فيّ ويكن رأيه عليه فلا مؤمَّل لي ولا منجى إلَّا الله الذي يعلم سرائر العباد وخِفيّ ضميرهم ولعلّي أن لا أكون بذلك أضرّ منه,فإن هو لم يفعل ذلك ويكون رأيه فيّ على ما كان فلا مأمل لي ولا ملجأ إلّا إلى الله الذي يعلم أسرار العباد وما تُخفي ضمائرهم ولعلّي أن أكون أبصر بذلك منه,فإن كان الملك للبلاء المقدور عليّ وقلّة استطاعتي لامتناع من القدر غير متروٍّ في أمري ولا متبحّثٍ عن شأني ولا صارف العقوبة عنّي لقول أهل الشرارة والمحال على غير ذنبٍ سلف منّي فليس لي ناصر ألجأ إليه إلّا الله فإنّه كاشف الكرب,فإنّه إن لم يفعل ذلك واستحلّ منّي ما لا يحلّ فإنّه لا وزير لي ولا ملجأ إلّا الذي يعلم سرائر عباده وخفيّات ضمائرهم,,,,,,,وإن هو لم يفعل ذلك فلا ملجأ إلّا إلى الله الذي يعلم سرائر العباد وما يكنّ صدورهم وأعوذ بالله من أن يدع الملك المبالغة في البحث عن أمري ولا يعجّل عليّ بالعقوبة ولا *يقبل عليّ قول الأعداء والفجّار والسعاة والأشرار ويدع عدل القضاء فليس لي ناصر ألتجأ إليه ولا من أعوّل عليه إلّا الله تعالى
128,46f35ace-2c23-4833-8f61-40102bdd10e5,Doubt and Certainty Must Not Be Confused,,وقد يقال إنّه من عمل بالتشبيه ولا يتثبّت,وقد كان يُقال إنّ الذي يعمل بالشبهة [ولا] *ويأخذ بها ولا يثبت في أمره,وقد كان يقال إنّ الذي يعمل الشبهة,وقد كان يقال إنّ الذي يعمل بالشبهة ويأخذ بها لا يبتدأ في أمره ولا يتثبّت,وقد كان يُقال إنّ الذي يعمل بالشبهة ولا يتأنّى عندها ولا يتثبّت فيها,وقد كان يقال إنّ الذي يعمل بالشبهة ولا يتّئد عندها ولا يتثبّت فيها يكون قد صدّق ما ينبغي أن يُشكّ فيه وكذّب ما ينبغي أن يصدّقه,وقد كان يقال إنّ الذي يعمل بالشبهة ولا يثبّت عندها,وقد قالت العلماء إنّه من صدّق فيما يشبّه عليه بما ينبغي الشكّ فيه وكذّب بما ينبغي أن يصدّق فيه,وقد قالت العلماء إنّه من صدّق بما ينبغي أن يشكّ فيه وكذّب بما ينبغي أن يصدّق به,وقد قالت العلماء إنّ من صدّق ما ينبغي له أن يكذّب به ومن كذّب ما ينبغي له أن يصدّق به,وقد قالت العلماء من صدّق ما ينبغي أن يكذّب وكذّب ما ينبغي أن يصدّق,وقد قالت العلماء إنّه من صدق ما ينبغي أن يُكذّب ومن كذّب !لا ينبغي أن يُصدّق,وقد قالت العلماء إنّه من صدّق ما ينبغي أن يُكذَّب ويكذّب ما ينبغي أن يُصدّق,,,وقد قالت العلماء إنّ الذي يعمل بالشبهة ولا يتأنّى عندها
129,5f0a58b8-bad0-42d7-9edc-778572cd965e,Dimna's First Subtale of the Woman Who Mistook Her Servant for Her Lover,|وصار يحكي الخازِنَ المغرورا ### إنّ لهُ لَخبرًا مشهورا,يكون أمره كالمرأة التي شبهّت عبدها بصديقها حتّى فضحها,إلّا أن يكون أمره كالمرأة التي تشبّه لها عبدها فأمكنته من نفسها,مثله كمثل صديقة المصوّر,ويكون أمره كالمرأة التي !نصحها عبدها لمّا تشبّه لها فأمكنته من نفسها,يكون أمره كأمر المرأة التي شبّهت عبدها بصديقها ففضحها,فيكون أمره كأمر المرأة التي بذلت نفسها لعبدها حتّى فضحها,يكون أمره كأمر المرأة التي شبّهت عبدها صديقها وفضحها,أصابه ما أصاب المرأة التي بذلت بنفسها لعبدها حتّى فضحها بتشبيه عليها,أصابه ما أصاب المرأة التي بذلت نفسها لعبدها حتّى فضحها للاشتباه عليها,أصابه ما أصاب المرأة التي بذلت نفسها لعبدها حتّى فضحها بالتلبيس عليها,أصابه ما أصاب المرأة التي بذلت فرجها {} لعبدها حتّى فضحها بالتلبيس عليها,ومن فعل ذلك يصيبه ما أصاب المرأة التي بذلت نفسها لرجلٍ حتّى فضحها بالاشتباه عليها والتلبّس,لأصابه ما أصاب الإمرأة التي بذلت نفسها لرجلٍ حتّى فضحها بالاشتباه عليها,,,يكون أمره في ذلك كأمر المرأة التي شبّهت عبدها بصديقها ففضحها
130,83799432-dc07-409f-b8e2-227e3037017d,Lion's Question for Woman's Tale,|فقيل ما قصّتُهُ,قال الأسد وسائر الجند كيف كان ذلك المثل أخبرْنا به,قال الأسد وكيف كان ذلك,قال الأسد وكيف كان ذلك,قال الملك وكيف كان ذلك,فقال الأسد وكيف كان ذلك,قال الأسد وكيف كان ذلك,فقال الأسد وكيف كان ذلك,قال الأسد وكيف كان ذلك قال,قال الأسد وكيف كان ذلك,قال الأسد وكيف كان ذلك,قال الأسد وكيف كان ذلك,قال الأسد وكيف كان ذلك,قال الأسد وكيف كان ذلك,,,قال الأسد وكيف كان ذلك
131,29a48bfd-72a9-48c7-91ad-2d8884832895,A Merchant's Wife Had a Lover,,قال دمنة زعموا أنّ مدينة تدعى كشمير بأرض تسمّى بارود وكان بها تاجر مكثر يقال له خمر وكانت له امرأة ذات جمال فائق وكان لها جارًا مصوّر وكان صديقًا للمرأة,قال دمنة كانت مدينةٌ من بعض المدن من أرض كشمير تُسمّى باي رود وكان فيها تاجرًا له امرأةً حسناء وله جارٌ مصوّرٌ وكان المصوّر قد عَلِق امرأة التاجر,قال زعموا أنّه كان بأرض سمين مدينة تسمّى ما يورد وكان فيها تاجر يقال له حمد وكانت له امرأة جميلة حسناء وكان لها صديق مصوّر,قال دمنة كان [له] رجل وله امرأة جميلة وله جار مصوّر وكان المصوّر قد علّق امرأة التاجر,قال دمنة زعموا أنّه كان بأرض قشمير مدينة تُسمّى ماروات وكان فيها تاجر يقال له جمّ وكانت له امرأة حسناء وله جار مصوّر صديق له,قال دمنة كانت بأرض كشمير مدينة تُسمّى برود وكان فيها تاجرًا يقال له كَبِيرَغ وكانت له امرأةٌ ذات حسنٍ وجمالٍ وكان له جارٌ مصوّرٌ وهو صديقٌ لها,فقال دمنة زعموا أنّه كان بأرض كشمير مدينةٌ تسمّى بابرود وكان فيها تاجرٌ يقال له أحمر وكانت له امرأةٌ حسناء شابّةٌ وكان لها جارٌ مصوّرٌ صديقٌ له {فعلقت به},[مثل] قال دمنة زعموا أنّه كان بمدينة تاثرون في أرضٍ تدعى كشمير تاجر يدعى حبل وكانت له امرأةٌ ذات حظٍّ من جمال وكان إلى جانب بيتها مصوّر ماهر بالتصاوير وكان لامرأة التاجر إلفًا (ألفٌ),قال دمنة زعموا أنّه كان بمدينة كذا تاجر وكان له امرأة لها حظّ وجمال وكان إلى جنب بيتها مصوّر ماهر وكان لامرأة التاجر إلفًا,قال دمنة زعموا أنّه كان في بعض المدن تاجر وكانت له امرأة ذات حسن وجمال وكان إلى جنب التاجر رجل مصوّر ماهر بالتصاوير وكان هذا المصوّر يعشق امرأة التاجر,قال دمنة زعموا أنّه كان في بعض المدن تأجر وكانت له أمرأة ذات حسن وجمال وكان إلى جنب التاجر مصوّر ماهر وكان هو لامرأة التاجر خليلًا,قال دمنة زعموا أنّه كان في بعض المدائن تاجرًا وكانت له امرأة ذات حظٍّ من الجمال والحسن وكان إلى جانب بيت التاجر مصوّرًا ماهرًا في صنعته وكان المصوّر لامرأة التاجر آلفًا وخلًّا,قال دمنة زعموا أنّه كان في بعض المدائن تاجرٌ وكان له امرأةٌ ذات خطٍّ من الجمال وكان إلى جانب بيت التاجر مصوّرًا ماهرًا في عمله وكان المصوّر لإمرأة التاجر أكفأ رجل,,,قال دمنة زعموا أنّه كان بأرض قشمير مدينة تسمّى مايروت وكان بها تاجر وكانت له امرأة جميلة وكان إلى جانب بيتها رجلًا مصوّرًا ماهرًا وكان المصوّر صديقها
132,5d00a195-3272-4d77-9bb9-ca9b7575b6bf,Magazine Keeper Wants to Steal Merchants' Wares,فقالا ### ولم يزلْ يخترعُ الأمثالا |كان بخانٍ خازنٌ غدّارُ ### يريدُ نَهْبَ ما اقتنى التجّارُ |ولم يكنْ يقدِرُ أن يُفارقا ### ألخانَ إن فارقَ عُدَّ سارِقا,,,,,,,,,,,,,,,,
133,922b7f9d-2278-4c17-af82-5b16aaf56bca,Magazine keeper has painter as friend,وكان في السوقِ بقربِ الخانِ ### بيتٌ كبيرٌ شاهقُ المَباني |لخازنِ الخانِ بهِ صديقُ ### مصوّرٌ صَنْعَتُهُ التزويقُ,,,,,,,,,,,,,,,,
134,262227c6-0f31-4a59-bb86-3aaa5cf57160,They plot to steal wares,فاتّفقا على اختلاسِ المالِ ### وسائرِ الأحمالِ والأثقالِ |يمرُّ في وقتِ الدجى المصوّرُ ### بقربِ ذاك الخانِ ثمّ يصفِرُ |في الحالِ يُلقي الخازنُ البضائِعا ### من كوّةٍ ينظرُ منها الشارِعا |ثُمّتَ خافا أن يراهما أحدْ ### يَكشفُ ما هما عليه في البلَدْ,,,,,,,,,,,,,,,,
135,1b3b1a52-50e7-42cd-99e6-af3ad08fc3fd,Woman Asks Lover to Create a Sign,,فقالت له يومًا هل تقدر على أن تصوّر شيئًا أعرفك به إذا أنت أتيتني بالليل فخرجت إليك من غير أن تصوّت بي فيرتاب بنا أحد ويسمع صوتك,فلمّا كان ذات يومٍ قالت المرأة لصديقها هل تقدر على أن تصنع شيئًا إذا جئت من الليل أعرف به مجيئك فأخرج إليك من غير أن نصوّت,فقالت له هل تقدر على أن تصنع شيئًا إذا أتيتني من الليل عرفتك فخرجت إليك من غير أن تصوّت بي,فلمّا كان ذات يوم قالت المرأة لصديقها هل تقدر أن تصنع شيئًا إذا جئت من الليل عرفتك فخرجت إليك من غير أن تصوّت بي,فقالت هل تقدر على أن تصنع شيئًا إذا أتيتني من الليل عرفت مجيئك فخرجت إليك من غير أن تصوّت,فقالت له المرأة في بعض أحيانها التي كان يأتيها فيها إن استطعت أن تصنع شيئًا يكون علامةً بيني وبينك أطَّلع بها على مجيئك إذا جئتني بالليل من غير نداء ولا رميٍ ولا شيء يُرتاب به رفق ذلك بك وبي,فقالت له هل تقدر على أن تصنع شيئًا إذا أتيتني من الليل عرفتك به فخرجت إليك من غير أن تصوّت بي,فقالت الامرأة للرجل في بعض أحيانه التي كان يأتيها فيه إن استطعت أن تحتال بصناعةٍ أطّلع بها على مجيئك إذا جئتني بالليل من غير نداءٍ ولا رميٍ ولا شيءٍ يرتاب به يكون رفق ذلك بي وبك,فقالت له إن استطعت أن تحتال بصناعة أطّلع بها على مجيئك إذا جئتني بالليل من غير نداء ولا رمي ولا شيء يُرتاب به كان ذلك أرفق بي وبك,فقالت امرأة التاجر إن استطعت أن تحتال بحيلة أعلم بها مجيئك إليّ من غير نداء ولا إيماء ولا ارتيابنا,فقالت له يومًا إن استطعت أن تحتال بحيلةٍ أعلم بها مجيئك من غير نداء ولا إيماء ولا ما يُرتاب به من فعلك وفعلى,فقالت له المرأة يومًا إن استطعت أن تحتال بصناعةٍ أطّلع بها على مجيئك إلى عندي من غير كلامٍ ولا نداءٍ ولا ارتيابٍ به من فعلك,فقالت الإمرأة يومًا إن استطعت أن تحتال بصناعة أطّلع بها إلى مجيئك إليّ من غير بُدٍّ ولا ارتياب به من فعلك,,,فقالت له المرأة يومًا هل تقدر على أن تصنع شيئًا حتّى إذا جئت بالليل عرفتك به وخرجت إليك من غير أن تصوّت لي
136,7306ce5d-24a3-4544-96f5-e29782c24f85,Magazine keeper asks painter to create a sign,|فقال للمصوّرِ اجْعلَ حيلَهْ ### تُنفَى بها العاقبةُ الوبيلَهْ,,,,,,,,,,,,,,,,
137,3f4907eb-c90d-4214-8ec2-072360f87911,Painter Suggests Black-and-White Coat to Woman,,فقال لها صديقها نعم أعمل ملاءة بسواد بياضها كضوء القمر وسوادها كالقار فإذا نظرت إليها فاخرجي فإنّها علامة بيني وبينك فأعجبها ذلك من صفته,قال نعم أصنع ملائة ببياضٍ وسوادٍ بياضها كبياض القمر وسوادها كسواد الحدقة فإذا رأيتي الملائة فاخرجي فإنّها علامةٌ ما بيني وبينك فأعجب ذلك المرأة,فقال نعم *فاعل ملاءة بيضاء بياضها كضوء القمر في ظلمة الليل وسوادها كالحدقة فإذا رأيتيها فاخرجي فهي العلّامة بيني وبينك فأعجبها,قال نعم أصلح ملحفة ببياض أو سواد بياضها كبياض القمر وسوادها كسواد الحدقة فإذا رأيت ذلك فاخرجي فهي العلامة بيننا فأعجبت المرأة ذلك,فقال لها نعم أعمل ملاءة يكون ضوءها كضوء القمر وسوادها كالحدقة فإذا رأيتيها فاخرجي فهي علامة ما بيني وبينك فأعجبها ذلك,قال المصوّر نعم ملاءة بلقاء بياضها كضوء القمر وسوادها كسواد الحدقة فإذا رأيتِها فاخرجي فهي آية بيني وبينك فأعجبها ذلك وفرحت به وكان يأتيها في تلك الملاءة متى أراد,فقال لها نعم أعمل ملاءةً ضوءها كضوء القمر وسوادها كسواد الحدقة فإذا رأيتيها عليّ فاخرجي فهي آية ما بيني وبينك فأعجبها ذلك,فقال المصوّر عندي في ذلك من الحيل الذي يسرّك وهو أنّ عندي ملاءة مصوّرة بتهاويل الصوّر وجهها الواحد شبيهًا (شبيه) باليَقَق الأبيض الشبيه بضوء القمر والوجه الآخر حالك السواد شبيهًا (شبيه) بالظلمة الحندسيّة منظرًا فبياضها يدعوك في الليلة الظلماء بضوءه وسوادها يبدو لك في الليلة المقمرة وكان إذا أتى المرأة لبس تلك الملاءة وقال إذا رأيتِها فاعلمي أنّي صاحبك فأتني على غير نداء,قال المصوّر عندي من الحيل في ذلك الذي يسرّك عندي ملاءة مصوّرة بتهاويل الصور وشبهًا بالبياض يقق وشبهًا بالسواد حالك تتألّق ائتلاقًا فبياضها يدعوك في الليلة الظلماء بضوءه وسوادها يبدو لك في الليلة المقمرة وأنا ألبسها إذا أردت إيتاءك فإذا رأيت ذلك فاعلمي أنّي صاحبك فأتيني من غير أن أدعوك فكان إذا أتى المرأة لبس تلك الملاءة فعلمت المرأة مكانه ففرحت بذلك وتعجّبت منه وكان يأتيها إذا أرادها,قال المصوّر عندي في ذلك ما يسرّك إنّ عندي ملاءة فيها من تهاويل الصور من أبيض وهو بلون القمر بياضًا ونورًا وأسود كالليل ظلمة وحلوكة فبياضها يدعوك في الليلة المظلمة وسوادها يدعوك في الليلة المقمرة فأنا لابسها حين مجيئي إليك ومتراء لك فيها ثمّ إنّ المصوّر لبس الملاءة وتراءى للمرأة فعلمت بمكانه فخرجت إليه وفرحت به وتهيّأت له,قال المصوّر عندي من الحيلة ما سألت ما يسرّك ويقرّ عينك إنّ عندي ملأةً فيها من تهاويل الصوّر وتماثيل الصنعة فأنا ألبسها حين مجيئي إليك ومُتراءٍ لك فيها ثمّ إنّ المصوّر لبس الملاءة *وتراءى للمرأة فعلمت بمكانه فخرجت إليه وفرحت به وتهيّأت له,قال لها المصوّر عندي ذلك فعمد إلى ملاءةٍ وصوّر فيها من كلّ الصور ولوّن بياضها بألوان الأصباغ فكان يبدو بياضها في الليلة الظلماء كضوء القمر وسوادها كسواد الحدقة وكان إذا أتاها ليلًا المصوّر لبس تلك الملاءة ولوّح بها فتخرج إليه ويجتمعان,قال لها المصوّر إن عندي ممّا سألتي من الحيل ما يقرّ عينك وعمد إلى ملائة وصوّر فيها من كلّ الصور ولوّن بياضها *بالأصباغ والجانب الآخر تركه أبيضًا يتبيّن بياضه في الظلمة وسوادها يبدوا في الليل وكان إذا أتاها صديقها المصوّر يلبس تلك الملائة وإذا علمت بمجيئه تتهيّأ له,,,فقال لها نعم أنا صانع من ذلك ما تقرّ به عينك ثمّ إنّه عمد إلى ملاءة بيضاء كضوء القمر وسوادها كالحدقة وسوّاها بالتصاوير حتّى بقيت تتألّق ائتلاقًا من حسنها وملاحة صنعتها فلبسها ذات ليلة وقال لها إذا رأيتني بهذه الملاءة فاعلمي أنّي صاحبك وأتيني مسرعة من غير أن أدعوك ولا أصوّت لك ففرحت المرأة بذلك فرحًا شديدًا
138,4d82b488-35bb-4f71-a4e1-d811d1f3702c,Painter suggests black-and-white coat to magazine keeper,|فقال لي ملاءةٌ مصوّرَهْ ### مليحةُ نقوشُها كالحَبَرَهْ |إذا أنا لبِستُها فبادِرِ ### للطرحِ لا تَخْشَ رِقابَ ناظرِ,,,,,,,,,,,,,,,,
139,382b53d3-d147-4ca5-99b0-c13258ddd0b5,The Woman's Servant Hears About Coat,,وسمعه عبد لها فحفظه [لها] وأسرّ ذلك في نفسه,وسمع عبدها كلامها,وسمع قولها عبد لها,وسمع عبدها كلامهما,وسمعها عبد لها,وسمع عبد التاجر حديث الملاءة,وسمعه عبدٌ لها,فدخل عبد التاجر وهما يتفاوضان في ذلك فسمع قولهما,ففطن عبد التاجر لذلك,فبصر بهما في تلك الحالة عبد للمرأة فعجب من ذلك,فبصر بهما في تلك الحالة عبد للمرأة فعجب من ذلك وتحيّر,فبصر به عبدٌ كان للتاجر كان خليلًا لأمّ المصوّر فتعجّب من ذلك,فنظرهما عبدًا كان خليلًا لأمّ المصوّر فتعجّب من ذلك,,,ودخل غلامًا لزوجها وهما يتحدّثان بذلك فسمع ما كان بينهما
140,5c4eba31-84bc-4acb-982f-ccc762709f87,Painter's servant hears about coat,|درى بذاك خادمُ المصوّرِ ### فرامَ أن يربَحَ من ذا المتجَرِ,,,,,,,,,,,,,,,,
141,99fbe242-f217-4857-9735-93e8724848a2,Woman's Servant Borrows Coat In Painter's Absence,,وكان صديقها يأتيها بتلك العلامة فتراه فتخرج إليه فمكثا على ذلك زمانًا فلمّا كان بعد أيامٍ انطلق صديقها إلى دار الملك ليعمل له بعض ما اشتهاه فذهب عبدها ذلك إلى جارية المصوّر وكان صديقها وكانت له محبّةً فاستعارها تلك الملاءة فأعطته إيّاها,فلمّا كان بعد أيّامٍ انطلق المصوّر إلى دار الملك ليعمل فيها وانطلق العبد إلى وليدة المصوّر وكان لها مُلاطفًا فاستعار الملاءة,فلمّا كان بعد أيّام انطلق صديقها إلى دار الملك ليصوّر فيها فذهب العبد إلى وليدة المصوّر فاستعار منها تلك الملاءة فأعطته إيّاها,فلمّا كان بعد أيّام انطلق [من] المصوّر إلى دار الملك ليعمل فيها وانطلق العبد إلى ولدة المصوّر وكان لها ملاطفًا فاستعار منها تلك الملحفة فأعطته إياها,فلمّا كان ذات يوم انطلق صديقها إلى دار الملك ليصوّر فيها فذهب العبد إلى وليدة له فاستعار منها الملاءة فأعطته إيّاها,وكان لأمة المصوّر صديقًا فطلب العبد إلى أَمَة المصوّر أن تُعيره الملاءة التي له ليُريها صديقًا له ويسرع ردّها وكان المصوّر غائبًا في دار الملك فأعطته إيّاها ولم ترتبْ بشيءٍ من شأنه,فلمّا كان بعد أيّامٍ انطلق العبد إلى وليدة صديقها فاستعار تلك الملاءة فأعطته إيّاها فلبسها,فلمّا كان بعد ذلك وكان العبد لأمة المصوّر خليلًا طلب العبد إلى أمة المصوّر أن تعيره الملاءة ليريها صديقًا له ويسرع ردّها فأعطته الملاءة,فلمّا كان بعد ذلك بأيّام وكان العبد لأمة المصوّر خليلًا طلب إلى أمة المصوّر أن تعطيه الملاءة المصوّرة ليريها صديقًا له ويسرع ردّها فأعطته الملاءة,وكان هذا العبد لأمة المصوّر خليلًا تبذل له نفسها فطلب الملاءة منها وسألها ذلك وقال أريد أن أريها صديقًا لي لأسرّه بها وأسرع الكرّة بردّها قبل أن يعلم سيّدك فأعطته أمة المصوّر الملاءة,وكان هذا العبد لأمة المصوّر خليلًا فطلب الملاءة منها وسألها ذلك وقال أريد أن أريها لصديق لي لأسرّه بذلك وأسرع الكرّة بردّها قبل أن يعلم مولاك فأعطته أمة المصوّر الملاءة,فغاب المصوّر بعض الليالي عند أصحابه فطلب العبد من أمّ المصوّر تلك الملاءة لينظر فيها ويسرع بردّها فأعطته,وطلب من المصوّر تلك الملاءة يومًا ليريها بعض أصدقائه ويسرع ردّها فأعطاه الملائة,,,فلمّا كان بعد ذلك بأيّام يسيرة انطلق صديقها المصوّر إلى دار ليصوّر فيها فذهب العبد إلى زوجة المصوّر وأخذ الملاءة منها
142,860b8daa-8825-486f-820e-cefe3fe7c0a8,Painter's servant borrows coat,|فلبسَ الحُلّةَ ثمّ جاءَ ###,,,,,,,,,,,,,,,,
143,f6565c7b-db66-4e61-ad89-93f3c84dc3d1,Servant Tricks Woman,,فلبسها وجاء إلى سيّدته فلمّا رأت الملاءة من بعيد ظنّت أنّه صديقها فخرجت [[إليها]] إليه فواقعها وانصرف وردّ الملاءة على الجارية,فلبسها وانطلق إلى سيّدته ليلًا فلمّا رأت الملاءة ظنّت ولم تشكّ أنّه المصوّر فأمكنته من نفسها ثمّ ردّ الملاءة,ومضى إلى سيّدته ليلًا فلمّا رأت الملاءة عليه ظنّت أنّه صديقها فخرجت إليه ففضحها ثمّ ردّ الملاءة إلى الجارية,فلبسها ثمّ انطلق إلى سيّدته ليلًا فلمّا رأت الملحفة خرجت إليه وظنّت أنّه صديقها فأمكنته من نفسها ولم تشكّ أنّه المصوّر ففضحها ثمّ ردّها على الجارية ورجع العبد,ومضى إلى سيّدته ليلًا فلمّا رأتها عليه ظنّته صديقها فخرجت إليه ففعل بها ما أراد ثمّ ردّ الملاءة,فأخذها ومضى إلى سيّدته ليلًا فلم ترتبْ به لمّا رأتها عليه فظنّته صديقها المصوّر فبذلت له نفسها وقضى حاجته ورجع العبد بها إلى الأمة فوضعها في موضعها,ومضى إلى سيّدته ليلًا فلمّا رأت الملاءة عليه لم تشكّ أنّه صديقها فنكحها ثمّ ردّ الملاءة,فلبسها ولقي المرأة على نحو ما كان يأتيها المصوّر فلمّا رأته لم ترتبْ بشيءٍ من شأنه وحسبته خليلها فبذلت له نفسها فقضى منها حاجته ثمّ رجع العبد بالملاءة إلى الأمة فوضعتها موضعها,فلبسها وأتى سيّدته على نحو ما كان يأتيها المصوّر فلمّا رأت لم ترتب بشيء من شأنه وحسبته خليلها فبذلت نفسها له وقضى منها حاجته ورجع العبد بالملاءة إلى *الأمة فوضعتها موضعها,فلبسها العبد وأتى سيّدته على نحو ما كان يأتيها المصوّر فلمّا رأته لم تشكّ في مجيئه ولم ترتبْ في أنّه خليلها فأتت إليه وبذلت له نفسها فقضى منها حاجته وبلغ غرضه ثمّ رجع بالملاءة إلى أمة المصوّر فدفعها إليها فوضعتها الأمة في مكانها,فلبسها العبد وأتى سيّدته على نحو ما كان يأتيها المصوّر فلمّا رأته لم تشكّ في مجيئه ولم ترتبْ به أنّه خليلها فأتت إليه وبذلت له نفسها فقضي حاجته منها وبلغ غرضه ثمّ رجع بالملاءة إلى أمة المصوّر فدفعها إليها فوضعتها موضعها,فلبسها وأتى سيّدته على ما كان يأتيها المصوّر فلمّا رأته لم تشكّ أنّه خليلها فأمكنته من نفسها فقضى العبد حاجته منها وردّ الملاءة إلى أمّ المصوّر,فلبسها وأتى سيّدته على ما كان يأتيها المصوّر فلمّا رأته لم ترتاب أنّه خليلها !فعدلت له نفسها فقضى غرضه منها ثمّ رجع,,,ولبسها بالليل وتشبّه بذلك المصوّر ثمّ دنا منها فلمّا رأت المرأة الملاءة بادرت إليه ولم تشكّ فيه أنّ ذلك صديقها المصوّر فمكّنته المرأة من نفسها ثمّ إنّ العبد لمّا قضى حاجته منها انصرف راجعًا وردّ الملاءة إلى زوجة المصوّر فأخذتها منه زوجة المصوّر وتركها في مكانها الذي أخذتها منه
144,0d052fb4-2b63-4cd2-8f78-fe467c284676,Servant tricks keeper,ففاز بالمتاعِ ثمّ فاءَ,,,,,,,,,,,,,,,,
145,c388378a-1f99-4d66-a06f-660a22564c4c,Lover Realizes She Was Tricked,,وإنّ صديقها رجع من ليلته من عند الملك فلبس الملاءة ثمّ !أقامها فلمّا رأته جاءت إليه وقالت له ما شأنك لقد أسرعت الكرّة بعد قضاء حاجتك فعرف أنّه قد دُهي,وأتى المصوّر المرأة فلمّا رأتها قالت له ما لك الليلة أسرعت الكرّة بعد حاجتك فلمّا سمع المصوّر ذلك منها عرف أنّه قد دُهي,ثمّ إنّ صديقها رجع من ليلته تلك إلى منزله فلمّا دخل المنزل اشتاق إليها فلبس الملاءة ثمّ أتاها فلمّا رأته عرفها وجاءته وقالت له ما أمرك لقد اسرعت الكرّة بعد قضاء حاجتك فعرف أنّه قد دُهي,*** من ليلته إلى منزله فلبس الملحفة ثم أتى المرأة فلمّا رأتها خرجت وقالت ما بالك الليلة أسرعت الرجعة بعد قضاء حاجتك فلمّا سمع المصوّر ذلك من قولها عرف أنّه قد دُهي,وإنّ صديقها رجع من ليلته تلك إلى منزله وكان العبد قد فضحها فلبس الملاءة ثمّ جاءها فلمّا رأته أتته وقالت له ما حالك لقد أسرعت العودة فعرف أنّه قد دُهي,ولمّا مضت هدأة من الليل رجع المصوّر إلى بيته فلبسها ثمّ أتى المرأة فلمّا رأته دنت منه وقالت له ما شأنك لقد أسرعت العودة بعد قضاء حاجتك فلمّا سمع كلامها عرف أنّه قد دُهي,فرجع صديقها من ليلته فلمّا جاءته قالت له ما أمرك فقد أسرعت العود بعد قضاء حاجتك فعرف أنّه قد دُهي,وكان المصوّر عن بيته غائبًا فلمّا مضت هدأة من الليل رجع المصوّر إلى بيته فلبس (لبس) الملاءة وأتى المرأة فلمّا رأت الملاءة دنت منه فقالت ما شأنك أسرعت الرجعة وقد قضيت حاجتك في أوّل الليل,وكان المصوّر في بيته غائبًا فلمّا مضى من الليل هدأة رجع المصوّر إلى بيته فلبس الملاءة فأتى المرأة فلمّا رأت الملاءة دنت منه فقالت ما شأنك أسرعت الرجعة وقد قضيت حاجتك فلمّا سمع المصوّر ذلك خبت نفسه,وكان المصوّر عن بيته غائبًا فلمّا هدأ الليل رجع إلى بيته فلبس الملاءة على عادته وتراءى للمرأة فلمّا رأته دنت منه فقالت له لقد أسرعت الرجعة ألم تكنْ عندي وقضيت حاجتك فماذا العود فلمّا سمع المصوّر كلامها خبثت نفسه ولطم على رأسه ورجع إلى منزله,وكان المصوّر عن بيته غائبًا فلمّا جنّ الليل عاد إلى منزله فلبس الملاءة على عادته وتراءى للمرأة فلمّا شاهدت ذلك وثبت إليه وقالت لقد اسرعت الكرّة ألم تكنْ عندي وقد قضيت حاجتك فماذا العود,ووافى المصوّر منزله في الليل ولبس الملاءة وخرج فبصرت به امرأة التاجر وقالت قد عاودت المرّة,,,,فلمّا مضى من الليل نصفه عاد المصوّر إلى منزله ولبس الملاءة ثمّ أتى إلى المرأة فلمّا رأته مقبلًا أتت إليه مسرعة وقالت له لقد أسرعت في الرجعة أما قد قضيت حاجتك فما الذي أتى بك ثانية
146,911a533c-cb2f-45e2-aa22-c386228bd74c,Painter realizes keeper was tricked,|ثمّ أتى سيّدُهُ في الحالِ ### فقال لِمْ عُدتَ على استِعْجالِ |ألم تكنْ ويحَكَ عندي الساعَهْ ### وقد أخذتَ سائِرَ البِضاعَهْ |فهالَهُ مقالُهُ وراعَهْ ### وهمَّهُ فأظهرَ ارتِياعَهْ | وعادَ من ساعتِهِ وقد فطِنْ ### فأحرقَ الحلّةَ غيظًا وحَزِنْ,,,,,,,,,,,,,,,,
147,f4434f66-6cd3-4592-bd2f-70155765ed70,The Lover's Servant Confesses,,فرجع إلى منزله فأخذ جاريته فأوجعها ضربًا فأخبرته الخبر فأخذ الملاءة وأحرقها بالنار وباع الجارية,فرجع إلى منزله فأخذ وليدته فأوجعها ضربًا,فرجع إلى منزله فأخذ وليدته فضربها فعرفته الخبر فأخذ الملاءة فأحرقها,فرجع إلى منزلة وأخذ ولدته فضربها ضربًا مبرحًا فاعترفت له لما كان من الملاءة فأخذ الملاءة فأحرقها,فرجع إلى منزله فأخذ وليدته فأوجعها ضربًا فحدّثته بالخبر فأخذ الملاءة فأحرقها,ومضى من وقته إلى وليدته فأوجعها ضربًا فحدّثته الحديث فأخذ الملاءة فخرقها وأحرقها,فرجع إلى منزله فأخذ وليدته فأوجعها ضربًا فحدّثته بالخبر فأخذ الملاءة فأحرقها,وانصرف نحو منزله ثمّ دعا وليدته فتوعّدها بالضرب فأخبرته بالأمر على وجهه فأحرق المصوّر الملاءة وندم على صنعته إيّاها,ورجع نحو منزله ودعا والدته فتوعّدها بالضرب حتّى أخبرته بالأمر على وجهه فأحرق المصوّر الملاءة,فدعا جاريته فخوّفها وتواعدها بالضرب أو لتخبرنّه بالحقيقة فأخبرته فأحرق المصوّر الملاءة مكانها,فلمّا سمع المصوّر كلامها رجع إلى منزله فدعا جاريته فتواعدها بالقتل أو النجدة بالحقيقة فأخبرته بالقصّة فأخذ الملاءة فأحرقها,فعاد نحو منزله وأدعى بجاريته وتواعدها بالضرب فأخبرته بحقيقة الأمر فعمد المصوّر إلى الملاءة [فقـ] فقطّعها,وأوفى المصوّر المكان فسمع حديثها وأوعدها بالضرب حتّى أخبرته بحقيقة الخبر فعمد المصوّر إلى الملائة ومزّقها,,,فانصرف ولم يدنو منها وأخذ زوجته فأوجعها ضربًا فأخبرته الخبر كلّه فحرّق الملاءة وندم على تعريضه إلى ما شاركه فيه غيره
148,6929fa87-a732-4bbf-af62-7b09fcb15b7e,Dimna Opposes Acting Upon Doubt,|وإنّ ما ضربتُ مِن ذا المثلِ ### يُحذّرُ اللبيبَ عُقبى العَجَلِ |والملِكُ النَّدْبُ بحمدِ اللهِ ### مَن ليس عن مصلحةٍ بساهي |موفّقٌ في عقِدِه والحلِّ ### فاقَ الورى بعلمِهِ والفَضْلِ,وإنمّا ضربت لك هذا المثل لئلّا يعجل الملك في أمر شبهة له فيحتمل الوزر والإثم,وإنّما ضربت لك هذا المثل إرادةً أن لا يعجل الملك في أمري بشبهةٍ,وإنّما ضربت لك هذا المثل لئلّا تعجل بأمرٍ فيه شبهة أو قلبه فيحصل الوزر,وإنّما ضربت هذا المثل لئلّا يعجل الملك في أمر شُبّه له فتحمّل إصرًا,وإنّما ضربت لك هذا المثل لئلّا تعجل لأنّه من سعى بالشرّ يتحمّل الإصر والوزر,وإنّما ضربت لك هذا المثل لئلّا تعجل لأمر فيه تشبيه وكذب فإنّ الكذب *مُعيب لصاحبه وأنت بالنظر في أمري جدير,ثمّ قال دمنة للأسد وإنّما ضربت للملك هذا المثل لئلّا يعجّل في أمرٍ شبّه فيحمل الإصر والوزر,وإنّما ضربت لك هذا المثل أيّها الملك لتعلم أنّ الشبهة كذب وأنّ الكذب يعيب صاحبه,وإنّما ضربت لك هذا المثل لتعلم أنّ التشبيه كذب,وإنّما ضربت لكم هذا المثل لتعلموا أنّ الشبهة مأثمة,وإنّما ضربت لك هذا المثل لتعلم أنّ النمر قد كذب وإنّ الكذب مأثمة لصاحبه,وإنّما ضربت لك هذا المثل لتعلم أنّ الشبهة كذبٌ وأنّ الكذب مأثمةٌ لصاحبه,وإنّما ضربت لك هذا المثل !لتعلمي أنّ الشُبهة كذبٌ فإنّ الكذب مأثمةٌ لصاحبه,,,وإنّما ضربت لك هذا المثل لئلّا تعجل في أمر قد اشتبه عليك فيتحوّل الضرر والوزر فإنّ من الشبهة أشياء كثيرة فيها عيب وضرر
149,ba7d8209-3d9b-4ff5-a823-92e4e6465090,Dimna Applies the Tale's Deception to Ox to Justify His Killing,|سعى بِيَ الأشرارُ لا الخِيارُ ### فلْيتأمّلْ ولهُ الخِيارُ |وقد رأى برهانَ صدقي ظاهِرا ### لمّا غدا الثورُ عليه ثائِرا |فَهْوَ بشُكرِ ربِّهِ خليقُ ### إذ لم يكنْ لخصمِهِ التوفيقُ |وردَّ لطفُ الله عنهُ كيدَهُ ### من بعدِ ما أجمعَ فيه أَيْدَهُ |وإنّما الأولى بهِ مِن الحَزَنْ ### عليهِ لهوٌ وسرورٌ ودَدَنْ |لو لم يكنْ قد أبطنَ العداوَهْ ### ما جاءَ معتدًّا لهُ قساوَهْ |مستلْئِمًا مستظهِرًا كأنّهُ ### أيقنَ ما أردتَهُ وظَنَّهُ,,,,,,,,,وأنت أيّها الملك والحمد لله الفاضل الرأي العظيم الحلم والعالم بالأمور وقد رأى الملك من تشبيههم ما قد استبان من عداوة الثور حتّى استحلّ بذلك قتله وإنّ ذلك جدير أن يمنعه من الإقدام على قتلي مع علمه لنصيحتي له وحفظي له من وزرائه,,,,,,,وقد علمت أيّها الملك بفضل ما أعطاك الله تعالى وفضّلك به فلا تعجل في أمري لئلّا يدخل عليك في آخرتك نقص وقد كان بانَ للملك حال الثور وعداوته ومعالجته للقتال فما ينبغي لك أن تشكّ في ذلك ولا تحزن على قتله ولا تتأسّف على موته ومن كان مثلك من الملوك في الحلم والعلم والكرم والرأي السديد أن <لا> يصحّ عليه كلام أهل الفجور
150,ff7b51f3-e958-4a59-b721-1848b95697c7,Lion Should not Kill Dimna Based on Slander,|مِثلُكَ لا يقتلُ ذا البراءَهْ ### من غيرِ ما جُرمٍ ولا إساءَةْ |بقولِ واشٍ ربّما قال الكذِبْ ### وللوشاةِ نارُ كيدٍ تلتهِبْ,,,,,,,,ولست أيّها الملك حقيقًا بقتل البريء ذي الصحّة بالسقيم ذي اللطف الذي لم ير له حرمةٌ ولم ترَ منه منقصةٌ إلّا في وشي الوشاة وتحميل الخونة,,,,,,,,
151,868818b2-cb3b-4e4b-91a4-2ac6ddee51fd,Dimna Claims Status of Minor Servant,,,,,,,,,,إلى ما قد علم الملك من منزلتي في نفسي من خشانة الحال وصغر الحظّ وأنّي لا أقدر على رفع نفسي عن نسبة العبوديّة ولا أطمع فيما يسمو إليه من فوقي,,,,,,,
152,20ffc19f-08f1-4848-8cf1-7099f05cc948,Dimna Denies Fear of Death,|وما كرهتُ الموتَ إن كان قَضى ### بهِ عليَّ ولهُ فيهِ رِضى,ولست أقول ما تسمعون شفقًا من الموت فإنّه وإن كره فلا *منجى ولا محيص عنه وكلّ حيّ هالك,ولست أقول هذا كراهةً للموت فإنّه وإن كان كريهًا فلا منجى منه وكلّ حيٍّ ميّتٍ,ولست أقول ما تسمع شفقة من الموت فإنّه وإن كان كريهًا شديدًا فلا منجى منه ولا محيصًا عنه وكلّ حيّ لهالك,ولست أقول هذا كراهة للموت فإنّه وإن كان كريهًا فلا منجى منه وكلّ حيّ ميّت مع أنّه يهون عليّ الموت وأحبّه إن علمت أن نفس سيّدي تفرح وتسكن إذا قتلني,ولست أقول ما تسمع فرقًا من الموت فإنّه وإن كان كريهًا فلا منجى منه ولا محيص عنه وكلّ حيّ هالك ولو كانت له مائة نفس,ولست أقول ما تسمع شفقًا من الموت فإنّه وإن كان كريهًا لا منجى منه ولا محيصٌ عنه,ولست أقول ما تسمع شفقًا من الموت وإن كان كريهًا ولا منجى منه ولا محيص عنه وكلّ حيٍّ هالكٌ,ولست أقول أيّها الملك هذا كراهة للموت فإنّه وإن كان كريهًا فلا منجى منه وكلّ حيٍّ ميّتٌ,وأنا وإن كنت عند الملك صغير الحظّ أجد من عدله نصيبًا أعرف أنّ الملك معطينيه من نفسه في حياتي وبعد موتي يهون عليّ الموت,,,,,,,مع أنّي يهون عليّ الموت إذا علمت أنّ الملك يصحّ منه ذلك بالموافقة إذا قتلني
153,a29eeeeb-e289-4367-9d6c-aa7e68aff195,The Sinner Who Accepts Death Is Saved in Hereafter,|فقد روى الأحبارُ والرواةُ ### والثَبْتُ ما تنقلُهُ الثِقاتُ |أنّ منِ استسلمَ حتّى يُقتَلا ### لزِلّةٍ كان لها ما فَعَلا |لم يصِلْ حرَّ النارِ في القيامَهْ ### ولم يخَفْ إثمًا ولا ملامَهْ,,,,فإنّ العلماء قالوا من أصاب خطيئة أو إثمًا ثم أسلم نفسه للقتل يدفع بها عن الصالحين عُفي له يوم القيامة ونجا من الشرّ [[يوم]] في الآخرة,,,,فإنّ العلماء قد قالوا من أصاب خطيئةً أو ذنبًا فأسلم نفسه للقتل مكان الصالحين فإنّه مجزيٌّ بذلك العفو وناجٍ به من الشرّ في الآخرة,فإنّ العلماء قالوا من أصاب خطيئة وإثمًا ثمّ أسلم نفسه للقتل فدفع بها عن الصالحين عُفي عنه يوم القيامة ونجا من الشرّ الدائم في الآخرة,قال دمنة قد عرفت صدق مقالتك وقد قالت العلماء لا تجزع من العذاب إذا وُقف منك على الخطيئة *ولأن تُعذّب في الدنيا بجرمك خير لك من أن تُعذّب به في الآخرة في جهنّم مع الأثمة,قال دمنة قد عرفت صدق مقالتك وقد قالت العلماء لا تجزع من العذاب إذا وُقف منك على الخطيّة ولأن تُعذَّب في الدنيا بجرمك خيرٌ من أن تعذّب في الآخرة في جهنّم مع الإثم,,,,,فإنّ العلماء قد قالوا من أصاب خطيئة أو إثمًا ثمّ أسلم نفسه للقتل يُعدّ من الصالحين ويُعفى عنه يوم القيامة وينجّيه ذلك في الآخرة من عذاب النار
154,6e79bf0b-cc48-4c0d-b124-a94ed78124b2,Dimna Would Die for Lion,,ولو كانت لي مائة نفسٍ وعلمت أنّ الملك رأيه فى تَلَفهنّ لجدت بهنّ,ولو كانت لي مائة نفسٍ وأعلم أنّ هوى الملك في تِلافهنّ طبت له بذلك نفسًا,ولو كانت لي مائة نفسٍ وأعلم أنّ هوى الملك في تَلَفهنّ جُدت له بهنّ فقال,ولو كانت لي مائة نفس أعلم أنّ هوى الملك في تَلَفهنّ طِبْتُ له بهنّ نفسًا,,ولو كنت أعلم لي مائة نفس أعلم هواه في تلفها جُدت بها له,ولو كانت لي مائة نفسٍ أعلم أنّ هوى الملك في إتلافهنّ جدتُ بهنّ,ولو كانت لي مائة نفسٍ وأعلم أنّ رضي الملك في تلفهنّ لطبت له بهنّ نفسًا فإن ظننت أيّها الملك أنّ لك بقتلي رَوْحًا وفرجًا,وأحبّه إن قد علمت أنّ الملك يطمئنّ ويفرح ويسكن إذا قتلني,,,,,,,فينبغي لمثلي أن يسلّم نفسه فداء عن الصالحين ولو كانت له مائة نفس لكنت حقيقًا أن أسلّمها في رضاء الملك
155,aa787110-4966-4866-b55b-88ce69e4970f,Dimna Says His Merit Protects Him from Calumny,,,,,,,,,,,,,,,,,وقد علمت أنّ الله تعالى يعيذه أن يهلك مثلي وأنا من أهل ودّه ونصيحته فلا تأخذني بقول أهل الكذب والفجور من غير ذنب ولا جرم
156,c6816ca2-6aa1-41cb-b070-5e3c90d7dbec,Dimna Asks Lion Not to Hurry Without Investigation,|وإن أكنْ مُحتقَرًا فإنّ لي ### سَهْمًا من العدلِ العميمِ الأَجْزَلَ |فإن رأى مولايَ أن لا يعجلا ### عليّ قبلَ فحصِهِ تَمَهَّلا,,,,,,,,فإنّي وإن كنت أعلم أنّ الله قد باعد الملك من الجور والاعتداء وإهلاك النفس البريئة بوشي الأشرار وتحميل الفجّار وإنّي أحبّ أن لا يعجل الملك بأمرٍ دون الفحص والتروية,,,,,,,,
157,ed5390a3-49e1-412c-a3c0-f1261edad854,Man Strives for the Good as Best He Can,|فما يزالُ المرءُ يستفيدُ ### في أمرِهِ الخيرَ ويستزيدُ |برأيهِ وحِلمهِ وصبرِهِ ### ما لم يصِرْ في حدِّ أقصى عُمْرِهِ,,,,,,,,وقد قالت العلماء إنّه لا يزال الرجل يستفيد من الخير ويرى الكبير من أمره والصغير من الرأي ما يعرّفه الخير ويباعده من الآثام ما لم يبلغ أرذل [كذا] عمره,,,,,,,,
158,0e81b974-5ad5-48ca-9f8d-b660a35359a5,Dimna Demands Self-Sacrifice from All Servants,,,,,,,,,,وينبغي للحقير مثلي من عبيد الملك الموسوم بالعبوديّة أن يسلم نفسه فيما يصلح للملك العظيم التقيّ مثلك ثمّ وجب عليه أن يختار عاجل عقوبة الدنيا على آجل عقوبة الآخرة,,,,,,,
159,1843eeee-cfe9-4ef0-992d-551672b8c3ff,First Speaker Accuses Dimna of Self-Interest,|قال له بعضُ الحُضورِ إنّما ### تدفعُ عن نفسِكَ أن تُصطَلَما,فقال بعضهم لم تنطق بهذا *لحبّك للملك ولا لكرامته عليك إلّا لخاصّة نفسك والتماس العذر ممّا وقعت فيه منه,فقال بعض الجند لم ينطق بهذا الحبّ الملك ولكنّه لنفسه والتماس العذر,بعض الجند لم ينطق بهذا الحبّ الملك ولا لكرامته ولكن لخاصّة نفسك والتماس العذر فيما وقعت فيه,فقال بعض الجند لم تنطق بهذا لحبّ الملك ولا كرامته ولكنّه لخاصة نفسك والتماس العذر لها,فقال بعض الجند إنّك لم تنطق بهذا لحبّ الملك ولا لكرامته ولكن نطقت به لخاصّة نفسك والتماس العذر ممّا وقعت فيه,فقال بعض جلساء الملك لم تنطق بهذا لحبّ الملك ولا لكرامته عليك ولكن ذلك للدفع عن نفسك ولطلب الخلاص من الورطة التي قد لزمتك والتماس العذر ممّا وقعت فيه,فقال بعض الجند لم تنطق بهذا يا دمنة لحبّ الملك ولا لكرامته عليك ولكن لخاصّة نفسك والتماس العذر لها ممّا وقعت فيه,فبينما دمنة يقول معذرته إذ عرض له عارضٌ من بعض جلساء الملك فقال أيّها الملك إنّ دمنة ليس ما يقول تعظيمًا لحقّ الملك ولا توفيرًا لفضله ولكنّه يريد أن يدفع عن نفسه ما قد نزل به من سوء عمله,فقال بعض من حضر الملك من جنوده أيّها الملك إنّ دمنة ليس يقول ما يقول تعظيمًا للملك ولا توقيرًا له ولكنّه يريد أن يدفع عن نفسه ما قد نزل به من عاقبة سوء عمله,,,,,,,قال فبينما هو في هذا القول إذ قال له بعض الجند يا دمنة لم تنطق بهذا الكلام حبًّا للملك ولا كرامة لكن لخلاص نفسك ممّا وقعت فيه
160,f29876a4-0363-4dbb-aa43-c7363201e525,Dimna Claims Right to Self-Defense,|قال كذاك الألمعي العاقل ### عن نفسه مجادل مناضل |ماذا الذي أحفظُ إن أَضعتُها ### ومن تُرى أَرفِعُ إن وضعتُها |هل لي نفسٌ غيرها فأدفعُ ### عنها الأذى مجتهدًا وأمنعُ,*** ويلك وهل على *امرئ في التماس ذلك لنفسه وطلبته ... وهل أحد أقرب إلى الانسان من نفسه فإنْ هو لم يلتمس الحذر لها فلمن يلتمس,فقال له دمنة ويلك وهل على امرئ في التماس العذر عيبٌ وهل أحدًا أقرب إلى الإنسان من نفسه فإذا لم يلتمسْ لها العذر لمن يلتمس,فقال دمنة ويلك وهل عليّ في التماس ذلك وطلبه عيب وهل أحد أقرب إلى الإنسان من نفسه فإذا هو لم يبتغ لها العذر فلمن يلتمسه,فقال دمنة ويلك وهل على امرئ في التماس *** أقرب إلى الامتنان من نفسه فإذا لم يلتمس العذر فمن يلتمس,قال دمنة ويلك وهل على امرئ عار إذا التمس العذر لنفسه وهل أحد أقرب إلى الإنسان من نفسه فإذا لم يلتمس لها العذر فلمن يلتمسه,فأقبل عليه دمنة فقال إنّي إن كنت كما ذكرت فلست أجدني مخصومًا ولا ملامًا على دفع البلاء عن نفسي ما استطعت والتماس البراءة لها وجرّ العافية إليها ولا أجد أقرب إلى الإنسان من نفسه ولا أولى بنصحها وإظهار عذرها منه,فقال دمنة ويلك وهل أمري في التماس ذلك وطلبه عيبٌ وهل أحدٌ أقرب إلى الإنسان من نفسه فإذا هو لم يبتغِ لها العذر ولم يلتمسه,قال دمنة وهل ويلك على امرئ في العذر لنفسه عيبٌ وهل أحدٌ أقرب إلى الانسان من نفسه فإذا لم يلتمس لها العذر فمن يلتمسه لها ومن أحقّ بنصيحتي من نفسي أو من أحقّ أن أنصح عنه منها,قال دمنة من يحفظ نفسي إن أضعتها ومن يرفعها إن وضعتها هل لي نفس غيرها فأدفع عنها الردى,,,,,,,فقال دمنة مجيبًا هل عليّ في ذلك عيب وهل !عيب أقرب إلى الإنسان من نفسه فإذا قام بعذره لم يمقت وإذا لم يقم عنها العذر فمن يعتذر
161,d606398d-7b99-4040-bf52-029b36b87557,Dimna Insults the First Speaker,,,,,,,فأمّا أنت فلك الويل بما أظهرت من ضعف عهدك وودّك لنفسك وسوء حالها عندك وإنّك عدوّها فمَن دونها أولى,,,,,,,,,,
162,47aa1ddf-b194-449f-a488-a71a9fb25ab8,Who Does Not Protect Himself Is Useless to Others,|ولن يصونَ رهطَهُ وعُرسَهُ ### مِن طالبٍ مَن لا يصونُ نفسَهُ |الناسُ في ذا كلّهُمْ سواءُ ### حبُّ البقاءِ للأنامِ داءُ |إذا أهنتُ مُهجتي لم أُكرِمِ ### خلًّا مِن الناسِ ولم أُعظِّمِ,وقد قالت الحكماء من لم يحفظْ نفسه فهو لغيرها لا يصلح,,,,,وقد قالت العلماء إنّ المستهجن لنفسه المبغض لها بغيرها أشنأ وأقطع ولمن سواها أغشّ وأرفض,,وقد قالت العلماء إنّ المستهين لنفسه المبغض لها لغيرها أقطع وأبغض ولمن سواها أغشّ وارفض,ولن يصون رهطه من لم يصنْ نفسه أوَما علمتَ أنّه ليس على المرء في التماس العذر لنفسه من غيره عار,,,,,ואמרו הזקנים כל מי אשר לא ישמור נפשו. לא יצליח לבלתו להיות שומר לראשו.,,
163,8c4b3c4f-5aae-4603-a108-9684ac8ba994,Dimna Calls First Speaker Self-Hating,|وقد بدا لدى الورى مِن قولِكا ### ما لم تُطِقْ كتمانَه في صدرِكا |مِن حسدٍ وبُغضةٍ ذميمَهْ ### تُنشِئُها في نفسِك اللئيمَهْ |وقد درى كلُّ الحُضورٍ أنّكا ### لستَ تحبُّ قطّ خيرَ نفسِكا |فأنتَ أولى أن تحبَّ الضَيْرا ### للناسِ إذ لستَ تريدُ الخيْرا |مِثلُك مَن نُزِّهَ عنه المجلسُ ### فأنت لا شكَّ لهُ مُدنّسُ,ولقد ظهر منك ما لم تملكْه من البغي والحسد والبغضاء والجهل ولقد عرف من سمع ذلك أنّك لا تودّ لأحد خيرًا وأنّك عدوّ لنفسك ومن دونها ومثلك لا يصلح أن يكون مع البهائم فكيف مع الملك وحضور بابه,لقد ظهر منك ما لم تملكْه من الحسد والبغضاء ولقد عرف منك من سمع منك أنّك لا تحبّ لأحدٍ خيرًا وإنّك عدوّ نفسك فمن سوءك ذلك فمثلك لا يصلح أن يكون مع البهائم فضلًا أن يكون مع الملك وأن يكون ببابه,لقد ظهر منك ما لم تملكه من الحسد والبغضاء وعرف من سمع قولك أنّك لا تودّ أحدًا وإنّك عدوّ نفسك فمن دونها ومثلك لا يصلح أن يكون مع البهائم دعْ مع الملوك وحضور أبوابها,لقد ظهر منك ما لم تملكه من الحسد والبغضاء وعرف من سمع قولك أنّك عدوّ نفسك ومن سوّاها ومثلك لا يصلح أن يكون مع البهائم دعْ من بحضرة الملك أو أن تكون ببابه,وقد ظهر منك ما لم تكن تملكه من الحسد والبغضاء وعُرف حين سُمع قولك أنّك لا تودّ لأحد خيرًا وأنّك عدوّ نفسك فمن دونها ومثلك لا يصلح إلّا أن يكون مع البهائم ولا ينبغي أن يكون بباب الملك,وما أنزّه الملك عن صحبتك بل أجدني منزّهًا للبهائم عن أخلاقك مكرّمًا لها عن خلطتك,لقد ظهر منك ما لم تملكه من الحسد والبغضاء وعرف من سمع قولك أنّك لا ترى جدًّا وأنّك عدوّ نفسك فمن دونها ومثلك لا يصلح أن يكون إلّا مع البهائم الذين لا يفقهون شيئًا فدعْ صحبتك مع الملوك وحضور بابه فإنّه لا يليق بمثلك لأنّ السخيف ... العاقل يضع عنه جرم العقل ...,وقولك هذا ممّا يستدلّ به من حضر على قلّة عقلك لما قلت ولجهالتك لما يدخل عليك فيه ولقد ظهر منك ما لا تملكْه من الحسد والبغضاء وعرف من سمع قولك أنّه لا تحبّ أحدًا وأنّك عدوّ نفسك فمن سواها فمثلك لا يصلح أن يكون إلّا مع البهائم ثمّ دعْ أن تحضر الملك أو تكون ببابه وما أنت فوق أن تخطئ أو تجهل,لقد ظفرت منك بما لم تملكْه من الحسد والشرّ والبغضاء والعداوة فمثلك لا يصلح أن يكون بباب الملك أو يعرفه بل ولا ينبغي أن يكون مع دوابّه أيضًا,,,,,וכבר נודע מכל אשר אמרת. כי בקנאה ובשנאה ובסכלות דברת. ועל רוע לבב יעידון דבריך. ואל תתן את פיך לחטיא את בשרך. וכמוך לא יאות להיות. עם הבהמות. אף כי תשב עם המלך וחבריו. ועם שומרי הסף ושועריו.,,ومثلك لا ينبغي أن يكون لسانًا للسلطان بل ينبغي له أن يكون مع دوابّه
164,0ad278e3-f5d5-4171-a4fd-2572557932f8,First Speaker Leaves Dejected/Is Silenced,|فبهتَ القائلُ ممّا أسمعَهْ ### حقًّا لقد أفحمَهُ وقَطَعَهْ,فلمّا أجابه دمنة بذلك خرج مكتئبًا حزينًا مستحيًا ممّا كلّمه به دمنة,فلمّا أجابه بذلك أخرجه مُستحيًا,فلمّا أجابه دمنة بهذا الجواب خرج مستكينًا حيرانًا مستحيًا,فلمّا أن أجابه بذلك خرج خزيان منتحبًا,قال فلمّا أجابه دمنة بذلك خرج مكتئبًا حزينًا مستخفّيًا مستحيًا,فلمّا سمع ذلك من دمنة لم يُحِرْ جوابًا,فلمّا أجابه دمنة بذلك خرج مكتئبًا حزينًا,فلمّا سمع المقول له هذه المقالة من دمنة سكت فلم يُحِرْ جوابًا وخرج مستحيًا,,,فلمّا سمع النمر ذلك استحيا وقام فخرج منكسرًا من عند الأسد مستحيًا [منكسرًا],فلمّا رأى ذلك النمر خرج من عند الأسد مستحيًا منكرًا,فلمّا سمع ذلك النمر خرج *من عند الأسد مستحيًا مفكّرًا,,,
165,b075a41d-e49e-494f-a769-bd5acaddf7f3,The Mother Is Amazed by Dimna's Verbosity,|قالتْ له السيّدةُ اللبيبَهْ ### تركُ الحياءِ والنُّهى عجيبَهْ,فقالت أمّ الأسد إنّ من العجب انطلاق لسانك بالقول والأمثال مجيبًا لمن تكلّم وقد كان منك الذي كان من الفجور والمنكر والغشّ,فقالت أمّ الأسد إنّ من العجب انطلاق لسانك مُجيبًا لمن تكلّم وقد كان منك الذي كان,فقالت أمّ الأسد إنّ من العجب انطلاق لسانك مجيبًا لكلّ متكلّم وقد كان مثل الذي كان,فقالت أمّ الأسد إنّ من العجب انطلاق لسانك بالقول مجيبًا لمن تكلّم وقد كان منك ما كان,قالت أمّ الأسد لدمنة إنّ أعجب العجاب [[إطلاق]] [لسانك] إطلاق لسانك بالجواب وقد كان الذي كان منك,فقالت أمّ الأسد إنّ من العجب انطلاق لسانك بالقول مُجيبًا لمن تكلّم وقد كان منك الذي كان,فقالت أمّ الأسد إنّ من العجب انطلاق لسانك يا دمنة بالقول مجيبًا لمن تكلّم وقد كان منك الذي قد كان,فقالت أمّ الأسد إنّ من العجب انطلاقك بالقول مجيبًا لمن تكلّم وقد كان منك ما كان,,فقالت أمّ الأسد لقد عجبت منك أيّها المحتال لقلّة حيائك وسرعة جوابك,فقالت أمّ الأسد لدمنة لقد عجبت منك أيّها المحتال لقلّة حيلتك وكثرة قِحتك وسرعة جوابك لمن كلّمك,فقالت أمّ الأسد لقد عجبت أيّها المحتال من وقاحتك وقوّة صولتك وقبحك بالكلام وجوابك لكلّ من يُكلّمك,فقالت أمّ الأسد لقد عجبت أيّها المحتال لقدر صولتك وقبحك بالكلام وجرأتك أيهّا المحتال,ותאמר אם האריה הלא תכלס להיות דברך הראשון. להרחיב פה ולהאריך לשון. ואתה נרגן ובוגד ותחבר על נרגנים חידות ומשלים. ותלעג ואין מכלים.,,قالت له أمّ الأسد إنّ العجب من إطلاق لسانك بالقول مجيبًا لكلّ من تكلّم في أمرك بالحقّ أو قال ما يعلمه منك بالصدق وقد كان منك <ما كان>
166,3422e6e2-27ca-4846-879e-3dd5a45a48f6,Dimna Calls the Mother Biased,|فقال لِمْ بمُقلةٍ أبصرتِ ### وأُذنٍ واحدةٍ سمعتِ |إنّي أرى نَحْسي وشؤمَ جَدّي ### قد سَلَبَ العالَمُ ثوبَ الرُّشْدِ |فعدلوا جميعُهُمْ إلى الهَوى ### وانطبعَ الإفسادُ مِنهُمْ في القُوى,فقال دمنة لأيّ شئّ تنظري بعينٍ واحدةٍ وتسمعين بأذن واحدةٍ ولا تنظرين في الأمر وتستيقينه ولكن تركبين فيه هواك من غير علم ولكن أرى شقوة جدّي عندك قد غيّرت كلّ شئّ من شأني فليس أحد ينطق بحقٍّ ولا ينطق إلّا بالهوى,قال دمنة علامَ تنظرين بعينٍ واحدةٍ وتسمعين بأذنٍ واحدةٍ وإنّي لشقاوة جدّيٌّ بحقٍ ولا يقوم به ولا يتكلّم إلّا بالهوى,قال دمنة علامَ تنظرين بعين واحدة وتسمعين بأذنٍ واحدةٍ وذلك لشؤم جدّى مع أنّي أرى كلّ شيء قد *تغيّر وتنكر فليس أحد يقول الحقّ فلا يتكلّم إلّا بالهوى,قال دمنة علامَ تنظرين بعين واحدة وتسمعين بأذن واحدة أنّي لشقاء جدّي أري كلّ شيء قد تغيّر وتنكّر فليس ينطق أحد بحقّ ولا يقوم به ولا يتكلّم إلّا بالهوى,قال دمنة ما لي أراك تنظرين بعين واحدة وتسمعين بأذن واحدة وكذلك شقي جدّي مع أنّي أرى كلّ شيء تغيّر وتنكّر وما لي أحد ينطق بعذري ولا يقوم به ولا يتكلّم إلّا بهواه,فقال دمنة فعلامَ تنظرين بعينٍ واحدةٍ وتسمعين بأذنٍ واحدةٍ ولذلك شقي جدّي مع أنّي أرى كلّ شيءٍ تغيّر وتنكّر فليس أحدًا ينطق بحقٍّ ولا يتكلّم إلّا بالهوى,فقال دمنة لم تنظرين إليّ بعينٍ واحدةٍ ولذلك شقي جدّي مع أنّي أرى كلّ شيءٍ تغيّر وتنكّر فليس ينطق أحدٌ بحقٍّ ولا يتكلّم إلّا بالهوى,قال دمنة على ما تنظري (على م تنظرين) بعينٍ واحدةٍ وتسمعي (وتسمعين) بأذنٍ واحدةٍ لشقاوة جدّي كذا كلّ شيءٍ قد تنكّر وتغيّر فليس ينطق أحدٌ بحقٍّ ولا يقوم به ولا يتكلّم إلّا بالهوى,,قال دمنة لأمّ الأسد لأيّ حال تنظرين بعين واحدة وتسمعين بأذن واحدة مع أنّي لشقاوة جدّي قد رُوي عنّي كلّ شيء حتّى لقد سعوا إلى الملك بالنميمة عليّ,قال دمنة لأنّك تنظرين إلىّ بعين واحدة وتسمعين منّي بأذن واحدةً مع إنّ شقاوة جدّي قد ?زوت عنّي كلّ شئ حتّى لقد سعوا إلى الملك بالنميمة عليّ,قال دمنه لأمّ الأسد لأيّ شيءٍ تنظرين بعينٍ واحدةٍ وتسمعين بإذنٍ واحدةٍ ومع ذلك إنّ شقاوة جدّي غيّر عليّ كلّ شيءٍ وصار الناس !أحياء لا ينظرون بالحقّ في أمري وصار كلّ شيءٍ يدنو من الاثنين يُنظر بالنميمة,فقال دمنة لأمّ الأسد لأيّ شيء تنظرين بعنٍ وتسمعين بأذن واحدةٍ فمع ذلك إنّ شقاوة جدّي قد غيّر لي كلّ شيء فصاروا الناس لا ينظرون أحيانًا في أمري بالحقّ وصار كلّ شيءٍ يدنو من الاثنين يُنظر بالنميمة,ויאמר לה דמנה מדוע תביטי בעין אחת ובאזן אחת תשמעי ולא תבונני הדבר. אם עקש אם נבר. ותלכי אחרי שרירות לבך ותאוותך. חכמתך ודעתך היא שובבתך. ואין זאת כי אם אדי את צדקי נגדך לרשע שזה. גדר דרכי בגזית נתיבותי עוה. ואין מדבר כי אם כתאותו. ואין איש נחם על רעתו. ואין אשר בפיהו נכונה. ואין קרא בצדק ואין נשפט באמונה.,,فقال لها دمنة لأيّ شيء {تبصرين} [[فون]] بعين واحدة وتسمعين بأذن واحدة مع أنّي أرى كلّ شيء تغيّر *وتناكر فصار الناس لا ينطقون بالحقّ في أمري وصار كلّ واحد يتكلّم بالنميمة والسعي في شأني
167,f63e669c-d5d8-4677-8747-db59a2abf264,Dimna Finds Lion's Lenience Makes Courtiers Lie,,ومن بباب الملك من يفتهم برأفته وطمأنينتهم إلى كرمه لا يتّقون ذلك أن يتكلّمون بأهوائهم فيما وافق الحقّ وخالفه لأنّه لا يغيّر عليهم ولا يرد رأيهم,لم يتكلّم فيّ بحقٍّ من بباب الملك !لتُفتهم وطائتهم إليه وتُعطّفهم عليه لا يتّقون أن يتكلموا بأهوائهم فيما وافق الحقّ وخالفه لأنّه لا يغيّر عليهم ولا ينهاهم,,ومن بباب الملك لثقتهم بلينه واطمئنانهم إليه وتعطّفه عليهم لا يتّقون أن يتكلموا بالهوى فما وافق الحقّ أو خالفه لأنّه لا يغيّر عليهم ولا يتهدّدهم,وقد صار بباب الملك يتكلّمون بأهوائهم فيما وافق الحمق أو خالفه لا يردّ عليهم ولا ينتهون عنه لما بلوا من حلمه ولين عريكته وصفحه وتجاوزه,ومن بباب الملك لثقتهم بلينه وطمأنينتهم إلى كرمه لا يتقّون ذلك فيما وافق الحقّ أو خالفه لأنّه لا يغيّر عليهم ولا ?يتدههم ولا يزجرهم,وكلّ من أرى بباب الملك !لبعثهم بلينه وطمأنينتهم إلى كرمه وجوده لا ينطقون بما يوافق الحقّ ولا يتكلّمون بشيءٍ من الصدق وقد عدلوا عن الصواب ومالوا إلى قبيح الخطاب فالملك لا ينتهرهم ولا يعيّر عليهم فيه فهم يتكلّمون بالخطأ ويميلون مع الهوى,ومن بباب الملك لثقتهم وطمأنينتهم إليه وتعطّفه عليهم لا يتّقون أن يتكلّموا بأهوائهم فيما وافق الحقّ وخالفه لا يغيّر عليهم ولا ينهاهم,,,,,,וכל עבדי המלך אשר בשער המלך דוברים בתאותו. ואין מפחדים מזעם המלך ומגערתו. כי ידעו כי לא יגער בם בענונותו.,,وصار كلّ من في باب الملك لا يقبل منّي كلامًا ولا عذرًا ممّا عليهم من الحقد والفساد ولا يدرون ما يقولون في أمري
168,ad0201da-c896-4cad-aec6-6ead738d85cd,Dimna Criticizes Courtiers for Speaking Indiscriminately,|كرامةُ المَلْكِ وفرطُ برِّهِ ### لقد غدا مع حلمِهِ وصبرِهِ |كباعثٍ لمَن ببابِ قصرِهِ ### لأن يحطّوا مِن عظيمِ قدرِهِ |فأصبحَ الواحدُ لا يدري متى ### يجبُ أن ينطُقَ أو أن يسكُتا,,,,,,,,,,حتّى لقد صار مَن بباب الملك لاستخفافهم وطول كرامته إيّاهم وما هم فيه من العيش والنعمة لا يدرون في أيّ وقت ينبغي لهم الكلام ولا متى يجب السكوت,وقد صار من بباب الملك لاستخفافهم به وطول كرامته إيّاهم وما هم فيه من العيش والنعمة لا يدرون في أيّ وقت ينبغي لهم الكلام ولا متى يجب عليهم السكوت,,,,,
169,4d86f1d2-382b-4035-a26c-c050b243107f,Dimna Treats His Case as Exemplum,,وهذا موضع العظة إن نفعت والأمثال إن قُبلت,,,,,,,قال دمنة هذا موضع العظة إن قبلت وموضع الأمثال إن نفعت,قال دمنة هذا موضع العظة إن قُبلت وموضع الأمثال إن سُمعت,,,,,,,
170,5edf6971-b38d-4218-bed2-7e731207f1d7,The Mother Chastises Dimna's Duplicity,|قالت وقد شقَّ عليها الوالدِهْ ### مقالُهُ وَهْيَ لهُ معانِدَهْ |كيف يكونُ في الورى مُؤدِّبا ### لغيرِهِ من قد أضاعَ الأَدَبا |أو كيف يغدو يا خبيثُ ناصِحا ### سِواهُ مَن لا يقبلُ النصائِحا,فقالت أمّ الأسد انظروا إلى الغادر الفاجر الذي قد ركب الأمر العظيم وهو يأخذ بأعين الناس ليبطله ويبرّئ نفسه منه,قالت أمّ الأسد انظروا إلى هذا الغادر الفاجر الذي ركب الأمر العظيم ثمّ يبرّئ نفسه,فقالت أمّ الأسد انظروا إلى الفاجر الذى ***,قالت أمّ الأسد انظروا إلى هذا الغادر الفاجر الذي ركب الأمر العظيم الذي يأخذ بأعين الناس ويبرأ نفسه,فقالت أمّ الأسد انظروا إلى هذا الغادر الفاجر الذي ركب من الأمر العظيم ما ركب وهو يريد أن يأخذ بأعين الناس ويبرّئ نفسه,فقالت أمّ الأسد انظروا إلى هذا الفاجر الذي يركب الأمر العظيم ثمّ هو يأخذ بأعين الناس ليُبطله ويُبرّئ نفسه منه,فقالت أمّ الأسد انظروا إلى هذا الغادر الفاجر الذي ?يولب الذنب العظيم ويحمل الوزر الجسيم ثمّ يأخذ بأعين الناس ويطلب لإبطال حججهم التماس ويدخل عليهم في أمره الالتباس ليدفع جرمه عنه ويبرّئ نفسه منه,قالت أمّ الأسد انظر إلى هذا الفاسق الفاجر الذي ركب الأمر العظيم كم يأخذ بأعين الناس ويبرّئ نفسه,,قالت أمّ الأسد انظروا إلى هذا الغادر كيف يدع نفسه بريئًا كمن لا ذنب له,قالت ألا تنظروا إلى هذا مع عظم ذنبه كيف يجعل نفسه {بريئًا} كمن لا ذنب له,فقالت أمّ الأسد انظروا هذا مع عظم ذنبه يجعل نفسه بريئًا كمن لا ذنب له,قالت أمّ الأسد انظروا هذا من عظمة ذنبه أن يجعل نفسه بريئًا كمن لا ذنب له,ותאמר אם האריה הביטו אל הבוגד הזה והמכזב והפושע. אשר לא יכלם ולא יכנע. אבל יכחש בנו ובקדושו. על צדקו נפשו.,,قالت أمّ الأسد انظروا إلى هذا الغادر الفاجر الذي يركب الأمر العظيم ثمّ يأخذنا بخداعه ومكره ليبطله ويبرّي نفسه
171,8f3ad352-9fe6-4d1b-9baa-1c9021f14e13,Dimna Enumerates 5 Duplicitous Types,|قال لها دمنةُ إنّ مَن عَمِلْ ### ما ليس مخصوصًا بِهِ فقد جَهِلْ |شبيهَ مرءٍ يضعُ الرَّمادا ### في موضعٍ يستوجبُ السَّمادا |ورجلٍ مثلَ النساءِ قد فَعَلْ ### وامرأةٍ لابسةٍ زيَّ الرَّجُلْ |والضيفِ يستملكُ ربَّ الدارِ ### ومُخبرٍ مَن ليس ذا استِخْبارِ |وإنّما الخبيثُ مَن لا يعرفُ ### حالَ الورى وأمرَهُمْ فيَهْرِفُ |كذاك مَن لا يستطيعُ أن يَرُدُ ### عن نفسِهِ وقْعَ مُصابٍ ويصُدْ,فقال دمنة إنّ أصحاب ما ذكرت خمس رجال أحدهم الذي يذيع السرّ ولا يكتمه والآخر الذي يلبس لباس النساء والآخر المرأة التي تلبس لباس الرجال والآخر الضيف الذي يزعم أنّه صاحب البيت والآخر الذي ينطق في مجلس السلطان بما لا يُسئل عنه,قال دمنة فإنّ صاحب ما تذكرين من !بديع السرّ ولا يكتمه والرجل يلبس لبس المرأة والمرأة تلبس لباس الرجل والضيف يزعم أنّه ربّ البيت ومن ينطق في مجمعٍ عند الأسد لما لا يُسأل عنه,*** تلبس لباس الرجل والضيف الذي يزعم أنه ربّ البيت ومن ينطق به في الجمع عند الملك بما لا يُسأل عنه,قال دمنة أنّ صاحب ما ذكرت من يدفع الشرّ ولا يدفنه والرجل الذي يلبس لباس المرأة والمرأة التي تلبس لباس الرجال والضعيف الذي يزعم أنّه ربّ البيت ومن ينطق في المجمع عند الملك بما لا يسأل عنه,قال لها دمنة إنّما صاحب ذاك من أذاع السرّ ولم يدفنه والرجل يلبس لباس المرأة والمرأة تلبس لباس الرجل والضيف يزعم أنّه ربّ البيت والناطق عند الملك بما لا يُسأل عنه مردود,قال دمنة إنّ صاحب ما ذكرت من يدفع الشرّ ولا يدفنه والرجل الذي يلبس لباس المرأة والمرأة التي تلبس لباس الرجل والضيف الذي يزعم أنّه ربُّ البيت ومن ينطق في المجمع عند الملك بما لا يُسأل عنه,فقال دمنة إنّ صاحب من ذكرت يذيع السرّ ولا يدفنه ويفشيه ويعلنه والرجل الذي يلبس لباس المرأة والمرأة التي تلبس لباس الرجل والضيف الذي يزعم أنّه ربّ البيت ومن نطق في المجمع عند الملك بما لا يسأل عنه,قال دمنة إنّ صاحب ما ذكرت من يذيع السرّ ولم يدفنه والرجل الذي يلبس لباس المرأة والمرأة التي تلبس لباس الرّجل والضيف الذي يزعم أنّه ربّ البيت ومن ينطق في مجتمع عند الملك ما لا يسأل عنه,,قال دمنة إنّ الذين يعملون غير أعمالهم خمسة الذي يضع الرماد موضع ينبغي أن يضع الرمل ويستعمل فيه السرجين والرجل الذي يلبس لباس المرأة والمرأة التي تلبس لباس الرجل والضيف الذي يقول أنا ربّ البيت والذي ينطق بين الجماعة بما لا يُسأل عنه,قال دمنة إنّ الذين يعملون غير أعمالمهم كالذي يضع الرماد موضعًا ينبغي أن يضع فيه الرمل ويستعمل فيه ?؟الشرحين والرجل الذي يلبس لباس المرأة والمرأة التي تلبس لباس الرجل والضيف الذي يقول أنا ربّ البيت والذي ينطق بين الجماعة بما لا يسئل عنه,قال دمنة إنّ الذين يعملون غير أعمالهم ليسوا على شيءٍ كالرجل الذي يلبس لباس المرأة والمرأة التي تلبس لباس الرجل والضيف الذي يظنّ أنّه صاحب البيت والذي ينطق بين الجماعة بغير سؤالٍ,قال دمنة إنّ الذين يعملون غير أعمالهم خمسة الرجل الذي يلبس لباس المرأة والمرأة التي تلبس لباس الرجل *والضيف الذي يظنّ أنّه صاحب المنزل والذي ينطق بين الجماعة بغير سؤال والمتكلّم بما لا يعنيه,ויאמר לה דמנה כי האנשים אשר זכרת חמשה. גבר לובש שמלת אשה. ואשה עליה כלי גבר. ומגלה סודו ולא יקברו כקבר. וההלך אשר ישים נפשו בבית בעל הבית כאדון. והמדבר לפני מלך בלי ישאלו לו בריב ומדון.,,قال لها دمنة إنّ صاحب من ذكرتي باغيًا [[لك]] للشرّ ولا بدّ فيه كالرجل الذي يلبس لباس المرأة والمرأة تلبس لباس الرجل والضيف الذي يأمر وينهى في البيت الذي لا يملكه والذي يتكلّم بما لا يُسأل عنه
172,38d91794-c8fa-41e0-8183-83824ee96cfe,The Mother Demands Dimna's Silence and Confession,,فقالت أمّ الأسد أيّها الغادر الفاجر أنّك تحسب أنّك خادع الملك بقولك هذا وأنّه يستبقيك,قالت أمّ الأسد إمّا تعرف سوء فعلك فتقصّر من غرب لسانك,فقالت أمّ الأسد أما تعرف سوء عملك !فتحرقه,قالت أمّ الأسد أما تعلم سوء عملك فيقصر من غرب قولك أو تتّقيه,قالت أمّ الأسد لو تعرف سوء عملك فتقتصر عمّا أسمع من قولك كان أولى,فقالت أمّ الأسد ما تعرف سوء عملك فتحذره وتبصر غَرّة قولك فتتّقيها,فقالت أمّ الأسد أما تعرف يا دمنة سوء عملك فتحذره وتبصر عورة قولك فتتّقيها,قالت أمّ الأسد أما تعرف سوء عملك فتقصر من عذر قولك وتتّقيه,,قالت أمّ الأسد أتظنّ أيّها الغادر المحتال أنّك خادعي والملك بقولك هذا وأنّه لا يسجنك,قالت أمّ الأسد أتظنّ أيّها الغادر المحتال بقولك هذا وأنّه لا يسجنك,قالت أمّ الأسد أيّها الغادر المحتال أتحبّ أنّك تخادع الملك بهذا الكلام,قالت أمّ الأسد أيّها الغادر المحتال أتحبّ أن تخدع الملك بهذا الكلام,ותאמר אם האריה הידעת כי אם כפי תרמיתך ואשמיך. את מי הגדת מילין ונשמת מי יצאה ממך. התחשוב להמלט בהתוליך. ולהנצל בתרמית הבליך.,,قالت له أمّ الأسد يا شقيّ أما تعرف سوء عملك فتحذره
173,60c8642d-b721-40f2-aa31-8c974a03067c,Dimna Defines the Ill-Wishing Person,,قال دمنة إنّ الذي يركب !الفكر لا يحبّ لأحدٍ خيرًا ولا يدفع عنه مكروهًا وهو يقدر عليه,قال دمنة إنّ الذي يركب السوء لا يحبّ لأحدٍ خيرًا ولا يدفع عنهم شرًّا,قال دمنة إنّ الذي يركب المنكر لا يحبّ لأحدٍ خيرًا ولا يدفع عنه سوءًا ولا مكروهًا,قال دمنة إنّ الذي يرتكب الشرّ لا يحبّ لأحد خيرًا ولا يدفع عنه سوءً,فقال لها إنّما يعمل على الشرّ الذين لا يحبّون للناس الخير ولا يدفعون عنهم الشرّ,فقال دمنة إنّ الذي يركب المنكر لا يحبّ لأحدٍ خيرًا ولا يدفع عنه مكروهًا,فقال دمنة إنّ الذي يرتكب المنكر لا يحبّ لأحدٍ خيرًا ولا يدفع عنه مكروهًا,قال دمنة إنّ الذي يركب السوء لا يحبّ لأحدٍ خيرًا ولا يدفع عنه سوءًا,,,وإنّما الشقيّ من لا يعرف الأمور والناس ولا يقدر على دفع الشرّ عن نفسه ولا يستطيع ذلك,قال دمنة إنّما الشقيّ من لا يعرف الأمور ولا الناس ولا يدفع الضرر عنهم,قال دمنة إنّما الشقيّ من لا يعرف الأمور ولا الناس ولا دفع الضرر عنهم,,,قال لها دمنة الشقيّ الذي يركب المنكر ولا يحبّ لأحد خيرًا ولا يدفع عنه مكروهًا
174,1296a09e-af52-4beb-ba5f-e7f17b840b68,The Mother Condemns Dimna's Sweet-Talking and Hoping,|قالت له فهلْ تظنُّ قولَكا ### هذا يغُرُّ أوْ يغُشُّ الملِكا |تطمعُ أن تحُلَّ عقْدَ غَضَبِهْ ### بالكِذْبِ أو تُطفِئَ حرَّ لَهَبِهْ,قالت أمّ الأسد أما تعرف سوء عملك فتحذره وتبصر غَرّة قولك فتتّقيها وتعلم أنّك لست بناجٍ حتّى يُنتَقم منك أشدّ الانتقام,قالت أمّ الأسد أيّها الكذّاب أترجو أن تنجو من ذنبك العظيم,فقالت أمّ الأسد أيّها الغادر الفاجر إنّك لتجترئ على مثل هذا القول عند الملك تعجبًا له كيف يتركك حيًّا,قالت أمّ الأسد أيها الغادر الفاجر إنّك لتجترئ عليّ بمثل هذا القول عند الملك عجبًا له كيف يتركك حيًّا,قالت له أمّ الأسد أيّها الغادر الفاجر ما أجرأك على ذلك والعجب لك كيف تُترك حيًّا,قالت أمّ الأسد أيّها الفاجر إنّك لتجترئ على مثل هذا القول عند الملك عجبًا له كيف تركك حيًّا,فقالت أمّ الأسد أيّها الغادر الفاجر إنّك لتجترئ بمثل هذا القول عند الملك عجبًا له يتركك حيًّا,قالت أمّ الأسد أيّها الخائن الفاجر إنّك لتجترئ على مثل (هذا) القول عجبًا له يتركك حيًّا,,قالت أمّ الأسد أتظنّ أنّك ناجٍ من عظيم جرمك وأنّ محالك هذا ينفعك,قالت أم الأسد أيّها الغادر الكذوب أتظن أنّك ناجٍ من عاقبة كذبك وأنّ محالك هذا ينفعك مع جرمك العظيم,قالت أمّ الأسد يا شقيّ لا تُخفِ سوء عملك وتعلم أنّك ليس بناجٍ منه,قالت أمّ الأسد يا شقيّ لا تُخفِ سوء عملك وتعلم أنّك لست بناجٍ منه,ותאמר אם האריה הלא תדע רוע מעלליך. הלא תראה רעות דבריך. ועקשות מעגלותיך. ולא תדע כי בכוס אשר השקית תשוקה. ואתה תנקה לא תנקה. ולא יותן לך חנינה. והיית למשל ולשנינה. יען אשר כזבת. ולשפוך סבבת.,,قالت له أمّ الأسد أيّها الغادر الفاجر عجبي كيف أبقاك الملك بالحياة أيّها الكاذب المحتال ما أظنّك ناجٍ من كذبك هذا أبدًا
175,0a9a70f7-136a-4da0-9375-cea7bbf998f7,Dimna Defines as Traitor Who Is Ungrateful for Advice and Kills a Defeated Enemy,|قال لها بِئسَ جزاءُ النُّصْحِ ### جزَيْتموني إذا أردْتُمْ جَرْحي | ألملِكُ الأعظمُ يدري أنّي ### نصحتُهُ وَهْوَ عظيمُ المَنِّ |ولو كذِبتُ ما نبَستُ عندَهْ ### ولا أمنِتُ حدَّهْ وجدَّهْ |قد قيل ليس مِن بريءٍ أشْجَعُ ### فما تُخيفُهُ البرايا أجْمَعُ |وَهْوَ إن استخبرَ بانَ صِدْقي ### فإنّه يَعرفُ وجهَ الحَقِّ,قال دمنة الغادر الفاجر الذي [لا] يؤمّن عدوّه فإذا استمكن منه قتله على غير ذنب,,قال دمنة إنّ صاحب من وصفت التي يؤتى بالنصيحة ويمكَّن من عدوّه ثمّ لا يشكر ذلك ولا يعرفه لمن فعله ويريد قتله على غير ذنبٍ أجرمته,قال دمنة أنّ الغادر الذي يؤتى بالنصيحة ويتمكّن من عدوّه ثمّ لا يشكر ذلك ولا يعرفه لمن آتاه ولكنّه يريد قتله على غير ذنب,قال لها دمنة الغادر الذي [لا] يؤتى بالنصيحة ويمكَّن من عدوّه من لا يشكر له ذلك ولا يعرفه ولا يكافئ عليه بل زعموا أنّه يريد قتله من غير ذنب,فقال دمنة إنّ صاحب ما وصفت الذي يؤتى بالنصيحة ويمكَّن من عدوّه فإذا استمكن منه قتله ثمّ لا يشكر ذلك ولا يعرفه لمن فعله ويريد قتله بغير ذنبٍ اجترمه,فقال دمنة إنّ صاحب ما وصفت الذي يؤتى بالنصيحة ويمكِّن من عدوّه ثمّ لا يشكر ذلك ولا يعرفه لمن فعله ويريد قتله على غير ذنبٍ أذنبه ولا جرمٍ ارتكبه,قال دمنة إنّ الخائن الفاجر الذي توقّى بالنصيحة ويمكَّن من عدوّه ثمّ لا يشكر ذلك ولا يعرفه لمن أتاه به ولكن يريد قتله على غير ذنبٍ,قال دمنة إنّما الغادر الذي [لا] يُؤتى بالنصيحة ويُمكَّن من عدوّه ثمّ لا يشكر ذلك ولا يسرّه والذي يؤمّن عدوّه فإذا استمكن منه قتله بغير ذنب والذي يعادي من كشف له عداوة أعدائه,قال دمنة إنّ الغادر الذي لا يأمن عدوّه مكره ومن إذا استمكن من عدوّه قتله على غير ذنب,قال دمنة الغادر الذي *** عدوّه من إذا استمكن من عدوّه قتله على غير ذنب,قال دمنة إنّما الغدّار الذي يُؤمّن عدوّه فإذا استمكن منه قتله على غير ذنبٍ,قال دمنة الغدّار الذي [لا] يؤمّن عدوّه وإذا استمكن منه قتله على غير ذنبٍ,ויאמר דמנה לו הוא משקר כי אם אשר יעצתי להשמיד אויביו. ולא יודה ליועציו אבל יוסיף מכאוב על מכאוביו. ולבבו לדברי הטה. בלי פשע ובלי חטא חטא.,,
176,b0e4cbee-a5bf-41da-bda3-7e5270147827,Mother Deems Dimna's Parables Worse Than His Crimes,,,,,,,,,قالت أمّ الأسد لا أسمع (لسمع) موعظتك وضربك الأمثال لمن كلّمك أعجب عندي من الذي سلف من خلابتك ومكرك وحسدك,قال الملك لدمنة ما الذي سلف من خيانتك ومكرك ودحسك بأعجب منّي ممّا أسمع من موعظتك وضربك الأمثال لمن تكلّم فيك,,,,,,,
177,163a5064-3a94-4dce-b2ef-8778c197935b,Crimes Should Distract Dimna from Coining Fables,,,,,,,,,قالت أمّ الأسد أيّها الغادر الفاجر إنّ في سوء عملك لشاغل لو عقلت عن ضرب الأمثال,قالت أمّ الأسد أيّها الغادر الفاجر إنّ فيما قدّمت يداك لشاغلًا لك لو عقلت عن ضرب الأمثال,,,,,,,
178,b2508cd4-9e75-40c0-ba41-2560b130fa88,Dimna Defines Traitor as Fearing and Opposing Discovery,,,,,,,,,قال دمنة إنّما الغادر من أخاف من عمل في أمنه وعادى من كشف له عداوة أعدائه,,,,,,,,
179,c0ccb31f-8209-4bcc-bf3f-e1ef5725fb81,The Mother Calls Dimna a Liar,,قالت أمّ الأسد أيّها الكذوب الذي يقول ما لم يكن وما لم يفعل,,فقالت أمّ الأسد أيّها الكذّاب أتريد أن تنجو من ذنبك العظيم بما تزخرف من كذبك وإفكك,قالت أمّ الأسد أيّها الكذّاب *أترجو أن تنجو من ذنبك العظيم,فقالت له أمّ الأسد الكاذب الذي يقول ما لم يكنْ ولم يفعل,فقالت أمّ الأسد أيّها الكاذب أترجو أن تنجو من ذنبك العظيم,فقالت أمّ الأسد أيّها الكاذب الفاجر أترجو أن تنجو من ذنبك العظيم وجرمك الجسيم بحجّتك الباردة وأقاويلك الفاسدة,قالت أمّ الأسد كأنّك ترجو أيّها الكاذب أن تنجو بتسطير المقال ممّا اجترمت بذلك,قالت أمّ الأسد شيطانك أيّها الفاجر الغادر ترجو أن ينفعك للمكابرة بالكذب,,,قالت أمّ الأسد أيّها الجاني أتريد أنّك تكون ناجي من جرمك العظيم بهذه الأقاويل والكذب,قالت أمّ الأسد أيّها المكروب أتريد أن تكون ناجي من جرمك العظيم بهذه الأقاويل الكاذبة,,,
180,307c75df-7499-47d5-bd77-06c52e33af8d,Dimna Claims Truthfulness,,قال دمنة أمّا أنا فقد قلت الذي كان وصدّقت قولي بفعلي,قال دمنة إنّ الكذّاب الذي يقول ما لم يكنْ وإنّي قلت الذي كان وصدقت,فقال دمنة إنّ أهل ما ذكرت الذي يقول ما لم يكن وإنّي نطقت بالحقّ وتكلمت بالتثبّت والصدق,قال دمنة الكذّاب الذي يقول ما لم يكنْ وما لم يفعل,قال أنا فعلت الذي كان وصدّقت قولي بفعلي,فقال دمنة إنّ أهل ما ذكرت الذي يقول ما لم يكنْ وإنّي نطقت بالحقّ وجئت عليه بالتثبّت والحجّة,فقال دمنة إنّ أهل ما ذكرت الذي يقل ما لم يكن وينطق بغير حقٍّ ويزوغ عن الصدق ولا يثبت في فعاله ولا يحمل في مقاله,,,قال دمنة إنّ المحتال من يتّهموه بما لا يكون فأمّا أنا فقد قلت ما كان,قال دمنة الكذوب الذي يقول ما لم يمكن ويأتي بما لم يفعل وكلامي واضح مبين,قال دمنة إنّما الكذّاب الذي يقول ما لم يفعلْ وأمّا أنا فقد قلت الذي كان وصدقت بقولي وفعلي,قال دمنة إنّ الكذّاب الذي يقول ما لم يفعل وأمّا أنا فقد قلت الذي كان وصدقت في قولي وفعلي,,,قال لها دمنة الكذّاب الذي يقول ما لم يفعل وما لم يكن وأمّا أنا فقد قلت له الذي كان وصدقت في قولي بفعلي
181,3aed0787-f6d4-4a41-a3d9-2e5bf2f6f54d,Dimna Claims He Convinced Lion of Ox's Treason,,,,,,,,,,,وقد كان استبان لسيّدي ما ظهر من عداوة شتربة ورأى من علامات ذلك صدق قولي عنده وقولي واضح مبين,,,,,,
182,3815104d-4bf0-4213-a273-636ca7387753,Dimna Defines White Liar and Claims Fulfillment of His Duty,,,,,,,,,قال دمنة إنّ الكاذب من كافأ بالإحسان إساءةً وبالخير الشرّ وبالأمن الخوف وأمّا أنا فقد أنجزت ما وعدت ووفيت العهد,قال دمنة إنّ الكذوب من كافأ بالإحسان الإساءة وبالخير الشرّ وبالأمن الخوف فأمّا أنا فقد أنجزت الوعد ووفيت بالعهد,,,,,,,
183,9ae885cc-48b0-4aa2-8f2b-4936164797bf,The Mother Asks for Proof of Dimna's Truthfulness,,قالت أمّ الأسد وما الذي كنت قلته فصدقت فيه بفعلك,قالت أمّ الأسد ما الذي قال فقلته وما قولك الذي صدقته,قالت أمّ الأسد ما الذي كنت قلت وما الذي صدقت به,,قالت أمّ الأسد ما الذي كنت قلته وما الذي صدقته,فقالت أمّ الأسد ما الذي كنت قلت وما الذي صدقته به,فقالت أمّ الأسد ما الذي قلته للملك وما الذي صدقته فيه,,,,,قالت أمّ الأسد وما الذي قلته وصدقت فيه,,,,
184,56d04336-46d8-4622-aed1-e37e4a6d5790,The Mother Asks What Duty Dimna Fulfilled,,,,,,,,,قالت أمّ الأسد ما وعدك الذي أنجزت وعهدك الذي وفيت,قالت أمّ الأسد ما وعدك الذي أنجزت وعهدك الذي به وفيت,,,,,,,
185,8c2a0b83-15c9-4c87-a4c5-067c70178116,Dimna Cites His Courage to Speak at Court as Proof,,قال دمنة سيّدي يعلم أننّي لو كنت كاذبًا لم أقلْ هذا القول بين يديه وذلك دليل على أنّه ليس لي ذنب يخزيني به,فقال دمنة الملك يعلم أنّي لو كنت كاذبًا لم أقل هذه المقالة وقد استبان له صدقي ولعلّي أبرأ ببراءتي,فقال دمنة الملك يعلم إنّي لو كنت كاذبًا لم أقلْ هذه المقالة كاذبًا عنده وأنا أرجو أن يستبين له صدقي وبراءتي وصحّة ما قبلي,,فقال دمنة الملك يعلم أنّي لو كنت كاذبًا لم أقل هذه المقالة عنده وأنا أرجو أن يستبين له صدقي وصحّة كلامي,فقال دمنة الملك يعلم أنّي لو كنت كاذبًا لم أقل هذه المقالة عنده وإنّي أرجو أن يستبين له صدقي وبراءتي وصحّة ما قلت,فقال دمنة الملك يعلم أنّي لو كنت من أهل الريب أو تكلّمت بشيءٍ من الكذب لم أنبّهه لمعاديه ولا أيقظته لمناوئه وأنا أرجو أن يستبين له صدقي وبراءتي وصحّة أمري وأن لا يبوء بإثمي ولا يتقلّد سفك دمي,قال دمنة سيّدي يعلم أنّي لو كنت كاذبًا لم أجترئ على الكلام عنده بالباطل وانتحال الكذب,قال دمنة الملك يعلم أنّي لو كنت كاذبًا لم أقل هذه المقالة عنده عن انتحال من انتحل عنده,,,,,ויאמר דמנה המלך יודע כי אם כזבתי לא דברתי כל אלה הדברים. לפני המלך והשרים. ואני בוטח במלך כי לא יבזה ענותי. וענתה בי צדקתי.,,والملك يعلم أنّي لو كنت كاذبًا لم أقلْ هذا القول بين يديه فهذا دليل أنّي ليس لي ذنب ولا خطيئة أستحقّ بها القتل
186,435decd1-35af-4018-9f4f-a6fffd01240f,The Lion's Silence Makes the Mother Doubt,|فشكَّتِ الوالدةُ الكبيرَهْ ### في الأمرِ بعد العِلْمِ والبصيرَهْ |قالت عساهُ صادِقٌ في ما حَكى ### وأنّ مَن أبلغَني قد أَفَكا |لو لم يكنْ مِنه بريئًا ما نَطَقْ ### إنّ المُريبَ حَصِرٌ مِنَ الفَرَقْ |لا سيّما في مجلسِ السلطانِ ### إنّ البريءَ ثابتُ الجَنانِ |فأمسكتْ بعدُ عن المحاورَهْ ### لمّا رأتْهُ حَسَنَ المناظرَهْ,فلمّا رأت أمّ الأسد إنّ الأسد مستمعًا لكلام دمنة غير رادّ عليه شيئًا ممّا يقول ارتابت وظنّت أنّ الأسد يعرف بعض ما يقول دمنة في براءته وغدره,فلمّا رأت أُمّ الأسد الأسد لا ينطق شكّت في أمر دمنة وقالت لعلّه مكذوبٌ عليه فيما رمى به شتربة,فلمّا رأت أمّ الأسد الأسد لا ينطق بشيء شكّت في أمره وقالت لعلّه مكذوب عليه برئ ممّا رمُي به,فلمّا رأت أمّ الأسد أنّ الأسد لا ينطق بشيء شكّت في أمره وقالت لعلّه مكذوب عليه بريء ممّا رُمي به,فلمّا رأت أمّ الأسد ذلك ورأت أنّ الأسد لا ينطق في أمر دمنة بشيء سكتت وقالت لعلّه مكذوب عليه فيما رُمي به,فلمّا رأت أمّ الأسد أنّ الأسد لا ينطق بشيء في أمر دمنة شكّكت في أمره وقالت لعله مكذوب عليه ممّا رُمي به,فلمّا رأت أمّ الأسد أنّ الأسد لم يتكلّم بشيء شكّت في أمر دمنة وقالت لعلّه مكذوبٌ عليه وأنّه بريءٌ ممّا رمي به,فلمّا رأت أمّ الأسد لا يزيده كلام دمنة إلّا لينًا ارتابت وداخلها الخوف شفقًا أنّ الأسد يرى بعض ما يقول دمنة في براءته وعذره,فلمّا رأت أمّ الأسد أنّ الأسد لكلام دمنة غير رادّ عليه شيئًا ممّا يقول ارتابت وظنّت أنّ الأسد يغترّ ببعض ما يقول دمنة في براءته وعذره [ارتابت],فلمّا رأت أمّ الأسد أنّ الأسد لا ينطق بشيء ارتابت في نفسها,,,,ותקצוף אם האריה על בנה. יען אשר לא גער בדמנה. ולכל דבריו לא ענה. ותאמר בלבה אולי כזבו עליו. והוא נקי כפים ובר במעלליו.,,فلمّا رأت أمّ الأسد أنّ الأسد ساكت لا يقول شيئًا قالت في نفسها لعلّ دمنة بريء ممّا رموه به ولعلّه مكذوب عليه
187,1267e109-66b4-4f0e-a8ea-4369be115b78,Who King and Court Listen to in Silence Appears Truthful,,,فقالت للأسد إنّ المعتذر عند الملك بمحضرٍ من الجند لا يُردّ عليه شيءٌ من قوله لشبيه أن يكون صادقًا بما نطق بل يراه كذلك الجند,فإنّ المعتذر عند الملك *بمحضر الجند لا يردّ عليه شيئًا من منطقه,قالت إنّ المعتذِر عند الملك بحضرة الجند لا يرَدّ عليه بشيء من منطقه لشبيه أن يكون معذرًا صادقًا لما نطق بل كذلك براءة الجند,فإنّ المعتذر عند الملك بمحضر الجند لا يرَدّ عليه شيء من منطقه يمكن أن يكون محقًّا فيما تكلّم,فإنّ المعتذر عند الملك بمحضر من الجند لا يرَدّ عليه شيء من منطقه لشبيه بأن يكون محقًّا فيما تكلّم به,فإنّ المعتذر عند الملك بمحضر الجند ولا يرَدّ عليه بشيءٍ من منطقه شبيهٍ بأن يكون محقًّا فيما تكلّم به,,,,,,,כי האומר כדבריו לפני המלך ושריו. ואין איש יכזיבהו. ועל בשת שקריו לא ישיבהו. נחשב נאמן בכל מפעליו. לכל הנצבים עליו.,,
188,43747ea3-68bc-4b00-8b21-e8162c504c28,Silence in an Argument Means Approval,,فقالت أمّ الأسد أنّ الصمت عند الاحتجاج من الخصم دليل على تحقيق ما يقول فلذلك قالت العلماء من قضى لصاحبه في جماعة الناس بشيء يقوله في أمره فلم يجبْه للقول في سكوته فقد سكت في سكوته عن قول صاحبه ثمّ نهضت فخرجت من عند الأسد,,,,,,,فقالت للأسد إنّ الصمت على حجج الخصم لشبيهٌ بالإقرار بحقيقة ما يقول ومن هنالك قالت العلماء أقرّ صامتٌ ثمّ قامت وهي غضبانة فخرجت,[فقالت] إنّ الصمت عن احتجاج الخصم لشبيه بالإقرار بحقيقة ما يقول ولذلك قالت العلماء أقرّ صامت فخرجت,وقالت للأسد إنّ العلماء قد قالوا من قصد صاحبه بقول في جماعة من الناس فلم يجبه المقول فقد صدّق بسكوته قول صاحبه فيه ثمّ نهضت فخرجت,قالت أمّ الأسد العلماء منكم من قضى حاجته فيه ثمّ نهضت فخرجت,,,כי המחריש על דברי אשר לו הריב ועל מעניו. כמו המודה לו על אמונת ענייניו. ואמרו הקדמונים כי המחריש מודה. והעונה יצדק פעמים ופעמים הוא בודה. ואחר כך יצאה בחמה. על כי לא מהר לעשות בו נקמה.,,
189,cc99a65d-e1b8-4a26-949b-76e865fa9122,Mother Asks Lion's Knowledge of Dimna's Veracity or Treason,,,,,,,,,,,,,ثمّ قالت للأسد أتعرف بعض ما يقول دمنة في براءته وغدره,ثمّ قالت للأسد أتعرف بعض ما يقول دمنة في براءته وغدره,,,
190,f5bf7ce1-3568-45d4-977a-1877544cfc77,Lion Hands Dimna Over to Judge for Investigation,|وحُبِسَ الشقيُّ حتّى يَظهَرا ### ما كان مِن أحوالِهِ مُستَتَرا,وأمر الأسد عند خروجها أن يُدفع إلى القاضي بالتوثيق منه حتّى يُفحص عن أمره فتُرك في حلقه سلسلة وانطُلق به إلى السجن,فأمر الأسد عند ذلك بدمنة !فقدمت في عاتقه جامعةً إلى عنقه وانطلق به إلى السجن فحُبس وأمر الأسد بالنظر في أمره والفحص عنه,فأمر الملك بدمنة فقُذف في عنقه جامعة ثمّ حبس وأمر بالنظر في أمره,فأمر الأسد عند ذلك بدمنة فقُذفت في عنقه جامعة وأمر به إلى السجن وأمر بالنظر في أمره *والمسألة عنه,فأمر الأسد عند ذلك بدمنة أن تُقذف في عنقه جامعة ثمّ يُحبس لينظر في أمره,فأمر الأسد عند ذلك دمنة فقُذفت في عنقه جامعة ثمّ حُبس وأمر بالنظر في أمره,فأمر الأسد عند ذلك بدمنة فقُذفت في عنقه جامعةٌ ثمّ حُبس وأمر بالنظر في أمره والفحص عنه,فأمر الأسد بدمنة فجُعلت الجامعة في عنقه وحبس وأمر بالفحص عنه,وأمر الأسد بدمنة أن يُرفع إلى القاضي بالاستيثاق منه والفحص عن شأنه,فدفع الأسد دمنة إلى القاضي فأمره بالفحص عن أمره وأن يلقى إليه ما يكون من قوله وعذره,فدعى الأسد دمنة إلى القاضي,فأمر أن يُحمل دمنة للقاضي ويُفحص عن شأنه,فأمر أن يُحمل دمنة إلى القاضي والفحص عن شأنه,כראות האריה ויצו על דמנה לאסרו. וישימו עול ברזל על צוארו. ויצא לכל עבדיו ולשמרו אמר. ויניחוהו במשמר.,,قال فعند ذلك أمر الملك بدمنة أن يُجعل في عنقه غلّ وأمر به أن يُطرح في السجن حتّى يُنظر في أمره فمضوا به إلى السجن
191,5d1626c8-f354-416d-9042-df07380017c3,Scene 4. Lion and His Mother,,,,,,,,,,,,,,,,,
192,f1fbea4b-b3cb-430f-987f-951df7d57963,The Mother Knows about Dimna's Infamy,,,فقالت أُمّ الأسد قد بلغني عن هذا الفاجر الكذّاب شرّ ما قيل في أحدٍ,فقالت أمّ الأسد قد بلغني عن هذا الفاجر الكاذب شرّ ما يقال,فقالت أمّ الأسد بلغني عن هذا الفاجر الكذّاب شرّ ما يقال في أحد,,فقالت أمّ الأسد لقد بلغني أنّ هذا الفاجر الكذّاب شرّ ما يقال من أحد,فقالت أمّ الأسد إنّه قد بلغني عن هذا الفاجر الكذّاب المنافق شرّ ما يقال في أحدٍ,فقالت أمّ الأسد له إنّي لم أزلْ أسمع بمكر دمنة منذ زمان ثمّ حقّق عندي ما سمعت من إفكه وافتعاله المغادير وكثرة مخارجه بغير صدقٍ ولا براءةٍ,ثمّ إنّ أمّ الأسد عادت إلى الأسد فقالت إنّي لم أزلْ أسمع بمكر دمنة ودحسه منذ زمان فحقّق ذلك عندي ما سمعت من إفكه وافتعاله المعاذير وكثرة مخارجه من غير صدق قول ولا وضح عذر,,,,,צורת דמנה אסור בבית הסוהר ותאמר אם האריה אל בנה הגד הוגד לי כי הפושע והבוגד הזה צרות רבות ובהלות ושמועות ומעשים קלים ובזויים. אשר לא נבראו בכל הארץ ובכל הגוים. אשר יצור השקר בצורת האמונה. והסכלות בצורת התבונה. ועתה אם לא הדחתו ידיחך. ובחלק שפתיו ירפה מזיחך.,,فقالت له أمّ الأسد عند ذلك لقد بلغني عن هذا الفاجر المخادع الكاذب ما فعل وصنع وأمره ما خفي على أحد والذي ذكر لي ذلك عنه الصادق الأمين
193,e078dd6e-34f6-462b-b596-e5476a1ae61a,Dimna Has a Bad Reputation,,ثمّ إنّ أمّ الأسد عادت من ردّ إلى الأسد وقالت لم أزلْ اسمع الكبير والصغير يذكر نميمة دمنة وسوء عمله ولا سيمّا في أمر الثور الذي كان خاصّتك ثمّ زادّ ذلك عندي تصديقًا لـقول الأمين الصدوق,وقد تتابعت الألسن عليه بالذمّ وهو لك محيلٌ ليس يشتكل أمره على أحدٍ وقد ذكره الأمين !إلى صدقٍ,وقد تتابعت الألسن بذلك عليه,وقد تتابعت عليه الألسن وهو لذلك محتمِل ليس يشكّك أمره على أحد وقد ذكر إليّ الأمين المصدّق,فقالت أمّ الأسد !ومتى بغت الألسن بذلك عليه وهو محَقّ وليس يخفى على أحد حاله والذي ذكر ذلك الأمين المصدّق,وتتابعت الألسن عليه وهو له مُحيل وليس يخفى أمره عليّ والذي ذكره لي الأمين الصدوق,وتتابعت الألسن بذلك عليه وأشاروا كلّهم بيد المقت إليه ثمّ قالت أمّ الأسد أيّها الملك إلى كم تستعمل التأنّي والثبات في أمر هذا الظالم والعدوّ والآثم وقد تبيّن غدره وظهر شرّه ولم يخفَ على أحدٍ أمره والذي ذكر ذلك لي الأمين المصدّق,فإنّ الصغير والكبير من جندك عرفا بنميمة دمنة لعلما (وعلما) بفضائحه وما هجس في نفسي شكٌّ من نطقه ساعةً من ليلٍ ولا نهارٍ وما يحضرك من مغاديره ومفارقته لسيّئ الأخلاق ثمّ خاصّةً في أمر البريّ الناصح خير الوزراء شتربة,,,,,,,,
194,f002611e-3f7d-495a-900f-6a13cf1452c0,The Mother Tells the Lion not to Listen to Dimna,,فلا تسمعنّ قول دمنة وما يجيء من خدعه وخلابته فإنّ سوء عمله قديم وقد اغتالك في الكذب والخديعة وقد صار له خلقًا فإن تريد الواجب فتجمع جندك,,,,,,,,,,,,,,,
195,e1720784-b3d9-4de6-93c6-8f10ea1efc77,Dimna Will Lie to Defend Himself,,,,,,,,,فإنّك إن أمكنته من الكلام دافعك عن نفسه بالحجج الكاذبة,فإنّك إن أمكنته من الكلام دفعك عن نفسه بمشتبه الحجج الكاذبة,,,,,,,
196,80522ab3-827f-4fd6-8cd2-a9ff27ef1295,The Mother Tells the Lion Not to Debate Dimna,,,فاسترحْ منه وأرحْ جندك ولا تناظره,,واسترحْ منه وأرحْ منه جندك ولا تناظره,فاسترحْ منه ولا تناظره,فليسترحْ منه ولا يناظره,فاسترحْ منه ولا تناظره ولا تطلب في أمره من تشاوره,,,,,,,,,
197,7ab897a2-e9c1-430a-81c6-3cb332a6d348,The Mother Tells the Lion to Kill Dimna,,ولا تنتظرنّ بقتل دمنة,,,,,,,وفي قتله لك ولجنودك راحةٌ عظيمةٌ فعاجلْ قتله ولا تأخذْك فيه هوادة ولا يوقفْك عنه شبهةٌ,وفي قتله لك ولجنودك راحة عظيمة فعاجلْ بقتله ولا تأخذْك فيه هوادة ولا !توقعْك في قتله شبهة,,,,,,,فاقتلْه يا ولدي ولا تبقيه
198,197d30a6-7b81-4cf5-9148-ad54fc2a759a,"If Unstopped, Dimna Will Continue His Crimes",,,,,,,,,وما يأتي علّي يومٌ إلّا أستجدّ فيه عن شرارة خلق دمنة خبرًا ويقينًا صادقًا فلا يشكّنّ عليك ذلك في أمره فإنّك إن تتركه بتسطير المقال وإلجام (وإلحام) الباطل لم تعجزْ خلابته ومكره ولم تقصرْ خديعته وتمويهه أباطيله فقد استعاد الكذب وهو منه خلقٌ راسخٌ وطبيعةٌ لازمةٌ والراحة لك ولجندك ترك المناظرة والقتل له بذنبه,,,,,,,,
199,f45ddf36-122e-4296-9520-3e0db4c932a3,The Lion Tells the Mother to be Silent,,قال الأسد لها اسكتي واعتبري فإنّي ناظر في هذا الأمر بالذي ينبغي,قال لها الأسد اسكتي فإنّي ناظرٌ في أمره وفاحصٌ عنه,,قال الأسد اسكتي عنه وأهدئي فإنّي ناظر في أمره وفاحص عنه,فقال الأسد اسكتي عنّي فإنّي ناظر في أمره وفاحص عنه,فقال الأسد اسكتي عنّي واهدئي فإنّي ناظر في أمره وفاحص عنه,فقال الأسد اسكتي عنّي واهدئي فإنّي ناظرٌ في أمره وفاحصٌ عن شأنه,,,,,,,ויאמר לה האריה החרישי ממני עד אשר אשאל ואדרוש ואחקור ואח״כ אשלים או אעבור. ואיך נפשו לקחת אהי צודה.,,فقال لها الأسد أنا ناظر في أمره وفاحص عنه
200,fdca3f2a-586a-4172-bf60-80eaf12f7faa,Courtiers Envy Each Other,,فإنّ الذين يلزمون أبواب الملوك طبعهم وخلقهم تحميل بعضهم على بعض بالنميمة والكذب حسدًا وبغيًّا يطلب به هلاكهم,,,,,,,قال الأسد إنّ من شأن بطانة الملوك وقرابتهم تنافس المنازل بينهم ودخول البغي والحسد من بعضهم على بعضٍ ثمّ على ذي الرأي والنبالة منهم لخاصّة [كذا],قال الأسد لأمّه إنّ من شأن بطانة الملك وقرابتهم تنافس المنازل بينهم ودخول الحسد والبغي من بعضهم على بعض في ذلك ثمّ ذو الرأي والنبالة منهم خاصّة هم المبتلون بذلك,,,,,,,
201,89d1cef1-fca0-4c3b-b712-37c3b1257e2a,The Lion Praises Dimna,,وخاصّة من أحسّوا عنده فضل غنًا وقولًا ومروةً وهذه كلّها موجودة في دمنة,فإنّ دمنة ذو دهاءٍ عاقلٍ فطنٍ,,فإنّ دمنة لبيب دهيّ عالم أديب فطن,فإنّه لبيب داهية عالم فطن,,وإنّه عاقلٌ أديبٌ وحازمٌ لبيبٌ عالمٌ بمجاري الأمور بصيرٌ بنوائب الدهور قد حنّكته التجارب وأدّبته النوائب,,,,,,,והוא ערום מכל חית השדה.,,لأنّه لبيب ذو دهاء عالم فطن
202,a1f8f5a9-3dd4-45ce-88b1-a6598942d1dc,Dimna's Position is Subject to Envy,,,,,,,,,وقد [علمت] أنّ مكان دمنة قد نقل ثقل على (غير) واحدٍ من جنودي وأهلي فلست أدري لعلّ الذي أرى وأسمع من جماعتهم وإجماعهم عليه لبعض ذلك,وقد علمت أنّ مكان دمنة يثقل على غير واحد من أصحابي وأهلي فلست أدري لعلّ الذي أرى وأسمع من إجماعهم عليه لبعض ذلك,,,,,,,
203,eae6851e-d038-4dfd-8ed1-f59bf09c6aab,The Lion Wants to Avoid Haste,,,وأنا متيقّنٌ أمره ولن أعجل ولا أتبّع هواي وهوى من لا أدري صدقه من كذبه,فإنّي لا أشتري بهواي ضرّ نفسي,فأنا أبحث عن أمره ولن أعجل ولا أشتري ضرّ نفسي باتّباع هوى من لا أدري ما صدقه من كذبه,وأنا متثبّت في أمره غير عاجل عليه ولا أشتري ضرّ نفسي باتّباع هوى غيري ممّن لا يُدرى صدقه من كذبه,وغير عاجلٍ عليه ولا أشتري ضرّ نفسي باتّباع هوى غيري ممّن لا أدري ما صدقه من كذبه من الذي وصفت,وأنا متثبّتٌ في أمره ولست بالعاجل عليه ولا بباسط يد السوء إليه حتّى ينكشف لي أمره ويظهر عندي غدره ولا أشتري ضرّ نفسي باتّباع هوى غيري ممّن لا أدري ما صدقه من كذبه,وأنا أكره العجلة في أمره فإنّ العلق الصالح لا يُستهلك إلّا في حقّه وموقع القدر فيه لمن استهلكه ولا أجدني معذورًا باتّباع نفسي والمعاجلة له دون الفحص والثبات,فأنا أكره العجلة في أمره فإنّ العلف الصالح لا ينبغي أن يُستهلك إلّا في حجّة وفيما العذر واضح فيه لمن استهلكه,,,,,על כן אחקור ולא אמהר המיתו. ולתאות משנאיו לא אחיש להשחיתו.,,وأنا أخاف إن عاجلته بالقتل بقولهم أخاف أن اكتسب لنفسي إثمًا وعارًا باقيًا لكنّي أبحث عن هذا الأمر
204,fc267fef-15f5-42eb-9ee7-0c0291043704,Lion Repeats Question for Mother's Source,,فحدّثيني من عرّفك بهذا الأمر,فأعلمني من الأمين الذي *ذكرت لي وسمّيته,فقال الأسد اعلميني من حدّثك بأمر ***,فأعلميني من هو الأمين الذي ذُكر وسمّيه لي,فأعلميني مَن الذي وصفت وسمّيتيه لي,فسمّيه لي,فأعلميني من وصفت وسمّي لي هذا الذي ذكرت,فحدّثيني باسم هذا المحدّث لك الأمين المصدّق فيما زعمت,,,,,,הגידי לי מי הגיד לך את תרמיתו. כי העם חומדים איש את עמיתו.,,فأخبريني من أخبرك هذا الخبر ومن أسرّه إليك
205,45f57379-01b2-4ae8-ab33-5d4059762728,The Mother Names the Leopard,,فقالت أمّ الأسد أنّ الأمين الصدوق المخبر هو خليلك وأمينك وصفيّك ومكتّم سرّك النمر,قال هو خليلك وأمينك ومؤدّبك النمر,فقالت أعلمني خليلك وأمينك,قالت هو خليلك وأمينك ومؤدّبك النمر,فقالت أمّ الأسد هو خليلك وأمينك النمر,فقالت أمّ الأسد هو خليلك ومؤدّبك وأمينك النمر,فقالت أمّ الأسد هو خليلك وأمينك في مودّتك النمرُ,قالت أمّ الأسد الأمين عندي المخبر لي هو المصدّق عندك والمؤتمن على سرّك وصفيّك ونصيحك النمر,,,,,,ותאמר אם האריה כי המגיד לי הוא צדיק ונאמן רעך הנמר. אשר מדבר שקר ירחק וישמר.,,قالت أمّ الأسد أخبرني به الأمين الصادق الناصح لك النمر وهو صفيّك وصاحب أمرك وهذا هو والأمر أمرك فاصنعْ ما شئت قال ورجعت أمّ الأسد من عند ابنها
206,f9e497f5-7cc7-48cf-b680-875cb9b9d7cc,Lion Promises to Act and Dismisses His Mother,,فقال لها الأسد حسبك سترين ما أصنع به فانصرفي,,فقال الأسد حسبك,,فقال الأسد حسبك سترين ما أصنع فانصرفي فانصرفت,فقال الأسد بحسبك سترين ما أصنع به وآمر فيه فانصرفي,فقال الأسد حسبك سترين ما أنا صانعٌ به فانصرفي,قال الأسد كوني بخيرٍ واسلمي فإنّي قد بدا لي من الرأي فيما ينبغي فانصرفت أمّ الأسد بسكون جأشها وطيب نفسها وأخذ الأسد مضجعه,,,,,,ויאמר האריה עתה תראי באמונה. אשר אעשה לדמנה.,,
207,15c27590-fcf8-4ace-aedb-ed70489e3dac,The Judge Has Dimna Taken to Prison,,,,,,,,,ولمّا أُدخل دمنة السجن وغُلظ عليه الوثاق,ثمّ إنّ القاضي أمر بدمنة إلى السجن فغُلّظ عليه الوثاق,فأخذه القاضي وأمر أن يُترك في عنقه جامعة ويُنطلق به إلى السجن,فأمر القاضي بحبسه وألقى في عنقه حبلًا وانطُلق به إلى السجن,ثمّ ألقى في عنق دمنة حبلًا وأمر به,فألقى في عنق دمنة حبلًا ومضوا به إلى السجن,,,
208,06d1ad47-92e9-4470-bcba-af217229b730,Scene 5. Kalila and Dimna in Prison,,,,,,,,,,,,,,,,,
209,fb54e456-220e-4a0d-806b-558e152baa02,Kalila Seeks out Dimna in Prison,|فبلغتْ أخبارُهُ كليلَهْ ### وَهْوَ بصيرٌ بوجوهِ الحيلَهْ |فجاءَ يسعى نحوَهُ مبادِرا ###,فلمّا ذهبت أمّ الأسد وانتصف الليل أُخبر كليلة أنّ دمنة قد أوثِق وحُبس فرقّ عليه لطول صحبته وإخائه فانطلق إليه إلى السجن مستخفيًا,فلمّا ذهبت هدوة من الليل بلغ كليلة أنّ دمنة قد أصبح في وثاق فانطلق إليه,فلمّا بلغ كليلة أنّ دمنة حبس انطلق ودخل *عليه,فلمّا ذهبت هدأة من الليل بلغ كليلة أنّ دمنة قد اُنطلق به إلى السجن في وثاق فانطلق إلى دمنة,ولمّا ذهب *جزء من الليل بلغ كليلة أنّ دمنة قد حُبس واُستوثق منه فانطلق إليه,فلمّا ذهبت هدأةٌ من الليل بلغ كليلة أنّ دمنة قد حُبس واُستوثق منه فانطلق إليه يهمس همسًا,فلمّا ذهبت هدأةٌ من الليل بلغ كليلة أنّ دمنة قد حبس واُستوثق منه فجاءه,أُخبر كليلة أنّ دمنة قد ردّ إلى السجن فداخلته له رقّةٌ وأدركته فيه ذمامةٌ [كذا] لطول الصحبة والممالحة والإخاء الذي كان بينها فانطلق له مستخفيًا,فدخل كليلة له رقّة وأدركه منه ذمام لقديم الإخاء وطول الصحبة وصافي المودّة التي كانت بينهما فانطلق إليه مستخفيًا,فلمّا انتصف الليل أخبر كليلة أنّ دمنة قد انطُلق به إلى السجن فأتاه مستخفيًا,فلمّا انتصف الليل أُخبر كليلة إن دمنة في الحبس فأتاه مستخفيًا,فلمّا انتصف الليل سمع كليلة أنّ دمنة في السجن فانطلق مستخفيًا,فلمّا انتصف الليل سمع كليله أنّ دمنة في السجن فانطلق مستخفيًا,ויוגד לכלילה כי דמנה המלך לכדו. ובבית הסוהר הפקידו. וירץ אליו אל בית הסוהר מתחבא מפני הנרגנים. ומסתתר מפני השונים.,,وعلم كليلة أنّ أخوه دمنة في السجن فانطلق لينظر كيف حاله فوجده موثوقًا
210,25919348-38d3-402f-9de3-b86bf06bae7f,Kalila Weeps when Seeing Dimna,وكَفْكَفَ الدمعَ الغزيرَ الهامِرا |لمّا رآهُ بالقيودِ موثَقا ### قد حلَّ في السجنِ محلًّا ضيِّقا,فلمّا رآه موثوقًا بكى,فلمّا رآه موثّقًا بكى,فلمّا رآه بكى,فلمّا رآه موثقًا بكى,فلمّا رآه بكى بكاء شديدًا,فلمّا رآه موثقًا بكى بكاءً شديدًا,فلمّا رآه بكى,حتّى لقيه في السجن فبكى كليلة حين نظر إليه وإلى ما هو فيه من الغمّ والضيق والبلاء,حتّى لقيه في السجن فبكى حين نظر إليه وإلى ما هو فيه من الضيق والغمّ,فلمّا رأى ما هو فيه من ضيق القيود وحرج المكان بكى,فلمّا [صحّ] [فلمّا] رآه وما هو عليه من أضيق القيود وحرج المكان بكى,حتّى لقيه ونظر إليه ورأى ما هو فيه من الضيق والغمّ وسوء الحال,حتّى لقيه ونظر إليه ورأى ما هو فيه من الضيق والغمّ وسوء الحال,ויראהו בעולו. וישא בבכי קולו.,,
211,35661841-c2be-4419-b603-7f13ea017673,Kalila Admits Having Been Harsh on Dimna,|وقال هذا كنتُ أخشى ولقدْ ### قلتُ فلم تسمعْ لخلٍّ مُعتمَدْ,وقال له قد صار أمرك إلى ما لا أبالي أن أغلط لك معه في القول ولا أن !استغب لك بما تكره ولكنّك هل تذكر ما كنت أقول لك وأنصحك وأشير به عليك,وقال قد صار أمري إلى ما لا أبالي أن أغلظ لك في القول معه ولا يستقبلك بما تكره ولكن هل تذكر الذي قلتُ له وأشرت به عليك,وقال قد ضاق أمرك إلى ما لا أقدر أغلظ لل في الكلام ولا استقبالك بما تكره ولكن هل تذكر الذي كنت أقول لك وأشير به عليك,وقال قد صار أمرك إلى ما لا أبالي ألّا أغلظ لك في القول معه ولا أستقبلك بما تكره ولكن هل تذكر الذي كنت أقول لك وأشير به عليك,وقال لا أغلظ لك في القول ولا أستقبلك بما تكره ولكن تذكّرْ الآن الذي كنت أقول لك وأشير به عليك,وقال قد بلغ الأمر بأخي إلى ما لا أبالي ألّا أغلظ لك معه في الكلام ولا أستقبلك بما تكره منه وإنّه ليخطر ببالي ما كنت أشير به عليك ولقد كنت رأيت ذلك وأبلغت في الموعظة,وقال له لقد صار أمرك إلى ما لا أبالي أن أغلظ لك معه في الكلام ولا أستقبلك بما تكره منه ولكن هل تذكر الذي كنت أقول لك وأشير به عليك به,ثمّ قال له إنّ ما أنت فيه لكافيك من عظتي ولكن لا يمنع ذلك من أذكارك من حقّك في النصيحة لك والتقدّمة إليك,ثمّ قال له إنّما أنت فيه لكافيك من العظة ولكن لا بدّ من إذكارك قضائي حقّك في النصيحة لك والتقدمة إليك,وقال له ما وصلت إلى ما وصلت من سوء الحال إلّا باستعمالك الغلظة وإضرابك عن الاستماع للعظة ولكن لا بدّ لي من إنذارك والنصيحة لك والمسارعة إليك في خلوص الرغبة,وقال له ما وصلت إلى ما وصلت إليه إلّا لاستعمالك الغلظة وإضرابك عن العظة ولكن لا بدّ لي من إنذارك والنصيحة لك والمسارعة إليك في خلوص الرغبة,فقال له أنت في هذا الضيق الذي جناه عليك سوء رأيك فإنّي وسأذكّرك ما كنت أفضي إليك من النصيحة,فقال له أنت في هذا الضيق الذي جناه عليك سوء رأيك وسأذكّرك ما كنت أفضي إليك من النصيحة,ויאמר אחי אחי תוכחתי לא תועילך. ומוסרי לא תצילך. התזכור כל אשר הוכחתיך. ותוכחתי ברוע יצרך שכחת. ומצותי זנחת. ולא שמעת לקול מוריך בזדונך. ולמלמדך לא הטית אזנך. ובחרת בעצתך. והנך ברעתך.,,فقال له قد صار أمرك إلى ما أرى ولا أبالي أن أغلظ لك معه في الكلام ما كنت تذكر الذي كنت أقول لك وأشير به عليك
212,fd96956e-6bdc-419c-9505-0a2886b93e6f,Withholding Advice Would Have Made Kalila Complicit,,,,,,,,,فإنّ لكلّ مقالٍ موضعًا ولو كنت قصّرت في عظتك حين احتجت إلى ذلك منّي في حال العافية كنت اليوم شريكك في الذنب,فإنّ لكلّ مقالة موضعًا ولو كنتُ قصّرت في موعظتك حيث احتجتَ إلى ذلك منّي في حال العافية كنت اليوم شريك في الذنب,فإنّ لكلّ مقام مقال ولكلّ موضع مجال ولو كنت قصّرت في عظتك حين كنت في عافية لكنت اليوم شريكك في البلاء,فإنّ لكلّ مقام مقال ولكلّ موضعٍ مجال ولو كنت قصّرت في عظتك حين كنت في عافية لكنت اليوم *شريكك في ذنبك,فإنّ لكلّ مقامٍ مقال ولو كنت قصدت أثرك كنت اليوم شريكك,فإنّ لكلّ مقامٍ مقال ولو كنت قفيت أثرك لكنت اليوم شريكك,,,
213,3778078d-3663-4334-9ccc-9dbef49eec75,Conceit Caused Dimna's Demise,خَبًّا مُعجَبًا برأيِكا ### وواثِقًا باللطفِ مِن دهائِكا |حتّى رُميتَ بالنآدِ الصَّيْلَمِ ### من يَثْنِ أبطالَ الرجالِ يُكْلَمِ,فلم تلتفت إلى قولي ورأي ولم تأخذ بهما إلّا عجابًا برأيك ودهائك,فلم تلتفت إليه ولا تأخذ به عجبًا بنفسك ورأيك فويلٌ لحكمك وفطنتك كيف يُنزعان منك مع إشرافك علي الهلكة,فلم !تكلّفت إليه ولا تأخذ به لإعجابك بروحك وبرأيك وأين علمك وعملك وفطنتك كيف ترعى منك فقد أشرفت على الهلكة,فلم تلتفت إليه ولم تأخذ به عجبًا برأيك فويل لحملك وفطنتك كيف نزع منك وأشرفت على الهلكة,فلم تلتفت إليه ولم تأخذْ به لإعجابك برأيك ودهائك وفطنتك كيف نُزعت منك وأشرفت على الهلكة,فلم تقبل منّي ولم تأخذ به لإعجابك برأيك فويلٌ لحلمك وفطنتك لقد ضلَّا عنك ونُزعا منك وذهبا مع حياتك ضياعًا,فلم تلتفت إليه ولم تأخذ به من إعجابك برأيك ودهائك ويلٌ لذكائك ولفطنتك بزعامتك أشرفت على الهلكة,ولكنّ الإعجاب بنفسك دخل بك مدخلًا قهر رأيك وعملك,ولكنّ الإعجاب دخل منك مدخلًا فهو الذي رابك وغلبك,غير أنّ العُجب قهر رأيك وغلب على عقلك وقد كنت أضرب لك كثيرًا من الأمثال,غير أنّ العجب دخل منك مدخلًا قهر رأيك وغلب على عقلك وكنت أضرب لك الأمثال كثيرًا وأدلّوك قول العلماء,غير أنّ !الجبّ تمكّن منك فغاب عقلك وكنت أضرب لك كثيرًا من الأمثال وأذكّرك قول العلماء,غير أنّ العُجب دخل منك مدخلًا فهزأ بك وغلبت على عقلك وكنت أضرب لك من الأمثال كثيرٌ,,,فلم تلتفت عليه ولم تعمل به إعجابًا بنفسك وبمكرك ودهائك كيف تدع ذلك منك حتّى أشرفت على الهلكة والموت
214,e9997571-3025-4126-b4ce-ce1f9c0cfb7b,The Schemer Dies Before His Time,|رُبَّ لطيفٍ قد سعى واحْتالا ### عادَ عليه كيدُهُ وَبالا |بُعْدًا وسُحْقًا للذكاءِ والأَدَبْ ### إذا دعا صاحَِبُه إلي العَطَبْ |لا خَيْرَ في فضلٍ يجُرُّ نَقْصا ### أردتَ قُربًا فغدوتَ تُقْصى,وقد قيل إنّ المحتال يموت قبل أجله,,,فإنّ العلماء قد قالوا لا !لمحل وأنت تعلم أنّك !حي قبل أجلك,,,,وقد كنت أضرب لك مثل قول العلماء إنّ المحتال يموت قبل أجله,وقد كنت اخترت لك قول العلماء إنّ المحتال يموت قبل أجله مثلًا,وقد قالت العلماء إنّ المحتال يموت قبل احتياله,وقد قالت العلماء إن المحتال يموت قبل أجله,,وأذكّرك قول العلماء إذ قالوا إنّ المحتال يموت قبل أجله,ואמרו הזקנים כי הפתלתול ימות מהפתלתלו. ובראשו ישוב עמלו.,,
215,4619b28e-1356-4506-bfd0-833fb6469647,Kalila Calls Dimna's Situation Worse Than Death,|لَهْفي على ذاك الذكاءِ والحِكَمْ ### كم أَبْرَما نَقْضًا وكم سَدّا ثُلَمْ |لا تَجْزَعَنْ فكلُّ شيءٍ يَهْلَكُ ### المرءُ يبكي والقضاءُ يَضْحَكُ |هذا وربَّ حكمةٍ لا تنفعُ ### إنّ الشقاءَ بالشقيِّ مولَعُ |ما كنت إلّا داءَ نفسِ الحاسِدِ ### والناسُ أَلْفٌ مِنهُمُ كَواحِدِ,وليس ذلك لانقطاع الحيوة ولكن لما صرت إليه ممّا الموت أروح منه ويل لحلمك وفطنتك وعلمك كيف نزعتا منك,,,وأنت قد فارقت كلّ خير نيتك وإثارك هواك أو دفعك الخير وسرعتك إلى الشرّ,,,,وليس قولهم يموت قبل أجله انقطاع الحياة ولكن بدخول الأشياء التي تفسد الحياة كنحو ما أنت فيه ممّا الموت أروح منه,وليس قولهم يموت قبل أجله بانقطاع الحياة ولكن بدخول أشياء تفسد الحياة عليه كنحو ما أنت فيه ممّا الموت أروح منه,وليس قولهم يموت بمعنى انقطاع الحياة ولكن أشاروا إلى تقديم جميل الذكر والمنزلة وهما طلبي إليك ونصيحتي لك,,,وليس قولهم يموت بانقطاع *الحياة وانصرام العمر وإنّما يموت بانقطاعه عن الدنيا في السجن كحالك هذا,וכבר נפלת בשיחה כרית ונלכדת ברשת זדים. אוי לך ואוי לחכמתך. ואוי למדעך ותבונתך. וישא קולו בקינה. צר לי עליך אחי דמנה.,,
216,05d14b08-e459-415c-9eda-2bf62ab25352,Dimna Cites His Greed as Cause for Not Listening,|قال له دمنةُ نِعمَ الصاحِبُ ### أنت ونِعمَ الخِلُّ والمُقارِبُ |لقد نصحتَ جاهِدًا لا تَأْتَلي ### وقلتَ لي نصيحةً لا تَفْعَلِ |وكيف لا أفعلُ والمقادِرُ ### تعمى بها الأبصارُ والبصائِرُ,قال دمنة إنّك لم تزلْ تتكلّم بخيرٍ وتأمر به ولكن لم أكنْ أستمع منك ولا أقبل منك لما كان بي من الشره والحرص والرغبة في طلب المنزلة وما كُتب عليّ من البلاء والشقوة ولولا ذلك لكان فيما وعظتني به ما مثله انتهى اليه وحمدت عاقبته,قال دمنة إنّك لم تزلْ تتكلّم بالحقّ وتأمر به ولكنّي لم أكنْ أسمع منك لدرك الشقاء واتّباع الشهوة وشره النفس ولولا ذلك كان فيما قد وعظتني به زاجرًا,قال دمنة إنّك لم تزلْ تتكلّم بالحقّ وتأمر بالصواب لم أكنْ أستمع منك كان في من الشره والشهوة ولما كنت على من البلاء والشقوة ولولا ذلك كان فيما وعظتني به ما مثله انتهى إليه وحمدت عاقبته,قال دمنة إنّك لم تزلْ تكلّم بالحقّ وتأمر به ولكن لم أسمع منك لدرك الشقاء واتّباع الشهوة وشره النفس ولولا ذلك كان فيما وعظتني به ما أستمع له,فقال دمنة إنّك لم تزلْ تتكلّم بالحقّ وتأمر به ولكن لم أقبلْ منك وغلبتني الشهوة لما كنت عليه من البلاء والشقوة ولولا ذلك كان فيما وعظتني به كفاية وحمدت عاقبته,فقال دمنة إنّك لم تزلْ تتكلّم بالحقّ وتأمر به ولكن لم أسمعْ منك لما كان فيّ من الشره والشهوة ولما كُتب عليّ من البلاء ولولا ذلك كان فيما وعظتني به ما مثله أنتهي إليه وأنتفع برأيك فيه,فقال إنّك لم تزلْ تتكلّم بالحقّ وتأمر به ولكنّي لم أكنْ أسمع منك ولا أقبل عليك لما كان فيّ من الشره والشهوة لما كنت عليه من الشقاء ولولا ذلك كان فيما وعظتني به ما مثله ينتهي إليه وتحمد عاقبته,قال دمنة لم تزلْ منذ كنت تقول الحقّ بجهدك وقد كنت تعظني وتنصحني ولكنّ شدّة النفس والحرص على طلب المنزلة استحال رأيي وسفه نصحك عندي,قال دمنة لم تزلْ منذ عرفتك تقول بالحقّ جهدك وقد كنت بحقّ إخائي مؤدّيًا تعظني وتنصحني ولكنّ شره النفس والحرص على طلب المنزلة أرداني ومنعني الانتفاع بنصحك لي,,,قال دمنة يا أخي الحرص على المنزلة وطلب الذكر منعاني الانتفاع برأيك ونُصحك إيّاي,قال دمنة يا أخي الحرص على طلب المنزلة والذكر هما منعاني الانتفاع برأيك ونصيحتك لي,צורת,,قال له دمنة إنّك لم تزلْ تتكلّم بالحقّ وتأمرني به لكنّي لا أسمع منك ولا أقبل ذلك لما كان من عادتي من الشهوة والشره وكلّ ذلك لما كُتب عليّ من الشقاوة ولولا رأيك كان فيما وعظتني به كفاية
217,59e397ae-769c-4fbb-9104-2cc116af4375,Who Ignores Friends’ Advice Comes to Regret,|من استغشَّ الناصِحَ الشَّفيقا ### كان بما يكرَهُهُ حَقيقا |من خالفَ الرأيَ غَوى ومَن عَجِلْ ### زلّ وإن كان لَبيبًا وخَجِلْ |من لم يخَفْ عواقِبَ الأمورِ ### آلَ به الأَمْنُ إلى المَحْذورِ |من لم يطِعْ نصيحةَ اللبيبِ بُلي بكلّ مُشكلٍ صَعوبِ,ومن كان مبتلًى بالشره والحرص ولم يسمع من أهل ودّه ونصحائه يصير أمره إلى الندامة,وقالت العلماء إنّ الذي لا يسمع من إخوانه ونصحائه يصير أمره إلى الندامة,وقد قالت العلماء إنّ الذي يسمع من إخوانه ونصحائه يصير أمره إلى الندامة,وقد قالت العلماء أنّ الذي لا يستمع من إخوانه ونصحائه يصير إلى أمر الندامة,وقد قالت العلماء إنّ الذي لا يسمع من أصحابه يصير أمره إلى الندامة,قالت العلماء إنّ الذي لا يسمع من إخوانه ونصحائه يصير أمره إلى الندامة,وقد قالت العلماء الذي لا يسمع من إخوانه ونصحائه يصير أمره إلى الندامة,,,,,,,,,وقد قالت العلماء إنّ الذي لا يسمع من إخوانه ونصحائه وأهل ودّه ما يشيرون عليه تصير عاقبة أمره إلى الندامة
218,d625243e-78ed-488a-88b9-f1e703d457a4,Dimna's Ambition Dominated Him,,وقد حلّ ذلك بي اليوم ودخل عليّ ولكن ما عشت بشره النفس وطموحها الذين يغلبان رأي الحكيم وعلم العالم,وقد حلّ ذلك بي ولكن ما عسيت أن أصنع فإنّ الحرص والشره يذلّ حكم الحكيم وعلم العالم,وقد حلّ ذلك بي فدخل عليّ ولكن ما عسيت أن أصنع فإن الحرص وطموح النفس يغلبان رأي الحكيم,وقد حلّ فيّ ذلك بي ولكن ما عسيت أن أصنع فإنّ الحرص والشره والشهوة يغلبن حلم الحليم وعلم العالم,وقد حلّ ذلك بي ودخل عليّ ولكنّ الحرص وطموح النفس يغلبان رأي الحكيم ونظر العالم,وقد حلّ ذلك بي ولكن ما عشيت أن أصنع فإنّ الحرص وطموح اليقين يغلبان رأي الحليم ونظر العالم,وقد حلّ ذلك بي ودخل عليّ ولكن ما عسيتُ أن أصنع فإنّ الحرص وطموح العين يغلبان رأي الحليم !ويصيّران العالم,,,,,,,,,وقد حلّ ذلك بي ودخل عليّ ولكن ما عسى أن أصنع الآن قد جرى القضاء وغلبت الشقاوة عليّ فإنّ الحرص وطموح النفس تغلبان الحكيم على رأي الفساد ونظر العالم
219,d3a3e403-7924-4a07-8033-a28b58d0427c,Desire for Noxious Food Kills the Patient,|كمُدنفٍ لم يُصْغِ للطبيبِ ### فساقَهُ الداءُ إلى شَعوبِ,كالمريض الذي قد عرف أنّ مضرّته في شهوته من الطعام وإنّ ذلك يزيد في وجعه فلا يدع تناوله والإضافة منه فيزداد مرضًا لعله يموت منها,كالمريض الذي يعلم أنّ شهوته من الطعام شرٌّ له في مرضه وأنّه معقبه الوجع الشديد فلا يدعه شره نفسه وشهوتها فيزداد مرضًا ولعلّه يقتله,ونظر المريض العالم الذي قد عرف أنّ شهوته من الطعام مضرّة له ومشددة عليه *الوجع ولا يدع تناولها والإصابة منها فيزداد مرضًا لعلّه يموت فيه,كالمريض الذي يعلم أنّ شهوته من الطعام شرّ له في مرضه وأنه معقبه الوجع الشديد فلا يدعه لشره نفسه وشهوتها فيزداد مرضًا ولعلّه يقتله,كالمريض الذي لا يترك شهوته من الطعام وهو يعلم أن تناوله مؤذٍ له وأن بإصابته منه يزداد مرضًا ولعلّه يموت منه,كالمريض الذي قد عرف أنّ شهوته من الطعام مضرّة به مشدّدةٌ للوجع عليه فلا يدع تناولها والإصابة منها فيزداد مرضًا ولعلّه يموت منه,كالمريض الذي قد عرف أنّ شهوته من الطعام مضرّةٌ به مشدّدةٌ للوجع عليه ولا يدع تناولها والإصابة منها فيزداد مرضًا لعلّه يموت منه,كالمريض المولع بالطعام الذي عرف أنّه يغلّظ مرضه ويضرّ بجسمه فيدع معرفته وينقاد لشهوته,كالمريض !المؤلّم !بالعظام الذي يعرف مضرّته له فيدع معرفته انقيادًا لشهوته,,,,,כי הוא כמו החולה אשר ידע מאכל רע אשר יציקו ויאכלינו. ובמלאת ספקו יצר לו כל יד עמל תבואינו.,,كالمريض الذي علم أنّ شهوته من الطعام مضرّة به فلا يدع تناوله والإصابة منه فيزيده ذلك مرضًا إلى مرضه ولعلّه يموت منه
220,cc376c67-2d7e-4980-9c6f-52929589af34,Dimna's Late Recognition of His Greed Doesn't Help,|وليس بي إلّا الحياءُ والخَجَلْ ### فإنّه لا موتَ إلّا بأَجَلْ,,,,وكذلك أنا حملتني الشهوة ورغبة النفس على الذي فعلته وأنا أعلم بأنّه لا يصلح فلم يزلْ ذلك من علمي,,,,,,,,,,,,
221,a67680dd-4c29-494b-9f19-297ca6633f88,Evil Sown Sprouts in Its Own Time,,,,,,,,,وقد عرفت أنّي زرعت لنفسي هذا البلاء لكنّ الزرع إنّما ينبت لأوانه وزمانه وإن تقدّم في زرعه وهذا أوان ما زرعت لنفسي,وقد عرفت أنّي زرعت البلاء لنفسي ولا ينبت إلّا بإبّانه وزمانه وإن تُقدّم في زرعه فهذا أوان نبت ما زرعته لنفسي,,,,,,,
222,115af55d-f629-4da1-be00-496b0bac35e7,Dimna Fears for Kalila,|ثمّ أخافُ بَطْشَهُمْ عليكا ### وأن تدُبَّ شَقْوَتي إليكا |وكيف لا أخشى وعَدْوى الشرِّ ### يخافُها الناسُ كعَدْوى العَرِّ,ولست أحزن اليوم على نفسي ولكنّي أحزن عليك لأنّي أخاف أن تؤخذ بسبي للذي كان بيني وبينك من القرابة والإخاء والمودّة,ولست أحزن اليوم على نفسي ولكنّي أتخوّف أن يكون هلكتك في !سبّي ولعلّهم يأخذونك بما يعلمون من ودّك إيّاي وقرب ما بيني وبينك,ولست أحزن اليوم على نفسي ولكن عليك لأنّني أخاف أن تؤخذ بسببي الذي بيني وبينك من القرابة والإخاء والمودّة,,ولست أحزن اليوم على نفسي ولكنّي أحزن عليك لأنّي أخاف أن تؤخذ بسببي للقرابة والإخاء,ولست أحزن اليوم على نفسي ولكن عليك لأنّي أخاف أن تؤخذ فيّ بسبب الذي بيني وبينك من القرابة,ولست أحزن اليوم على نفسي لكن عليك لأنّي خائفٌ أن تؤخذ بسببي للذي كان بيني وبينك من المودّة والإخاء والقرابة,وإنّما يشتدّ عليّ البلاء لخوفي أن يتهم (تتّهم) في أمري لما كان بيني وبينك,وممّا يزيد هذا البلاء عليّ شدّة تخوّفي إيّاك أن تُتّهم في أمري لما كان بيني وبينك,,,,,ולא אדע היום על נפשי כי אם עליך.,,ولست أحزن اليوم على نفسي لكن أحزن عليك لأنّي أخاف أن تؤخد بسببي والذي بيني وبينك من القرابة والإخاء والمودّة باقيًا إلى يوم القيامة
223,3c1f007b-bf39-4c80-9c5e-13331a5556da,Kalila Will Be Forced to Betray Dimna,|أخافُ أن تصدُقَ إن عُذِّبْتا ### قال له والله ما كذِبْتا |قد قال قومٌ قبلنا مَن عُذِّبا ### لِخَبَرٍ أظهرَه وَكَذِبا |زيادةً عليهِ خوفَ الضرِّ ### فذاك دفعُ شِرَّةٍ بشرِّ |وها أنا منصرفٌ فإنّني ### أخافُ بعضَ القومِ أن يسمعَني,فتُعذّب !وتجهد من إطلاعهم على أمري بدًّا فأقتل لتصديقهم إيّاك ولا تنجو أنت من بعدي,فيعذّبوك فلا تجد من إطلاعهم على سرّي بداً فأُقتل بتصديقهم لك ولا تنجو بعدي,فتعدّيت ولا تجد من إطلاعهم على أمري بدًّا,,فتعذّب ولا تجد بدًّا من إطلاعهم على أمري فـأُقتل لتصديقهم إيّاك ولا تنجو من بعدي,فتعذّب فلا تجد من إطلاعهم على أمري بدًّا فأُقتَل بإظهارك سرّي وتصديقهم إيّاك عليّ,فتعذّب فلا تجد من إطلاعهم على أمري بدًّا فأقتل لتصديقهم إيّاك ولا تنجو أنت من بعدي,وأخاف مع ذلك إن يبسط عليك بالعقوبة أن تعترف بما كنت اطّلعت عليه من أمري,فلعلّك أن تأتيك عقوبة وإن اعترفت ببعض ما كنت أطلعتك عليه من أمري,,,,,שיתגוללו ויתנפלו אליך. עד שתודיעם סודי. ותסבב את אדי.,,
224,c01d3cc6-628a-4909-94fa-da05ab590af2,Sincere Kalila Will Suffer by Association with Dimna,,,,,,,,,وأمّا الأخرى فإنّك ممّن لا يتّهم في صدق مقالته على البعيد فكيف من كانت منزلته مثل منزلتي,فيدخل عليّ في ذلك موتتان أحدهما ما يصل إليك فلا تُتّهم على البعد أفكيف لمن كانت منزلته منك منزلتي,,,,,,,وأنا أعلم أنّك لا تنجو من بعدي
225,9abb32d5-f43e-4fa5-a3de-24ec395ff8cb,Kalila Sees Life as Greatest Desire,,فقال كليلة قد فكّرت في ذلك وليس يعدل للرجل بالحياة شيئًا,قال كليله قد فكّرت في ذلك فلم أجد شيئًا يعدل الحياة,قال كليلة وقد فكّرت في ذلك وليس بعدك بالحيوة بشيء,,قال كليلة قد فكّرت في ذلك كلّه وليس يعدل الحياة شيئًا,فقال كليلة قد فكّرت في ذلك وليس يعدل بالحياة شيء,فقال كليلة قد فكّرت في هذا وليس بعد الحياة شيءٌ,,,,,,,ויאמר כלילה כבר הדבר הזה חשבתי. ומן התנפלם עלי נעצבתי.,,فليس تفيد لك الحياة شيء
226,8ab736cd-e328-4e64-a932-7312fe28d523,One Lies to Save One's Life,,وقد يضطرّ الرجل إذا نزل به البلاء ويصير إلى أن يقذف نفسه بما فعل وبما لم يفعل رجاء الحياة والتخفيف عنه,وقد يضطرّ الرجل إذا نزل به البلاء والعذاب أن يعرف نفسه بما لم يفعل ويعرف غيره طمعًا في الحياة وتخفيف العذاب عن جسده,وقد يضطرّ الرجل إذا نزل به البلاء أن يقرّ بما لم يفعل ويخبر بما لم يعلم رجاء الحيوة والتخفيف عنه,,وقد يضطرّ الرجل إلى أعظم من ذلك إذا نزل به البلاء أن يقذف نفسه بما لم يفعل رجاء الرخاء والتخفيف,وقد يضطرّ الرجل إذا نزل به البلاء إلى أن يقرّب نفسه بما لم يفعل ولم يعلم رجاء للحياة والتخفيف عنه,فقد يضطرّ الرجل إذا نزل به البلاء أن يقذف نفسه بما لم يفعل وعبّر بما عمل رجاء الحياة والتخفيف عنه من العقوبة,,,,,,,,,وقد يضطرّ الرجل إذا نزل به [[القضاء]] البلاء أن يقذف نفسه بما لم يفعل ويعيّرها بما لم يعمل رجاء الحيوة والتخفيف
227,1b5050ec-558d-4049-aced-79ad0131a62e,One Lies out of Fear,,,,,,,وقد قالت العلماء إنّه من أُريدت مهجته لأمر يُسأل عنه غير مقتصر على ما كان ولكنّه قائل ما لم يكن إشفاقًا عليها فالذي وجلت منه نفسك عليّ هو ما حاذرت,,,,,,,,,,
228,01bb2f04-4589-4995-bec1-0770a5f91838,One Lies under Physical Pain,,,,,,,,,قال كليلة قد عرفت وقد قالت العلماء إنّ الأجساد لا تصبر على العجلة لعذابٍ ولا تمتنع عنده من القول بكلّ ما دفعت به عنها من حقٍّ أو باطلٍ,قال كليلة قد عرفت ما قلت وقد قالت العلماء إنّ الأجساد لا تصبر على العذاب ولا !تسمع من القول عند ذلك بكلّ ما دُفع به عنها من حقّ أو باطل,,,,,,,
229,87086066-3616-4cae-8ca1-6982afcf57e7,Kalila Advises Dimna to Confess,|والرأي أن تُقِرَّ بالظُّلامَهْ ### فالقتلُ في الدنيا ولا القِيامَهْ,وأنا منطلق عنك قبل أن يدخل من الجند أحد فيراني عندك وأنا آمرك وأشير عليك أن تعترف بذنبك لأنّك لا محالة ميّت وأنّك إن تعاقبْ في الدنيا خير لك من أن تصير في العذاب الدائم من الآخرة,وأنا منطلقٌ قبل أن يدخل أحدٌ فيراني عندك وأنا آمرك أن تعترف بذنبك وتقرّ بجرمك فإنّك ميّت لا محالة ولئن تقتل في الدنيا بذنبك خيرٌ لك من عذاب الآخرة الدائم,وأنا منطلق قبل أن يدخل أحدًا فيراني عندك وأنا آمرك أن تعترف بجرمك وتبوء بذنبك فإنك ميّت لا محالة وإنّك إن تقتلْ فى الدنيا بما كان خير لك من العذاب الدائم في الآخرة,قال كليلة والآن أيضًأ آمرك إن سمعت منّي أن تُعرِّفه بذنبك وتُقر بجرمك فإنّك ميّت لا محالة وإن تقتلْ في الدنيا خير لك من عذاب الآخرة الدائم,وأنا منطلق قبل أن يدخل أحد فيرى أنّي عندك وأنا آمرك أن تعترف بذنبك وتقرّ بجرمك فإنّك ميّت لا محالة فإنّك إن تُقتلْ في الدنيا بما كان منك خير لك من العذاب الدائم في الآخرة,وقد طال مقامي عندك وأنا منطلقٌ خائفًا أن يدخل أحدًا فيراني عندك أو يسمع تحاورنا مستمع وأنا أشير عليك أن تعترف بجرمك وتبوح بذنبك فإنّك ميّتٌ لا محالةً وإنّك إن تُقتلْ في الدنيا بما كان منك خيرٌ لك من العذاب الدائم في الآخرة مع الأثمة الفُجّار,وأنا منطلقٌ قبل أن يدخل أحدٌ إليك فيراني عندك فأنا آمرك أن تعترف بجرمك وتقرّ بذنبك فأنت لا محالة معاقبٌ بذنبك فاعترافك في الدنيا والقصاص منك خيرٌ لك من العذاب الدائم في الآخرة,وإنّي لا أراك إذ نزلت بك هذه النازلة أن تبوء بذنبك وتعترف بإساءتك فتخرج نفسك من تبعة الآخرة بالتوبة ممّا صنعت فإنّك لا محالة هالكٌ فلا تجمع على نفسك هلاك العاجل والآجل,وإنّي لأرى لك إذ أُنزلت بهذا الحال أن تتوب من ذنبك وتعترف بما كان منك فتخرج نفسك من تبعة الآخرة بالتوبة ممّا صنعت فإنّك لا محالة هالك فلا تجمع على نفسك هلاك العاجل والآجل,,,,قال كليله قد عرفت صدق مقالتك لكنّ العلماء قالت إنّ الإثم لا يبعث على العذاب إذا وقف على الخطيئة التي تُراد بها نفسه وإن يُعاقبْ بجرم الدنيا خيرًا من عقوبته في الآخرة في جهنّم مع الآثمين,ועתה הנני יוצא מאתך. ושמע בקולי לאשר אני מצוה אותך. כבואם אליך. הודה להם רוע פעליך. ושתחושב בעולם הזה על כל חובה טוב לך משתחושב בעולם הבא. כי מוסר בעולם הזה רגע. ותוכחתו עת ופגע. ומוסר העולם הבא לפושעים הרבה. כי תולעתם לא תמות ואשם לא תכבה.,,قال له كليلة إنّي منطلق عنك قبل أن يدخل عليك أحد فيراني قد أتيت إليك وأنا آمرك أن تعترف بجرمك وتُقرّ بذنبك فإنّك ميّت لا محالة لأنّك إن تعذّبت بالدنيا بما كان من جرمك خير لك من عذاب الآخرة
230,a7660a4a-33bf-4ce1-b757-c7cdd5e0ca82,Kalila Judges Dimna's Situation Grave and Punishment Imminent,|وأنتَ يا دمنةُ شيخٌ فاني ###,,,,,,,,,,قال كليلة قد قبلت قولك ولكنّ فعل ذلك شديد وعذاب الأسد ومؤاخذته عظيمة وعقابه أليم,قال كليلة قد فهمت كلامك ولكنّ ذنبك عظيم وعقاب الأسد شديد أليم,,,,,
231,27fdca58-1e77-4220-a4ae-a272a4d682b6,Dimna Wants to Await the Verdict,قال لهُ ولَجَّ في العِصْيانِ |ما دمتُ أسطيعُ مِطالَ الأَجَلِ ### ودفْعَهُ عنّي بلطفِ حِيَلي |فلستُ بالمعترفِ المُقِرِّ ### لأَدْفَعَنَّ شرَّهُمْ بمَكْري,فقال له دمنة لقد صدقت ونصحت ولكنّي ناظر إلى الذي يصير إليه أمري وما يؤمر به فيّ,,قال دمنة قد صدقت فيما ذكرت ولكنّي ناظر إلى آخر ما يصير إليه أمري,,فقال دمنة صدقت ولكنّي ناظر فيما يصير إليه آخر أمري,قال دمنة قد صدقت فيما ذكرت ولكنّ العمل به شاقٌّ ولكنّي غير مخبرٍ كلامًا حتّى يُفرَق في أمري,فقال دمنة قد صدقت فيما ذكرت ولكنّي ناظرٌ إلى الذي يصير إليه آخر أمري,فقال دمنة قد صدقت ونصحت وأنا ذاكرٌ فيما ذكرت ولكنّ العمل فيه شاقٌّ مهولٌ مفظعٌ ولكنّي غير مخبرٍ كلامًا حتّى يفرق [كذا] لهم الرأي في أمري,فقال دمنة قد نصحت وأصبت وأنا ناظر فيما ذكرت ثمّ مجازيك في ذلك,,,ولكن أنا صابرٌ حتّى أنظر ما يكون من أمري,قال دمنة أنا سمعت قولك وفهمته ولكن أنا صابرٌ حتّى أنظر ما يكون من أمري,ויאמר דמנה שמעתי דבריך. וקבלתי אמריך. ועתה אחי לך ואנכי אשב בתנתי. אולי י״י אתי.,,قال له دمنة قد قبلت قولك لأنّي أعلم أنّ الرأي في ذلك لكنّي أصبر حتّى أنظر ماذا يكون من أمري
232,a8c6603a-2f42-4ccb-b458-22028fd8441c,Kalila Goes Home,|فعادَ عنه خائِفًا مِن المَلِكْ ### حيرانَ مِن بعد الذكاءِ مُرتَبِكْ,فرجع كليلة إلى منزله مهمومًا حزينًا,فانطلق كليله إلى منزله,ثمّ إنّ كليلة انطلق إلى منزله فوقع في همٍ وحزنٍ مخافة أن يؤخذ بذنب دمنة,وانطلق كليلة إلى منزلة فوقع في همّ وحزن مخافة أن يؤخذ بذنب دمنة,قال ثمّ إنّ كليلة انطلق إلى منزله فوقع في همّ وحزن وخاف أن يؤخذ بذنب دمنة,ثم إنّ كليلة انطلق إلى منزله فوقع في همٍّ وحزنٍ مخافة أن يؤخذ بذنب دمنة,وإنّ كليلة انصرف إلى منزله فوقع في همٍّ عظيمٍ وخوفٍ جسيمٍ مخافة أن يؤخذ بذنب دمنة فيعذّب أشدّ العذاب ويعاقب بأنواع العقاب,فانصرف كليلة إلى منزله مغمومًا يحدّث نفسه بكلّ بلاءٍ وشرٍّ,وانصرف كليلة مغمومًا مكروبًا خائفًا فمضى على وجهه هائمًا,ثمّ إنّ كليلة انصرف إلى منزله,ثمّ إنّ كليلة انصرف إلى منزله,ثمّ إنّ كليلة انصرف إلى بيته وقد اشتدّ حزنه وجزعه لذلك,ثمّ إنّ كليله انصرف إلى بيته وقال أنا المأخوذ بسبب دمنة واشتدّ حزنه وجزعه,וישב כלילה עני וכואב ומפחד שימות בשטנה. בדם אחיו דמנה. ותגדל עד מאוד דאגתו.,,قال فذهب كليلة إلى منزله ووقع في {همّ وحزن مخافة أن يؤخذ بذنب دمنة فاشتدّ حزنه وسهر ليلته
233,da377217-5b2b-44bb-931b-c8982fffc74b,Kalila Dies,|ثمّتَ فاضتْ روحُهُ وماتا ### وامتدَّ قد فارقَ ذي الحَياتا,فاستطلق بطنه فمات من ليلته,,ثمّ إنّ كليلة أصابه بطن فمات,فاستطلق بطنه ومات في ليلته,فانطلق بطنه في الليل فمات,فاستُطلِقَ بطنه فمات في ليلته,فشرب دواءً مسهلًا فاستطلق فمات من ليلته,فلم يزلْ كذلك حتّى هاج عليه بطنه فمات قبل أن يصبح,,فاستطلق بطنه فمات,فمات,وإنّ كليلة ممّا حلّ على قلبه من أمر دمنة مرض ومات من ليلته,وانطلق بطنه ومات من ليلته تلك,ויצעק ותצא רוחו עם צעקתו. ויפול מת ארצה מלא קומתו. צורת כלילה נופל מת,,فانطلق بطنه فمات من ليلته
234,f25ad49d-bb7f-45d9-9fa6-ee58c03c18eb,Prisoner Overhears Their Dialogue,|وكان في السجنِ قريبًا منهُما ### فهدٌ سجينٌ سامعٌ سِرَّهُما |فحفِظَ الحديثَ كيْ يقولا ### قولًا أكيدًا إن غدا مَسْؤولا,وقد كان في ناحية السجن سبع محبوس قريب من دمنة فاستيقظ لكلام دمنة وكليلة وسمع جميع ما تراجعا فيه وحفظه,,,,,وكان في السجن سبعًا وكان نائمًا قريبًا من كليلة ودمنة حيث اجتمعا في السجن فاستيقظ بكلامها فسمع جميع ما تحاورا فيه وتراجعاه بينهما فحفظ ذلك وكتمه,,وكان في السجن سبعٌ محبوسٌ كان نائمًا قريبًا من دمنة وكليلة حيث اجتمعا في السجن فاستيقظ بكلامها فسمع جميع ما تراجعا به بينهما فحفظ ذلك وكتمه فلم يذكرْه,وكان في ناحية السجن سبع محبوس وكان ما تراجع كليلة ودمنة بينهما من القول يسمعه فحفظ ذلك وسكت عليه,وكان بقربهما في السجن فهد معتقل يسمع كلامهما ولا يريانه فعرف معاتبة دمنة وكليلة على ما كان من دمنة وإقرار دمنة بسوء عمله وعظيم ذنبه فحفظ المحاورة بينهما وكتمها ليشهد بها إن هو سُئل عنها,وكان بقربهما في السجن فهد معتقل يسمع كلامهما ولا يريانه فعرف معاتبة كليلة لدمنة على سوء فعله وما كان منه وأنّ دمنة مقرّ بسوء عمله وعظيم ذنبه فحفظ المحاورة بينهما وكتمها ليشهد بها إن سئل عنها,وكانت أمّ الأسد قريبًا منهم فسمعت [محا] محاورتهما وكتمته لتشهد به على دمنة وقت الحاجة,وكانت أمّ الأسد قريبًا منهم فسمعت كلامهم جميعه وكتمته لتشهد به على دمنة وقت الحاجة,ובבית הסוהר נקרא זאב אסור שומע דבריהם. ומקשיב אל כל אמריהם. ויהי מחריש.,,{وكان بالقرب منهما فهد معتقل يسمع كلامهما ولا يريانه فعرف معاتبة كليلة لدمنة على ما كان منه وأنّ دمنة مقرّ بسوء عمله وعظيم ذنبه فحفظ المحاورة بينهما وكتمها ليشهد بها إن سئل عنها}
235,bfdec6ec-08f7-46fc-80c3-0ebec02584ac,The Mother Confronts Dimna in His Cell,,,,,,,,,,,,,فدخلت أمّ الأسد عليه وقالت كم هذا والغدر والمكر والخديعة والحسد للصالحين,,,,
236,f2f77441-ad1f-4088-acbd-969b14a9ff1c,Dimna Misses Kalila,,,,,,,,,,وبلغ دمنة هروب كليلة فبكى طويلًا أسفًا عليه وحزن على فراقه وقال ما أصنع الآن بالحياة وقد فارقني الأخ الصالح والصديق الناصح كليلة ما أرى ما قيل إلّا حقًّا,,,,,,,
237,bc57cfad-e948-4374-ac86-16a4b9e61727,Misfortunes Never Come Singly,,,,,,,,,,إنّ الإنسان إذا ابتُلي فأدبر بخته وسفل بعد ارتفاع توجّه إليه الشرّ ويعاوده الهمّ واكتنفه الغمّ والحزن وتراكم عليه الأشياء من كلّ جهة تطلبه المقادير وإن تحرّز منها وليس يغايب منها حتّى تصيبه ويقع,,,,,,,
238,0e28363c-d8ec-41eb-b51c-cf3dbf9b885b,Dimna Laments Misfortune in His Prime of Life,,,,,,,,,,كما وقعت في مُخلسي هذا وقد فارقت أترابي وفارقني أحبّتي وفُجعت بأخي ونزل بي في عنفوان شبابي ونبغة حداثتي ورونق شبيبتي وغاب منّي أخي وصفيّي كليلة حزينًا كئيبًا,,,,,,,
239,fd2caa44-5faf-4e43-9845-7a6ffbf7c8c3,Scene 6. Lion and Mother,,,,,,,,,,,,,,,,,
240,388cdfed-55be-4c45-bd25-1975ed5e7b1f,The Mother Calls In Lion's Promise to Act,|وباكَرَتْهُ تقتضيهِ الوَعْدا ### قالتْ صُنِ المُلْكَ وأَرْضِ الجُندا |وخُذْ مِن الخائنِ ثأرَ شتربَهْ ### تُرْضِ الإلهَ فيزيلُ غَضَبَهْ,ثمّ إنّ أمّ الأسد دخلت على الأسد فقالت له أذكر ما وعدتني به البارحة في أمر هذا الفاجر,فدخلت أُمّ الأسد على الأسد من الغد فقالت تذكّرْ الذي وعدّتني به البارحة في أمر هذا الفاجر,ثمّ إنّ أمّ الأسد دخلت على الأسد من الغد فقالت له الذي وعدتني به البارحة فافعلْه بحضرة جندك,ولمّا أن كان من غد دخلت أمّ الأسد على الأسد وقالت اذكرْ الذي وعدتني به البارحة في هذا الفاجر,ثمّ إنّ أمّ الأسد دخلت على الأسد من الغد فقالت اذكرْ الذي وعدتني به البارحة في أمر هذا الفاجر الغادر,ثمّ إنّ أمّ الأسد دخلت عليه من الغد فقالت اذكرْ الذي وعدتني البارحة في أمر هذا الفاجر,ثمّ إنّ الأسد دخلت عليه أمّه من الغد وقالت اذكر الذي وعدتني به البارحة في أمر هذا الفاجر,فأصبحت أمّ الأسد فذكرت للأسد أمر دمنة وعذره,ثمّ إنّ أمّ الأسد ذكرت دمنة وغدره بالأسد,ودخلت أمّ الأسد على الأسد فقالت له يا سيّد الوحوش والملوك حاشاك أن تنسى ما قلت البراحة فإنّك أمرت به لوقته وأرضيت بذلك ربّ العباد,ودخلت أمّ الأسد حين أصبحت على الأسد فقالت له يا سيّد الوحوش حوشيت أن تنسى ما قلت بالأمس وأنّك أمرت به لوقته وأرضيت به ربّ العباد,,وإنّ أمّ الأسد دخلت عليه,ותבא אם האריה אל בנה ותאמר לו זכור את אשר יעדתני. בדבר הבוגד הזה יחלתני. ואשר אמרת לשרים. שימהרו במשפט דמנה ואל יהו מאחרים. ולא ידעתי שכר טוב מהצמיתו. וחסד גדול יותר מהמיתו.,,قال ثمّ إنّ أمّ الأسد دخلت عليه وقالت له أنجزْ ما وعدته من قتل دمنة وليكنْ أمرك فيه كأمر الملوك الحازمة
241,a3699119-87d9-462d-b2f5-e9c9d2fea859,Who Helps Sinners Becomes Their Accomplice,,فإنّه يقال إنّ !المعيق لأهل الاثم شريك لهم في أعمالهم,فإنّه كان يُقال إنّ المعين لأهل الإثم على المتّهم شريكهم فيها,فإنّه يقال المعين لأهل الإثم شريك لهم في أعمالهم,فإنّه يقال إنّ المعين لأهل الإثم على أعمالهم فيشاركهم في الإثم في الآخرة,فإنّه يُقال المعين في أمر يكون شريكًا فيه,فإنّه قد قالت العلماء إنّ المعين لذي الآثام على خيانته شريك له في أعماله,فإنّه يقال المعاون لأهل الإثم شريكٌ لهم في أعمالهم,,,,,,وإنّ معين صاحب الشرّ يقاسمه الوزر يوم القيامة,ואמרו הקדמונים כי העוזר לרשע והמשאיר לו שארית. חבר הוא לאיש משחית.,,وقد قالت العلماء إنّ المعين على عامل السيّئات يوم القيامة يقاسمه في سيّئاته
242,77caae29-672d-4c1e-b323-3efe5ad03772,To Spare Criminals Is Like Killing the Innocent,,,,,,,,,وقالت إنّ استحياء الفجّار عديل قتل الأبرار وإنّ من استحيا فاجرًا شاركه في فجوره أو برًّا شاركه في برّه,وقالت إنّ استبقاء الفجّار يعدل قتل الأبرار وإنّ من استبقى فاجرًا أشركه في فجوره أو برًّا أشركه في أعمال برّه,,,,,,,
243,d2cd5514-b0d9-4483-830d-fc0ce5a209bc,Pious Acts and Curbing Sin Cannot Wait,,وقولك للجند إنّه ينبغي للملك أن يعمل بالتقوى ولا يتوانى في ذلك ولست أعرف من هو أعظم أجرًا من الاستراحة منه,,فإنّه ينبغي للمرء أن يعمل بالتقوى ولا يتوانى في ذلك فإنّي لا أعلم أمرًا أنت أعظم أجرًا من الاستراحة منه,,وقولك لجندك إنّه لا ينبغي للمرء أن يعمل بالتخمين ولا تتوانى في ذلك فإنّي لا أعرف أمرًا أعظم أجرًا من الاستراحة منه,وقولك لجندك إنّه لينبغي للمرء أن يعمل بالتقوى ولا يتوانى في ذلك وإنّي لا أعرف أمرًا أعظم أجرًا من الاستراحة منه,وقولك لجندك إنّه ينبغي للمرء أن يعمل بالتقوى ولا يتوانى في ذلك وإنّي لا أعرف أمرًا أعظم أجرًا من الاستراحة منه,,,وقد قالت العلماء لا تتوانى في العمل بالتقوى ولا تُدافعْ بذنب الآثم,وقد قالت العلماء لا ينبغي للإنسان أن يتوانى في الجدّ للتقوى بل ينبغي أن يدافع بذنب الأثيم,,وقالت إنّ العلماء قد قالوا إنّه لا يجب للعاقل أن يتوانى في عمل التقوى وينبغي أن يدافع بالعمل بالإثم,,,فإنّي أحفظ من قولك إنّ العلماء قالوا لا تتوانى بعقوبة الفاجر ولا تدعْ من يستوجب القتل بحضرتك حيًّا
244,160c299d-1d02-4540-951c-3868bf3d59d2,Mother Finds Dimna's Sins and Speech Equally Harmful,,,,,,,,,,,وإنّي لا أعلم أَذَنْب دمنة أعظم أم كلامه بحضرتك أخطر,,,,,,
245,6fbc3892-584b-4fa8-9191-cc54885e69bc,Lion Orders Leopard and Judge to Try Dimna,|فقال للجواس والنمر اذْهَبا ### واسْتخبِرا عمّا جَناه واكْتُبا |لكلّ ما يجري فإنّي ناظِرُ ### فيهِ كما قد تُكتَبُ المحاضِرُ,فأمر الأسد النمر والقاضي أن يجلسا مجلس الحكم ويدعوا بدمنة على رؤوس الجند والعامّة ثمّ يسألان عنه ويفحص عن أمره ويرفعان إليه الذي يذكر لهما عنه وجوابه إيّاهم ولا يدعا من ذلك شيئًا إلّا أنهياه إليه والمسئلة لدمنة عن عذرٍ إن أدّعاه أن يحكم في ذلك بالعدل المعروف ولا يأخذ فيه الملك دون استحقاق حقيقة الحكم,فأمر الأسد خليله وصفيّه المعجب الوَشْي النمر وسبعًا آخر يُقال له خوانوبان كان ذوا دهاء وتثبّت وهو القاضي أن يجلسا ويدعوا بدمنة ويُحضر لهم الأمناء ويُفحص عن أمره ويُرفع إليه الذين يذكرون من أمره وما يجيب به دمنة ولا يُدع شيء من أمره حتّى يذكر لهم إلّا رُفع إلى الأسد بحقّه وصدقه يومًا بيوم لتعرف صحّة ما فرّق به من عذره وذنبه,فأمر الملك النمر وهو أمينه ومؤدّبه والدبّ هو القاضي أن يجلسا ويدعوا دمنة على *رؤوس الجند ثمّ يسألا عنه ويرجعان إليه الذي يذكر لها من جوابه وجوابهم ولا يدعا من ذلك شيئًا إلّا انهياه إليه,فأمر الأسد النمر والقاضي أن يجلسا فيدعوا بدمنة ويُحضر أمره الجند ويسألا عنه ويفحصا عن أمره ويرفعا إليه ما يكون من أمره وجواب دمنة إيّاهم وأن لا *يدعا شيئًا من أمره يذكره لهم إلّا دفعوه إليه يومًا يومًا,فأمر الأسد النمر والقاضي أن يجلسا ويدعوا بدمنة على رؤوس الجند ثمّ يسألا عنه ويرفعا إليه الذي يُذكر لهما وجواب الجند له ولا يُدع من ذلك شيئًا إلّا يُرفع إليه,فأمر الأسد النمر والقاضي أن يجلسا ويدعوا بدمنة على رؤوس الجند ثم يسألا عنه ويرفعا إليه الذي يذكرون لهما منه وجوابه إيّاهم فيه ولا يدعا من ذلك شيئًا إلّا أنهياه إليه,فأمر الأسد بالنمر والقاضي أن يجلسا *ويُدعى بدمنة على رؤوس الناس ثمّ يسألانه ويرفعا إليه الذي يذكرون لهما منه ويصفون لهما عنه ولا يدعا من ذلك شيئًا إلّا أنهياه إليه,فأمر الأسد القاضي والنمر بتعجيل النظر في أمر دمنة والمسألة عنه في عامّة الناس وأن يرفعوا إليه ما يلحق بدمنة من ذنبٍ أو سبيلٍ وما ادّعى دمنة من عذرٍ أو مخرجٍ,فأمر الأسد القاضي بالنظر في أمر دمنة والمسألة عنه وأن لا يؤخّر ذلك وأن يرفع إليه ما يلحق دمنة من حجّة وما يدلي به من مخرج له,فلمّا سمع الأسد كلام أمّه أمر أن يُحضر النمر هو وصاحب القضاء فلمّا حضر قال له ولحواص العادل اجلسا في مجلس الحكم وناديا في الجند صغيرهم والكبير أن يحضروا وينظروا في حال دمنة ويبحثوا عن شأنه ويفحصوا عن أمره ويكتبوا قوله في كُتُب القضاء ويرفعا قوله يومًا فيومًا,فلمّا سمع الأسد كلام أمّه أمر أن يُحضر النمر وهو صاحب القضاء فلمّا حضر قال له ولجواش العادل اجلسا في موضع الحكم وناديا في الجند صغيرهم وكبيرهم أن يحضروا وينظروا في حال دمنة ويبحثوا عن شأنه ويفصحوا عن ذنبه ويثبتوا قوله وغدره في كتب القضاء ويرفعا ذلك إليه,,فلمّا سمع الأسد قول أمّه أمر بالنمر فدخل عليه ثمّ أجلسه مجلس القضاء *وأحضر الجند جميعهم وأمر أن يُعمل على دمنة مجلسًا عامًّا ليسمعوا الناس ما يقول عن نفسه ويُرفع ذلك إلى الملك,ויצו האריה את הנמר ואת השופט שישפטו באמונה. משפט דמנה. ושישאלו וידרשו ויבינו. ויחקרו היטב ואחר ידינו. ויכתבו את כל מעניהם. ואת כל דבריהם לעיניהם. ויקראו לפני המלך ספריהם.,,قال ثمّ إنّ الأسد سمع كلام أمّه فأمر النمر والقاضي أن يجلسا *ويُدعى دمنة على رؤوس الجند ثمّ يسألا عنه ويرفعا إليه الذي يذكره لهما وجوابه إيّاهم ولا يُدع من ذلك شيئًا إلّا أنهياه إليه
246,3ab7f9db-f6b2-4046-a7f2-8329a58fa07b,"Scene 7. Dimna's Process, Day One",,,,,,,,,,,,,,,,,
247,12379cb1-36ca-457c-b884-b4525ecc3300,Leopard and Judge Convene Trial,,فخرجا لدمنة لذلك,فخرج النمر والقاضي فقعدوا وأُحضر الجند وأُتي بدمنة مغلولًا فوُقف وسط الجماعة,فخرجا به,فخرج النمر والقاضي فقعدوا وأحضر الجند وأمر أن يؤتى بدمنة,,فخرجا لذلك وجمعا الجند وبعثوا إلى دمنة,فخرجا به لذلك,فخرج النمر والقاضي ينظران في ذلك من أمره فبعث إلى دمنة من يأتي به فلمّا أتوا به توسّط محفل مجلسهم,,,,,ففعلوا *وأحضروا دمنة بين يديّ النمر,ויקבוץ כל הסגנים הגדולים. ושרי החיילים.,,قال فخرجا عند ذلك وجلسوا في مكان القضاء ونادوا جميع العساكر والجند أن يجتمعوا وينظروا في شأن دمنة ويبحثوا عن أمره وما كان من سعايته ومكره
248,7028e029-ed15-4f15-b645-5d5eb426d780,Leopard and Judge Prepare the Trial,,,,,,,,,,,فلمّا سمع النمر وجواس ذلك قالا سمعًا وطاعة لما أمر الملك وخرجا من عنده فعملا مقتضى ما أمر به حتّى إذا ما مضى من يوم جلسوا فيه ثلاث ساعات أمر القاضي أن يُؤتى بدمنة,فلمّا سمع النمر وجواش العادل وكان هذا جواش عمّ الأسد قالا سمعًا لما أمر الملك وخرجا من عنده فعملا بمقتضى ما تقدّم به إليهما حتّى إذا مضى من يوم جلسوا فيه *ثلاث ساعات أمر القاضي أن يؤتى بدمنة,,,,,قال فلمّا سمع النمر والجند والقاضي ما أمرهم به الأسد قالوا السمع والطاعة لك أيّها الملك ثمّ خرجوا من عنده وفعلوا ما أمرهم به الملك
249,56e2268d-a876-413d-9ff8-f2855d4b21ef,Herald Convokes People to Trial ,,,,,,,,,,,,,,,,,قال فنادى المنادي في أجناس الوحوش كلّها إنّ الملك يأمركم بالاجتماع لتشهدوا بمناظرة دمنة الخائن وما يكون من أمره فلا يتأخّر أحد عن هذا المجلس
250,82d52c69-5726-4168-a498-98d12681478d,Dimna Is Brought before Court,|فوَقَّفا دمنةَ بين العسكرِ ### في موقفِ المقَرِّرِ المستخبَرِ,,,,,,,,,,فأُتي به فأُقيم بين يديه والجماعة حضور,فأتى به *فأقيم بين يديه والجماعة حضور,,,,,قال ثمّ إنّ القاضي أمر بإخراج دمنة من السجن وأتوا به وفي عنقه غلّ وفي رجليه قيد وأحضروه في وسط المجلس على حالته
251,1efdae08-c348-42e1-908a-e3b9e64dc620,Leopard Recalls the Lion’s Sorrow for Killing the Ox,|حتّى إذا ما حضروا قال النمِرْ ### نارُ أبي الحارثِ أضحتْ تستعِرْ |وقلبُهُ قد كادَ غيْظًا ينفطِرْ ### وعيشُهُ عادَ بغَمٍّ مُستمِرْ |يقولُ ما أشكُّ أنّ دمنَهْ ### أضرمَ في قلبي نارَ الإِحْنَهْ,ثمّ أنّ النمر جمع الجند فقال أيّها الجند إنّ الملك منذ قتل شتربة مهمومًا حزينًا لأنّه فعل ذلك به على غير ذنب إلّا لتحميل دمنة له وبغيه عليه,فقال النمر أيّها الجمع اسمعوا فإنّ الملك مُذ قتل شتربة محزونٌ مغمومٌ يرى أنّه قتله بغير ذنبٍ بنميمة دمنة وكذبه,ثمّ إنّ النمر قال أيّها الجند إنّ الملك لم يزلْ بعد قتل شتربة مهمومًا حزينًا كئيبًا لأنّه يرى أنّه فعل ذلك على غير ذنب إلّا لتحميل دمنة عليه وبغيه,فلمّا أتى به قام النمر فقال أيّها الجمع اسمعوا أنّ الملك لم يزل منذ قُتل شتربة مهمومًا لبيبًا حزينًا يرى أنّه قتله على غير ذنب وما كان إلّا تحيّل دمنة ونميمته,قال ثمّ إنّ النمر قال أيّها الجند إنّ الملك لم يزل منذ قتل شتربة مهمومًا كئيبًا لأنّه فعل ذلك بغير ذنب لحيلة دمنة وبغيه عليه,فلمّا أُتي به توسّط محفلهم فانتصب النمر قائمًا وجهر بصوته وقال قد علمتم معشر الجند ما دخل على الملك من التألّم بقتل شتربة والتوجّع له ولم يزل مهمومًا حزينًا ومُلامًا أن يكون دمنة شبّه عليه في أمره وأرهقه فيه مَينًا وباطلًا وأحبّ أن يستيقن ذلك وقد نصب للنظر في أمرهما,ثمّ إنّ النمر قال أيّها الجند إنّ الملك لم يزلْ منذ قتل شتربة مهمومًا حزينًا مكتئبًا لأنّه فعل ذلك به على غير ذنب لما رفعه عنه دمنة إليه ونعته في مقالته عليه,فانتصب قائمًا فجهر النمر بصوته وقال إنّكم قد علمتم معشر الجند الذي دخل على الملك من الخونة في قتل شتربة شفقًا من أن يكون أنهوا باطلًا في أمره وشبّه عليه دمنة بالكذب في السعاية به والذي يحبّ أن يستضيء به من ذلك ونصبه إيّانا للنظر في ذلك,فنصبه للناس وأعلم العامّة ما أمر به الملك في أمر دمنة من تفحّص عنه والاستبراء لما عند الخاصّة والعامّة من علم ما كان منه والمسألة لدمنة مع ذلك عن عذر إن كان له,فلمّا استقرّ به المكان نادى سيّد الجمع بأعلى صوته أيّها الجمع إنّكم قد علمتم أنّ سيّد السباع لم يزل منذ قتل شتربة حائر النفس كثير الهمّ والحزن يرى أنّه قتل شتربة بغير جرم وأنّه أخذه بكذب دمنة ونميمته وقد أمرني وهذا القاضي أن نجلس مجلس القضاء ونبحث عن شأن دمنة,فلمّا استقرّ به المكان نادى سيّد الجمع بأعلى صوته أيّها الجمع إنّكم قد علمتم أن سيّد السباع لم يزل منذ قتل شتربة خاسر االنفس كثير الهمّ والحزن يرى أنّه قد قتل شتربة بغير ذنب وأنّه أخذه بكذب دمنة ونميمته وهذا القاضي قد أمر أن يجلس مجلس القضاء ويبحث عن شأن دمنة,,ثمّ قام النمر وقال بأعلى صوته أيّها الجمع اعلموا أن سيّد السباع وملكها يرى أنّ قتل شتربة على غير جرمٍ بقول دمنة ونميمته وقد أمرني أن أجلس مجلس الحكم العادل وأفحص عن أمره,ויאמר להם שמעו דבר המלך כי הוא מיום המיתו את שנזבה מתאבל ודואג. ומשתומם ושואג. על אשר קטלו. והוא לא חטא לו. כי אם בתרמית דמנה החנף והמרע. ובשרירות לבו הרע. ובבצעו ובקנאתו. ובזדונו וברעתו.,,فقال سيّد الجميع وهو النمر أيّها الجمع الحاضرون من سائر الوحوش إنّكم قد علمتم أنّ الملك من يوم قتل الثور مهمومًا مغمومًا حزينًا كئيبًا وقد صحّ عنده أنّه قتل الثور من غير ذنب ولا جرم كان منه وكلّ ذلك بتحمّل دمنة وكذبه وفجوره وحيلته ومكره وقد أمرني الملك بحضور القاضي ويجلسوا جميعًا في مجلس القضاء ويبحثون عن أمره وعن شأنه
252,2e6b7541-19aa-4d27-82d6-1ee544e393f9,No One Should Withhold Testimony,|كِذْبًا فهلْ علمتُمُ منه خَبَرْ ### أَبْدوا ولا تُخْفوا فما يَخْفى القَمَرْ,,,,,,فأنتم أحقّ ألّا تكتموه سرًّا ولا تدّخروا عنه نصحًا ولا تُخفوا عليه حرفًا وليقلْ كل امرئٍ منكم ما يعلم,,فأنتم محقّون ألّا تكتموه سرًّا ولا تذّخروه نصحًا ولا تخفوا عليه جرمًا,,,,,فاستمثلوا قول سيّدكم ولا تكتموا بما علمتم من أمره شيئًا,,,
253,d0894817-8e93-46f5-8a95-55758c14247f,Leopard Calls for Testimony,,فمن كانت عنده شهادة أو علم فليعلمناه لنرفعه إلى الملك,فمن كان عنده من أمر دمنة علمٌ فينطق به لنرفعه إلى الملك,فمن كان عنده علم من أمره فليعلمنا حتّى نرفعه إلى الملك,فمن كان عنده من أمر دمنة علم فليعلمنا ولينطلق به,فمن كان عنده علم من أمره فليعلمه ويرفعه إليه,,فمن كان عنده علمٌ أو أمرٌ فليعلمْنا لنرفعه إليه,فليقلْ كلّ امرئٍ منكم بما يعلم,,فليقلْ كلّ واحد منكم بما يعلم من أمر دمنة من خير أو شرّ وليتكلّم بذلك على رؤوس الأشهاد,فمن علم منكم شيئًا في أمر دمنة من خيرٍ أو شرٍّ فليقلْ ذلك وليتكلّم {الجمع} بذلك على رؤوس الأشهاد,,فليقلْ كبيركم وصغيركم ما علم من شأن دمنة على رؤس الأشهاد,ומי בכם יודע כחשו יעידהו. ומבין זדון לבו יגידהו.,,فليقلْ صغيركم وكبيركم ما يعلم من دمنة بحضرة جميع من حضر
254,e6f1670a-0372-4dc5-a417-f84d3f0082bd,Due Process Will Be Followed,,فإنّه لا يقتل أحدًا إلّا بعد الفحص عنه والتثبّت والتيقّن ولا يعمل بالهوى والمحافاة,فإنّ الملك لا يقبل قول أحدٍ بمحاباةٍ,فإنّه لا يقتل أحدًا إلّا بعد الفحص والتثبّت واليقين,فلنرفعه إلى الملك فإنّ الملك لا يقبل أحد إلّا بعد الفحص والمسألة واليقين وليس يقتل أحدًا لهوى نفسه ولا هوى غيره ولا محاباته,فإنّه لا يقتل إلّا بعد الفحص والتثبّت في أمره لا باللهو والمجانة,فإنّه لا يُحبّ أن يفرط بعقوبة أحدٍ لهوًى منه أو لغيره في ذلك من غير استيجابٍ منه للعقوبة,فإنّه لا يقتل أحدًا إلّا بعد الفحص والتثبّت والمعرفة واليقين لا للهوى والصحبة ولا للانتصار والمفاجأة,فإنّه لا يجب أن تفرط يده بعقوبة أحدٍ لهوًى له أو لغيره فذلك عن غير استحلالٍ من المعاقب للعقوبة بجنايته,ليحكم في ذلك بالعدل ولا يأخذ فيه بغرّة الملك ولا قهر سلطان دون امتحان حقيقة الحكم وبلوغ علّة الإعذار,ليكون القضاء في أمره بحسب ذلك فإن استوجب القتل بالتثبّت في أمره لا بالعجلة والهوى ومتابعة الأصحاب على الباطل,{ليكون} القضاء في أمره بحسب ذلك فإذا استوجب القتل فالتثبّت في أمره أولى والعجلة من الهوى ومتابعة الأصحاب على الباطل ذلّ,,ليكون الحكم والقضاء في أمره بالعدل وصحّة يقين فإذا استوجب المقابلة بالقتل يكون بالتثبيت لا بالعجلة والهوى,כי המלך לא ימית איש כי אם במשפט וצדק. ולא ימהר לשפוך דם כי אם אחר דרוש ובדוק בדק. ולא ילך אחר תאות המקנאים. ולא ישפוט לרצון המשנאים.,,ليكون القضاء في أمره بالتثبّت واليقين ولا يُعمل في أمره بالعجلة وقلّة النظر
255,7ca93cce-9e7e-491d-9cbe-23db8f940b65,Just Kings Do Not Act Hastily,,,,,,,,,,,,,,,,,فإنّ الملوك العادلة ليس من شأنهم في أمورهم العجلة والمسابقة في الهوى
256,3249c50f-1310-4a03-be45-9c8636b90025,Judge Calls for Testimony on Three Accounts,|وشيّدَ الجوّاسُ قولَ النمِرِ ### يا قومُ هلْ مِن أثرٍ أو خَبَرِ |لا تكتموا فكاتمُ الشهادَهْ ### عاصَ وفي أدائِها عِبادَهْ,قال القاضي ألا تنظروا ما تكلّم به النمر الأمين فاتّبعوه ولا يكتم أحد منكم شيئًا علمه لخلال كثيرة,ثمّ قال القاضي ما تكلّم به الأمير فاتبعوه ولا يكتمن أحدٌ شيئًا علمه,فقال القاضي انظروا ما تكلّم به الأمير فاتّبعوه ولا يكتمن أحد شيئًا من علمه,ثمّ قال القاضي للجمع اذكروا ما تكلّم به الأمير فاتّبعوه ولا تكتموا منه شيئًا علمتموه بخلال,,فقال القاضي انظروا ما يتكلّم به الأمين فاتّبعوه وقد سمعتم الذي قيل لكم فلا يكتُمنّ أحدًا منكم شيئًا علمه لثلاث خلالٍ,فقال القاضي انظروا ما تكلّم به الأمين فاتبعوه ولا يكتمنّ أحدًا منكنّ شيئًا علمه لخلالٍ,قال القاضي قد سمعتم الذي قيل لكم فلا ينبغي لأحدٍ منكم كتمان شيءٍ ممّا علم من خصالٍ ثلاثٍ,قال القاضي من كان منكم يعلم من أمر دمنة علمًا فينطق به لثلاث خصال,فعندها قال القاضي أيّها الجمع اسمعوا قول سيّدكم ولا تكتموا ما عرفتم من أمر دمنة وأحضروا في الستر عليه ثلاث خصال,فعندها قال القاضي أيّها الجمع اسمعوا قول سيّدكم ولا تكتموا ما عرفتم من أمره واحذروا في الستر عليه *ثلاث خصالٍ,,وثانيًا إذا عاقب الملك المذنب بذنبه كان أسلم للملك وجنده من الشرّ وثالثًا الراحة من أهل الريب والفجور وقطع أسباب التطرّق,ויאמר השופט הביטו אל דברי הנמר והנאמן והלכו אחריו. ואל יסתיר איש מכם צפוני דמנה ומסתריו. כי רעת מרעים לא תעבור בלבד על אלמנות ויתומים. כי על כל השרים ועל כל העמים. ובהכרת בוגדים יכרת מכל לב יגון ומגינה. נחה שקטה כל,,قال القاضي تسمعوا لما يقول لكم الأمين فلا يكتم أحدكم شيئًا علمه {حرزًا للتستّر عليه لثلالث خصال}
257,c790bff4-0f9e-4946-8f7a-bf17638a0341,Importance of Due Process,|الصدقُ خيٌر في الأمورِ فاصْدُقوا ### لا تَلطُفوا بخائنٍ وتَرْفُقوا,فأمّا واحدة فأنّه لا ينبغي لكم أن تكرهوا وقوع القضاء عليها ممّا وافقكم أوخالفكم,,فإنّه لا ينبغي لكم أن تكرهوا وقوع القضاء على ما وافقكم وخالفكم,أمّا إحداهن فلا ينبغي أن تكرهوا وقوع القضاء موقعه على ما أحببتم أو كرهتم,,أمّا واحدة فالصدق فيما استُشهدتم به ولا تجعلوا العظيم في الأمر في الحقّ صغيرًا ولا ينبغي لكم أن تكرهوا وقوع القضاء على ما وافقكم أو خالفكم,أمّا إحداها فإنّه لا ينبغي لكم أن تكرهوا وقوع القضاء على ما وافقكم أو خالفكم,إحداهنّ الصدق فيما استشهدتم عليه,منهنّ الإعانة على العدل والقيام بحجج الحقّ على أهلها واقعة حيث وقعت,,,,,וביקר צדיקים כל יושבי ארץ יגילו וישמחו. ירונו יושבי סלע מראש הרים יצוחו. וכן יאות להתאבל בקום רשעים ולשמוח ביקר אנשי אמונה. בטוב צדיקים תעלוו קריה ובאבוד רשעים רינה.,,أمّا واحدة فإنّه لا ينبغي لكم أن تكرهوا القضاء على ما يوافقكم أو يخالفكم
258,dd730b09-7dd8-46fe-b921-29e63d025e66,Consequences of Taking Evil Deeds Lightly,|فإنّ مَن يكتُمُ جَرمَ المُجرمِ ### شريكُهُ في ذنبِهِ الُمذَمَّمِ |مستوجبٌ بذلك العُقوبَهْ ### وإنّ في إعلانِهِ مَشوبَهْ,ولا تصغّروا منه شيئًا فإنّ يسير الحقّ عظيم عند الله تبارك وتعالى أن يُقتل برئ على غير ذنبٍ بنميمة فاجرٍ كاذب,ولا تصغّروا صغيرًا فإنّ صغير الحقّ عظيمٌ وأعظم منه عند الله عزّ وجلّ أن يقتل بريءً من غير جرمٍ بنميمة فاجرٍ كذّابٍ,ولا تضيعوا شيئًا فإنّ صغير الحقّ عظيم وأقطع منه عند الله أن يقتل نفس بغير ذنب لنميمة كاذب فاجر,ولا يصغر فإنّ الصغير الحق عظيم وأعظم منه عند الله أن يُقتل بريء بغير جرم لنميمة فاجر كذّاب,,ولا تُصغّروا منه شيئًا وأيّ عظيم أعظم من ستر عورة من أفرط الأخيار واستزلّهم بوشيه وكيده فالكاتم عليه غير بريء من مضرّة حيلته ولا يعتد من أن يكون شريكًا له في عمله فإنّ يسير الحقّ عظيمٌ وأفظع منه عند الله أن يُقتل بريء على غير ذنبٍ لنميمة فاجرٍ كذّابٍ,ولا تصغروا منه شيئًا فإنّ صغير الحقّ عظيمٌ ولا أفضع منه عند الله جلّ اسمه وأن يقتل بريئٌ على غير ذنبٍ لنميمة فاجرٍ كذّابٍ,وألّا تجعلوا العظيم من الحقّ صغيرًا فأيّ عظيمٍ أعظم من ستر عورةٍ من أورط الأخيار واستزلّهم وأهلك بعضهم ببعضٍ بسعايته كذبًا ومينًا الكاتم عليه بريءٌ [كذا] من ضرّ جنايته ولا بعيدًا من أن يكون شريكًا له في عمله,,أمّا أحداهنّ وهي أفضلهنّ ألّا تزدروا فعله ولا تعدّوه يسيرًا ومن أعظم الرزايا قتل من لا ذنب له بالكذب ومن علم من أمر هذا الكذّاب الذي أسلم البريء الذي لا ذنب له إلى القتل بالكذب والنميمة شيئًا فستر عليه فهو شريكه في الإثم والعقوبة,أمّا إحداهنّ وهي أفضلهنّ ألّا تزدروا فعله ولا تعدّوه تيسيرًا فمن أعظم الخطايا قتل البريء الذي لا ذنب له بالكذب والنميمة ومن علم من أمر هذا الكذّاب الذي أسلم البريء يكذبه ونميمته شيئًا تسرّ عليه فهو شريكه في الإثم والعقوبة,,** ومن علم بشيءٍ وأخفاه فقد شاركه في الإثم والعقوبة,ואל ימעט מעט משפט בעיניכם. כי הוא חייכם. ואל תשפכו דם נקי. כי הארץ אשר שפכו תקיא. ואל תשמעו לקול מכזבים ונרגנים. ואל יעמדו לפני הדיינים. והנקמו מכל אשר שקר יעידון. והנשארים ישמעו ויראו ולא יזידון.,,
259,d6cdd1a8-c69a-4560-988b-3f1f10464492,Confession May Lead to Pardon,,,,,,,,,,,والثانية إذا اعترف المذنب بذنبه كان أسلم له وأحرى بالملك وجنده أن يعفو عنه ويصفحوا,والثانية إذا اعترف المذنب بذنبه كان أسلم له أحرى بالملك وجنده أن يعفوا عنه ويصفحوا,,,,,
260,2c6818b3-a883-4404-8143-07fd03278b1d,Punishment of Crime is a Deterrent,|فإنّ في تأديبِ أهلِ الرِيبَهْ ### لكلِّكُمْ منفعةً عجيبَهْ,والثانية أنّ المجرم إذا نكّل به لم يجترئ أحد على مثل ما ارتكب تخوّفًا للعقوبة,وإنّه إذا عوقب لم يجترئ أحدٌ على أشياءه ما تخوّفا للصعوبة وكان ذلك صلاحًا للناس,,!والثالثة أنّ المذنب إذا عوقب لم يجترئ أحد على ارتكاب ما ركب خوف العقوبة ويحجرهم ذلك عنه ويكون صلاحًا للجند,,والثانية أنّ عقوبة المذنب بذنبه مقمعة لأهل الريبة ومصلحة الملك وللرعيّة,والثانية أنّ المجرم إذا نُكّل به لم يجترئ أحدٌ غيره على أشباه ما ركب خوف العقوبة وكان في ذلك صلاح الجند,والثانية عقوبتنا المذنب مقمعةٌ لأهل الريبة مصلحةٌ للملك والرعيّة,ومنها مواقع الأحكام من نكال أهل الأحداث وعظة أهل البراءة والتحصين للأمور من ذرّيّة أهل الفساد,,,,,,,والثانية أنّ المجرم إذا نكّل به لم يبق فيها أحد يجترئ على أشباه ذلك ما بقي تخوّفًا للعقوبة وكان في ذلك صلاح الجند
261,ab18a7fd-dca9-4134-8971-4798ac842825,Eliminating Criminals Benefits Society,|قتلُ الشِّرارِ راحةُ الخِيارِ ### مِن سوقةٍ ومَلِكٍ جَبّارِ,والثالثة أنّه إذا قُتل ذو الفجور والنميمة والكذب كان ذلك راحةً للملك وجنده فإنّ كينونته بينهم بلاء عظيم وشرّ لازم لهم,وأيضًا فإنّه إذا قتل ذوا الفجور والكذاب والنميمة كان في قتله راحةٌ للملك وجنوده فإنّ في كينونته بينهم بلاءٌ عظيمٌ وشرٌّ لأولياءه,والثانية أنّه إذا قُتل ذا الفجور والنميمة كان في ذلك راحة للملك وجنده فلأنّ كينونته بينهم بلاء عليهم وشرّ لازم,والثالثة إذا قُتل ذو الفجور والكذب والنميمة كان فيه راحة للملك وجنوده فإنّ كينونته بينهم بلاء عظيم وشرّ لازم لهم,,والثالثة أنّ الأشرار إذا قُتلوا ونُفوا من الأرض كان في ذلك راحة للملك والرعيّة وصلاح لهم,والثالثة إذا قُتل ذو الفجور والكذب والنميمة كان في ذلك راحةٌ للملك وجنوده لأنّ كينونته بلاءً عليهم وشرٌّ لازمٌ لهم,والثالثة أنّ الأشرار إذا نفوا من الأرض زاد ذلك الرعيّة تواصلًا والصالحين سرورًا وأهل السرور والتناصح اغتباطًا,ومنها الراحة من أهل المغالّة والغشّ وقطع أسباب مؤذياتهم على الخاصّة والعامّة,والثالثة ترك مراعاة أهل الدم والفجور وقطع أسبابهم وموادّتهم عن الخاصّة والعامّة,والثالثة ترك مراعاة أهل الذمّ والفجور وقطع أسباب !مرؤاتهم !ومودّاتهم عن الخاصّة والعامّة ومن ارتكب ذلك,,,וסער גדול על המלך ועל העם להחיותם בהחיותם. כי על מי לא עברה רעתם.,,والثالثة إذا قتل أهل الفجور والكذب والسعاية والنميمة كان في ذلك راحة للملك وجنده لأن كون بقاءه بينهم بلاء عليهم ونبذه لهم لازمة
262,9e5e3b66-bb6a-4a50-a9e6-eb65531c7ad5,Judge Reiterates the Call for Testimony,,فلينطقْ كلّ امرئ منكم بعلمه ولا يكتم حقًّا ولا يثبت باطلًا,فينطقْ كلّ امرئ منكم بعلمه ولا تكتموا شيئًا ولا تنطقوا بباطلٍ,فلينظرْ كلّ امرئ منكم بعلمه ولا يكتم حقًا ولا يثبّت باطلًا,فلينطلقْ كلّ امرئ منكم بعمله ولا تكتموا الملك حقًّا ولا تنطقوا بباطل,,فليقُلْ كلّ امرئٍ منكم ما يعلم كيما يكون القضاء في ذلك على الحقّ لا على الهوى والبطر,فلينطقْ كلّ رجلٍ منكم بعمله ولا يكتم حقًّا ولا يثبت باطلًا,فليقلْ كلّ امرئٍ منكم ما علم لكيما يكون القضاء في ذلك على الحقّ لا على الهوى والظنّ,,فمن علم من أمر هذا المحتال شيئًا فليتكلّمْ به على رؤوس الأشهاد ممّن حضر ليكون ذلك حجّة وذريعة وقد قيل إنّه من كتم شهادة ميّت أُلجم بلجام من نار يوم القيامة فليقل كلّ واحد منكم بما علم,,,,על כן העידו בדמנה. עדות נאמנה.,,فلينطقْ كلّ واحد منكم بما يعلم منه ولا يكتم من أمره شيئًا
263,9a408cd6-733f-4172-8c54-01fee98b310c,All Attendees are Silent,|فأطرقوا لأنّهُمْ لم يعلموا ### شيئًا وخافوا الإثمَ إن تكلَّموا,فلمّا سمع الجند ذلك نظر بعضهم إلى بعض وأنصتوا,فلمّا فرغ القاضي من قوله نظر الجند بعضهم لبعضٍ ثمّ صمتوا,,فلمّا فرغ القاضي من قوله نظر الجند بعضهم إلى بعض ثمّ أنصتوا,,فرمق بعضهم بعضًا وأطرقوا مليًّا لا يجيبون كلامًا لأنّهم لم يعلموا من أمره علمًا واضحًا يتكلّمون به وكرهوا القول بالظنون تخوّفًا أن يفصِل قولهم حُكمًا ويوجب قتلًا,فلمّا سمع الجند ذلك نظر بعضهم إلى بعضٍ ثمّ أنصتوا ومسّكوا,فلمّا قصّ قائلهم قوله سكت من حضر فلم ينطقْ منهم أحدٌ بكلمة لأنّهم لم يعلموا من علمه علمًا واضحًا يتكلّمون به وكرهوا القول بالظنون خوفًا أن يدخل قولهم حكمًا أو يوقع قتلًا,فلمّا قضى قوله ذلك سكت جميع من حضر ولم ينطقْ أحد منهم بشيء لأنّهم لم يعلموا من أمره علمًا واضحًا يتكلّموا به وكرهوا القول بالظنون,فلمّا سمع ذلك الجمع كلامه أمسكوا عن القول,,,,וכאשר שמעו כל העם דברי השופט והנבר. והחרישו ולא ענו אותם דבר.,,قال فلمّا فرغ القاضي من كلامه نظر الجند بعضهم إلى بعض وبقوا جميعًا في سكوت
264,534ea357-2c1a-4383-8403-219a3ade9b87,Dimna Challenges All Only to Say What They Know,|قال لهم دمنةُ قولوا واصْدِقوافإنّني من صِدقِكُمْ لا أُشفِقُ |وأَيْقَنوا أنّ لكُمْ مَعادا ### وحاكِمًا يجزي بهِ العِبادا |وقولُكُمْ يُقْضى بهِ ويُحْكَمُ ### ويُستحلُّ فيهِ نفسٌ ودَمُ,فقال دمنة ما لكم سكوتًا ليتكلّم كلّ امرئ منكم بعلمه ولا يكتم حقًا فإنّي لو كنت مجرمًا سررت بسكوتكم ولكنّي اعلم براءتي وأنّه لا ذنب لي ولا جرم فتكلّموا بما تعرفون,فقال دمنة ما لكم سكوت لينظر كلّ امرىءٍ منكم ولينطق بما عنده ويعلمه,فقال دمنة ما لكم سكوتًا ليتكلّم أنّه قد رأى حالكم ***,قال دمنة ما لكم سكوتًا ليتكلّم كلّ امرئ منكم بعلمه,,فقال دمنة ما يُسكِتكم ليقلْ كلّ امرئ منكم ما يعلم واعلموا أنّ لكلّ قربة ثوابًا إمّا عاجلًا وإمّا آجلًا ولا بدّ أن تقولوا في أمري بعلمكم وليعلم كلّ متكلّمٍ منكم أنّ منطقه في قولي حُكم في إحياء نفسٍ أو موتها,فقال دمنة ما لي أراكم سكوتًا لا تنطقون وصموتًا لا تجيبون ليتكلّم كلّ امرءٍ منكم بعلمه واعلموا أنّ لكلّ قولٍ جوابًا,فلمّا رأى دمنة سكوتهم تكلّم فقال إنّي لو كنت مجرمًا سررت بسكوتكم عن القول في أمري ولكنّي بقدر ما قد علمتم ذلك إذ لم تعلموا لي جرمًا لأنّ كلّ من لم يُعلم له جرمٌ فلا سبيل عليه فهو البريء المعذور ولا بدّ أن تقولوا فيّ بعلمكم وليعلم بذلك من عسى أن يقول في أمري قولًا فإنّ لكلّ عاقبةٍ عاجلةً أو آجلةً أو منطقه في أمري حكمٌ في إحياء نفسي أو موتها,فلمّا رأى دمنة سكوتهم تكلّم وقال إنّي لو كنت مجرمًا سُررت بسكوتهم عن القول في أمري ولكنّي بريء قد علمتم ذلك أو لم تعلموا لي جرمًا لأنّ كلّ من لا يُعلم له جرم فلا سبيل عليه فهو بريء إذ لا بدّ من أن تقولوا فيّ بعلمكم وليعلم مع ذلك من عسى أن يقول في أمري أنّ لكلّ قول عاقبة عاجلة وآجلة وأنّ قوله في أمري حكم في إحياء نفسي أو موتها,فقال دمنة ما يسكتكم تكلّموا بما علمتم واعلموا أنّ لكلّ كلمة قرينة جوابًا,,,قال دمنة من لم يتأيّد في الأمور ويعمل فيها بحسن النظر والرويّة والعلم الصائب والرأي الثاقب,ויאמר דמנה מה לכם מחרישים. ואיש אל אחיו מתלחשים. יגיד כל איש מכם כחשי וכזבי. הנני ענו בי. כי אילו הייתי בוגד או פושע או רוצח. הייתי בהחרישכם שש ושמח.,,فقال لهم دمنة ما هذا السكوت لينطق كلّ امرئ منكم بما يعلم به وما عرفه وشاهده واعلموا أنّ لكلّ كلام جوابًا ولكلّ جواب صوابًا
265,7ff0a25e-8f0d-42fd-85a5-c7ca718c6b07,Dimna's Second Subtale of Ignorant Physician,|وإنّ من قال بما لا يعلمُ ### هو الطبيبُ الجاهلُ المذمَّمُ,واعلموا أنّ لكلّ قول جواب وأنّه من زعم أنّه قد رأى ما لم يرى وعلم ما لم يعلم كان خليقًا أن يصيبه ما أصاب الطبيب الجاهل,واعلموا أنّ لكلّ قولٍ جواب فمن زعم أنّه قد رأى ما لم يرى وعلم ما لم يعلم كان حقيقًا أن يصيبه ما أصاب الجاهل,** يرَ وعلم ... ما لم يعلم خليق أن يصيبه ما أصاب الطبيب الجاهل,واعلموا أنّ لكل قوم جوابًا فمن زعم أنّه قد رأى ما لم ير وعلم ما لم يعلم خليق أن يصيبه ما أصاب الطبيب الجاهل,,واعلموا أنّ من قال ما لم ير وادّعى علم ما لم يعلم أصابه ما أصاب الطبيب الجاهل المتكلّف,وأنّه من زعم أنّه رآى ما لم ير وعلم ما لم يعلم خليقٌ أن يصيبه ما أصاب الطبيب,فمن عرّضني لعطب بغير علمٍ أو قال في أمري بالشبهة والظنّ أصابه عن عاقبة قوله ما أصاب المتطبّب الذي انتجب علم ما لا علم له به,فمن عرّضني للعطب بغير علم أو قال في أمري بالظنّ أصاب من عاقبة قوله ما أصاب الطبيب الذي انتحل من علم ما لم يعلم,وقد قالت العلماء إنّ من يشهد بما لم *ير ويقول *ما لا يعلم يصيبه ما أصاب الطبيب الجاهل الذي قال لما لا يعلم أنا أعلمه,أصابه ما أصاب الطبيب الذي قال لما لا يعلمه إنّي أعلمه,,أصابه ما أصاب الطبيب الجاهل بالطبّ,ודעו כי לכל דבר תשובה. ולכל מצר רחבה. וכל מעיר מה שלא ידע. והמגיד מה שלא שמע. יקריהו כמקרה הרופא הפתי.,,فإنّ الذي يزعم أنّه يعلم ما لا يراه وما لا يعلم أنّه قد علمه يصيبه في ذلك مثلما أصاب الطبيب الجاهل لأنّه ادّعى أنّه يعلم ما لا يعلمه
266,6838d51a-f073-4fa2-bef1-f6cf6b37e6c9,Judge Request Tale,|قال لهُ القاضي وكيف كانا ### أُذكرْ فأنتَ تُحسنُ البَيانا,قال الفاضي والنمر وكيف كان ذلك,قال القاضي وما أصاب الجاهل,فقال القاضي وكيف كان ذلك,قال القاضي وكيف كان ذلك,,فقال له القاضي وكيف كان ذلك,فقال القاضي وكيف كان ذلك,قال القاضي وكيف كان ذلك مثل,قال القاضي وكيف كان ذلك,قال الناس كيف كان ذلك,فقالت الجماعة وكيف كان ذلك,,قال القاضي وكيف كان ذلك,ויאמרו השופט והנמר איכה היה הדבר.,,قال له القاضي وكيف كان ذلك
267,27b12c0c-f883-46d9-9323-c963d485fd49,Famous Physician Dies or Goes Blind,|قال طبيبٌ في بلادِ السِّنْدِ ### قد جازَ في الحكمةِ كلَّ حَدِّ |شفى بهِ اللهُ كثيرًا وبَرا ### بطبِّهِ جماعةً مِمَّنْ بَرا |فماتَ والموتُ سبيلُ الخَلْقِ ### لم ينتفعْ بطبِّهِ والحِذْقِ,قال دمنة زعموا أنّه كان في مدينةٍ من مدائن السند طبيب عالم وكان ذا حظوة لما يجري الله على يديه من أسباب العافية فمات فنظروا في كتبه فكانوا ينتفعون بها ويتعلّمون منها,قال دمنة زعموا أنّه كان في مدينة من مدائن السند طبيبٌ وكان بالطبّ عالمًا رفيقًا فلمّا مات ذلك الطبيب نظروا في كتبه وكان ينتفعون بها ويتعلّمون منها,قال دمنة من زعموا أنّه كان في مدينة من مدائن السند طبيب عالم رفيق ***,قال دمنة كان في مدينة من مدائن السند طبيب وكان عالمًا بالطبّ فلمّا مات ذلك الطبيب نظروا في كتبه فكانوا يتثقّفون بها ويتعلّمون منها,,قال دمنة زعموا أنّه كان في مدينةٍ من مدائن السند طبيبٌ عالمٌ رفيقٌ فمات فنظروا في كتبه فكانوا ينتفعون بها ويتعلّمون منها,قال دمنة زعموا أنّه كان في مدينةٍ من مدائن الهند طبيبٌ عالمٌ رفيقٌ فمات فنظروا في كتبه فكانوا ينتفعون بها ويعملون منها,قال دمنة زعموا أنّه كان ببعض مدائن السند متطبّبٌ له وفق وعلم وكان مع ذلك ذا حظوةٍ فيما يجري على يديه من مقادير العافية فيما يعالج به الناس من طبّه وأدويته فمات ذلك المتطبّب وانتفع الناس بما في كتبه,قال دمنة كان في بعض المدائن طبيب له رفق وعلم وكان مع ذلك ذو حظّ ممّا يجري على يديه من مقادير العافية فيما يعالج به الناس من طبّه وأدويته فكبر ذلك الطبيب وذهب بصره,قال دمنة كان في بعض المدن طبيب ماهر له رفق وعلم فكبر ذلك الطبيب وضعف بصره,قال القاضي كان في بعض المدن طبيب له رفق وعلم وذو اخطار فيما يجري علي من المعالجات فكبر ذلك الطبيب وضعيف بصره,,قال دمنة زعموا أنّه كان في بعض المدائن طبيبٌ له رفقٌ وعلمٌ وكان ذا خطر عظيم لما يجري على يديه من مقادير العافية *في من يعالج بطبّه وأدويته فكَبُر ذلك الطبيب وهرم وضعف بصره,ויאמר דמנה אמרו כי היה בארץ סנד רופא חכם וימת ויקחו ספריו. וילמדו מקצת חכמתו ומוסריו.,,قال له دمنة زعموا أنّه كان في مدينة من مدائن الهند طبيبًا رفيقًا ما هرًا بالطبّ وكان قد برىء على يديه خلق كثير برفقه وعلمه فمات ذلك الطبيب فنظروا في كتبه وكانوا يتعلّمون منها
268,23e44ab7-f916-4ed1-9601-d53fb1261a3f,Quack Appears in Town,|ثمّ ادَّعى بعضُ الرجالِ فضلَهْ ### وقال قد أصبحتُ فيه مِثْلَهْ,فأتاهم رجل فزعم أنّه طبيب وأنّ له رفق ولم يكن كذلك,فأتاهم رجلٌ لا علم له بالطبّ فزعم أنّه طبيبٌ رفيقٌ,*** ولم يك كذلك,فأتاهم رجل لا علم له بالطبّ فزعم أنّه طبيب رفيق,,فأتاهم رجلٌ زعم أنّه طبيبٌ وأنّ له رفقًا ولم يكن كذلك,فأتاهم رجلٌ غريبٌ فزعم أنّه طبيبٌ وأنّ له رفقًا ونظرًا ولم يكن كذلك,وإنّ رجلًا سفيهًا ادّعى علم الطبّ وأشاع ذلك في الناس,وإنّ رجلًا سفيهًا ادّعى علم الطبّ في تلك المدينة فاشتاع ذلك من أمره في الناس,,,,,ויבא אליהם איש מתפאר כי הוא רופא והוא פתי מן הרופאים. ולא ידע לרפא מאומה מן התחלואים.,,فأتاهم رجل زعم أنّه طبيب وأنّ له رفق وعلم بالطبّ وكان جاهلًا بالطبّ فشاع عنه أنّه عالم ماهر بالطبّ
269,bc4ca479-4f45-42ba-a4dc-aba9d4b954fe,Pregnant Princess Falls Sick,|فمرضتْ بنتُ أميرِ البَلَدَهْ ### وعظُمتُ أوجاعُها في المَعِدَهْ,وكانت لملكهم إبنة كريمة عليه وكانت حاملًا فاصابها بطن فجعلت تختلف الأضراس,وكان لملك تلك الأرض ابنةً كريمةً عليه وكانت حبلى فأصابها بطنٌ وتمشي الدم والأغراس,وكان لملكهم ابنة كريمة عليه وكانت حاملًا فأصابها وجع,وكانت لملك تلك الأرض ابنة كريمة عليه وكانت حبلى فأصابها بطن فجعل تُرى الدم,,وكانت لملكهم ابنةٌ كريمةٌ عليه وكانت حاملًا فأصابها بطنٌ فجعلت تُمسُّ الأعراض,وكانت لملكهم ابنةٌ كريمةٌ عليه حبيبةً إليه وكانت حاملًا فأصابها بطنٌ فجعلت,وكان لملك تلك المدينة ابنةٌ فزوّجها ابن أخٍ له فحملت فعرض لها ما يعرض للحوامل من الأوجاع فوجدت لذلك ألمًا,وكان لملك تلك الناحية بنت فزوّجها ابن أخ له فحملت فعرض لها بعض ما يعرض للحوامل من الأوجاع,وكان لملك تلك المدينة ابنة قد زوّجها ابن أخ له فعرض لما ما يعرض للحوامل من نزف الدم والأوجاع والأعراض,وكان لملك تلك المدينة ابنه قد زوّجها *ابن *أخ له فعرض لها ما يعرض للحوامل من الأوجاع,,وكان لملك تلك المدينة ابنةٌ قد زوّجها لابن أخٍ له فعرض لها ما يعرض للحوامل من الأوجاع,ולמלך אותה מדינה בת הרה. ותאחז צרה כמבכירה.,,وكان لملكهم ابنة كريمة تعزّ عليه وكان يحبّها حبًّا شديدًا وكانت حاملًا فأصابها بطن فرأت في حملها دم فمرضت مرضًا شديدًا ومرض الجنين لمرضها وسقط في أسفل بطنها فاشتدّ بها الوجع
270,71fe7a45-16c9-4642-bdde-989e7cab46f6,King Sends in Search of Physician,,فبعث في طلب الأطبّاء,فبعث الملك في طلب الأطبّاء,فبعث في طلب الأطبّاء,فبعث الملك في طلب الأطبّاء,,فبعث الملك في طلب الأطبّاء,فبعث في طلب الأطبّاء,فبعث الملك بطلب الأطبّاء,,,,,,,,فأنفذ الملك في طلب الأطبّاء من كلّ مكان ومن كلّ أرض
271,e6cef83b-0025-4375-95cf-f26f0db48212,Messengers Find Physician in India,,,,,,,,,,,,,,,,,فأنفذ الرسل يطوفون البلاد فأخبروهم أنّ طبيبًا مشهورًا بصناعة الطبّ ماهرًا به وهو في بلد من بلاد الهند على عشرة فراسخ منها فسمعت به الرسل فساروا وطلبوه
272,e835ff13-09b6-4ea5-9a7a-341aaf387b64,Blind Physician Prescribes Drug,|فاستوصفوا لها طبيبًا فَهِما ### لكنّهُ كانَ كَفيفًا هَرِما |فقال أَعْطوها دواءً وَصَفَهْ ### ولم يكنْ فيهِمْ طبيبٌ عَرَفَهْ,فأتت رسله رجلًا منهم كان له علم على رأس فراسخ فوجدوه قد عمى فوصفوا له وجعها فأمرهم أن يركّبوا لها دواءً يُسمّى زادَمهران فرجعوا إلى الملك فأخبروه بذلك,فأتوا طبيبًا وكان عالمًا وكان منهم على فراسخ فوجدوه قد عُمي فوضعوا له وجع الجارية فأمرهم أن يسقوها دواءً يُقال له زامهرار فرجع الرسول إلى الملك فأخبره,فأتت رحلة رجلًا منهم كان له علم على رأس فراسخ فوجدوه قد عمي فوصفوا له وجعها فوصف لهم دواء يسقونها يسمّى دامهران فرجعوا إلى الملك فأخبروه بذلك,فأتوا طبيبًا كان عالمًا وكان منهم على فراسخ فوجدوه قد عمي فوصفوا له وجع الجارية فأمرهم أن يسقوها دواءً يُسمّى زامهران فرجع الرسول إلى الملك فأخبره بما وصف الطبيب,,فأتت رسله رجلًا منهم كان له علمٌ على رأس فرسخ فوجدوه قد عمِيَ فوصفوا له وجع ابنة الملك فأمرهم أن يسقوها دواءً يُقال له زامهران فرجعوا إلى الملك فأخبروه بذلك,فأتت رسله رجلًا منهم كان له علمٌ على رأس فرسخٍ فوجدوه قد عمي فوصفوا له وجع ابنه الملك فأمرهم أن يسقوها دواءً يقال له زامهران فرجعوا إلى الملك فأخبروه بذلك,فذُكر له متطبّبٌ على رأس فراسخ يوصف بعلم الطبّ فبعث إليه فلمّا جاءه الرسول وجده قد ذهب بصره من الكبر †فذكوا له علّة الجارية وما تجد فوصف لها دواءً له اسمٌ معروفٌ يقال له رامهران قالوا له فاخلط لنا هذا الدواء قال لست أبصر فأجمع أخلاطه على معرفتي,فبعث الملك إلى الطبيب الأعمى فلمّا جاءه سأل الجارية أهلها عن وجعها فأعلموه فوصف لهم دواء معروفًا وسمّاه لهم فأمر الملك أن يخلطه له في ذلك فقال لست أبصر فأجمع الأخلاط على معرفتي ولا أثق بجمع غيري منها,فجيء بهذا الطبيب فعرف دواءها وقال لو كنت أبصر خلطت الأدوية على معرفتي بها وبأجناسها,فجيء بهذا الطبيب فلمّا حضر سأل الجارية عن وجعها وما تجد فاخبرته فعرف داءها ودواءها وقال لو كنت أبصر لجمعت الإخلاط علي معرفتي بأجناسها ولا أثق بذلك أحدًا غيري,,فأرسل الملك إلى ذلك الطبيب الأعمى *فحضر بين يديه وسأله وسأل الجارية عن مرضها فأعلموه سببه وما هو فعرف دواءها ووصف لها دواء فأمر الملك بجمع ذلك الدواء فقال المتطبّب لست أبصر لأحقّق إخلاطه وأجمعه بمعرفتي فولّوا غيري ذلك,ויהי רופא חכם והוא עור קרוב ממדינתה. וילכו אליו ויספרו לו צרתה. ויאמר יקחו לה הצרי פלוני ותתרפא. וישובו אל המלך ויספרו לו דברי הרופא.,,فلمّا وصلت إليه الرسل وجدوه قد كبر وذهب بصره من الكبر فأخبروه بوجع الجارية فأمرهم أن يخلطوا لها شربة من دواء يسمّى ذامهرات يذاق بخمر وزيت وتُسقاه فإنّ شفاءها في ذلك قال فرجعت الرسل للملك فأخبروه بذلك
273,647b04d0-3a2c-4056-9a10-ac260b66e12d,Quack Hears about Sick Princess,,,,,,,,,,,وكان في مدينته رجل سفيه فبلغه الخبر,وكان في المدينة رجل سفيه فبلغه الخبر,,فسمع سفيهًا كان في المدينة,,,
274,34d204c5-9062-404d-95b5-b0835b9049bd,Quack Ordered to Mix Drug,|قالوا اطْلُبوا لنا طبيبًا يعرِفُهْ ### لعلّه بحِذقِهِ يؤلِّفُهْ |فجاءَ هذا الجاهلُ الطبيبُ ### فقال إنّي عارفٌ لبيبُ,فطلب طبيبًا ليهيّئ له ذلك الدواء فأتاه ذلك الرجل الذي زعم أنّه طبيب فأخبره أنّه طبيب عالم بالأدوية وأخلاطها فأمر بالأسفاط التي كانت فيها أدوية الطبيب ليأخذ منها ما يحتاج إليه من الأدوية,فأمر الملك *** بالأسفاط التي كان فيها أدوية ذاك الطبيب,فطلب الملك طبيبًا يهيّئ ذلك الدواء فأتاه ذلك الرجل فأخبره أنّه عارف بالأدوية وإخلاطها فأمر !بأسقاط ذلك الطبيب الميّت فجيء بها,فأرسل الطبيبُ الملكَ إلى طبيب يخلط له ذلك الدواء فأتاه الجاهل فأخبره أنّه طبيب عارف فالأدوية وأخلاطها فأمر الملك بالأسفاط التي كانت فيها أدوية الطبيب الميّت,,فأمر أن يُطلب طبيبٌ ليهيّئ ذلك الدواء فأتاه الرجل الجاهل فأخبره أنّه عالمٌ عارفٌ بالأدوية وأخلاطها فدعا الملك بالأسفاط الذي فيها أدوية الطبيب,فطلب طبيبًا يصلح لهم ذلك الدواء فأتاهم ذلك المتطبّب الغريب فأخبره أنّه عارفٌ بالأدوية وأخلاطها فأمر الملك بالأسفاط التي كانت فيها أدوية المتطبّب المتوفّي,وإنّ ذلك السفيه المدّعي علم الطبّ أتاهم فأعلمهم أنّه عارفٌ بذلك الدواء عالمٌ بأخلاطه وصنعته فأمر الملك بإخراج كتب المتطبّب الميّت إليه وإدخاله الخزانة ليأخذ ممّا فيها من أخلاط الأدوية,وإنّ السفيه المدّعي علم الطبّ أتاهم وأخبرهم أنّه بأخلاط ذلك الدواء وصنعته عالم فأمر الملك بإدخاله الخزانة ليأخذ من أخلاط ذلك الدواء ما يحتاج إليه,فجاء وادّعى علم الطبّ وأخبرهم أنّه بصير بمعرفة الأخلاط والعقاقير عالم بطبائع الأدوية المفردة والمركّبة فأمر الملك أن يُحمل إلى الخزائن ويأخذ من أخلاط الدواء حاجته,فأتاهم وادّعى علم الطبّ وأعلمهم أنّه خبير بمعرفة أخلاط الأدوية والعقاقير عارف بطبائع الأدوية المركّبة والمفردة فأمره الملك أن يدخل خزانة الأدوية فيأخذ من أخلاط الدواء حاجته,,*فحضر وادّعى علم الطبّ وأخبرهم بأنّه عالمٌ بإخلاط ذلك الدواء,ויבאו אל האיש המתפאר. כי הוא רופא מהיר. והוא פתי וזיד יהיר. ויבקש ברפואות הרופא המת.,,فأنفذ في طلب طبيب يعرف تلك الأدوية ويحسن خلطها فجاؤوا بطبيب جاهل فدخل على الملك وقال أنا طبيب حاذق ماهر عالم بخلط الأدوية قال فأمر الملك له [[بخلط]] {بإحضار} الأدوية والعقاقير والأسفاط التي كانت لذلك الطبيب العالم الماهر الذي قد كان أشار بذلك لأنّه كان محمود العاقبة في طبّه
275,60d6fdeb-b057-49af-92b9-ade5547eec5e,Quack Confuses Drug with Poison,|فحُملتْ أسفاطُ ذاك المَيْتِ ### ووُضعتْ لديه جوفَ بيتِ |فمدَّ في الحالِ إلى تلكَ يَدَهْ ### مستخرجًا من بعضها ما وجده |فكان سمًّا قاتلًا فخلطه,فلمّا دخل الخزانة وعُرضت عليه الأدوية بلا معرفة بها أخذ فيما أخذ صرّة فيها سمّ قاتل فأخلطه مع الأدوية,*فأُتي بها فوُضعت بين ** [بين] يديه وكان جاهلًا فضرب بيده إلى صرّةٍ فيها سمٌّ قاتلٌ *فخلط منها ومن غيرها,!فوضعت بين يديه وأخذ من أحدها صرّة فيها سمّ قاتل فجعل منها ومن غيرها,فوضعت بين يدي الجاهل فضرب بيده إلى سفط منها فأخذه منها صرّة فيهما سمّ قاتل فخلط منها ومن غيرها,,فوُضعت بين يديه فأخذ من أحدها صرّة فيها سمٌّ فجعل منها ومن غيرها زامهران,فجيء بها فوضعت بين يديه فأخذ من إحداها صرّةً كان فيها سمّ قاضٍ فجعل منه ومن غيره دواءً,فلمّا دخل وأُعرضت عليه أخلاط الأدوية اعتسف الأمر برأيه وتكاليفه فأخذ منها أشياءً بغير علمٍ ولا معرفةٍ إلّا على الظنّ والشبهة فوقع في سمٍّ قاتل,فلمّا دخل عُرضت عليه أخلاط الأدوية واعتسف السفيه بتكلّفه فأخذ منها شيئًا بغير علم ولا معرفة على الظنّ والشبهة فكان ممّا أخذ صرّة فيها سمّ قاتل,فلمّا دخل السفيه إلى الخزانة وعُرضت الأدوية عليه وليس يدري ما هي ولا له بها علم فأخذ في جملة ما أخذ منها صرّة فيها سمّ قاتل لوقته وخلطه في الدواء ولا علم له به ولا معرفة عنده بجنسه,فلمّا دخل السفيه الخزانة وعرّضت عليه الأدوية ولا يدري ما هي ولا له علم بمعرفتها فأخذ في جملة ما أخذ منها صرّة فيها سمّ قاتل لوقته وخلطه في الأدوية ولا علم له به ولا معرفة بجنسه,,فلمّا دخل الخزائن وأُعرضت عليه تلك الأدوية فأخذها بغير معرفة فوقع فيما أخد منها صرّة سمّ قاتل فاختلط مع الأدوية,וימצא צרור מלא רוש אשר כל אוכליו ימית ויצמת. ויפתחיהו ויחבר אליו רפואות אחרות. אשר לא ידע מועילות הן אם מצירות.,,قال فتركوا جميع ذلك بين يديه فقال في نفسه أنا أريد أخالطها من أدنى هذه العقاقير لعلّة علمه وجهله بالطبّ فأدخل يده في صرّة قد جمع فيها جميع السموم القاتلة من غير معرفة منه بذلك فخلط منها الدواء ولم يعلم ما هي
276,42f446fe-5ea3-4b25-b57b-328bc5e739e3,Quack Identifies Drug to King,,,ثمّ قال هذا زامهرار,ثمّ قال يا مولاي هذا دامهران,ثمّ قال هذا زامهران,,,وقال هذا زامهران,,,,,,,ויאמר למלך הנה רפואה נעלה. תועיל לכל מחלה.,,فقال له الملك هذا ذامهرات الذي وصفوه الأطبّاء في طبّهم قال نعم
277,a9d35e6b-0b83-45d3-8738-a8c473fb602e,King Rewards Quack,,,فلمّا رأى الملك سرعة خلطه الأدوية ظنّ أنّه عالمٌ فأمر له بجائزةٍ وكسوة ثمّ خلط الجاهل بدواء يُعرف بميسوس,فلمّا رأي الملك سرعة فراغه من ذلك ظنّ أنّه عالم فأمر له بكسوة,فلمّا رأى الملك سرعة خلطه للدواء ظنّ أنّه عالم,,فلمّا رأى الملك سرعة فراغه من ذلك ظنّ أنّه عالمٌ فأمر له بحلًى وكسوة حسنةً,فلمّا رأى سرعة فراغه من ذلك ظنّ أنّه عالمًا فأمر له بحليةٍ وكسوةٍ,,,,,,,ויחשב המלך כי הוא רופא חכם ויתן לו כסף שקלים מאתים. וכסות עינים.,,فلمّا رأى الملك سرعة إخلاطه الدواء أمر له بكسوة حسنة ودنانير وجواهر وغير ذلك فحمل ذلك إلى داره ثمّ عاد إلى الملك في اليوم الثاني فأخرج له الخمر فذوّب به [ملك] الأدوية
278,34384e24-1a34-4043-954b-d44abb8fea8a,Quack Poisons Princess,### فشرِبتْ وَهْيَ بهِ مغتبِطَهْ |فهلكتْ بغلطِ الغِرِّ الشقيِّ ###,ثمّ سقى الجارية منها شربةً واحدةً فلم تلبثْ غير ساعة حتّى ماتت بنت الملك بتلك السقية,ثمّ سقاه الجارية فلمّا وقع في بطنها فقُطّعت أمعاءها وماتت,ثمّ سقى الجارية من ذلك فلم تلبثْ إلى قطع أمعائها فماتت,ودعا الطبيب بميسوس فلخلط به الدواء ثمّ سقى الجارية فلمّا وقع في بطنها قطّع أمعاءها فماتت من ساعتها,,وسقى الجارية منه فلم تلبثْ أن تقطّع أمعاؤها فماتت,ثمّ سُقيت الجارية فلم تلبثْ أن تقطع أمعاءها فماتت,فأخذ وأخلطه (وخلطه) بأخلاطه تلك ثمّ سقى الجارية فلم تلبثْ إلّا ساعةً حتّى ماتت,فخلطه فيما خلط ثمّ سقى الجارية فلم تلبثْ ساعة حتّى ماتت,فلمّا تمّت أخلاط الدواء سقى الجارية منه شربة فلم تلبثْ أن ماتت في الحال,فلمّا تمّت أخلاط الأدوية سقى الجارية منه فماتت لوقتها,,ثمّ سقى الجارية فوقعت *ميّتة,וישק את הרפואה בתו ותמת פתאום בתמרוריה. כי נהפכו עליה ציריה. ויצו המלך להשקות את הרופא מרפואתו. וימת גם הוא מפרי פתיותו. ותצא בבהלה נשמתו. צורת הרופא והשקותו רפואתו וצורת המתה ונשאתי לכם המשל הזה למען אשר לא תעידו כי אם אשר ידעתם. ולא תגידו כי אם אשר שמעתם. ולא יחשבו עדי שקר כי ינצלו. כי פרי מעלליהם יאכלו. ואני הנני בידכם. נקי מדבתכם. אך יראו את י״י ואל תשמעו אל דברי שוטני. ויען ויאמר שר האופים שמעוני שרי החיילים. ושאר העם קטנים וגדולים. כי הזקנים הקדמונים. לא עזבו לזכור כל האותות אשר בישרים ובשונים. ובבוגד ובפושע הזה האותות אשר על תרמיתו מעידות. ואל כל תועבותיו מגידות. ויאמר לו השופט הודיעני אותותיו. המעידות על כל תועבותיו. ויאמר כי חכמי קדם אמרו כי הבוגד והפושע כי כל אשר עינו השמאלית קטנה ורועדת. ואשר אפו פונה אל הימין. ואשר בין שתי גבותיו שערות יוצאות ובגבותיו שלש שערות גדולות. ואשר ינוד ראשו ויביט אחריו. ואשר תרעם גויתו. וכל האותות האלה או קצתם הוא נרגן והוא רכיל ובוגד ומורד ועד שקר ופושע. ומחשב להרע.,,وسقاها الجارية فلمّا شربتها حصدت أمعاءها فماتت من ساعتها
279,0b3b6d9f-a958-4528-9d71-7dabc8f99798,King Has Quack Drink the Poison Too,قال أبوها اسْقوهُ منها فسُقي |فماتَ من ساعتِهِ,فاسقاه من ذلك الدواء فمات لوقته,فأمر الملك أن يُسقى الجاهل بقيّة ذلك الدواء الذي عمله فلمّا شربه مات لوقته,فأمر الملك بذلك الرجل فأحضره ثمّ أمر بسقيه فأُسقى من ذلك الدواء الذي كان هيّأه لها فلم يلبثْ ان قضي,فأمر الملك أن يُسقى الجاهل من الدواء الذي خلط فبقي منه فمات,,وأمر أبوها فسُقي الجاهل من الذي صنع لها من الأدوية فهلك,فأمر الملك فسُقى المتطبّب من ذلك الدواء الذي صنع لابنة الملك فهلك,فأخذه الملك فسقاه من دوائه الذي خلطه فمات,فدعا الملك به فسقاه من الدواء الذي خلطه فمات من ساعته,فلمّا رأى الملك ذلك دعى بالسفيه فسقاه شربة من الدواء فمات,فلمّا عرف الملك ذلك دعا بذلك السفيه فسقاه من ذلك الدواء فمات من ساعته,,فأمر الملك أن يُسقى الطبيب من ذلك الدواء فسُقي منه شربةً فمات من ساعته,,,فحزن الملك عليها حزنًا شديدًا وأمر الملك عند ذلك أن يسقى الطبيب من ذلك الدواء فسُقي منه ومات مكانه لوقته
280,d6a2a7a7-a1bb-4418-a652-6094f9c025f6,Acting upon Suspicion is Wrong,,وإنّما ذكرت لكم ذلك الحديث لتعلمون ما يدخل على القاتل بالشبهة من الزلّة والحرج وها أنا ذا البريء قائم بين أيديكم كما ترون,,,,,,,قال دمنة إنّما ضربت لكم هذا المثل لتعرفوا ما يدخل على القائل بالجهالة والعامل بالشبهة من الإثم,,وإنّما ضربت لكم هذا المثل لتعلموا ما يدخل على القائل من الزلّة والشبهة والحرج والخروج عن الحدّ,وإنّما ضربت لكم هذا المثل لتعلمون ما يدخل على القائل والعالم من الزلّة في الشبهة والخروج عن الحدّ,,,,,
281,10092b8d-b825-4ab0-b328-79c71b9416d1,Speaking Ignorantly to Please Others Is Wrong,وإنّما ### ضربتُ هذا مثلًا ليَعْلَما |مَن ليس ذا علمٍ بما في الكَذِبِ ### مِن البلاءِ والشقاءِ المُعْطِبِ,,وإنّما ضربت لكم هذا المثل لكيلا تتكلّموا بما لا تعلموا التماس رضاء غيركم فإنّما يُجزى كل امرءٍ بعمله وأنا برئٌ ممّا لُطّخت به,وإنّما ضربت لكم هذا المثل لئلّا تتكلّموا بما لا تعلمون لتكسبوا به رضى غيركم,وإنّما ضربت لك هذا المثل لكيلا تتكلّموا بما لا تعلمون التماس رضى غيركم,أنّه لا ينبغي لأحد أن يتكلّم بما لا يعلم رضاء لغيره,وإنّما ضربت هذا المثل في جماعتكم كيلا تتكلّموا بما لم تعلموا تلتمسون به رضى غيركم,ثمّ قال دمنة وإنّما ضربت لكم هذا المثل لكيلا تتكلّموا بغير علمٍ تلتمسون به رضاء غيركم,,,,,,,ונשאתי לכם המשל הזה למען אשר לא תעידו כי אם אשר ידעתם. ולא תגידו כי אם אשר שמעתם. ולא יחשבו עדי שקר כי ינצלו.,,قال دمنة وإنّما ذكرت لك هذا الحديث في جماعتكم لئلّا تقولوا قولًا فيه ابتغاء مرضاة أحدكم
282,6cb40ff1-dd83-43b5-9402-18237a244398,Dimna Interprets the Tale,,,,فتصيب بفعل ذلك ما أصاب الجاهل الذي أوهله رأيه فيما لا علم له به فهلك وإنّما يجزى كلّ إنسانٍ بعلمه وأنا بريء ممّا لطّخت به فاتّقوا الله ما استطعتم,فإنّه إنّما *يُجزى كلّ امرئ بعمله وأنا بريء ممّا لطّخت به قائم بين أيديكم,فإنّما يُجازى كلّ امرئ منكم بعمله وأنا بريء ممّا لُطّخت به وأنا بين أيديكم فاتّقوا الله ما استطعتم,فيصيبكم ما أصاب ذلك الطبيب الجاهل فإنّ العلماء قد قالوا إنّما جزاء كلّ أحدٍ بقوله وفعله وأنا بريءٌ ممّا لُطّخت به قائمٌ بين أيديكم,فإنّما يجزى كلّ امرئٍ بما عمل وأنا بريءٌ ممّا لطّخت به فاتّقوا الله ما استطعتم,,,فإن خرج أحد منكم عن حدّه أصابه ما أصاب ذلك الطبيب الجاهل ونفسه الملومة وقد قالت العلماء ربّما جُزي المتكلّم بقوله والكلام بين أيديكم فانظروا لأنفسكم,فمن خرج منكم عن حدّه أصابه ما أصاب ذلك الجاهل ونفسه الملومة وقد قالت العلماء ربّما جُزى المتكلّم بقوله والكلام بين أيديكم فانظروا لأنفسكم,,وإنّما ضربت لكم هذا المثل لتعلموا أنّ كلّ أحدٍ بالسيّئة خاطئٌ غير مصيبٍ وأنا البريء بين يديكم قائمًا,כי פרי מעלליהם יאכלו. ואני הנני בידכם. נקי מדבתכם. אך יראו את י״י ואל תשמעו אל דברי שוטני.,,فيصيبكم في ذلك ما أصاب هذا الطبيب الجاهل فإنّ العلماء قد قالوا إنّما يجازَى كلّ إنسان بفعله وها أنا بين أيديكم كما ترون لا أستطيع نفعًا ولا ضرًّا
283,b6520f7e-bdd9-4ff1-b8a0-51d9f2f6317d,Dimna Praises the Prominent Courtier,,,,,,,,,,,,,,وفيكم سيّد الخنازير وعنده علمٌ بالأمور وتصاريف الأحوال ومنزلته من الأسد وأمّه كما تعلمون,,,
284,dac18e99-b087-4c87-9c7e-2449cbfcb6b0,Prominent Courtier/Head of Court Suggests Physiognomy,| فقال للقومِ الحضورِ الخنزيرْ ### من تبِعَ الأشرارَ بلَّى التدبيرْ,فتكلّم سيّد الخنازير لإدلاله ومنزلته من الأسد وأمّه فقال اسمعوا أيّها العلماء والأشراف مقالتي وفكّروا فيها بأخلاقكم,فقالت خندريس وهو رأس الجبّارين لثقته بمنزلته من الملك اسمعوا أيّها الجمع وفكّروا,قال رأس الخنازير لثقته بمنزلته من الملك اسمعوا أيّها الجند وتفكّروا فيـما أقول لكم,فقال رأس الخنازير لثقته بمنزلته من الملك اسمعوا أيّها الجمع وفكّروا فيما أقول,فقال [فقال] رئيس الخبّازين لثقته بمنزلته من الملك اسمعوا أيّها الجند وفكّروا فيما أقول لكم,فتكلّم سيّد الخنازير إدلالًا بمنزلته من الأسد وأمّه فقال اسمعوا معشر الجند وتفكّروا فيما أقول لكم,فقال رأس الخبّازين لثقته بمنزلته من الملك اسمعوا أيّها الجند وفكّروا فيما أقول لكم,فتكلّم صاحب مائدة الملك اتّباعًا لهوى أمّ الأسد,فتكلّم بعض من حضر وقال اسمعوا أيّها العلماء والأشراف مقالتي وفكّروا فيها بأحلامكم ومبلغ عقولكم وجهد رأيكم,فتكلّم سيّد الخنازير لإدلاله ومكانته عند الأسد فقال أيّها الأشراف والعلماء اسمعوا مقالتي وعوا بأحلامكم كلامي,فتكلّم سيّد الخنازير لإدلاله وتيهه بمنزلته عند الأسد فقال *يا أهل الشرف من العلماء اسمعوا مقالتي وعوا بأحلامكم كلامي,,فقام سيّد الخنازير وقال اسمعو أيّها العلماء والأشراف مقالتي وفكّروا في ذلك بأحكامكم,ויען ויאמר שר האופים שמעוני שרי החיילים. ושאר העם קטנים וגדולים.,,قال فتكلّم عند ذلك سيّد المجلس بدلالته ومنزلته عند الملك فقال لهم أيّها العلماء والأشراف استمعوا بمقالتي وفكّروا فيها بعقولكم
285,8addd248-818c-407e-80fd-ce79f2e92735,Bodily Marks Are Proof of Character,| قد جعلَ اللهُ لكُمْ عقولا ### أضحتْ لكُمْ إلى الهُدى سبيلا |فأَعمِلوا الفطنةَ والكياسَهْ ### تستخرجوا بالزجرِ والفِراسَهْ |ما غابَ من ذاك فغيرُ خافِ ### على العقولِ خائِنٌ ووافِ |لكلِّ إنسانٍ من الناسِ سِمَهْ ### إذا رآها ذو الذكاءِ عَلِمَهْ |قد ذكرَ الماضونَ في الأخبارِ ### دلائلَ الخِيارِ والشِّرارِ,*لأنّ العلماء قد قالوا في سمات الصالحين أنّهم يعرفون بها وأنتم معاشر الأخيار بصنع الله إليكم وتمام نعمته عليكم تعرفون الصالحين من الطالحين بسيماهم وصورهم وتعرفون بالشئ اليسير الشئ الكثير وأشياء كثيرة سوى ذلك,فإنّ العلماء لم يدعوا شيئًا من آيات الأخيار والأشرار إلّا وقد بيّنوها,فإنّما العلماء لم يدعوا شيئًا من آيات الأشرار والأخيار إلّا وقد بيّنوه,إنّ العلماء لم يدعوا شيئًا من آيات الأشرار والأخيار وعلاماتهم في أجسادهم إلّا يبيّنوه,فإنّ العالم لم يدع شيئًا من الآيات والعلامات إلّا وقد بيّنها,فإنّ العلماء لم يدعوا شيئًا من آيات الأسرار والأخبار إلّا قد ثبّتوه,فإنّ العلماء لم يدعوا شيئًا من آيات الأخبار والأسرار إلّا بيّنوه,,فإنّ العلماء قد قالوا في باب الصالحين يُعرفون بذلك وقد نعتوه وكتبوه وكشفوه وأنتم معشر الأحبار بحسن صنع الله إليكم ونعمته عليكم فيما أكمل لكم من العقل تعرفون الصالحين بسيماهم وتكتفون بالشيء اليسير من ذلك,فإنّ العلماء قد قالوا في آيات الصالحين وآثارهم أنّهم يُعرفون بسيماهم وصورهم ويخبرون الشيء اليسير بالشيء الكثير,فالعلماء قالوا في معنى الصالحين أنّهم يعرفون بسيماهم وأنتم معاشر ذوي [ذوي] الأقدار بحسن صنع الله لكم وتمام نعمته لديكم تعرفون الصالحين بسيماهم وصوّرهم وتخبرون الشئ الكبير بالشئ الصغير,,فإنّ العلماء قد قالوا إنّ الصالحين يُعرفون بسيماهم وأنتم بحسن صُنع الله بكم وبنعمته عليكم تعرفون الصالحين والمفسدين بسيماهم وصورهم,כי הזקנים הקדמונים. לא עזבו לזכור כל האותות אשר בישרים ובשונים.,,فأنتم تعلمون أنّ الصالحين يُعرفون من الظالمين بسماهم وصورهم ويُعرفون بالشيء اليسير من ذلك أشياء كثيرة
286,555a3487-3103-471e-ac58-81e21f97a2c4,Dimna’s Character is Visible in His Body,|وإنّ في دمنةَ لو عرفتُمُ ### دلائلُ الشرِّ لِما وَقَفْتُمُ,وقد ترون من علامات هذا الشقيّ دمنة فاطلبوا علم شأنه من تجربتكم فإنّه بيّن ظاهر في جسمه فصدّقوا وأيقينوا بما قيل فيه,وعلامات الأشرار في هذا الشقى بيّنةٌ وقد يناله مع ذلك بناء سوءٍ,وإنّ من علامات الفجور في هذا الشقيّ ظاهر,وعلامات الأشرار في هذا الشقيّ بينّة وقد طار له مع ذلك ثناء سوء,وإنّ علامات الفجور في هذا الشقيّ ظاهرة وقد ظهر مع ذلك لنا سوءه,وإنّ علامات الفجور في هذا الشقيّ ظاهرةٌ وقد طار له مع ذلك ثنا سوءٍ,وإنّ علامات الفجور في هذا الشقيّ ظاهرةٌ باديةٌ ودلائلها فيه غير خافية وقد طار له مع ذلك †ساسو ...,فقال إنّ أحقّ مَن لم يسألْ عنه العامّة ولم يشكلْ أمره على الخاصّة لَهذا الشقيّ الذي قد ظهرت فيه علامات الشرّ وشامات (سمات) الفجور وقد عرف العلماء ما الحكم فيها,وإنّ أحقّ مَن لم يسأل عنه العامّة ولم يشكل على الخاصّة أمره لَهذا الخبيث الذي ظهرت فيه علامات الشرّ وشامات قد مضى رأي العلماء فيها,وها هنا علامات وأسباب تدلّ على هذا الشقيّ دمنة وتخبر عنه على ظاهر جسمه لتستيقنوا أو تسكنوا إلى ذلك,وهاهنا أشياء كثيرة تدلّ على هذا الشقيّ دمنة وتخبر عن شرّه فاطلبوها على ظاهر جسمه وباطنه لتستيقنوا وتسكنوا إلى ذلك,,وها هنا أشياءٌ كثيرةٌ تدلّ على علامات هذا الشقيّ دمنة والدلائل على شرّه بائنةٌ فاطلبوا من يخبركم بشأنه فإنّه بيّنٌ ظاهرٌ في جسمه فتصدّقوا وتيقّنوا بما فيه من العلامات على نميمته وكذبه وعداوته للملوك وألزموه العقوبة الذي هو أهلها,ובבוגד ובפושע הזה האותות אשר על תרמיתו מעידות. ואל כל תועבותיו מגידות.,,وممّا تبيّن لي من ذلك وظهر لي من علامات هذا الشقيّ دمنة أنّ كثرة منطقه تدلّ على كذبه وحيله تدلّ على فجوره وسعايته فلا تطلبوا علم شأنه من غيركم وقولوا بما فيه من العداوة والنميمة للملك وألزموه العقوبة من أهلها
287,b6c0e31c-5df9-4052-841e-db709fe24ff6,Body Is the Truest Testimony a Person,,,,,,,,,,,,,,فقد قالت العلماء إنّ أوثق الشهادات على خُلق الرجل هو سمته والآيات التي تُرى في جسمه *مع ما يظهر عليه من سوء الثناء,,,
288,3ae8ef25-45eb-49db-bbfa-cfc4fbe64bdc,Dima's Evil Character Is Attested by His Behaviour and Reputation,,,,,,,,,,,,,,,,,فإنّ العلماء قالوا إنّ الأشياء تؤخذ بالدلائل في خسّته وفي كذبه وسوء الثناء عليه وقبح الأحدوثة والشرّ والسعاية وقد جُمعت هذه الخصال في هذا الشقيّ دمنة
289,da4d41fb-dd5e-4ecd-bba4-dd699616cfa4,Judge/Investigator/Audience Request Physiognomical Evaluation,|فقال بعضُ القومِ ما نعرِفٍها ### فهلْ لديك خِبرةٌ تكشِفُها,قال القاضي لسيّد الخنازير قد عرفنا أنّك تعرف الصواب وعلامات السوء فأخبرْنا بما تعرف من صورة هذا الشقيّ دمنة,فقال عظيم الجمع لرأس الجبّارين قد سمعنا ذلك وقليلٌ من يعرفه فأعلمنا ما الذي قد رأيت في هذا الشقيّ,فقال عظيم الخنازير قد سمعنا ذلك وقليل مَن يعرفه,فقال عظيم الجمع لرأس الخنازير قد سمعت ذلك وقليل من يعرفه فأعلمنا ما رأيت في هذا الشقيّ,فقال عظيم الجند لرئيس الخبّازين قد سمعنا ذلك وقليل من يعرفه فـأعلمنا ما الذي رأيت في هذا البائس,فقال عظيم الجند لرأس الخنازير قد سمعنا ذلك وقليلٌ من يعرفه فأعلِمْنا ما الذي رأيت في هذا البائس,فقال عظيم الجند للخبّازين †قد سمعنا ذلك وقليلٌ من ?يعرفه فأعلمنا ما الذي رأيت في هذا من العلامات وما الذي ظهر لك من الدلالات,قال رأس القضاة وما تلك العلامات والشامات (والسمات) فإنّ من لم يعرف أمرها أكثر من ذلك [كذا],قال القاضي وما تلك العلامات والشامات فإنّا نعرف أمرها أكثر ممّا تعرف,قال لسيّد الخنازير إنّي قد علمت وعلم الحاضرون أنّك عارف بما في الصورة من علامات السوء ففسّر لنا من علامات السوء ما تقول وأطلعنا على ما ترى من صورة هذا الشقيّ,قال القاضي لسيّد الخنازير قد علمت وعلم الجماعة الحاضرون أنّك عارف بما في الصور من علامات السوء ففسّر لنا ما تقول وأطلعنا على ما ترى في صورة هذا الشقيّ,,قال القاضي لسيّد الخنازير أنا أعلم أنّ من يعلم الصور وعلامات السوء في الناس قليل ففسّر وبيّن لنا ما ترى في صورة هذا الشقيّ الجسور من تلك الآيات التي كتب الأوائل بها,ויאמר לו השופט הודיעני אותותיו. המעידות על כל תועבותיו.,,قال فقالوا أهل المجلس من الوحوش الكبار لسيّد الحبّارين قد علمت أنّ من يعرف الصور والآيات في الناس قليل فبيّنْ لنا ما تعرفه من صورة هذا الشقيّ وما في جسمه في تلك العلامات التي ذكرتها الأوّلون
290,ffc9811a-4be9-45f9-a91c-336552fa8d80,Prominent Courtier Diagnoses Dimna as Traitor,|فأخذَ الخبّازُ كفَّ دمنَهْ ### وقال للِه العظيمِ المنَّهْ |مِن قولهم مَن صغُرتْ عيناهُ ### وطالَ منه الأنفُ إذ تَراهُ |فإنّهُ ذو حيلةٍ ومكرِ ### وشرُّهُ يغلِبُ كلَّ شرِّ |وفيهِ مِن ذلك ما قد ذكروا ### هذا العَيانُ فانظروا لا الخَبَرُ,فقال إنّ العلماء قد كتبوا أن من كانت عينه اليسرى أصغر من عينه اليمنى وهي لا تختلج وكان أنفه مائلًا نحو شقّه الأيمن وهو بعيد ما بين الحاجين وعامّة نظره إلى الأرض وإذا مشى يكثر الالتفات فإنّ ذلك من أهل الغدر والفجور والنميمة وهذه كلّها في هذا الشقيّ دمنة,فأخذ بيد دمنة وقال قد قالت العلماء من كانت عينه اليسرى صغيرةٌ كثيرة الاختلاج وأنفه مائلٌ إلى شقّه الأيمن وما بين عينيه من الشعر متبدّدٌ وإذا مشى نكّس رأسه ولا يزال †ملثقًا وراءه فإنّه صاحب نميمةٍ وفجورٍ وهذه الصفات في هذا الشقيّ,فقام رأس الخنازير فأخذ بيد دمنة وقال له يقال في كتب الطبّ والفلسفة إنّ من كانت عينه اليسرى صغيرة كثيرة الاختلاج وأنفه مائل إلى شقّه الأيمن وما بين حاجبيه من الشعر متباعد وبنانه ثلث شعرات فإنّه إذا مشي نكّس رأسه ولا يزال ملتفت إلى ورائه فإنّه صاحب نميمة وفجور وغدر وهذه الآيات كلّها في هذا الشقيّ,فأخذ بيد دمنة وقال في كتب العلماء أنّ من كانت عينه اليسرى صغيرة وهي كبيرة الاختلاج وأنفه مائل إلى الشقّ الأيمن وبين عينيه من الشعر مبرد ونبات شعره ثلثًا وإذا مشى نكّس رأسه ولا يزال يلتفت وراءه فإنّه صاحب نميمة وفجور وشرّ وهذه الصفة كلّها في هذا الشقيّ,فقام رئيس الخبّازين فأخذ بيد دمنة فقال إنّا نجد في كتب العلماء أنّ من كانت عينه اليسرى صغيرة كثيرة الاختلاج وأنفه مائل إلى شقّه الأيمن وما بين حاجبيه من الشعر متباعد وإذا مشى نكّس رأسه ولا يزال ملتفتًا وراه فإنّه صاحب نميمة وغدر وهذه الآثار كلّها في هذا الشقيّ ظاهرة,فقام رأس الخنازير وأخذ بيد دمنة وقال إنّ في كتب العلماء أنّ من كانت عينه اليسرى صغيرةٌ كثيرة الاختلاج وأنفه مائلًا إلى شقّه الأيمن وما بين حاجبيه من الشعر متباعدًا ومنابت شعره ثلث شعرات ثلثًا وإذا مشى نكّس ولا يزال ملتفتًا إلى خلفه فإنّه صاحب نميمةٍ وفجورٍ وغدرٍ وهذه العلامات كلّها بيّنة في هذا الشقيّ,فقام رأس الخنازير فأخذ بيد دمنة ثمّ قال إنّ في كتب العلماء من كانت عينه اليسرى صغيرةً كثيرة الاختلاج وأنفه مائل إلى شقّه الأيمن وما بين حاجبيه من الشعر متباعدًا وإذا مشى نكّس رأسه فإنّه صاحب نميمةٍ وفجورٍ وغدرٍ وهذه الآيات كلّها في هذا الشقيّ,فجهر صاحب المائدة بصوته وقال إنّ العلماء قد قالوا إنّ من صغرت عينه اليسرى وكان مع ذلك كثير اختلال ومال أنفه بعض الميل إلى شقّه الأيمن وبعد ما بين حاجبيه وكانت منابت شعر جسده ثلاث شعرات [ثلاث شعرات] وإذا مشى كان أكثر نظره إلى الأرض ويلتفت تارةً بعد تارةٍ فإنّ ذلك مستجمعٌ للغدر وطباع الآثام والبغي على الصالحين وهذه العلامات كلّها في دمنة,قال المتكلّم وجدنا في كتب العلماء أنّه من كان علاماته أن تكون عينه اليسرى أصغر من عينه اليمنى وكان مع ذلك كثير اختلاج العين مائل الأنف إلى شقّه الأيمن متباعد ما بين الحاجبين وكانت منابت شعر جسده ثلاثًا ثلاثًا وإذا مشى كان أكثر نظرًا إلى الأرض وإذا مشى أدار رأسه حتّى يصير وجهه خلفه فذلك مستجمع للغدر والبغي على الصالحين وهذه العلامات كلّها في دمنة,فأخذ سيّد الخنازير بيد دمنة وقال إنّ العلماء قد كتبوا وأخبروا أنّه من كانت عينه اليسرى أصغر من عينه اليمنى وهي لا تزال تختلج وكان أنفه مائلًا إلى شقّه الأيمن وكان منبت شعره ثلثًا ثلثًا وعامّة مشيه إذا مشى يُكثر الالتفات يمينًا وشمالًا فذلك يحدّث نفسه بالغدر والخبث وقد عرفت بما ثبت عندي من هذه العلامات أنّ ذلك كذلك وهذا رأيي وعليه عزمي,فأخذ سيّد الخنازير يذمّ دمنة وقال إنّ العلماء قد كتبوا وخبّروا أنّه من كانت عينه اليسرى أصغر من عينه اليمنى وهي لا تختلج وكان أنفه مائلًا إلى جنبه الأيمن فهو شقيّ خبيث جامع للخبّ والفجور,وكان رأس الخنازير *حاضرًا فقال دمنة مُعرّضًا به من كان أنفه مائلًا نحو شدقه الأيمن وهو إذا مشى فعاته نظره إلى الأرجل فذلك الذي يحدّث نفسه بالغدر والمكر والخديعة,فأخذ سيّد الخنازير بيد دمنة ثمّ قال قالت العلماء إنّ من كانت عينه اليسرى أصغر من عينه اليمنى وهو لا يختلج وكان أنفه مائلًا نحو شدقه الأيمن وإذا مشى يضرب نظره إلى الأرض فذلك يحثّ نفسه بالغدر والمكر والخديعة والبغضة للصالحين وهذه العلامات كلّها في هذا الآثم,ויאמר כי חכמי קדם אמרו כי הבוגד והפושע כי כל אשר עינו השמאלית קטנה ורועדת. ואשר אפו פונה אל הימין. ואשר בין שתי גבותיו שערות יוצאות ובגבותיו שלש שערות גדולות. ואשר ינוד ראשו ויביט אחריו. ואשר תרעם גויתו. וכל האותות האלה או קצתם הוא נרגן והוא רכיל ובוגד ומורד ועד שקר ופושע. ומחשב להרע. צורת השופט והנאמן ושרי החיילים ויאמר,,قال فأخذ عند ذلك يذمّ دمنة ثمّ قال قد ذكروا أنّ العلماء قد ذكروا أنّ من كانت عينه اليسرى أصغر من اليمنى وكان أنفه مائلًا إلى شِدقه الأيمن بعيد ما بين الحاجبين وكانت منبت شعره ثلاثًا ثلاثًا في جسمه وإذا مشى يكثر الالتفات إلى خلفه فإنّ ذلك من أهل النميمة والعداوة والمكر والخديعة والسعاية في الناس وهذه العلامات كلّها قد بانت لي في هذا الشقيّ دمنة وهي غير خافية على كلّ ذكيّ
291,741c7ecd-9b39-46c1-85e9-b93087cbce75,Bodily Marks Are Claimed to Predict Deeds,|قال له دمنةُ أنتَ معجِبُ ### تظنُّ ذا العلمَ إليك يُنسَبُ |لقد عرفْنا مِنهُ ما عَرَفْتا ### وفيك أضعافُ الذي وَصَفْتا,قال دمنة كلّنا تحت سماء الله وبعينه فاسمعوا ما أقول فأنا قائل بين يدي ربّي وهذا العالم أيّها المتكلّم إن كان الخير والشرّ الذي يعمل الناس به إنّما يُعرف بالشامات والعلامات التي تكون في الناس,قال دمنة كلّنا تحت سماء الله وأرضه وأنتم ذووا أحلام وعلم بالكلام وقد سمعتم ما قال فاسمعوا منّي إنّ هذا لظنّ أنّه ليس أحدٌ أعلم منه وإنّ ما يفعله الناس من الخير والشرّ ممّا يعلمونه بالعلامات والشامات التي في أجسادهم,قال دمنة نحن كلّنا تحت السماء وأنتم ذو أحلام والعلم بالكلام قد فهمتم ما قال فاسمعوا منّي فإن كان ما ذكر من العلامات حقًّا,قال دمنة كلّنا ما خلا الله تحت السماء ولسنا فوقها وأنتم ذوو أحلام وعلم بالكلام وقد سمعتم ما قاله هذا فاسمعوا منّي أنّ هذا يظنّ أنّه لا أجد أعلم منه وأنّه لا علم إلّا علمه وإنّما يعمل الناس من الخير والشرّ للعلامات التي في أجسادهم,فقال دمنة نحن كلّنا تحت السماء ولسنا فوقها وأنتم ذو الحلم والعلم بالكلام وقد فهمتم ما قال هذا فاسمعوا منّي كأنّه لا يضرّ أحدًا فإنّه إن كان ما ذكر من العلامات حقًّا,فقال دمنة نحن كلّنا تحت السماء ولسنا فوقها وأنتم ذوو الأحلام وتقيسون بالعلم الكلام وقد فهمتهم ما قال فاستمعوا منّي فإنّه يظنّ أنّه لا أحدًا أعرف بالأمور منه وأنّه لا عِلمَ إلَّا عِلمُه وإن كان ما ذكر من العلامات حقًّا,فقال دمنة كلنّا تحت السماء ولسنا فوقها وأنتم ذووا الأحلام والعلم بالكلام قد فهمتم ما قال هذا فاسمعوا منّي فإنّه ظنّ أن لا أحد أعرف بالأمور منه وأنّه لا علم إلّا علمه فإن كان ما ذكروا من العلامات حقًّا,فلمّا قضى قوله أكثر دمنة التعجّب من قوله وقال إنّ الأمور يحكم بعضها بعضًا وإنّ حكم الله صوابًا لا خطأ فيه ولا جور فيه ولا عدوان ولو كانت هذه العلامات التي ذكرتها وأشباهها يُصاب به العدل والمعرفة بالحقّ لم يتكلّف الناس الحجج ?؟وانتاب [كذا],فلمّا أمضى في *قوله قال دمنة إنّ حكم الله على خلقه عدل لا جور فيه وصواب لا خطأ فيه ولو كانت هذه العلامات التي ذكرتها يُصاب بها وبأشباهها وجه العدل لَما احتاج ولاة أهل الحقّ وحكّامهم معها إلى البيّنات والحجج,فإن كان الأمر على ما تقول,,,,ויאמר דמנה אות קצת הדברים לאות על קצתם. ומשפטי הצדק עומדים לעמתם. ואמרו כל עובדי אל ונכבדיו. משפט י״י אמת צדקו יחדו. ואתם הקשבתם אל כזבי שר האופים והתוליו הבינותם. כי לא נשקלו הן אתם כולכם חזיתם. ולמה זה הבל תהבלו. ועתה הטו חסדכם עלי. הטו אזנכם ולכו אלי. כי יחשב שר האופים. כי כל דבריו בכור האמונה נצרפים. ואינם אצל כל משכיל כי אם כמוץ נדפים. עיפים ורדפים.,,فقال له دمنة مِن ها هنا تصيبون الكلام وتتركون الحكم فاسمعوا منّي ما أقول لكم ودبّروه بعقولكم وقد سمعتم ما قال هذا فإنّه يظنّ أنّ لا أحدًا أعرف منه
292,c2ce80c8-13d3-4b81-a514-33972f40c631,Human Action Would Be Meaningless,,فقد استبان لي أنّ المحسن لا يجزى بإحسانه ولا المسيء بإسأته ولكنّهم إنّما يكرمون ويهانون بالشامات والعلامات التي تُرى فيهم مع أنّ عامل الشرّ لا يستطيع إلّا بعلمه وكذلك عامل الخير ليس {يستطيع} أحد أن *يثبت في جسمه علامات خير ولا علامات شرّ,فإن كان ذلك كذلك فلا أسمع أحدًا يقدر أن يعمل خيرًا ولا شرًّا إلّا بالعلامات التي فيه وإنّما تُجزون بذلك وتعاقبون عليه وليس إليّ من أمري شيءٌ فليس هو مجتهدًا في الخير وإن اجتهد بنافعةٍ ولا بضارّة اشتاته,فلا أسمع أحدًا يقدر أن يعمل خيرًا ولا شرًّا إلّا بها وإنّها بها تجازون وعليها تعاقبون,فإن كان ذلك كذلك فلا أسمع إذا أحد يقدر على أن يعمل خيرًا ولا شرًّا إلّا بالعلامات التّي فيه وإنّما تُجزون بذلك وتُعاقبون به وليس إلى امرئ في أمره شيء وليس مجتهد وإن اجتهد في الخير بنافعه ولا ?؟مشى بضارّه إساءته,فلا يسع أحد يقدر أن يعمل خيرًا ولا شرًّا إلّا بها وإنّما تجازون بذلك وتثابون عليه أو تعاقبون وليس من أمري إلى رأيه شيئًا فليس بمجتهد وإن حرص على الخير فليس بنافعه ولا مسيء إن أذنب بضارّه,فلا أسمع أنّ أحدًا يقدر على أن يعمل خيرًا ولا شرًّا إلّا بها وإنّما تُجازون بذلك وتعاقبون عليه وليس لامرئ من رأيه شيءٌ فليس مُجتهدٌ وإن حرَص على الخير بنافعه ولا مسيء وإن أذنبه بضائره,فلا أسمع أحدًا يقدر على أن يعمل خيرًا ولا شرًّا إلّا بها وإنّما يتجاوزون بذلك ويعاقبون عليه وليس إلى امرئٍ من رأيه شيءٌ وليس مجتهدٌ وإن عرض على الخير بنافعه وليس المسئ وإن أذنب بضارّه,وإذًا ما ?كان [لأحدٍ] حمدٌ في إحسان ولا كان عليه سبيل في إساءةٍ لأنّ أحدًا لا يقدر أن يغيّر العلامات التي لها يعمل ما يعمل ولما كان جزاء أهل الإحسان أو جزاء أهل الفجور إلّا على هذه العلامات,ولما كان لأحد في الإحسان حمدٌ ولا كان عليه في الإساءة ذمٌّ *لأن ليس أحد يستطيع أن يغيّر شيئًا ممّا به من العلامات التي بها يعمل ولَما كان جزاء أهل الإحسان ولا جزاء أهل الفجور إلّا على العلامات,فحينئذ قد استبان للجماعة أنّه لا يستطيع أحد أن يعمل خيرًا ولا شرًّا إلّا بما وُسم به من العلامات فمن وُسم بعلامات شرّ لا يستطيع إلّا أن يعملها ومن وُسم بعلامات خير لا يستطيع أن يفعل غيرها فحينئذ لا ثواب ولا عقاب فإنّه لا يستطيع أحد أن يجعل في جسمه علامات شرّ ولا علامات خير,,,,ואלו היה כל מעשה החסידים. או מעשה אנשים הזידים. על פי האותות אשר בהם. וכפי התו אשר בגביהם. לא היה שכר לצדיק על צדקתו. ולא יחושב לרשע על רשעתו. כי האותות לא יעזבו הטובים כי אם רעותם. ולא לצדיק יהיה שכר צדקותם. ולא הרשע יהיה נלכד בשחיתותם. ולא יועיל לצדיק טובו. ולא יצר לרשע סוג לבבו.,,
293,335b7671-77fc-480b-9e47-ebb735296fdb,Bodily Marks Are Widespread,,,,,,,,,,,,,,قال دمنة إن كان المخلوقون يؤخذون بالآثار والتشبّه فذلك كثيرٌ في عامّة المخلوقين,,,
294,fe932ec7-6d5e-49a1-a2bf-5dff24666afa,"If the Physique Makes People Traitors, Dimna Is Innocent and Excused",|وإنْ تكنْ في ما ذكرتَ صادِقا ### فإنّني لستُ لنفسي خالِقا |وإنّما أفعلُ ما أفعلُهُ ### بأمرِ مولايَ الذي الأمرُ لهُ |لأنّهُ خلقَني لذلِكا ### لستُ لشيءٍ مِن أموري مالِكا |فلِمْ تلوموني إذا لم أكُنِ ### أسطيعُ تغييرًا لِما في بَدَني,فإن كنت تزعم إنّما بجسمي من العلامات هي الدليل على صحّة ما قد قُذفت به من هذا الأمر ولو كنت قد فعلته كنت قد وسمت بآياتٍ وعلاماتٍ †جنجن في الإثم فعملت به ما عملت ففي ذلك براءة لي وعذر,ولو كان ما قرب به من هذا الأمر حقًّا ومعاذ الله من ذلك لكنت معدودًا لأنّني مجبورٌ عليه ومنقادٌ إليه وكفى بمقالتي هذه دليلًا لذوي الألباب على براءتي وسوء رأيه وخطأ مقالته,وقد شقيت أنا بالعلامات التي في جسدي فإنّ ذلك أمر لُبْس إن كان وأعوذ بالله أن يكون وإن كان إلى الناس من ذلك شئ بلغوا فهم أفضل ما يقدرون عليه من الآيات والسامات ولم يكن منّي غير العارفة ولم أرتكب غير الحقّ,و لو كان ما قُذفت به من هذا الإفك تعوذ بالله منه حقًّا كنت معذورًا للعلامات التي جبرتني عليها وقادتني إليها وكفى بمقالته هذه دليلًا لذوي الألباب على براءتي وسوء رؤيته وخطأ مقالته,وقد سمعت أنا أيضًا بالعلامات التي ذكرت وأعوذ بالله أن تكون فيّ ولو كان أمر الناس إليهم لجعلوا فيهم أفضل ما يقدرون عليه من الآيات والعلامات ولم يكن منّي غير العافية ولم أركب غير الحقّ,وقد شقيتُ أنا بالعلامات التي في جسدي وذلك أمرٌ ليس إليّ إن كانت وأعوذ بالله أن تكون ولو كان إلى الناس من ذلك شيءٌ جعلوا فيه أفضل ما يقدرون من الآيات والشامات ولم يكن منّي غير العادة ولم أركب غير الحقّ,وقد شقيت أنا بالعلامات التي في جسدي وذلك أمرٌ ليس إليّ إن كانت وأعوذ بالله أن تكون ولو كان إلى الناس من ذلك شيءٌ جعلوا فيهم أفضل ما يقدرون عليه من الآيات والدلائل والعلامات ولم يكن من غير العارفة ولم أركب غير طريق الحقّ,ولو كنت عملت هذا العمل الذي لطّخت به وأعوذ بالله أن أكون فعلت ذلك لقد شقيت أيضًا بذلك فإنّه إنّما ألزمنيه علامات لا أستطيع دفعها ولا امتناعًا عنها,ولو كنت علمت هذا الذي لُطّخت به بالعلامات التي أعوذ بالله منها لكان تلك العلامات التي ألزم منها الله [لا أستطيع] التى ألزمتنيها وقذفتني بها لا أستطيع امتناعًا,فإن كنت أنا قد فعلت الذي كذبت به عليّ وعملته فما ذنبي في ذلك إذ كان في جسمي علامات هي خجلتني إليه ودعتني إلى العمل به,,,,ואני יגעתי באותות אשר בגבי. ולהטיב ולהרע דרכי כח אין בי. ואני בר מכל הכזבים אשר דברו עלי. לפרוש רשת ליד מעגלי.,,فإن كنت تعلم أنّ ما في جسمي من علامات فهو دليل على ما قذفت به من هذا الأمر كنت قد وسمت بعلامات وآيات اضطُررت إلى الإثم فعملت بها ما عملت ففي ذلك براءتي وعذري
295,44581a70-6da4-47f6-bd71-77f3f4174ebc,Courtier's Argument Shows His Foolishness,,,,ولقد استبان لمن حضرك قلّة عقلك وعملك بالأمور وبصرك بها,,وقد استبان لمن حضر قلّة عقلك وقلّة علمك بالأمور ونظرك لها,وقد استبان لمن حضرك قلّة عقلك وعلمك بالأمور وبصرك بها,وقد استبان لمن حضرك أيّها الخوّار قلّة عقلك وعلمك وبعد ذهنك وفهمك وكثرة جهلك بالأمور,مع أنّ ممّا يدلّ على قلّة علمك بالأحكام ومواقعها,وممّا يدلّ على قلّة علمك بالأحكام ومواقعها,أحسبت أنّ الكلام لك وحدك حين شهدت عليّ بما لا علم لك به,,,,וכבר נודע לכל כסילותך. ונגלה אל כל העם פתיותך. ודברת אשר תכנת. ואמרת אשר בו לא נאמנת.,,وقد بان لكلّ من حضر قلّة عقلك
296,8cd8cb19-daef-4ae9-8fd2-ae050e9c32e9,Bodily Marks Would Have Effect at an Unforeseeable Time ,,,,,,,,,أنّ الذي ذكرت لو كان كما ذكرت لم يوجب عليّ شيئًا لأنّ هذه العلامات تُخلق مع صاحبها حين تُخلق (يخلق) وتولّد معه حين يولد وليس لفاعلها وقت يعرف في أيّ يومٍ يكون أو في أيّ أمرٍ أو في أيّ شيءٍ ومتى ينبغي للحكم أن يقع فيها على صاحبها وأهلها ومتى تعرف براءتهم من الأشياء,أنّ الذي ذكرت لو كان كذلك لم يوجب عليّ شيئًا لأنّ العلامات تُخلق مع صاحبها حين يُخلق وتولّد معه حين يولد وليس لفعالها وقت في أيّ يوم تكون أو في أيّ عمر وما ينبغي الحكم أن يقع على أهلها وما حال من لم يبلغ العقل إذا كانت به العلامات التي ذكرت,,,,,,,
297,6b780cd0-f5c3-4ed4-9b0a-f8f75de627f5,Dimna Calls Courtier's Claim Foolish,,,,,,,,,فهذا ما لا يشكّ فيه أحدٌ من سقطك وجهلك ولكنّك سمعت شيئًا لم تعرف في غوره فتكلّمت به في غير وجهه فلست بأفقهِ مَن حضر ولا أصوبِهم بالنظر في الأمور ولكنّك تكلّمت فأخطأت,فهذا الدليل لأهل العقل على سفهك وجهلك ولكنّك سمعت شيئًا لم تعرف موضعه فتكلّمت به في غير حينه ولست بأعلم وأفقه ممّن حضر ولا بأولاهم بالمنطق ولكنّك تكلّمت فأخطأت,,,,,,,
298,73f637c8-9b1d-4254-ab22-94858736c943,Dimna Compares Courtier to Ignorant Physician,,,,,,,,,وقد فرعغت كذا من مثلك في مثل المتطبّب,,,,,,,,
299,f9ca40a8-d0bb-449a-a5ef-2432eaea6312,Moral Judgment Based on Bodily Marks Is Foolishness,,,,,,,,,فإن كنت تزعم أنّ الخير والشرّ إنّما يكون بالعلامات فكذلك إذًا لا حمد للمحسن ولا ذمّ على المسيء ولا أجدني في هذا أيضًا إلّا معذورًا ولا أراك تنطق إلّا بعذري وتذكّر براءتي وأنت لا تدري ولا تفكّر فيما تقول,,,,,,,,
300,9586d1f2-2d0c-48ff-a3d7-30463f979c24,Dimna's Third Subtale of Plower Who Told His Wife to Cover Herself First,|قال امرؤٌ لعرسِهِ لا تَجْرَحي ### من كنتِ يومًا مثلَهُ تفتضِحي |مَن يعِبِ الناسَ بمِثلِ ما فيهْ ### فنفسَهُ عابَ بغَيْرِ تَمْويهْ |لا تَنْهَ عن شيءٍ وتأتي مِثَلُه ### كذاك لا شكَّ يكونُ الأَبلَهُ,†ولكن مثلك مثل رجل قال لامرأته استري عورتك وبعد ذلك انظري إلى عورة غيرك,وإن أمر هذا الشبيه بالذي قال لامرأته الذي بالنظر في أمر نفسكي ثمّ تفرغي لعيب الناس,وقد قال رجل مرّة لامرأته احفظي نفسك ثمّ اطلعيني على عيوبك واصلحي عيوبك التي أنتي بها أعرف وذلك مثلك,وإنّ أمره هذا الشبيه بأمر الرجل الذي قال لامرأته †لذي النظر في أمر نفسك ثمّ تفرّغي لمثالب الناس ونقيضهم,وقد قال رجل لامرأته احفظي نفسك واطّلعي على غيرك وأصلحي عيوبك التي أنت بها أعرف ولذلك مثل,وقد قال رجلٌ مرّة لامرأته احفظي نفسك ثمّ اطْعَني على غيرك ودعي الناس وأصلحي عيوبك التي أنت بها أعرف وذلك مَثَلُك,قد قال رجلٌ مرّةً لامرأته احفظي نفسك ولا تطّلعي على غيرك ودعي الناس عنك وأصلحي عيوبك التي انتي بها أعرف وذلك مثلك,وإنّما أنت في هذا كرجلٍ قال لامرأته أبصري عينيك يا سفيهة ثمّ عيّبي غيره,فمثلك مثل رجل قال لامرأته استري عورتك ثمّ التمسي بتستير عورة غيرك,فلمّا سمع دمنة ذلك قال لسيّد الخنازير مثلك مثل رجل قال لامرأته أبصري عورتك ثمّ اطّلعي في عورة غيرك,فلمّا سمع دمنة ذلك قال ما مثلك إلّا مثل رجل قال لامرأته انظري إلى عورتك وبعد ذلك انظري إلى عورة غيرك,قال دمنة إنّما مثلك أيّتها الجاهلة مِثل رجلٍ قال لإمرأته انظري إلى عورتك واتركي عورة غيرك,وأمّا مَثَلك فيما قد تورّده من هذا الأمر مَثَل رجلٍ قال لامرأته انظري إلى عورتكي واتركي عورة غيرك,ואתה כמו החורש אשר יסר את אשתו בדברים. לאמר קשטי עצמך ואחר קשטי אחרים. ושימי על ערותך חרפה. ואל תכה לחי אחר בחרפה.,,ولكن مثلك في ذلك مثل رجل قال لزوجته استري عورتك وتطلّعي على عورة غيرك
301,c53188d8-8908-43be-bb6f-c99718abfbca,Prominent Courtier Requests Tale,,قال سيّد الخنازير وكيف كان ذلك,قال رأس الجبّارين وكيف ذلك,فقال رأس الخنازير وكيف كان ذلك,قال رأس الخنازير وكيف كان [[دمنة]] ذلك,قال رئيس الخبّازين وكيف كان هذا المثل,فقال سيّد الخنازير لدمنة وكيف كان ذلك,فقال رأس الخبّازين وكيف كان ذلك,فسئل دمنة كيف كان ذلك,قال القاضي وكيف كان ذلك,قال سيّد الخنازير وكيف كان ذلك,قال وكيف كان ذلك,قالت وكيف كان ذلك,قالوا كيف كان ذلك,ויאמר שר האופים איכה היה הדבר.,,قال سيّد الحبّارين لدمنة وكيف كان ذلك
302,ac58cac6-3cdc-435f-8ddc-63defaba6a01,A Man and His Two Wives Become War Captives,|قد ذكروا في ما جرى مِن السِّيَرْ ### وأخبروا وإنّما الناسُ خَبَرْ |أنّ جيوشًا هجموا على بَلَدْ ### فأكثروا الأَسْرَ وما أَبقَوْا أَحَدْ |في جملةِ السَّبْيِ امرؤٌ وامْرأتاهْ ### وراحةُ الإخوانِ في المؤاتاهْ |فلبثوا في إسْرِ غيرِ راحِمِ ### في فاقةٍ لعَدَمِ المطاعِمِ,قال دمنة زعموا أنّه كان مدينة من بعض المدن غار عليها العدوّ فقتل وسبى فأصاب رجل منهم في نصيبه من السبي رجل حرّاث وامرأتين له,قال دمنة كانت فتنةٌ أغار فيها العدوّ فقتلوا لمقاتليه واستباحوا بقيّة أهلها فلمّا قسّموها صار رجلٌ من الأكّار وامرأتان له في حِصّة رجلٍ كان شجيعًا فضيّق عليهم وأجاعهم وأعراهم وأمروا أن يؤدّوا إليه حربيّة مسماه في كلّ يوم,قال دمنة زعموا أنّ مدينة يقال لها هادك أغار عليها العدوّ فقتلوا الرجال وسبوا النساء فأصاب رجل منهم في قسمه حرّاث وامرأتان له وكان *مُسيئا إليهما,قال دمنة زعموا أنّها كانت مدينة يُقال لها برزجين أغار عليها العدوّ فقتلوا مقاتليها وسبوا باقي أهلها فلمّا اقتسموا فيهم وقع في حصّة رجل منهم امرأتان كانتا لرجل من الأكّارين والرجل أيضًا وقع في حصّة هذا الرجل المذكور وكان شحيحًا فأجاعهم وأعراهم وأمرهم أن يؤدّوا إليه ضريبة مُسمّاة,قال دمنة زعموا أنّ مدينة تدعى بأهر أغار عليها العدوّ فقتلوا الرجال وسبوا النساء والذرّيّة فأصاب رجل منهم في القسمة رجلًا حرّاثًا وامرأتين فكان يسيئ إليهم ويضربهم ويجيّعهم,قال دمنة زعموا أنّه كانت مدينةٌ تُدعى برزجر قد أغار عليها العدوّ فقتلوا الرجال وسَبَوُا النساء والذريّة فأصاب رجلٌ من أولئك في الغنيمة رجلًا حرّاثًا وامرأتين له فكان يُسيء إليهم في المطعم والمشرب ويُجيعهم ويُعرّيهم,فقال دمنة زعموا أنّ مدينةً تدعى المحدثة أغار عليها عدوًّا فقتلوا الرجال وسبوا الذرّيّة فأصاب رجلًا منهم في القسمة رجلًا حرّاث وامرأتان له وكان يسيء إليهم ويجيعهم ويعرّيهم,مثل قال دمنة زعموا أنّ مدينةً كانت تدعى بورخشت دخلها العدوّ مرّةً فقتلوا ممّن كان فيها عالمًا وسبوا نساءهم فاقتسموا السبي فأصاب رجلٌ من العدوّ رجلًا حرّاثًا مع امرأتين له فكان ذلك الرجل يعرّيهم من الكسوة ويصوّمهم عن المطعم والمشرب,قال دمنة كانت بمدينة تُدعى بردحرد فأغار عليها العدوّ فقتل فيها وسبى وانطلق بمن سبى إلى بلادهم فأصاب رجل منهم في قسمة السبي حرّاثًا وامرأتين له فكان صاحبهم ذلك يضيّق عليهم في الطعام والشراب والكسوة,قال دمنة زعموا أنّ مدينة أغار عليها العدوّ فقتل وسبا وغنم وانطلق إلى بلاده بمن سبا واتّفق أن حصل مع رجل من جنده في قسمه رجل حرّاث ومعه امرأتان له وكان هذا الجندي يسيء إليهما في الطعام والشراب واللباس,قال دمنة زعموا أنّ مدينة أغار عليها العدوّ {فقتل} وسبا وغنم وانطلق إلى بلاده فاتّفق أنّه حصل مع رجل في جنده في قسمته رجل حرّاث ومعه امرأتان له وكان هذا الجنديّ يُسيء إليهم في الطعام واللباس,قال دمنة زعموا أنّ مدينةً أغار عليها العدوّ ونهبها وأسر من كان بها وفي جملة الأُسراء رجلٌ حرّاثٌ وكان له امرأتين وكان يحسن إليهما في أمر الطعام والشراب والكسوة,قال دمنة زعموا أنّ مدينةً غار عليها العدوّ ونهبها وأسر من كان بها وفي جملة من أخذوه رجلٌ حرّاثٌ وكان له امرأتان عريانتان وكان محسنٌ إليهما في الطعام والشراب والكسوة,ויאמר דמנה אמרו כי עבר נדוד על מדינה ושמה מראות ושללו שללה ובזוז בזה. וירד גאון עוזה. ויחלקו השוללים במוצאם מנוח. את השבי ואת המלקוח. ויהי בשבי חורש אחד ושתי נשיו ערומים. מרומצים לחטוב עצים.,,قال له دمنة زعموا أنّ قرية تدعى كذا وكذا أغار عليها العدوّ فقتلوا الرجال وسبوا النساء فأصاب رجل منهم رجلًا حرّاثًا وله امرأتان وكان يسيء إليهما ويجيّعهما ويعرّيهما
303,9dde2924-c20a-43bd-b531-ed68025e8af3,One Wife Blames the Other for Being Naked,|وإنّ إحدى الزوجتَيْنِ أبصرتْ ### خِريقةً باليةً فسَتَرَتْ |عَوْرتَها فقالتِ المكشوفَهْ ### وَهْيَ بهَتْكِ سِتْرِها معروفَهْ |أما ترى عورتَها تبينُ ### لم يَنْهَها حياؤُها والدِّينُ,فانطلق ذات يومٍ الحرّاث يحتطب ومعه الامرأتان عاريتان فاصابت أحدهما خرقة بالية فأخذتها وغطت بها عورتها فقالت {الأخرى} لزوجها انظر إلى هذه الفاعلة التي تمشي عريانة,فخرج الأكّار مع امرأتيه ليحتطب فأتت إحدى امرأتيه في طريقها خرقةٌ فسترت بها عورتها فنادت صاحبتها الأكّار وقالت انظر إلى هذه الفاجرة لا تستحي أن تمشي عريانة,فانطلقوا ذات يوم *يحتطبون فوجدت أحداهما خرقةً باليةً فسترت بها عورتها فقالت الأخرى للزوج ألا تنظر لهذه الزانية,فخرج الأكّار مع امرأتيه ليحتطب فلحقت أحد امرأتيه خرقة فأخذتها فسترت بها عورتها فنادت صاحبتها الأكّار وقالت انظر إلى هذه الفاجرة لا تستحي تمشي عريانة,فانطلق الرجل ذات يوم وامرأتاه يحتطبون فوجدت إحداهما خرقة بالية فسترت بها عورتها فقالت الأخرى لزوجها ألا تنظر إلى هذه الزانية عرياء,فانطلق وامرأتاه ذات يوم يحتطبون فوجدت إحداهما خرقة بالية في الصحراء فغطّت بها عورتها فقالت الأخرى لزوجها ألا تنظر إلى هذه الزانية تمشي عريانة,فانطلق هو وامرأتاه يحتطبون فوجدت إحداهنّ خرقةً باليةً فسترت به عورتها فأبصرتها الأخرى فقالت لزوجها ألا تنظر إلى هذه الزانية عريانةً,فانطلق الحرّاث يومًا من الأيّام مع الرجل وامرأتيه وهم عراةٌ إلى الجبل ليحتطبوا فوجدت احدى امرأتيه خرقةً فغطّت عورتها فقالت الأخرى لبعلها ألا تنظر إلى هذه كيف تمشي عريانة,فانطلق الحرّاث ذات يوم يحتطب ومعه امرأتاه عريانتان فأصابت إحداهما خرقة بالية في الصحراء فأخذتها فغطّت بها عورتها وقالت الأخرى لزوجها ألا تنظر إلى هذه الفاعلة التي تمشي عريانة,وانطلق الحرّاث ذات يوم هو وامرأته ليحتطب للجنديّ وهم عراة فأصابت إحديهما خرقة بالية في السباخ فوضعتها على سوأتها فقالت الأخرى لزوجها ألا تنظر إلى هذه الفاعلة التي تمشي عريانة,فذهب الحرّاث ذات يوم ومعه امرأتاه يحتطب للجنديّ وهم عراة فأصابت أحدى المرأتين في طريقها خرقة بالية فوضعتها على سؤتها ثمّ قالت <للأحرى> لزوجها ألا تنظر إلى هذه الفاعلة كيف لا تستحيىّ وتستر عورتها,فذهب يومًا يحتطب فرأى في مرجعه لامرأتيه عُريانتان وقد أصابت الواحدة خرقةً في الفلاة فغطّت بها عورتها وقالت للأخرى اقعدي بتواري عورتك فأجابتها وأنتي ما تستحي تمشي عريانة,فذهب يومًا ليحطب فرأى الإمرأتين عريانتين وأصابت إحدتهما خرقة بالية في الفلاة فأخدتها وسترت بها عورتها فقالت الأخرة القاعدة ألا ترى هذه التي لا تستحي أن تمشي عريانةً,ותמצא האחת קרעים בהליכתה. ותכם בהם ערותה. ותאמר האחרת לבעלה בקנאה ובשטמה. ראה זאת הזונה ערומה.,,قال فانطلق الحرّاث ذات يوم يحتطب ومعه امرأتاه عريانتان فأصابت إحداهما خرقة بالية فسترت عورتها ثمّ قالت المرأة الثانية له ألا ترى إلى هذه الزانية تمشي عريانة
304,5f237ff6-5f3a-4cac-9cc1-afc1d63c67d7,The Man/One Wife Tells Other Wife to Cover Herself First/Mind Her Own Nakedness,|قال لها لِمْ تترُكينَ أمرَكِ ### مهلًا دَعي الشغلَ بأمرِ غيرَكِ |فلو نظرتِ أوّلًا لذاتِكِ ### ما كنتِ عِبْتِ في السِّوى صِفاتِكِ,قال {لها} ويلك جسمك كلّه عاري وأنت تعيّري غيرك فاستري عورتك ثمّ انظري في عورة غيرك,فقال زوجها أيّها القنيّة لو بدأت بالنظر إلى نفسك فواريت عورتك لم تغيّري هذه وقد سترت عورتها,فقال لها تركتِ نفسك وأنت مجرّدة,فقال لها زوجها لو بدأت بالنظر في نفسك فرأيت عُريك لم تعتري من سترتْ عورتها,فقال لها تركت نفسك عريانة وعبت التي سترت فرجها فما أعماكي عن عيوب نفسك,فقال لها زوجها ويحك ألا تنظرين أنت إلى نفسك فإنّ جسمك كلّه عارٍي وتعيبين الذي قد غطّت عورتها,فقال لها تركت نفسك وأنتِ عريانة وتعيبين على صاحبتك حين غطّت عورتها بما قدرت عليه,فقال زوجها ويلك ألا تبصري (تبصرين) نفسك فتسترين (فتستري) من عورتك مثل ما سترت من عورتها ثمّ تكلّمي,فقال لها زوجها ويلك ألا تنظرين أنت إلى نفسك فإنّ جسمك عارٍ كلّه وأنت تطعنين على التي قد غطت عورتها *وتعيبينها بهذا وإليك العجب,قال لها زوجها ويلك ألا تنظرين إلى نفسك فإنّ جسمك عار كلّه وأنت تطغين في التي غطّت عورتها,فقال لها زوجها لو بدأت بالنظر إلى نفسك وإنّ جسمك عار كلّه لمّا عيّرت صاحبتك بما هو بعينه فيكِ,فقال لها زوجها ويلك انظري إلى عورتك المكشوفة ودعي عورة غيرك المستورة,فقال زوجها ويلك لو بدأت بالنظر إلى نفسك فواريتي عورتك فإنّ جسمك كلّه عريانًا وتنظرين صاحبتك قد غطّت عورتها,ויאמר לה בעלה אוי לך איך תראי נפשך ערומה מופשטת. ותכה לחי אשר כסתה ערותה ולקושש עצים משוטטת. ואני אתמה על כי תעיז פניך. ובכל מום אשר בך תעלים עיניך.,,قالت لها الأخرى انظري إلى نفسك جسمك كلّه عاري وتعيبيني أنا أفضل منك فإنّي [[سترت]] مستّرة العورة
305,f17765f9-643e-46b0-82ac-adb7fd8ccc88,Dimna Calls the Mother Ignorant,,,,,,,,,,,,,ثمّ إنّك أيّتها الجاهلة لو عرفتي قدر نفسك لأمسكتي عن فضول لسانك,,,,
306,f4441805-c486-4794-8c0c-6207b7e8b2c3,Dimna Reviles Courtier,|كذاك أنتَ قد تركتَ ما فيكْ ### وعِبْتَ بالأوصافِ مَن يُدانيكْ |فيكَ عيوبٌ لو رآها راءِ ### في ليلةٍ مظلمةٍ ليلاءِ |لقامَ مِن منامِه مُكَدَّرا ### معجبًا ممّا رأى مُحَيَّرا,وأنت أيضًا وشأنك أعجب العجب إذ علمت *يقذر جسدك وما فيه من القبح والشيّن واللّوم والنتن ثمّ تجترئ على أن تقوم بين يدي الملك الصحيح الجسم النقيّ من العيوب وعلى طعامه,وقولك أنت أيّها الغدّار ذوا العلامة القبيحة والعيب الشديد مَثَل قولها والعجب من جرأتك على دُنوّك من طعام الملك وخدمته,وفي أمرك أيضًا عجب إنّ جسدك فيه من القروح وأنت *تجتري أن تقومي بين يديّ الملك,وكذلك أنت أيّها الغادر ذو العلامات القبيحة والعيب الشديد والعجب من جرأتك على الدنوّ من طعام الملك وخدمته وأنت تعرض من عيوبك ما تعرّفك,وأنتَ أيّها الخبّاز أيضًا وشأنك من أعجب العجب وما في جسدك من القروح والنتن وأنت تقوم بين يديّ الملك وتلي طعامه,وأنت أيضًا أيّها المتكلّم أمرك عجبٌ حين تدنوا من طعام سيّدك وتقوم بين يديه مع ما بجسمك من القذر والفتوح والنتن واللؤم وما فيه ثمّ أنت تجترئ أن تقوم بين يديّ الملك وتلي طعامه,ثمّ قال دمنة للحىار للخبّاز وإنّما ضربت لك هذا المثل لأنّّه يشبه أمرك وقصّتك وأنت في جسدك من القروح والنتن واللؤم ما فيه كفايةٌ ثمّ أنت تجترئ أن تقوم بين يدي الملك وتلي طعامه,فأمرك أنت أعجب فيما قد عرفت من قذارة جسمك ونجاستك وجرأتك على ذلك من الدنوّ إلى طعام الملك والقيام عليه وبين يديه كالبريء من العيب والنقيّ من الدنس,,وأنت أيضًا عجب لك أيّها القذر ذو العلامات الفاضحة حين تدنو من طعام الملك وتقوم بين يديه مع ما بجسمك من القذر واللؤم والقبح ومع ما تعرفه أنت وغيرك من عيوب نفسك وتتكلّم في النقيّ الجسم الذي لا عيب فيه,وشأنكَ عجب أيّها القذر ذو العلامات الفاضحة القبيحة ثمّ العجب من جرأتك على طعام الملك وقيامك بين يديه معما بجسمك من القذر والقبح ومعما تعرفه أنت ويعرفه غيرك من عيوب نفسك أفتتكلّم في النقيّ الجسم الذي لا عيب فيه,,ثمّ إنّك أيّها المفسود القذر القبيح تعرف من عيوبك نفسك ما يعرفه كلّ أحد,הלא ידעת כי לך גויה. שמה ושערוריה. ולך פנים. מכל פנים משונים. ולך פה. כל הכזבים עליו על פה. כאלו על טיט היון שרשו. ועלה באשו. ואביך נבל ופרחח. תאכליהו אש לא נופח. ולא אתמה עליך כי אם על המלך אשר מגויתיך לא יגרע. כל מום רע. ואיך תעבוד לפניו. ואיך מצאת חן בעיניו.,,ثمّ قال له دمنة وأمرك عندي من أقبح الأشياء ولو كان لك من العقل ما تدبّر به حالك ما كان هذا كلامك وفي جسدك من القيح والنتن وجميع العيوب التي لا تحصى ثمّ بعد ذلك تقوم بين يديّ الملك وتلبّي طعامه وشرابه
307,192188c2-82a3-4fdb-be6e-4153723d6832,Dimna Protected Courtier's Secrets,|فيك عيوبٌ لم أكنْ أُظهِرُها ### قبلًا ومِن مودّتي أستُرُها,وقد علم عيوبك التي قد سترتها وكتمتها أيضًا من الجند وإنّما كتمت ذلك إلى اليوم ولم أُبدِه لأنّي كنت أقول في نفسي إنّه لا تضرّ في كرامة سيّدي إيّاه وليست في فضيحته منفعة فأنا حقيق أن أغطّى عليه وكان لك أخ كنت أحفظك له,وأنت تعرف من عيوبك ما تعرف ولست أنا وحدي أطّلع على عيبك ولكنّ جميع من حضرنا عرفوا ذلك وقد كانت الصداقة تحجزني عن إظهار مقابحيك وإن حرز ذلك لم يكن بعدوّك,وقد علم عيوبك غيري من الجند وقد كنت أكرمك,ولست أنا وحدي المطّلع على عيبك ولكن جمع من حضرنا وقد كان يحجزني عن إظهار ما اطّلعت عليه منك الصداقة التي كانت بيني وبينك وإنّ ضرر ذلك لم يكن يعدوك,وقد علم عيوبك غيري من الجند ولم يكن يمنعني إلّا كرامة إيّاك وكان لك أخ كنت أحفظك له,وقد علم عيوبك غيري من الجند ولم يكن ينبغي لي التكلّم بها إلّا أنّه لم يكن يضرّ أحدًا إكرامه إيّاك وكان لك أخًا وقد كنت أحفظك له,وقد عرف عيوبك غيري من الجند ولم يكن يمنعني من التكلّم بها إلّا لم يكن يلزم أحدًا إكرامه لك وكان لك أخًا فحفظت له,ولستُ بالمطّلع على عيبك دون أهل العقل من أهل المجلس ولم يمنعني من إبداء عيبك قبل اليوم إلّا مودّةً كانت بيني وبينك فكرهت أن أكون أنا المنفرد بإباحته دون الحستة [كذا],,ولست أنا وحدي اطّلعت على عيبك لكن جميع من حضر من أهل الرضا قد عرف ذلك وقد كان يحجزني عن إظهار ذلك الصداقة وكنت أقول ما يضرّني من تكرمة سيّدي إيّاه,ولست أنا وحدي أطّلع على عيبك لكن جميع من حضر قد عرف ذلك وقد كان يحجزني عن إظهارها ما بيني وبينك من الصداقة,,ولست أنا وحدي أعرف عيوبك لكن وجميع من حضر يعرف ويعلم ذلك وقد كان يحجزني عن ذلك وإظهاره ما كان يظهر لي منك و من الصداقة التي كانت بيني وبينك ولم يكن لي في إظهاره ولا منفعة واحدة وكنت ساتره كرمًا,ואנכי הסתרתי עד היום מומך מן המלך וגדודיו. ומשריו ועבדיו.,,وما علم عيوبك وما منعني أن ?أتكلّم بها إلّا أنّه كان لك أخًا فكنت أحفظك له
308,55cf0653-96e9-4769-a1b1-ab3047b0a9d6,Dimna Now Repays Courtier's Hostility,|أمّا وقد قمتُ إلى عداوتي ### مُجاهرًا وناكِرًا صداقتي |فها أنا مقتصرٌ على الذي ### أعرفُه من كلِّ مكروهٍ بَذي,فأمّا إذا ظهرت لي منك العداوّة ونطقت [[بالبرهان]] {بالبهتان} وتكلّمت بالزور والظلم على غير ذنب تقدّم منّي,فأمّا الآن إذ جاوزك إلى غيرك ما تأتي من الإفك والزور الذي أردت به فضيحتي وهلاكي فإنّي مقتصر من عيوبك على ما يعرفه من حضر,فلمّا ما ... بدىك ونطقت بالبهتان من غير علم,فأمّا الآن إذ جاوزك إلى غيرك فتناولتني بهذا الإفك والزور الذي أردت به فضيحتي وهلاكي عند الملك وعلى رؤوس هذه الجماعة فإنّي مقتصر من إظهارها ما أعرف من عيوبك على ما يعرفه من حضرنا,فإذ بدأتني بالعداوة ونطقت بالبهتان على غير علم,فإمّا باديتني بالعداوة ونطقت بالبهتان عليّ من غير علمٍ,فأمّا إذ باديتني بالعداوة ونطقت بالبهتان عن غير علمٍ,فأمّا إذا قد طعنت عليّ وابتدأتني بالظلم لما انطويت عليه من عداوتي وقذفتني على غير علم بالباطل بمحضر الجند,,فأمّا الآن فحين كذبت عليّ وبهتّني في وجهي وقمت في عداوتي بغير علم فلن أقصّر عن إظهار عيوبك وتعرّفه الجماعة,فأمّا إذ قد كذبت عليّ وبهتّني في وجهي وقمت بعداوتي فقلت ما قلت فيّ بغير علم على رؤوس الحاضرين فإنّي أقتصر على إظهار ما أعرف من عيوبك وتعرفه الجماعة,,فأمّا الآن قد بدا منك في حقّي على *رؤوس الأشهاد بين هذه الجماعة من الشنائع والبهتان والكذب والعدوان,אך עתה אגלה את נבלותך ומומך לרע גמולך. ואני לא חטאתי לך. כי הראיתני איבתך. והרחקת ממני קרבתך. ודברת עלי כזבים והתולים.,,فأمّا إذا ناديتني بالعداوة ونطقت بالبهتان من غير علم على رؤوس من حضر
309,934154df-dde2-4567-84cf-66e7a506a5cf,Dimna Says Courtier Deserves Not Even the Lowest Profession,|وإنّهُ فرضٌ على العارِفِ بِكْ ### أن يُطلعَ الَمْلَك على مَعائِبِكْ |فإنّها إذا درى بها الأَسَدْ ### نفاكَ عن أمرِ الخُوانِ وطَرَدْ,فإنّه لا ينبغي أن تكون للملك دبّاغًا ولاحجّامًا فكيف على طعام الملك,وحقٌّ على من عرفك أن لا يكون اتّهامه إيّاك في طعام الملك وخدمته فقط ولكنّه لو كلّفك عمل الزراعة كنت جديرًا أن تتفقّد عملك ويتّسع عندك,فإنّه لا ينبغي للملك دبّاغًا ولا حجّامًا دع ما أنت فيه من المنى التي أنت بها,وحقّ على من يعرفك كُنه معرفتك أن لا يكون اتّهامه إيّاك في طعام الملك وخدمته ولكنّه لو كلّفت عمل الدبّاغة كنت جديرًا بأن تفقد عملك وتتبع أثرك,فأنت لا ينبغي أن تكون للملك إلّا دبّاغًا وحجّامًا وما ينبغي أن تكون بالمنزلة التي أنت بها الآن,فإنّه لا ينبغي أن يكون صاحب السلطان دبّاغًا ولا حجّامًا دع ما أن يكون بالمنزلة التي أنت بها منه,فإنّه لا ينبغي أن يكون للملك حجّامًا فدع تكون بالمنزلة التي أنت بها,فإنّي قائلٌ بما أعلم من عيبك مبدي الذي أخفيت من دنسك الذي لم يكن معه داعٍ أن تخدم الملك ولا أن تخدم الذي تحته,,وحقّ على من عرفك حقّ معرفتك أن يمنع الملك من استعماله إيّاك والأحرى بك ألّا تدنو من عمل ولا أن تكون حجّامًا ولا دبّاغًا لعامّيّ فضلًا عن خاصّ خدمة الملك,وحقّ على من عرفك حقّ معرفتك أن يمنع الملك من استعماله إيّاك على طعامه فلو كلّفت أن تعمل الزراعة لكنت جديرًا بالخذلان فيها فالأحرى بك أن لا تدنوا إلى عمل من الأعمال ولا أن تكون دبّاغًا ولا حجّامًا لعامّيّ فضلًا أن خاصّ خدمة الملك,,فإنّي لن اقتصر عن إظهار ما أعرف من عيوبك على ما يعرفه من !حظر وخفى على من عرفك حقّ المعرفة أن يمنعك أكل الطعام مع الملك وخدمته بالكليّة,וכן יאות לך ולכל הנבלים. כי אין לבא אל בית המלך לא ברסים ולא גלבים. אף כי אתה רע מכולם ומכל סלונים וסרבים.,,بل فيك أسوأ ممّا ذكرت من *العيوب فليس بحقيق أن تدنو من الملك ولا تقربه
310,8ca36fe9-2cf4-4134-a74e-2d09430be8b2,Courtier Is Outraged,|قال لهُ إذ ذلك الخنزيرُ ### بغضبٍ يا أيُّها الشرّيرُ |ألي تقولُ هذه المقالَهْ ### مع ما بها من مُفرطِ الجهالَهْ,فقال رئيس الخنازير إلىّ يقول ما أسمع,فقال رأس الجبّارين إيّاي تعني بهذه المقالة,قال رأس الخنازير إلىّ تقول ما أسمع,قال رأس الخنازير إياي تعني بهذه المقالة,فقال رئيس الخبّازين ما تقول,فقال رأس الخنازير ألي تقول ما أسمع,فقال رأس الخنازير الآن تقول لي ما أسمع,قال صاحب المائدة ما عسيت أن تعيبني به أيّها الشقي,,فقال رأس الخنازير ولي تقول هذه المقالة وتلقي بهذا الملقى,قال سيّد الخنازير أَوَلي تقول هذه المقالة وتلقاني بهذا الملقى,قال رأس الخنازير إليّ تقصد بهذه المقالة وإيّاي تعني بهذه الإشارة,فقال رأس الخنازير ولي تقول هذا القول وتعنيني بهذه الإشارة,,,قال له رأس الحبّارين إليّ تقول هذا الكلام
311,2b5cb1fa-62ed-4c8d-aec5-f529eb0ed1cc,Dimna Calls Courtier Filthy and Leprous and,|أجابه عندئِذٍ دمنةُ قدْ ### بدا عليه ما بدا مِن الحَرَدْ |إيّاكَ أعني أيّها المكسورُ ### من بانَ في وَرِكِهِ الناسورُ |فأنتَ مشقوقُ الشفاهِ أَفْلَجُ ### مُنفَّخُ البطنِ كريهٌ أَعْرَجُ |وأنتَ فظُّ الطبع جِلْفٌ أَقْرَعُ ### آدَرُ والأَدَرْ عيبٌ مُفْظِعُ |وأنتَ غِمْرٌ جاهلٌ لن تصلُحا ### لعملٍ وإن يكنْ مستَقْبَحا |لذاك لستَ صالحًا بالأَحْرى ### لأن تكونَ تخدُمَ الهِزبرا,فقال دمنة نعم حقًّا لك أقول فإنّك جمعت الخصال إنّك ريحتك النهار كلّه أقرع أبرص الفخذين فلا ينبغي لك أن تدنوا من باب الملك أبدًا,قال دمنة إيّاك أعني أيّها الأعرج الأشرج الأهوغ,قال دمنة نعم إليك أقول فإنّك قد جمعت أنك ميسور بحلّ النهار كلّه أفرغْ من شأنك الخلق,قال دمنة بحقّ إنّي إيّاك أعني أيّها الأعرج المبسور والأشرح الباسور,قال دمنة أقول ما تسمع بأنّك أدرّ مبروص أقرع متمايل الخلق جميعه,فقال نعم حقًّا لك أقول فإنّك قد جمعت أنك آدرٌ مبسورٌ تحكّ ذلك النهار كلّه أفدع متسائل الخلق خبيثه,فقال دمنة نعم حقًّا لك ما أقول فإنّك جمعت أذن مبسور تحكّ النهار كلّه فدع من شأنك الخلق ?حبسه,فقال دمنة إنّي لا أعيبك إلّا بما فيك أعيبك ببرص عجانك وبقذر رجليك وداء خصيتك,,قال دمنة حقًّا لك أقول إنّك الأعرج المكسور الذي في إسته الباسور الأفدح الرجل الحمير الأذن المدلّى الخصيتين العظيم البطن الأفلج الأسنان والشفتين السيّئ المنظر والمخبر,قال دمنة نعم وحقًّا قلت فيك وإيّاك أعني أيّها الأعرج المكسور الذي في إسته الباسور الأفدع الرجل المنفوخ البطن المدلّى الخصيتين الأفلج الشفتين السيّئ المنظر والمخبر,قال دمنة نعم بحقٍّ أقول أيّها القذر القبيح الخلقة الذي في أسته الناسور الأقعد الأرجل الأحمق الأرذل المتدلّي الخصيّتين العظيم البطن الأفلج الصدر الجهول,قال دمنة بحقٍّ أقول فيك أيّها الأعرج الميسور الذي في أسته الباسور الأفقد الأرجل الأحمق الأدب المتدلّي الخصيتين العظيم البطن الأفلج اليدين,והנני מספר לך מקצת על מום אשר בך. כי תכלול בעיניך. ונגדך יום קרוב מפני החשך. וגרב וילפת ומרוח אשך. וקלוט ושרוע. נגוע וצרוע. ומעוך וכתות. פצוע דכא ושפכה כרות. ובראשך נתק וננעים בפחדיך. ושחין ואבעבועות בזרועיך וידיך. תתגרד כל היום ותאכיל את המלך מטעמות. שארות חמות.,,قال له دمنة حقًّا لك أقول فإنّك الذي في أستك الباسور والأقرع المرتفع الخصّاء
312,67fbe99e-7102-461d-add0-0f85b4220bb5,Courtier Is Reduced to Tears,|فأطرقَ الخبّازُ لمّا سمِعا ### ذلك مِن مقالِهِ وخَضَعا,فلمّا سمع رئيس الخنازير ما رماه به دمنة خنقته العبرة فبكي وتبادرت دموعه لجرأة دمنة عليه وإغلاظه له,فتغيّر لون رأس الجبّارين لقوله واستحيا وانعقد لسانه لكبت دمنة له,فبكى لجرأته عليه وإغلاظه له,فتمغّر وجه رأس الخنازير لقوله واستحى لمنزلته وانعقد لسانه,فلمّا سمع رئيس الخبّازين ما رُمي به خنقته العبرة وبكا لإغلاظه له,فلمّا سمع ذلك رأس الخنازير وما رماه به خنقته العبرة فبكى لجرأته عليه وإغلاظه له,فلمّا سمع ذلك ?رأس الخبّازين وما رماه به خنقته العبرة فبكى لجرأته عليه وإغلاظه له,,,فلمّا قال دمنة ذلك لسيّد الخنازير تغيّر وجهه واستحيا وتلجلج لسانه واستكان وفتر نشاطه واستعبر,فلمّا قال ذلك دمنة تغيّر وجه سيّد الخنازير واستعبر واستحيا وتلجلج لسانه واستكان وفتر نشاطه,فلمّا سمع رأس الخنازير ذلك تغيّر لونه واستحيا وخجل واعتقل لسانه واستكان,فلمّا قال دمنة هذا المقال تغيّر لون رأس القرود ورأس الخنازير واستحى واعتقل لسانه واستكّت أسنانه,ויחר לשר האופים דבריו כי על הממלכה עליו קמה. ויבא החדרה ויבך שמה.,,قال فلمّا قال له دمنة ذلك سبقته العبرة لما سمع من غليظ كلام دمنة
313,9f3c2f56-45f7-4e3b-9204-ccbb4411aad3,Courtier and Audience Are Silenced,,,,,,,,,فلمّا سمع صاحب المائدة ذلك من دمنة كفّ وكفّ جميع من حضر الجمع عن القول في شيء من أمره,فلمّا سمع من حضر من حسن مراجعة دمنة لمن قال فيه شيئًا ورأوا قوّته على الحجج كفّوا عن القول في أمره,,,,,,,
314,750ae145-4bef-4851-814c-6e92b9cc1ef7,Dimna Calls Courtier Unfit for Court,,فلمّا رأي دمنة ذلك قال إنّه ينبغي أن تبكي وتجتهد في البكاء فإنّ الملك لو قد اطّلع على أمرك وعلم كثرة عيوبك كان قد أقصاك وأبعدك,فقال دمنة حيث رأى الملك انكساره إنّه لينبغي أن يطول بكاءك وتشتدّ كآبتك لعلمك أنّ الملك لو اطّلع على قدرك ودنوّك لعزلك عن طعامه وحال بينك وبين خدمته,فقال دمنة إنّه لينبغي لك أن تبكي وتكثر دموعك فإنّ الملك لو اطّلع على أمرك وعلم الذي أنت عليه أقصاك وأبعدك,واستكان لهب دمنة حين رأى انكساره وعبرته فلمّا رأى دمنة انكساره قال إنّه لينبغي أن يطول بكاؤك وتشتدّ كآبتك لعلمك أنّ الملك لو قد اطّلع على قدرك وذنوبك طردك وعزلك عن طعامه وحال بينك وبين خدمته,فقال دمنة أنّه ينبغي لك أن تبكي فإنّ الملك متى علم ما أنت عليه نفاك وأبعدك,قال له دمنة إنّه لينبغي أن تبكي وتُكثِر دموعك فإنّ الملك لو قد اطّلع على أمرك وعلم الذي أنت عليه أقصاك وأبعدك,فقال إنّه لينبغي لك أن تبكي وتكثر دموعك فإنّ الملك لو قد اطّلع على أمرك الذي أنت عليه أقصاك وأبعدك,,,فقال دمنة حين رأى انكساره وبكاءه ابك ما شئت فإنّه ينبغي أن يطول بكاؤك إذا اطّلع الملك على عيوبك وقذرك فعزلك عن طعامه وحال بينك وبين خدمته وبعّدك عن حضرته,فقال دمنة حين رأى انكساره وبكاه وإنّما ينبغي أن يطول بكاؤك إذا اطّلع الملك على قذرك وعيوبك فعزلك عن طعامه وحال بينك وبين خدمته وأبعدك عن حضرته,فقال دمنة حين رأى انكساره ينبغي لك أن تهتمّ لعملك فإنّ الملك رأى من قذارتك وعيوبك ما أعرفه منك عزلك عن طعامه وخدمته وأبعدك,فقال دمنة حين رأى انكساره ينبغي لك أن تهتمّ لعملك وعلمك والملك لو رأى قدرك وعيبك عزلك عن طعامه وعن خدمته,ויאמר לו דמנה יאות לך לבכות. כי ידע המלך כל מומך יצוה עליו לענות ולהכות. וכראות שר האופים כי כתב הנמר כל הדברים האלה על ספר. ויכם שק וישב על האפר.,,فلمّا رأى دمنة بكاءه قال له ابكي ما شئت فبحقّ تبكي لأنّك تعلم أنّ سيّدك إذا اطّلع على شأنك وعرف عيوبك طردك وأبعدك عنه
315,2a5a7a93-9859-463b-ac64-d9a9339e7980,Lion Appoints a Court Secretary to Report to Him,,,وكان الأسد أمر بن آوى ?بينما شهرج كان قد عُرفه بالعفاف والصدق والأمانة أن تجمع ما تسمع من قول من يقول من الجماعة ويأتيه به,,وكان الأسد قد أمر ابن آوى كان قد عرفه بالصدق والأمانة والعفاف يُسمّى شهرة أن يُحضر مجمع الجند ودمنة ويعي ما يرى ويسمع منهم ويأتيه به,,,,,,,,,,,,
316,c2f3a7cb-28a2-40be-a576-60e8aa537014,Lion Appoints a Secretary to Inform Him about the Trial,,,,,,,,,,,ثمّ إنّ شعهرًا كان عند الأسد قد جرّبه فوجد فيه أمانة وصدقًا فأمره أن يحفظ جميع ما يجري بينهم ويطلعه عليه,ثمّ أنّ شعهرًا كان الأسد جرّبه فوجد فيه أمانةً وصدقًا فأمره أن يحفظ ما يجري بينهم ويطلعه على ذلك,وكان الأسد قد رتّب عندهم شعهرًا وكان في خدمته وجرّب صدقه وأمانته وأمره أن يسمع ما يُقال في جموعه وما يكون من أحوالهم,وكان الأسد قد رتّب عندهم سعهر كان في خدمته وجرّب صدقه وأمانته وأمره أن يسمع ما يُقال في جمعهم وما يكون من بعضهم على بعضٍ,,,
317,b0404509-90f0-4de2-a836-ede8e0b7216a,Lion Is Informed by Court Secretary and Ousts Courtier,|وصرفَ الخنزيرَ عن طعامِهِ ### لقُبح ما بُلِّغَ مِن أَسْقامِهِ,فلمّا سمع ذلك أمين الأسد الذي أمره بنسخ ما يقول دمنة وكان اسمه شهرج كتبه ورفعه إلى أسد فأمر برئيس الخنازير فعزل عن عمله وطرد وأقصى,فلمّا فرغ من محاورة رأس الجبّارين انطلق شهرج إلى الأسد فأخبره بما سمع فنقل على الأسد مكان رأس الجبّارين لقدره فعزله عن طعامه وأمره يُنحي حيث لا يراه,فلمّا سمع ذلك أمين الملك الذي كان آمره بحفظ ما يقولون وكان اسمه سهرج رفعه إليه فعزل رأس الخنازير عن عمله وأمر بإخراجه وإقصائه,فلمّا فرغ دمنة من مجادلة رأس الخنازير انطلق شهرة إلى الأسد فأخبره بما سمع فشغل على الأسد مكان رأس الخنازير من طعامه وخدمته وقذره فأمر بعزله عن عمله وأن ينجى حيث لا يراه,فلمّا سمع ذلك أمين الأسد الذي كان أمره بحفظ ما يقولون وكان يُسمّى سهرج فرُفع إلى الملك فعزل الملك رئيس الخبّازين وأمر بأخراجه وأقصى عنه,فلمّا سمع ذلك أمين الأسد الذي أمره بحفظ ما يقولون وكان اسمه سبهرج رفعه إليه فعزل رأس الخنازير عن عمله وأمر بإخراجه وإقصائه عنه,فلمّا سمع ذلك الأمين الذي للأسد وما ذكر له من أمره وكان اسمه سهرج حفظ قولهما ثمّ رفعه إلى الملك فعزل رأس الخبّازين عن عمله وأمره بإخراجه وأقصاه عنه,,,فقام الشعهر فدخل على الأسد فحدّثه بالحديث كلّه على وجهه فأوّل ما أمر به الأسد أن يُعزل سيّد الخنازير عن عمله وتقدّم أن لا يدخل إليه ولا يرى له وجهًا,فقام الشعهر فدخل على الأسد فحدّثه بالحديث كلّه على وجهه فأمر الأسد بعزل سيّد الخنازير عن عمله وتقدّم أن لا يدخل عليه ولا يرى وجهه,فانطلق إلى الأسد وأخبره بكلّ ما جرى وحديث رأس الخنازير فأمر الأسد عند ذلك أن لا يدخل عليه ولا يرى وجهه,فقام من عندهم إلى الأسد أخبره بكلّما جرى وحديث رأس الخنازير فأمر الملك عند ذلك أن لا يدخل عليه,כשמוע האריה כל מומו. הרחיקו מעמו. ולא אכל עוד מלחמו. ויאמר דמנה הוא מתנקם עליו. לרוע מיליו. כי זה אחרית כל אשר ירע לחבירו בשקרו ובפחזותו. או בכל תרמיתו. או בתשומת יד או בגזל או בעושק את עמיתו. שר האופים גמלני רע תחת אשר הסתרתי ערותו. משיב רעה תחת טובה לא תמיש רעה מביתו. וכל אשר יפר ברית. יהי אחריתו להכרית. אמת אמר האומר במשלו. פי כסיל מחתה לו.,,قال فلمّا سمع ذلك أمين الأسد الذي كان أمره أن يحفظ ما يقولون وما يردّ بعضهم على بعض مضى إلى عند الأسد فحدّثه بحديثهم من أوّله إلى آخره ولم [[يكتمه]] يكتمه شيئًا فلمّا سمع الأسد ذلك همّه وأحزنه وعزله عن أمره وأمر أن يترك الدخول عنده ولا يرى له وجهًا
318,dc1dd7c5-d608-4725-9413-98944e48fbae,"Dimna's Testimony Is Recorded, He Is Returned to Prison; End of First Day of Trial",,وكتب القاضي والأمين أيضًا ما قال دمنة وما قيل له وختما عليه وبعثا بدمنة إلى السجن وانصرفوا ذلك اليوم,ومكث دمنة موقوفًا فا يُبحث عنه حتّى مضى من النهار ستّ ساعات وكتب الكاتب ما سمع من منازعة من خصوص مع من حضر وختمه بخاتم القاضي والنمر فأخذ النمر الكتاب وأمر بإعادة منه إلى السجن وقام إلى منزله وتفرّقت الجماعة,فكتب النمر والقاضي ما قال وقيل وختما عليه وبعثا بدمنة إلى السجن,ومكث دمنة موقوفًا يبحث عنه حتّى مضت ستّ ساعات من النهار وكتب الكاتب ما سمع من منازعة دمنة وخصومته من حضره وختم الكتاب بخاتم النمر والقاضي وأخذ النمر الكتاب وأمر بإعادة دمنة إلى مسجنه وقام إلى منزله وتفرّقت الجماعة,وكتب النمر والقاضي ما قال دمنة وما قيل له وختما عليه وبعثا به إلى السجن,وكتب النمر والقاضي ما قال دمنة وما قيل له وختما عليه وبعثا به إلى السجن,وكتب إلى النمر والقاضي ما قال دمنة وما قيل له وختما عليه وبعثا بدمنة إلى السجن,حتّى أمرت به القضاة فصُرف إلى السجن,فأمر القاضي بصرفه إلى السجن,وأمر بدمنة أن يُحبس فحُبس وقد مضى النهار وكَتَب جميع ما جرى وختمه بخاتم النمر ورجع كلّ واحد منهم إلى منزله وجاء الليل,وأمر بدمنة أن يُسجن وقد مضى من النهار أكثره وجميع ما جرى وقالوا وقال قد كُتب وخُتم عليه بخاتم النمر ورجع كلّ واحد منهم إلى منزله,وأمر باستمرار حبس دمنة وكتب جميع ما جرى وختم بخاتم النمر ورجع كلّا إلى متسقرّه,وأمر بدمنة أن يُحبس فحُبس وكتب جميع ما جرى وختم بخاتم النمر ورجع كلٍّ منهم إلى مستقرّه,ויצו האריה ויוליכו את דמנה לבית כלאו. עד יחקרו חטאו.,,وأمر بدمنة أن يسجن
319,74a87ab0-b847-41fa-8ea3-27ab48aaf8f4,Scene 8. Ruzbeh Visits Dimna in Prison,,,,,,,,,,,,,,,,,
320,5f1af72b-a16e-489e-a421-f1293afbfbc8,Ruzbeh Is Kalīla's Friend,|وكان بينَ أصدقا كليلَهْ ### صديقُ صدقٍ ماهِرٌ ذو حيلَهْ |له نفوٌذ في بلاطِ الأَسَدِ ### وإسمُهُ رَوْزَبَةٌ ذو الرَّشَدِ,وإن صديقًا لكليلة يقال له روزبة,وانطلق ابن آوى وكان يُدعى رَوْزَنه كان لكليله صفيًّا وكان من الملك بمكانٍ خاصٍّ,فأمّا دمنة صديقُ كليلة يقال له رزوبه,وانطلق ابن آوى يُسمّى روزبة كان لكليلة صفيًّا ومن الملك بمكان خاصّ,ثمّ إنّ صديقًا لكليلة يُقال له روزنة,ثمّ إنّ صديقًا لكليلة يُقال له فَيروز,ثمّ إنّ صديق لكليلة يقال له روزبه,,,ثمّ إنّ شعهرًا كان يُقال له روزبة وكان بينه وبين كليلة إخاء ومودّة وكان عند الأسد متوجّهًا وعليه كريمًا,ثمّ أنّ شعهرًا كان يقال له روزبي كان بينه وبين كليلة إخاء ومودّة وكان عند الأسد وجيهًا وعليه كريمًا,وكان شعهر يُسمّى روبه وكان بينه وبين كليلة إخاءٍ ومودّةٍ,وكان سعهر يُسمّى دوبة وكان بين كليله وبينه إخاء ومودّة,ולכלילה רע ושמו רוזבה וילך,,ثمّ إنّ صديقًا لكليلة يسمّى رووبه
321,7139520b-fb57-4859-9276-23f2d382a532,Kalīla Had Feared Reprehensions for Being Responsible,|فجاءَ يومًا قاصِدًا زيارَهْ ### كليلةَ مستَقصِيًا أخبارَهْ |وجدَهُ ملازمًا فِراشَهْ ### والداءُ من شدّتِهِ أَطاشَهْ |فقال ماذا قال دائي والوَجَلْ ### على شقيقي دمنةَ مِنَ الأَجَلْ |قد جعلا حالي كما تَراهُ ### وليسَ يَشْفينِيَ إلّا اللُه,,,,,,,,,,وكان كليلة لمّا خرج عن دمنة فكّر في نفسه وقال أنا المأخوذ بسبب دمنة والمسؤول عن شأنه فإن أخبرت بأمره كنت عونًا على هلاكه وإن أنا سكتّ عوقبت بسببه فأخذه قلق وتحيّر,واتّفق أنّ كليلة أخذه القيام إشفاقًا وحذرًا على نفسه وأخيه,,وإن كليله ممّا حمل على قلبه من أمر دمنة وما يبلغه عنه من الأقاويل مرض,,,
322,e06827df-0fa5-4b92-aa98-46caa5ce7e6e,Ruzbeh/Fayruz Tells Dimna of Kalila's Death,|فقامَ في الحالِ وجاءَ دمنَهْ ### وقال باللِه استَعِذْ في المِحنَهْ |كليلةٌ ماتَ سلِمْتَ يا أخي ### ولا برِحْتَ الدهرَ في عَيْشٍ رَخي,انطلق إلى دمنة إلى السجن فأخبره بموت كليلة,فدخل على دمنة وأخبره بموت كليلة فاشتدّ جزعه وحزنه وبكى طويلًا,فأخبره بموت كليلة فبكى دمنة لما كان بينه وبينه من المودّة,فدخل على دمنة فأخبره بموت كليلة,انطلق إلى دمنة فأخبره بموت كليلة,انطلق إلى دمنة فأخبره بموت كليلة,انطلق إلى دمنة فأخبره بموت كليلة,,,فانطلق الشعهر إلى دمنة فأخبره بموت كليلة,فانطلق هذا الشعهر إلى دمنة فأخبره بموت كليلة,فانطلق إلى دمنة فأخبره بموت كليلة,فانطلق إلى دمنة وأخبره بموت كليله,אל בית הכלא. ויגד לדמנה כי מת כלילה. ויבך דמנה כל היום ההוא ועל הלילה.,,انطلق إلى دمنة وهو في السجن فأخبره بموت أخيه كليلة
323,cdd887e1-8a1d-4716-9bb3-f0d29a3d19c9,Dimna Grieves for Kalila,|حينئِذٍ دمنةُ أبدى الشَّكْوى ### مستعظِمًا حُلولَ هذي البَلْوى |وقال مِن بعدِ أخي كليلَهْ ### قد أصبحتْ عاقِبَتي وَبيلَهْ |لقد فقدتُ مِن نُهاهُ عُدَّهْ ### تَخِذْتُها ذُخْرًا لكلِّ شِدَّهْ |لقد رجوتُ أن أموتَ قَبْلَهْ ### أو أن أموتَ في فِراشي مِثْلَهْ,فبكى عليه دمنة لما كان بينه وبينه من القرابة والصداقة وقال ما أصنع اليوم بالحياة وقد مات أخي وصديقي,ثمّ قال أُفّ للحياة وتفّ للدنيا إذ أُفردت فيها من أخي وأُنسي وثقتي,وقال ما أصنع اليوم *بالحياة وقد هلك أخي وصفيَّ,واشتدّ لذلك جزع دمنة وحزنه ورقّته فبكى طويلًا ثمّ قال أفّ للحياة وبقاء الدنيا إذا انفردت فيها من أخي وتِربي و أُنسي وموضع ثقتي,فبكا دمنة لما كان بينه وبينه وقال ما أصنع اليوم بالحياة وقد هلك أخي وصفيّ,فبكى بكاءً شديدًا وقال ما أصنع اليوم بالحياة وقد هلك أخي وصفيّ,فبكى دمنة عليه بكاءً شديدًا للذي كان بينه وبين كليلة وقال ما أصنع اليوم بالحياة وقد ذهب أخي وصفيّي,,,فحزن وبكى وقال ما أصنع بالدنيا بعد مفارقة الأخ الصفيّ وبعد,فبكى وحزن وقال ما أصنع بالدنيا بعد مفارقة الأخ الصفيّ,فبكا دمنة بكاءً شديدًا رحمةً لكليلة وحُزنًا عليه وقال ما أصنع وقد فارقت الأخ الصدوق,فبكاء دمنة بكاء شديد حزنًا على كليله وقال ما أصنع وقد فارقت الأخ الصدوق,ויאמר רזי לי רזי לי איך ישאר עלי רעי. מה אעשה לרעי.,,فبكى دمنة حين سمع بموت كليلة بكاء شديدًا وقال ما أصنع اليوم بالحياة وقد فارقني الأخ الشقيق
324,bea5a654-9c38-4bf1-8902-cffcea2f263b,Misfortunes Never Come Singly,,لقد صدق الإنسان الذي قال إذا ابتلى المرء بشئ واحد أتاه الشرّ من كلّ مكان واكتنفه من الهمّ والحزن مثل ما قد أصابني,فإنّه حقّ ما يقال قلّ من ابتلى في الدنيا بمكروهٍ إلّا تتابعت عليه المكاره وعجبًا لحالي اليوم فيما †تواثر عليّ من البلاء في ضيق السجن وتعاون الخصوم عليّ ظلمًا وانقطاعي من ذوي قرابتي وأصفائي,لقد صدق القائل *الذي قال إنّ الإنسان إذا ابتُليَ ببلاء أتاه الشرّ من كلّ جانب واكتنفته المصائب وألِفَه الهمّ والحزن مثل الذي بي,إنّه أحقّ ما يقال مِن أنّه قلّ ما ابتُلي أحد في الدنيا بمكروه إلّا تتابعت عليه المكاره كحالي اليوم فيما تواتر عليّ من البلاء في ضيق المجلس وتعاون العامّة على ظلمي وانقطاعي من أخي وتِربي وصفيّ,لقد صدق القائل في مثله إذ يقول إنّ الإنسان إذا ما امتلئ الشرّ من كلّ جانب واكتنفه الهمّ والحزن,لقد صدق القائل إنّ الإنسان إذا ابُتليَ أتاه الشرّ من كلّ جانبٍ واكتنفه من الهمّ والحزن مثل الذي بي,لقد صدق القائل الذي يقول إنّ الإنسان إذا ابتلي أتاه الشرّ من كلّ جانبٍ واكتنفه الهمّ والحزن من كلّ وجهٍ,,,,,,,אמת אמר האומר כי בבא אד לאיש ממקום אחד. ויקוץ בו וכמעט נכחד. יתעוררו עליו צרות אחרות להתגרות עמו. ויבאו איש ממקומו. ביגונות אשר קראני. ובתלאות אשר מצאוני. ובצרות אשר רדפוני. וברעות אשר אפפוני. כל זאת אשר עשה כחשי. כבודי מעלי הפשיט ויסר עטרת ראשי.,,لقد صدق القائل إذ يقول إذا ابتلي الإنسان ببليّة أتاه الشديد من كلّ جانب واكتنفه الهمّ والحزن من كلّ مكان
325,3232fff7-4cf0-4179-904f-d1199b36fd4e,Dimna Asks Ruzbeh to Be His Friend,|لكنّني لستُ لهُ بفاقِدِ ### إذ قد بقيتَ لي نظيرَ ساعِدي |فأنتَ بعد اللهِ رُكْني والسَّنَدْ ### وأنتَ منذُ الآنِ عَوْني والعَضَدْ,وقد رزقت مع ما دخل عليّ من يودّني ويتعاهدني بما قد منّ الله عليّ من إخائك وأرجو أن تكون لي في المودّة والعطف عليّ من مؤاخاتك والنظ رلي مثل كون أخي كليلة وأكثر من ذلك إن شاء الله وإن تُعنى بأمري كما يُعنى به أخو الحِفاظ,ولكنّي أحمد الله الذي قبض كليلة وأبقى لي أخًا مثلك أسديه ما †أنتلم من فقده لأنّي قد وثقت باهتمامك بأمري وتشجّعك ما تخشّيت من لقائي وإنّي أعدل نفسك عندك من الشفقة والمودّة لي والحرص على ما نفست به عنّي,وقد ذقت مع ما نالني منك إخاء ليس بدونه بل أرجو أن يكون أفضل عطفًا ونظرًا منه وأن يهتمّ بأمري والعناية لي بما يعنى به أهل الحفاظ,ولكنّي أحمد الله الذي قبض كليلة وأبقى لي من ذوي قرابتي ورحمي أخًا مثلك أشدّ به ثغرة مائلة منّي فقد وثقت بنعمة الله الذي رأيت من اهتمامك بأمري ونصبك فيه وتجشّمك ما تجشّمت من لقائي و وجعلتني عدل نفسك عند اليوم المودّة لي والشفقة عليّ,وقد رأيت ما دخل عليّ من موت صاحب مودّتي وأخي وصفيّ وشاهدي بما فيه رشدي وقد أخلف الله لي أخًا ليس بدونه بل أرجو أن يكون أفضل عطفًا عليّ ونظرة إليّ منه وأن يهتمّ من أمري بما يُعتبر به أحقّ الحفظ,وقد رأيت مع ما دخل عليّ بمؤدّبي ومتعهّدي بما فيه رشدي وقد أبقى الله لي منك أخًا ليس بدونه بل أرجو أن تكون أفضل منه عطفًا عليّ ونظرًا لي وأن تهتمّ في أمري بما بعثني به أخو الحفاظ,وقد رأيت معما دخل عليّ وأصابني في مودّتي ومعقدي بما فيه رشدي وقد أبقى لي الله منك يا روزبه أخًا ليس بدونه بل أرجو أفضل عطفًا عليّ ونظرًا إليّ منه وأن تهتمّ من أمري وتعبي بما يعتني به أخو الحفاظ,,,فَقَدْ وثقت بنعمة الله وإحسانه إليّ فيما رأيت من اهتمامك ومراعاتك لي وقد علمت أنّك رجائي وركني وتحبّ خلاصي ممّا أنا فيه,وبعد فقد وثقت بنعمة الله تعالى وإحسانه إليّ ما رأيت من اهتمامك ومراعاتك لي وقد علمت أنّك رجائي وركني فيما أنا فيه,ولكن أحمد الله تعالى لمّا مات كليلة وأبقى لي من ذوي قرابتي مثلك وإنّي أعلم أنّك تحبّ منفعتي كحبّك لنفسك,ولكن الحمدلله الذي فارقني كليله وأبقى لي من ذوي الأقارب أخًا مثلك وقد علمت رجاء ما أنا فيه وإنّك تحبّ منفعتي كحبّك لنفسك,אבל שלם לי אלהים תחת כלילה רע דורש שלומי. ברוך י״י אשר לא עזב חסדו ואמתו מעמי.,,وأنا قد فارقت أخي الذي كان لي أنسًا ويدفع عنّي ما ألقى وقد أحسن الذي قال إنّ الأخ لا بعد له شيء وقد علمت أنّ مثلك في إخائي ورغبتك في منفعتي ما رغّبني فيك وفي إخائك وأنا أرجو أن لا يكون لي أفضل منك عوض أخي كليلة إن تهتمّ بأمري وتفعل معي ما أنت له أهل
326,e5c79c78-1ece-408d-ba38-4e83a1a05b27,Dimna Has Ruzbeh Fetch Their Belongings,|إمضِ إلى البيتِ فخُذْ ما تجِدُهُ ### فأنتَ أولى مِن عدوٍّ يقصِدُهُ |فلم يزلْ والدهرُ جمٌّ نَكَدُهْ ### يأكلُ مالَ المرءِ مَن لا يَحْمَدُهْ,فإن رأيت أن تنطلق إلى منزل كليلة وتأتي بما كان لي وله فيه فافعلْ ومضى روزبه فأتاه بما سأل فأعطاه دمنة نصيب كليلة وقال له أنت أحقّ به وأولى به من غيرك,وقد كنت جمعت أنا وكليله بكدّنا وكدحنا شيئًا كان منه معيشتنا ورفعناه في مكان كذا وكذا فإن رأيت أن تأتيني به فافعل فخرج روزبه مسرعًا إلى المكان فاستخرج ما كان فيه ثمّ حمله فجاءه فوضعه بين يديه فعمد دمنة إلى شطره فدفعه إليه,فإن رأيت أن تنطلق إلى منزل كليلة فتأتي بما كان لي وله فافعل فانطلق روزبه حتّى أتي بيت كليلة فاحتمل ما كان فيه وأقبل إليه به فلمّا جاءه به أعطاه ما كان لكليلة كلّه وقال أنت أحقّ به من غيرك,وقد كنت جمعت أنا وكليلة بحيلنا وكدّنا شيئًا كنّا منه نعيش فرفعناه بمكان كذا وكذا فإن رأيت أن تأتي به فافعل فخرج روزبة مسرعًا إلى المكان الذي وصفه له دمنة فاستخرج ما كان فيه ثمّ أتى به إلى دمنة فوضعه بين يديه فعمد دمنة إلى شطر ذلك كلّه فدفعه إلى روزبة,فإن رأيت أن تنطلق إلي منزل كليلة فتأتني بما كان له فافعلْ فانطلق روزنة فأتاه وأعطاه نصيب كليلة وقال له أنت أحقّ به من غيرك,فإن رأيت أن تنطلق إلى منزل كليلة فتأتيني بما كان لي وله فيه فأفعل فلمّا جاء به أعطاه نصيب كليلة كلّه وقال أنت أحقّ به من غيرك,فإن رأيت أن تنطلق إلى منزل كليلة فتأتني بما كان لي وله فيه فافعل فلمّا جاء به أعطاه نصيب كليلة وقال أنت أحقّ به من غيرك,,,فأريدك تنطلق إلى مكان كذا وتنظر إلى ما جمعته أنا وأخي كليلة بحيلتنا وسعينا فتأتيني به ففعل الشعهر ما أمره دمنة,فأريد من إنعامك أن تنطلق إلى مكان كذا فتنظر إلى ما جمعته أنا وأخي بحيلتنا وسعْينا ومشيئة الله تعالى فتأتينا به ففعل الشعهر ما أمره به دمنة,فانطلقْ إلى مكان كذا وكذا وانظر إلى ما جمعت أنا وكليلة فآتنا به ففعل روبه ذلك وانطلق إلى المكان وأتاه به ووضعه بين يديه,فانطلق إلى مكان كذا وكذا وانظر إلى ما جمعت أنا وكليله فأثنى به ففعل السعهر وانطلق لما أمره,ואחר כן אמר לרוזבה אחי אחי כבר ידעתי כי אתה לי אח נאמן. ואלוף רחמן. כאשר היה לי כלילה או טוב ממנו. וכל אשר לכלילה לך אתננו. ועתה לך לבית כלילה והביאה לי כל הכלים וכל הבגדים אשר בו. וילך ויבא לו הכל ולפניו הקריבו.,,فإذا رأيت أن تنطلق إلى منزل أخي كليلة وتأتني بما كان لي فيه فافعلْ ذلك ممنًّا عليّ به قال فمضى روزبه ففعل ما أمره دمنة وأتى بذلك إليه فأعطاه دمنة الذي كان لأخيه كليلة
327,b48e3b7e-b2fe-4d37-b151-052edbe9b0a3,"Dimna Gives Ruzbeh Half, Asks Him to Put in Good Word with Lion and Mother and Report Their Words to Him",|حقّي عليكَ يا ابنَ عمّي واجِبُ ### وأنتَ في رَعْيِ الحقوقِ دائِبُ |ففَتِّشِ الأخبارَ واسألْ عنّيوأَنْهِها إليَّ واكْنِ واعْنِ,وطلب اليه وسأله أن يحضر له عند الأسد بخير وأن يعلمه ما تذكر منه أمّ ما تذكر منه أمّ الأسد,وقال له فرّغ نفسك للاهتمام بي وأعلمني ما يكون من قول الأسد إذا رُفع إليه ما نطقت به وما نطق به الجند وما تقول أمّ الأسد ولطف نظرك فيما سألتك وفيما يُعرض ويجري من ذكري عند الأسد فإنّك قادرٌ على ذلك لقرب مجلسك واختصاصك ثم أعلمينه,وطلب منه أن يُحضره عند الأسد بخير وأن يعلّمه ما يذكره به أمّ الأسد عنده فوعده ذلك,وقال له فرّغ نفسك للاهتمام بأمري واصرف إلى ذلك همّك وأعلمني ما يكون من قول الأسد إذا رفع إليه ما كان من منطقي ومنطق من حضرني من الجند وما تقول أمّ الأسد عند ذلك وألطف لي نظرك فيما سألتك وما لم أسألك ممّا تعرض فيه ذكري عند الملك ثمّ أعلمنيه,فطلب منه أن يحضر عند الأسد فيسمع ما يُقال وما تذكر منه أمّ الأسد فوعده بذلك,وطلب إليه أن يحضره عند الأسد بخيرٍ وأن يُعلّمه ما تذكر أمّ الأسد منه عنده,وطلب إليه أن تحضر عنده إلّا بخيرٍ وأن تعلمه ما تذكر فيه أمّ الأسد عنده,,,فلمّا وضع المال بين يديه أعطاه شطره وقال له إنّك على الدخول والخروج على الأسد إذا شئت أقدر من غيرك فتفرّغ لشأني واصرف اهتمامك إليّ واسمع ما أذكَر به عند الأسد إذا رُفع إليه ما يجري بيني وبين الخصوم وما يبدأ من أمّ الأسد في حقّي وما ترى من متابعة الأسد لها ومخالفته إيّاها واحفظ ذلك وأفهمنيه,فلمّا وضع ذلك بين يديه أعطاه شطره وقال له أنك على الدخول والخروج على الأسد أقدر من غيرك فتفرّغ لشأني واصرف اهتمامك إليّ وما أُذكر به عند الأسد إذا رُفع إليه ما يجري بيني وبين الخصوم وما يبدوا من أمّ الأسد في حقّي وما ترى من متابعة الأسد لها ومخالفته إيّاها في أمري واحفظْ ذلك كلّه واعرفْه,فأعطاه حصّة كليلة [فأعطاه] ثمّ أوصاه أنّه إذا دخل على الأسد أن يتوصّى في حقّه فأخذ الشعهر ذلك فدفنه في ولمّا,فلمّا وضعه بين يديه أعطاه حصّة كليله منه ثمّ أوصاه إذا دخل على الأسد أن يتوصّل إلى حقّه بمعروفٍ,ויאמר דמנה מת כלילה ידידי וידידך. הנה כל אשר לו בידך. ועתה לך אל האריה ואל אמו אל המקום אשר שם יתחברו. ושמעת הדברים אשר ידברו.,,ثمّ قال له دمنة أنت أحقّ به من غيرك وطلب منه أن يحضره عند الأسد ويذكره عنده بخير وأن يعلمه ما يذكره الأسد عنده ويرفعه
328,06dc1008-cc09-4c75-92aa-ef34fe432afa,Dimna's Gift Is to Reward Ruzbeh's Friendship,,,وأنا أحبّ مع ذلك أن تعلم هذا الشيء اليسير الحقير الذي أعطيتك ليس لأنّي أتخوّف أن أكون مخصوصًا ولا لذنبٍ لي أتخوّف منه ولكنّه للإخاءة والمودّة التي كانت بينك وبين كليله ولما وثقت له من وفائك ونصيحتك وإنّي لم أرى أحدًا ممّن خُلق أحقّ بماله منك فأحببت أن تكون تركتُه لك,وقال له اعلم إنّي لم أعطك هذا الشئ اليسير لأنّي تخوّفت منه إن خصمت أو بحقّ لزمني ولكن للودّ الذي كان بينك وبين الذي أسأل الله تعالى أن يجعل في الجنّة له نصيبًا,فأنا أحبّ أن تعلم هذا الشيء الحقير اليسير الذي أعطيتك ليس لأن أكون مخصومًا أو أكون أتخوّف من نفسي وهنًا أو أعرف لها ذنبًا ولكنّه للإخاء والمودّة التي كانت بينك وبين كليلة وما وثقت به من وفائك وصحتك وإنّي لم <أر> أحدًا ممّن خلف أولى منك,,,,,,,,,,,,
329,addbea89-1537-442a-ae85-7d175c627bbf,Ruzbeh Accepts Gift,|فقال سَمْعًا يا أخي وطاعَهْ ### ثمّ مضى مِن وقتِهِ والساعَهْ |لعِلمِ ما يجرى ببابِ الأَسَدِ ### فلم يزلْ نهارَهُ في الرَّصَدِ,,فقبل روزبه الذي أعطاه دمنة وضمن له أن يقوم له بالذي سأله وأن يُعلمه ما يُسمع عند الأسد من أمري ثمّ بعث بالذي خبّأه به إلى منزله فخبّأه وانطلق إلى الأسد,وقبل منه ما أعطاه,,وقبل منه ما أعطاه,فوعده [فوعده] ذلك وقبل ما أعطاه,فوعده ذلك وقبل منه ما أعطاه,,,فأخذ الشعهر ما أعطاه دمنة وانصرف عنه على هذا العهد فانطلق إلى حيّه فخبّأه فيه,فأخذ الشعهر ما أعطاه دمنة وانصرف عنه على هذا العهد فانطلق إلى منزله فوضع ذلك فيه,,فأخذ السعهر ذلك فدفنه,,,فقبل منه ما أعطاه
330,06b0f2f1-b2e8-4383-8893-868847bda448,Scene 9. Lion Receives Court Records,,,,,,,,,,,,,,,,,
331,290b204e-c616-4cdb-bc1a-e35e37fbb336,Leopard & Judge Bring Lion the Court Records Who Has Them Copied,| فكتبَ الكاتِبُ كلَّ ما جرى واستشهدَ القاضِيَ ثمّ النمِرا |ثمّ أعادوا دمنةَ لحَبسِهِ ### وانصرفوا ويومُهُ كأَمسِهِ |وعرضوا مكتوبَهُمْ على الأَسَدْ ### فقال روحوا واحْضَروا بُكرةَ غَدْ,فوافى النمر والقاضي قد أتياه بالكتب ووضعاها بين يديه ينظر فيها وأمر بكتّابه أن ينسخوها للنمر,فلمّا أصبحوا من الغد وغدت من النهار ساعتان استأذن القاضي والنمر والكاتب على الأسد فدخلوا عليه ووضعوا الكتاب الذي كتبوا بين يديه فجمع الأسد بين قول أصحابه جميعًا وبين قول دمنة الذي قال في غدره وقاس بعضه ببعض فأمر كاتبٌ من كتّابه أن يأخذ نسخته,ثمّ إنّ زوربه عدا إلى الأسد فوافق النمر والقاضي قد أتياه بالكتاب فوضعاها بين يديه فنظر فيها وأمر كاتبه بنسخها وردّها إلى النمر,فلمّا كان من الغد في الساعة الثانية من أوّل النهار استأذن النمر والقاضي والكاتب على الأسد فدخلوا إليه ودفعوا إليه كتاب ما كان من عذر دمنة وكلام من حضره من الجند فنظر فيه الأسد وأمر كاتبه أن يأخذ نسخته ويردّ الكتاب على *النمر,ثمّ إنّ روزنة غدا إلى الأسد فوافق النمر والقاضي قد أتياه بالكتب فوضعوها بين يديه فنظر إليها وأمر كاتبه بنسخها ودفعها إلى النمر,[ثمّ] إنّ فيروز غدا إلى الأسد فوافق النمر عنده والقاضي قد أتياه بالكتب فوضعاها بين يديه فنظر فيها وأمر كاتبه بنسخها ودفعها إلى النمر,ثمّ إنّ روزبه غدا إلى الأسد فوافى النمر والقاضي قد أتياه بالكتب فوضعاها بين يديه فنظر فيها وأمر كاتبه بنسخها فدفعها إلى النمر,فلمّا أصبح الأسد من الغد دخل عليه القاضي وطائفةٌ من وجوه أصحابه بكتاب ما قال دمنة في مغاديره (معاذيره) فقبض الأسد ذلك الكتاب وأمرهم بالانصراف عنه,فلمّا كان من الغد من ذلك اليوم دخل القاضي على الأسد في طائفة من وجوه من كان حضر مجلسه بالأمس فرفع إليه كتابًا فيه ما قال دمنة في معاذيره فقبض الأسد ذلك الكتاب وأمرهم بالانصراف عنه,ثمّ إنّ الأسد بكّر من الغد فجلس حتّى إذا مضى من النهار ساعتان استأذن عليه أصحابه فأذن لهم فدخلوا عليه ووضعوا الكتاب بين يديه,ثمّ إنّ الأسد بكّر من الغد فجلس حتّى إذا مضى من النهار ساعتان استأذن عليه أصحابه فأذن لهم فدخلوا عليه ووضعوا الكتاب بين يديه,كان من الغد استأذنوا الجماعة الدخول على الأسد فأذن لهم فدخلوا ووضعوا الكتاب بين بيديه ودعا دمنة وخرجوا الجماعة من عند الأسد,ولمّا كان من الغد استأذنوا الجماعة للدخول على الأسد فأذن لهم فدخلوا ووضعوا الكتاب بين يديه,וישכם רוזבה בבקר אל האריה ואמו ויבא גם הנמר והשופט. ויתנו לו הספרים. ויעתיקום הסופרים. ויאמר להביא דמנה אל השופטים ואל הסגנים. ולכתוב את דבריהם לפני הדיינים.,,ثمّ إنّه غدا إلى الأسد فوافاه النمر والقاضي وقد أتياه بالكتب التي تقدّمت في ذلك الأمر فوضعاها بين يديه ثمّ نظر إليها مليًّا فأمر بكتابة نسخها ورفعها إلى النمر
332,4a0a7453-2163-4791-92b1-ebfbcb025825,Judge Orders Leopard and Judge to Return Dimna Before Court,|وأصبحَ القومُ فقال الأَسَدُ ### عودوا عسى اليومَ نرى مَن يَشْهَدُ,وقال له وللقاضي انطلقا بدمنة قأوقِفاه إلى الجند وارفعا إليّ ما يكون من قولهم وعدوّه في ذلك,ثمّ يدفع الصحيفة الذي فيها قولهم إلى النمر وقال لهما اصنعا اليوم كما صنعتما بالأمس وادعوا بدمنة فاسمعا منه ومن خصمائه ومن أحضر له ثمّ ارفعوا إلى ما يكون من قولهم فيه وغدره في ذلك,وقال له وللقاضي انطلقا بدمنة فأوقفاه للجند ثمّ ارفعا إلىّ ما يكون من قولهم وغدره في ذلك,وأمرهم أن يعودوا من يومهم إلى البحث عن دمنة فخرجوا لذلك,وقال للقاضي انطلقا بدمنة فأوقفاه للجند ثمّ ارفعوا ما يكون من قولهم وعذرهم في دمنة,وقال له وللقاضي انطلقا بدمنة فقِفاه للجند ثمّ ارفعا إليّ ما يكون منه وعذره في ذلك,وقال للقاضي انطلقا بدمنه فقفاه والحند ثمّ ارفعا إلى ما يكون من قولهم فيه وعذر دمنة في ذلك فلمّا خرجوا بدمنة,,,,,,ودُعي دمنة وخرجوا الجماعة *من عند الأسد,,,وقال له وللقاضي انطلقوا [[إليّ]] بدمنة فأوقفوه للجند ثمّ ارفعا ما يكون من قولهم فيه وعذره في ذلك إليّ
333,eb6e6691-7123-4f28-b8c4-99bd9106f317,Scene 10. Lion and Mother,,,,,,,,,,,,,,,,,
334,8458ce67-59aa-4391-b563-8e64cb26e510,Lion Reads Court Records to Mother,|ثمّ أتتُهُ أمُّهُ فشَرَحا ### لها الذي كانَ لهُ قد أُوضِحا,فلمّا خرجا [خرج دمنة] من عند الأسد أتته أمّ الأسد فقرأ عليها تلك الكتب والأخبار,,فلمّا خرج دمنة من الغد أتت أمّ الأسد فقرأ عليها تلك الكتب,ودعا الأسد أمّه فأقرأها النسخة,فلمّا خرجوا بدمنة أتته أمّه فقرأ عليها ما كُتب,فلمّا أُخرجوا من عند الأسد أتته أمّه فقرأ عليها تلك الكتب,من عند الأسد أتت أمّ الأسد إليه فقرأ عليها تلك الكتب,ثمّ أرسل إلى أمّه فقرأ عليها ذلك الكتاب,وأرسل إلى أمّه فقرأ عليها ذلك,فلمّا عرف قولهم وقول دمنة دعا بأمّه فقرأ عليها الكتاب,فلمّا عرف قولهم وقول دمنة دعا بأمّه فقرأ عليها ذلك,ودعا الأسد بأمّه وقرأ عليها الصحيفة,فلمّا خرجوا دعى الأسد أمّه وقرأ عليها الكتاب,ורוזבה יצא מעם האריה ואם האריה באה. כי לשמוע דברי הסופרים נקראה. ויקראו הספרים לפניה.,,قال فلمّا خرجوا من عند الأسد أتته أمّه فقرأ عليها تلك الكتب
335,42a7f840-4da5-4401-9337-d89c65f3ae5e,Mother Alerts Lion of His Own Benefit and Motivates Her Harsh Words,|فغضِبتْ منه وقالت دمنَهْ ### بكيدِهِ ألقاكَ في ذي المِحنَهْ |وهو يراكَ عاجِزًا ضعيفا ### لا تهتدي لمذهبٍ سَخيفا |وخرجتْ مِن عندِهِ,فقالت أمّ الأسد لا تحزن عليّ إن أنا اغلظت لك في القول فأنّي لا أراك تعرف ما يضرّك ممّا ينفعك لغرور هذا الفاجر المحتال فاسترحْ منه فإنّك أن استبقيته يفسد عليك جندك وانصرفت وهي غضبانة عليه,فلمّا سمعت ما فيها قالت بأعلى صوتها أيّها الملك أنا إن أغلطت لك في القول فلا تلمني فقد حشمني ذلك قال لا أفعل بل أقبل منك فإن غلظ قولك الناصح محتمل القبول قالت بأنّك أيّها الملك قليل المعرفة بضرّك من نفعك وإنّك مغرورٌ بقول هذا الفاجر !المحال وقد كنت أنهاك عن الاستماع منه وإن تغيّر بما تسمع من منطقه وإنّك إن ?اشتقيته مرّةً لك الباطل وأتاك بالبهتان وأفسد عليك جندك وفرّق ملأهم فإنّه لن يقدر أحدٌ عليّ بخصمه ولا يكسر حجّته وما النظر إلّا لك وما أريد بقتله إلّا إصلاح مُلكك واجتماع كلمة جندك ورعيّتك فإذا لم تفعل فأنت ورأيك أعلم ثمّ خرجت من عنده مغضبةً,فقالت أمّ الأسد لا تجدّن عليّ فيما ينفعك وإنّك لمغرور بقول هذا الفاجر المحتال فاسترح منه فإنّك إن استبقيته أفسد عليك جندك وفرّق ملأهم وانصرفت من *غضبي عليه,فرفعت صوتها وقالت إذا أغلظت لك الكلام فلا تلمني فإنّك لا تعرف المنفعة من المضرّة أوليس قد حذّرتك أن تغترّ بقول هذا الفاجر المخادع الفاسد ثمّ قامت مغضبة وخرجت من عنده,فقالت أمّ الأسد لا تلمْني إن أنا أغلظت لك في القول فإنّي أراك لا تعرف ما ينفعك ممّا يضرّك وإنّك لمغرور بقول هذا الفاجر المحتال فاسترحْ منه فإنّك إن أبقيته أفسد عليك جندك وفرّق جمعهم ثمّ انصرفت من عنده وهي غضباء,فقالت أمّ الأسد لا تَجِدَنّ عليّ إن أنا أغلظت لك في القول فإنّي لا أراك تعرف ما يضرّك ممّا ينفعك وليس هذا ممّا كنت أنهاك عنه من استماع قول هذا الفاجر المحتال فإنّك إن استبقيته أفسد عليك جندك وفرّق ملأهم وانصرفت من عنده وهي غضْبى عليه,فقالت له لا تجدنّ عليّ إن أنا أغلظت لك في القول لا أراك تعرف ما يضرّك ممّا ينفعك وإنّك مغرورٌ بقول هذا الفاجر المحتال فاستحرجْ منه فإنّك إن استبقيته أفسد عليك جندك وفرّق ملأهم ثمّ انصرفت وهي عليه غضبى,فشقّ عليها وقالت إن أنا أغلظت لك أيّها الملك فلا تغضب قال الأسد لست أغضب فقولي ما أحببت قالت ما أراك تعرف ما يضرّك ممّا ينفعك وإنّي لأحسب دمنة في طول تصريفك النظر في أمره سيهيج عليك ما لا تقعد له ولا تقوم ثمّ قامت فخرجت وهي غضبانة,فشقّ عليها ما رأت من الأسد وعطفه على دمنة وقالت إن أنا غلظت لك أيّها الملك فلا تغضب قال الأسد افعلي وأنعمي وقولي ما أحببت قالت ما أراك تعرف ما يضرّك ممّا ينفعك وإنّي لأحسب دمنة في طول تصريفك النظر في أمره سيهيّج عليك ما لا تقعد له ولا تقوم ثمّ جرجت عنه غضبانة,فلمّا سمعت ذلك نادت بأعلى صوتها إن أنا أغلظت في القول فلا تلمني فإنّك لست تعرف ضرّك من نفعك أليس هذا ممّا كنت أنهاك عن سمعه من كلام هذا المجرم المسيء إلينا قديمًا الغادر بذمّتنا ثمّ إنّها خرجت غضبى,فلمّا سمعت ما في الكتاب نادت بأعلى صوتها إن أنا أغلظت في القول فلا تلمني فإنّك لست تعرف ضرّك من نفعك أليس هذا ممّا كنت أنهاك عن سماعه لأنّه كلام هذا المجرم المسئ إلينا الغادر بذمّتنا ثمّ أنّها خرجت مغضبة,قالت إنّي ما غلظت في القول فلا تلمني فإنّك لا تعلم ضرّك من نفعك ألست القائلة لك لا تسمع قول هذا المجرم المسيء إلينا قديمًا,فقالت إذا غلظت في القول فلا تلومني فإنّك لا تعلم ضررك من نفعك أما قلت لك لا تسمع قول هذا المجرم المأسي إلينا قديمًا,ותשא אל האריה עיניה. ותאמר לו אינך יודע מה יועיל ומה יצר. ומי לך אוהב ומי לך צר. אל יפתוך דברי הבוגד ואל תשמע אליו. לא תחמול ולא תכסה עליו. כי אם תחייהו ישחית לב כל עבדיך. וחבל את מעשה ידיך. ולא ישאיר לך קצין ולא שר צבא. ואין יוצא ואין בא.,,وقالت له لا تحزن على دمنة وإن أغلظ لك في القول لأنّك ما تعرف من يضرّك من الذي ينفعك لأنّك مغترّ بقول هذا الغادر الفاجر فاقتله واسترح منه فإنّك إن أبقيته أفسد عليك جندك بحيله ومكره
336,1b21b488-3b6f-4782-b36d-59e3f91eb771,Ruzbeh Reports Mother's Words to Dimna,فمرّا ### جاسوسُهُ يشرَحُ ذاكَ الأَمْرا,ثمّ أن روزبة أتى دمنة في السجن فأخبرته بما قالت أمّ الأسد عند قراءة الكتب,وكان ذلك الشهرج المواطئ لدمنة قريبٌ يسمع كلام أمّ الأسد وبقي كلّما تكلّمت به فخرج خفيًّا مسرعًا عند خروج أمّ الأسد حتّى أتى دمنة فاقتصّ عليه ما قالت أمّ الأسد,ثمّ أنّ روزبه أتى دمنه فأخبره بذلك,وكان روزبة حيث يسمع كلام الأسد فوعى ما سمع ثمّ خرج مسرعًا مع خروج أمّ الأسد فأتى دمنة فقصّ عليه القصةّ,فأتى روزنة دمنة فأخبره بذلك,ثمّ إنّ روزبه أتى دمنة فأخبره بذلك,ثمّ إنّ روزبه أتى دمنة فأخبره بذلك,,,وذلك بعين الشعهر الذي آخاه دمنة وسمْعِه جميع ما قالت أمّ الأسد فخرج في إثرها مسرعًا فأتى دمنة فحدّثه بالحديث,وذلك بعين الشعهر الذي آخاه دمنة وبسمعه جميع ما قالت أمّ الأسد فخرج في إثرها مسرعًا حتّى أتى دمنة فحدّثه بالحديث,وكان ذلك الشعهر يسمع قول أمّ الأسد فخرج مسرعًا فحدّث دمنة بجميع الحديث,وكان حاضر السعهر يسمع قول أمّ الأسد فخرج سريعًا وحدّث دمنة الحديث جميعه,וילך רוזבה אל דמנה,,قال ثمّ إنّ زوربه أتى إلى دمنة وأخبره بذلك كلّه
337,f42843bd-4a20-4109-8921-2a366d70c130,"Scene 11. Dimna's Process, Day Two (Dimna's Defense)",,,,,,,,,,,,,,,,,
338,ef67fd27-24ec-40e0-80ca-e326dd0b5cd4,Men Take Dimna Before Court,|وأحضروهُ فأتى الجماعَهْ ### فقال كم مِن حِكمةٍ مُضاعَهْ,فبينا هو في حديثه أتته رسل القاضي فانطلقوا به فأقاموه للنّاس واجتمع الجند والرعيّة ودمنة واقف,فبينما هو في الحديث إذ أتاه صاحب السجن فانطلق بدمنة إلى !جهنّم,فبينما هو في حديثه إذ أتته رسل القاضي والمؤدّب فانطلق إليهما,فبينما دمنة يستخبره إذ أتاه من انطلق به إلى الجماعة,فبينما هم في حديثهم إذ أتتهم رسل القاضي فانطلقوا به,فبينما هو في حديثه إذ أتاه رسول القاضي فانطلق به إليه,فبينا هم في حديثه إذ أتاه رسول القاضي فانطلق به إليه,فلمّا كان في الغد بعث القاضي إلى دمنة فأخرجه,فلمّا كان من الغد بعث القاضي إلى دمنة فوقّفه للعامّة فلم يقولوا شيئًا,فبينما هو عنده إذ جاء رسول الأسد ففتح الباب وانطلق بدمنة إلى المجمع عند الأسد,فبينما هو عنده إذا جاء †فيج فانطلق بدمنة إلى المجمع عند الأسد,فبينما هم كذلك إذ أتى إلى ذمنة آتٍ استدعاه إلى القاضي,فبينما هما كذلك إذ أتى لدمنة آتٍ استدعاه إلى القاضي,וישלח השופט והנמר ושרי החיילים והגבורים. להביא את דמנה לדין והוכח בדברים.,,فبينما هو في حديثه معه إذ أتته رسل النمر والقاضي فانطلقوا به إليهما
339,7924cf1b-b13c-4afc-ab03-542c665990f0,Judge Consults Scholars on Kalila,,,,,,,,,وشاور عليه العلماء فلم يقولوا فيه شيئًا,,,,,,,,
340,4c0fb838-6b1f-422b-8e41-354608decf3e,Head of Court Deems Extant Facts Sufficient,|قال لهُ عظيمُهُمْ قد صحَّ لي ### ما جئتَهُ مِن مُعجِباتِ الحِيَلِ |وصحَّ عندَ المَلِكِ المطاعِ ### أنّكَ ذو مكرٍ وذو خِداعِ |ولا يشكُّ في جميعِ أمرِكا ### ولا بما جَرَرْتَهُ بمَكْرِكا,قال عظيم الجند قد عرفت أمرك يا دمنة وتيّقنته وأتاني من هو عندي أمين وليس ينبغي لي أن أسأل عن شئ منه ولا أنظر فيه مع ما قد فحصنا عنه,فلمّا قدم دمنة إلى القاضي افتتح النمر الكلام فقال أمّا ما تريد الفحص عنه من أمرك فقد أتاني به الثقة من أهل الأمانة والصدق فليس ينبغي لنا أن نفحص عن أمرك أكثر ممّا فحصنا,فقال عظيم الجند قد علمت أمرك وقد تيقّنته وأتاني من هو عندي أمين ينبغي لى أن لا أسأل عن شئ و لا أنظر فيه إلّا ما قد فحصت عنه,فلمّا أوقف بين يدي القاضي تكلّم عظيم الجمع فقال أمّا ما نريد من الفحص عن أمرك يا دمنة فقد أتاني به الثقة من أهل الصدق والأمانة,فقال عظيم الجند قد علمت أمرك وتيقّنته وأخبرني به من هو عندي أمين وليس ينبغي لي أن أسأل عن شيء من أمرك ولا أنظر فيه ولا أفحص عنه,فقال عظيم الجند قد علمت أمرك وتيقّنته وأتاني به من هو عندي أمينٌ وليس ينبغي لي أن أسأل عن شيئًا منه ولا أنظر فيه سوى ما قد فحصت,فقال عظيم الجند قد علمت أمرك يا دمنة وتيقّنته وأتاني به من هو عندي أمينٌ وليس ينبغي أن أسأل عن شيءٍ منه ولا أنظر فيه إلّا ما قد سألت ونظرت,,,فلمّا مثل بين يدي القاضي استفتح سيّد أهل المجلس الكلام فقال إنّه قد أتاني بخبرك الأمين الصادق وليس ينبغي لنا أن نفحص عن شأنك أكثر من هذا,فلمّا مثل بين يدي †القاضي استفتح سيّد المجلس فقال يا دمنة قد أنبأني بخبرك الأمين الصادق وليس ينبغي لنا أن نفحص عن شأنك أكثر من هذا,فلمّا حضر بين يديه القاضي وافتتح سيّد المجلس وقال قد أتاني خبرك بالأمس يا دمنة من الأمين الصادق وليس ينبغي أن يُفحص عن شأنك أكثر,فلمّا حضر بين يديه افتتح سيّد المجلس وقال قد أتاني خبرك يا دمنة بالأمس من الأمين الصادق وليس ينبغي أن يفحص عن شأنك أكثر من الذي فحصنا وإن كان خبّرنا من نثق بقوله,ויאמר לו שר הצבא כבר נודעו לי שקריך וכזביך. וזדונך ורוע לבבך. אבל צוה המלך שלא תמות כי אם על פי עדים נאמנים. ועל דעת שופטים והזקנים. ברוב חמלתו. וצדקתו ואמונתו.,,فلمّا وقف دمنة بين يديهما وجميع من حضر من الجند قال له عظيم الجند قد علمت أمرك يا دمنة وتيقّنته وأنبأني به من هو عندي أمين مصدّق وقد صحّ عندي ما أردت من ذلك
341,7de66e42-894e-49e9-9a72-4bdf44b0805d,God Placed Signs of Truth in the World and Prophets to Explain Them,,,فقد قالت العلماء إنّما تعرف أمور الآخرة بما حمل أهل الثقات من أقاويل الرسل وإنّ الله قد جعل لكلّ شيءٍ علمًا ولكلّ علمٍ حدًّا فأمّا في الدنيا فقد دلّت عليه رسله وأنبياءه وتبيّنوا عند ذلك,,وقد قالت العلماء أنّه إنّما يُعرف الله وأمور الآخرة لما حملت ثقاة من أقاويل الأنبياء والرسل,,فإنّ العلماء قالت إنّ الله جعل لكل شيءٍ من أمر الآخرة علمًا ومصداقًا فإمّا في الدنيا فقد دلّت عليه أنبياؤه ورسله,,,,لأنّ العلماء قد قالوا إنّ الله تعالى جعل الدنيا سببًا ومصداقًا للآخرة لأنّها دار الرسل والأنبياء الدالّين على الخير الهادين إلى الجنّة الدالّين إلى معرفة الله وقد ثبت شأنك عندنا,لأنّ العلماء قالوا إنّ الله تعالى جعل الدنيا سببًا ومصداقًا للآخرة لأّنها دار الرسل والأنبياء الدالّين على الخير الهادين إلى الجنّة الداعين إلى معرفة الله تعالى,,,,,
342,92996044-4868-4c80-81a5-1c570ad74239,Judge is Certain That Dimna Instigated the Lion against the Ox,,,ونحن أيضًا قد قبلنا شأنك علمًا بخبر من وثقنا بقوله وقد انتهينا في علم أمرك إلى حدّه فاستبان لنا أنّك بمكرك ونميمتك وفجورك حملت سيّدنا على قتل خليله البريء العالم الرؤوف بالرعيّة القيّم بالحقّ,,,,,,,,,,,,וכבר נודע מכל בגדת ופשעת. כי בן מות אתה. כי בוגד אתה בכל חבריך. וברוב כשפיך בעצמת חבריך.,,لكثرة خداعك وحيلك ومكرك وسعيك في الثور من غير ذنب كان منه حتّى قتله الملك
343,28878aed-3c94-4ced-ac99-ebcdbff540ec,King's Mercy Permitted Investigation Despite Convincing Testimony,|لكنّهُ قد آثرَ التشبُّثا ### كيْ لا يقولُ قائلٌ قد عَنَتا,ولولا ما أمرنا به الملك لرأفته بالرعيّة وعطفه ورحمته لقد كان القضاء بيّنًا عليك,ولكنّ سيّدنا أصلحه الله لرأفته بالرعيّة ومودّته وحُسن رويّته ورحمته إيّاهم وحرصه على التثبّت في أمورهم أمر بالتودّد في الفحص عن شأنك وإن كان القضاء فيك بيّنًا عندنا واضحًا لدينا,ولولا ما قد أمرك به الملك لرأفته بالرعيّة ورحمته أيّاهم لكان القضاء فيما بيننا عليك,ولولا رحمة الملك بالرعيّة ورأفته بهم ومودّته إليهم وحرصه على التثبّت في أمورهم لكان القضاء فيك أوّل يوم بيّنًا,ولولا ما أمرنا به الملك لرأفته ورحمته بالرعيّة لكان القضاء عليك,ولولا ما أمرنا به الملك لرأفته ورحمته بالرعيّة لكان القضاء بيّنًا عليك,ولولا ما أمرنا الملك به فيك لرأفته بالرعيّة ورحمته إيّاه لكان القضاء بيّنًا عليك,,,إلّا أنّ سيّدنا أمرنا للعود في أمرك والفحص عن شأنك وإن كان بيّنًا عندنا,وقد ثبت شأنك عندنا وأُخبرنا عنك من وثقنا بقوله إلّا أنّ سيّدنا أمرنا بالعود في أمرك والفحص عن شأنك وإن كان عندنا ظاهرًا بيّنًا,ولكن سيّدنا قد أمرنا بإحضارك,لكن سيّدنا أمرنا *بالعودة لإحضارك,,,ولولا ما أمر به الملك لرأفته بالرعيّة ورحمته إيّاها وشفقته بمناظرتك وسماع ما يقول الجند لكان القضاء بيّن عليك
344,7565de10-0670-441f-ae3c-fa1145630824,Judge Deems Court Members' Silent Thoughts to Be Sufficient Proof,,,,,,,,,فقال له القاضي إنّه وإن سكت جميع من حضرك فلم يقولوا شيئًا فإنّ ظنونهم قد اجتمعت على أنّك مجرمٌ ولا خير لك في الحياة بعد استقرار تهمتك في قلوبهم,فقال له القاضي إنّه وإن سكت من حضر فلم يقولوا فيك شيئًا وإنّ ظنونهم قد اجتمعت على أنّك مجرم فلم أر لك خيرًا في الحياة بين ظهراني من يراك بعد استقرار تهمتك في قلوبهم,,,,,,,
345,0ee4c3ea-976f-45fb-8595-dee44d93ec85,Dimna Accuses Head of Court of Ignoring Facts,|قال له دمنةُ إنّ منطِقَكْ ### لمُظهِرٌ للحاضرينَ خُلُقَكْ |أنّك فظٌٌّ ليس فيكَ رافَهْ ### فأنتَ حقًّا مِحنةٌ وآفَهْ |تريدُ قتلي لعِبًا وجَهْلا ### ولا تريدُ للصلاحِ فِعْلا,فقال دمنة إنّ منطقك ليس بذي رأفةٍ ولا رحمةٍ ولا نظرٍ في أمر مظلومٍ ولا طلب للحقّ والعدل,قال دمنة إنّ منطقك منطق من لا يلتمس الإنصاف ولا يتحرّى بالحقّ ولا رأيًا عندك ولا رحمةً ولا نظر في أمر مظلوم ولا استنقاذ المكروب,قال دمنة أن منطقك ليس بذي رأفة ولا رحمة ولا نظر في أمر مظلوم ولا طالب للحقّ والعدل,على دمنة أرى منطقك منطق امرئ ليس فيه رأفة ولا رحمة ولا نظر في أمر مظلوم ولا محبّ للعدل والحقّ,فقال دمنة إن منطقك ليس بمنطق ذي رأفة ورحمة ولا نظر في أمر مظلوم ولا طلبًا للحقّ والعدل,فقال دمنة إنّ منطقك ليس بذي وجهٍ ولا رأفةٍ ولا نظرٍ في أمر مظلومٍ ولا طلبٍ للحقّ والعدل,فقال دمنة إنّ منطقك هذا ليس بذي رأفةٍ ولا رحمةٍ ولا نظرٍ في أمر مظلومٍ ولا طلبًا للحقّ والعدل,,,قال دمنة أراك لم تتعوّد العدل في القضاء وليس في عدل الملوك الدفع عن المظلومين ومن لاذنب له بل المخاصمة عنهم والذبّ,فقال دمنة أراك أيّها القاضي لم تتعوّد العدل في القضاء وليس في عدل الملوك الدفع بالمظلومين ومن لا ذنب له بل المخاصمة عنهم *والردّ,قال دمنة أراك لم تعود بالعدل في القضاء,قال دمنة *أراك لم تعد بالعدل في القضاء وليس في دفع المظلوم كمن لا ذنب له,ויאמר דמנה אין בדבריך לא חמלה ולא חנינה. ואין בפיך נכונה. הלא צוה המלך שופטיו ושוטריו להחזיק כל בדק. ושפטו את העם משפט צדק. ואתה הולך אחר רוחך. ושמת תאותך נכחך. וכל לבך להשחיתני. וכל יצרך להמיתני. וכן יאות לך כי הפושע אין בלבו כי אם להרע ולהעיק. כי רשע מכתיר את הצדיק.,,قال دمنة إنّ منطقك هذا ليس فيه رأفة ولا رحمة ولا نظر في أمر مظلوم ولا طلبت الحقّ والعدل
346,86b4b857-60a9-4d35-9c3a-d71e2b50a9cf,After Three Days Dimna's Guilt Is Unproven,,ولكنّي أراك راكبًا هواك تريد قتلي ولم يصحّ عندك شئ ممّا رُميت به ولم أبلغ بعد *ثلاثة أيّام,وأنت ترى أن أُقتل ولم أخصم وتعجل إلى موافقة هواك ولم يستضيء لك شيءٌ ممّا عرفت به ولم تمض لك *ثلاثة أيّامٍ بعد في المسألة ولا رأيت أنّي غُلبت في شيء,ولكنّي أراك راكبًا لهواك تريد قتلي ولم تستبن لك شئ,ولكنّي أراك راكبًا في ذلك هواك تريد قتلي من غير أن يكون استضاء شيء من أمري ممّا قُذفت به فإنّه لم يبلغ ثلاثة أيّام بعد,ولكنّي أراك راكبًا هواك تريد قتلي ولم يتبيّن لك شيء ممّا قُذفت به ولم أبلغ ثلاثة أيّام بعد,ولكنّي أراك راكبًا لهواك تريد قتلي ولم تستضئ لك شيءٌ من أمري وما قُذفتُ به ولم أبلغ ثلثة أيّامٍ بعد,ولكنّي أراك راكبًا لهواك تريد قتلي ولم ؟يستبص لك شيءٌ ممّا قذفت به ولم أبلغ ثلاثة أيّام بعد,,,وكيف ترى أن أُقتل ولم أخاصم وتجعل ذاك موافقة لهواك ولم تمض بعد ثلاثة أيّام,فكيف تردّ أن تقبل فيّ ولم أخاصمْ وتجعل ذلك موافقة لهواك ولم تمض بعد ذلك أيّام,وكيف ترى أن أُقتل ولم أخصم وذلك لموافقة هواك,فإن أرى أن أقتل وإن لم فأخصم وتجعل هذا لموافقة هواك فاجعل وهذا الأمر لم يمضي له ثلاثة أيّامٍ,,,ولكنّي أراك راكبًا لهواك تريد قتلي ولم يستضئ لك شيء ممّا قدمت عليه ولم أبلغ بعد ثلاثة أيّام
347,d60b7269-991f-4bab-99b7-5b48d18f430a,Vile People Dislike Good People,|وأنتَ معذورٌ لأنّ الجاهِلا ### ُيبغِضُ بالطبعِ الكريمَ العاقِلا,ولست بملوم عندي في ذلك لأنّ الفاجر لا يحبّ أهل الصلاح ولا من يعمل أعمال أهل التقى والبرّ,*ولكن صدق القائل إنّ الذي لم يتعوّد العمل بالبرّ من الناس فضلًا عن أن يعوّد نفسه ما لم يكن من عادتها وعلمها ليس بملومٍ في تهوّره لأنّ الفاجر لا يحبّ أهل الصلاح ولا من يعمل بأعمال التقاة,ولست بملوم في ذلك عندي لأنّ الفاجر لا يحبّ أهل الصلاح ولا من يعمل عمل أهل التقى,ولست بملوم عندي بما تريد أن ترتكب منّي لأنّ الفاجر لا يريد أهل الصلاح ولا من يعمل أعمال التقي,ولست بلائم في ذلك غيري لأنّ الفاجر لا يحبّ أهل الصلاح,ولست بملومٍ بذلك عندي لأنّ الفاجر لا يحبّ الصلاح وأهله ولا من يعمل أعمال التقى,ولستُ بملومٍ في ذلك عندي لأنّ الفاجر لا يحبّ أهل الصلاح,,,,,,ولكن صدق الذي قال إنّ الذي تعوّد بالعدل والبراهين عملُه عمل البرّ وهو مصرٌّ بمن عمله عمل الفاجر,,,ولست بملوم في ذلك عندي لأنّ الفاجر لا يحبّ أهل الصلاح ولا من يعمل بأعمال أهل التقوى ولا يضمر الخير ويبعد عن الشرّ
348,198c0994-c396-4f17-bd08-79f7bb3f7dc2,Who Acts Like Brahmins Acts Unjustly,,,,,,,,,,,ولكن صدق الذي قال إنّ الذي تعوّد عمل البرهميّين غلبه عمله وإن أضرّ به,ولكن صدق الذي قال إنّ الذي تعوّد عمل البرّ هيّن عليه عمله وإن أُضرّ به,,,,,
349,6e9e67b8-748f-47a5-9514-44e9af426c14,A Judge Has the Authority to Punish and Reward,|فقطع القاضي الكلامَ قائِلا ### إنّ الوسيطَ لا يكونُ مائِلا |وإنّ دينَ المَلِكِ الجليلِ ### أن يجزِيَ الجميلَ بالجميلِ |وأخذُهُ بالمُذنِبينَ عَدْلُ ### سياسةً والكلُّ حقٌّ فَضْلُ |ليرغَبَ المحسِنُ في إحسانِهْ ### وينزَعَ الظالمُ عن عُدوانِهْ,فقال القاضي إنّه يحقّ على الوالي أن يجازي المرء لصلاحه ويعرفه له ويكرمه عليه لأنّه أهل لكلّ خير أتى إليه وأن ينكّل بالمجرم على إساءته ويعاقبه عليه ليزداد أهل الخير الصلاح رغبةً وأهل الجرم عن الإساءة نزوعًا,قال القاضي لدمنة إنّا نجد في كتب الرسل أنّه حقٌّ على القاضي العادل أن يعرف المحسنين والمسيئين ليُجزى كلًّا منهما بعمله لأنّ في إثباته المحسنين وعقوبته المسيئين نشاطًا لأهل الإحسان في أحسانهم وزجرًا لأهل الإساءة عن إساءتهم,فقال له القاضي إنّ حقًّا على الوالي أن يجازي المرء بصلاحه ويعرفه له ويكرمه لأنّه أهل كلّ خير وإن يتكلّم ?؟با على أهل الإسلام ويعاقب عليها ليزداد أهل الخير في الصلاح رغبة وحرصًا,فقال القاضي إنّ حقًّا على الموالي أن يُجازي المرء الصالح بصلاحه وأن يعرف ذلك له ويكرهه به وأنّ أهل الصلاح أهل كلّ خير وأن يُعذّب المجرم على جرمه ليزداد أهل الصلاح في الخير رغبة ويسكن أهل الفجور عن فجورهم رهبة ولا يتتابعون به,فقال القاضي حقًّا على الوالي أن يُجازي المرء بصلاحه ويعرفه له ويكرمه لأنّه أهل لكلّ خير ومنكّل بكلّ مجرم وإذا نكّل بكلّ مجرم ازداد أهل الخير في الصلاح رغبة وأهل الجرائم عن الإساءة تورّعًا,فقال القاضي إنّ حقًّا على الوالي أن يُجازِيَ المرء بصلاحه ويعرفه له لأنّه أهلٌ لكلّ خيرٍ أُتي إليه وأن يُنكّل المجرم عن إساءته ويعذّبه عليها ويُعاقبه عليها ليزداد أهل الخير في الصلاح رغبةً وأهل الجرائم عن الإساءة نزوعًا,فقال القاضي إنّ حقًّا على الوالي أن يجازي المرء بصلاحه ويعرّفه له ويكرمه عليه لأنّه أهلٌ لكلّ خيرٍ أتى إليه وينكّل بالمجرم عن إساءته ويعاقبه عليها لأن يزداد أهل الصلاح في الخير رغبةً وأهل الجرائم عند الإساءة تروّعًا,,قال القاضي إنّ الحاكم العادل ينبغي له أن يعرف عمل المحسنين ليجزي المحسنين بإحسانهم والمسيئين بإساءتهم فإذا هو قد أحسن إلى الفريقين جميعًا فازداد المحسنون حرصًا على الإحسان والمسيئون اجتنابًا للذنوب,قال القاضي إنّا نجد في كُتُب الأوّلين أنّ القاضي العادل ينبغي له أن يعرف عمل المحسنين والمسيئين ليجزي المحسن بإحسانه والمسيء بإساءته فإذا هو قد أحسن إلى هذين لم يزداد المحسنون حرصًا على الإحسان والمسيئون اجتنابًا للإساءة,قال القاضي إنّا نجد في كتب الأوّلين إنّ القاضي العادل ينبغي له إن يعرف عمل المحسن والمسيء ليجازي المحسن بإحسانه والمسيء بإساءته فإذا ذهب إلى هذه ازداد المحسنون حرصًا على الإحسان والمسيئون اجتنابًا للذّنوب,قال القاضي إنّا لنجد في كتب الرشد إنّ القاضي العادل ينبغي له أن يعمل عمل المحسنين ليجازي المحسن بإحسانه والمسيء بإسائته فإذا ذهب ذلك رزداد المحسنون إحسانًا والمسيئون اجتنابًا للذنوب,قال القاضي إنّا نجد في كتب الرشد أنّ القاضي العادل ينبغي له أن يعمل عمل المحسنين ليجازي المحسن بإحسانه والمسيء بإساءته,ויאמר השופט מצוה על כל שר ונדיב לחום על כל שונא גזל בעולה. לתת לו לחם ושמלה. ולשלם לרשע כרשעתו.,,فقال القاضي عند ذلك حقًّا على الوالي أن يجاري كلّ أحد بصلاحه ويكافيه بعمله وإن ينكّل المجرم على إساءته ويعاقبه عليها ليزداد أهل الخير في الصلاح رغبة وأهل الجرائم عن الإساءة تروّعًا
350,024182de-1c11-4453-9f6b-5d09ddcb8dbc,Punishment In Here Is Better Than In Hereafter,|فإنّ في هذا العذابِ العاجِلِ ### سلامةً من العِقابِ الآجِلِ,ولعمري لأن يعاقب في الدنيا خير له من أنّ يعاقب في الآخرة غدًا,فلعمري لأن يُعاقب امرئٍ بذنبه في الدنيا خيرٌ له من <أن> يُعاقب في الآخرة,ولعمري لأن تعاقَب في الدنيا يجزيك خير من أنّ تعذَّب في الآخرة بذنبك,فلعمري لأن يعاقَبنّ امرئ بذنبه في الدنيا خير من أن يعاقب في الآخرة,ولعمري لأن تعاقب في الدنيا خير لك من أن تعذّب في الآخرة,ولعمري لأن تُعاقب في الدنيا خيرٌ لك من أن تُعذّب في الآخرة غدًا,ولعمري يا دمنة لأن تعاقب في الدنيا خيرٌ لك من أن تعاقب في الآخرة,,,,,,,וטוב לך שתשולם ברגע קטון בארץ. משתשולם מחר עד לעולם בכלה ובקרץ. על כן הודה עוניך. ותן נא כבוד לקניך. והמודה עונו בעולם הזה נסלח. להציל נפשו מני שחת וחייתו מעבור בשלח. ולמה זה תכחש בכל נתעב ונאלח. והוא לא תצלח. ואיך קולך בתוכחת תשא. בגוי אשר צדקה עשה. ויאמר דמנה אדוני השופט דברת כפי חכמתך. בצדק כל אמרתיך. חייך וחי נפשך. כי הצדיק אשר לא ימכור מחרתו ביומו. לא יחליף תומו במומו. אשר לא יפתוהו עולם כולה. ושנאן גולה. ודבש מר. וריח נמר. ושנים משונים. וחיים מעונים. ואני בר בכל מפעלי. חף אנכי ולא עון לי. ואיך אעיד עלי ואעמום על גבי. אשר לא צויתי ולא עלה על לבי. ואיך אשקור לנפשי ואפשע. אין אדם משים עצמו רשע. וחלילה לכל איש לענות שקר בעמיתו. אף כי יענה שקר בנפשו ובגויתו. האעיד על נפשי מעשים אשר לא עשיתי. לא אוכל ללכת באלה כי לא נסיתי. אדוני השופט דבר אדם אל יטך. למען תזכה בשפטך. ואל תשפטוני בעדות דבר השפתים. להשמעות אזנים. פן יקרכם אשר קרה למדבר בלי דעת. כי לשמועה נשמעת. ויאמר שר הצבא והשופט איכה היה הדבר. ויאמר דמנה אמרו כי היה בארץ מרואת איש ולו אשה יפה ונאמנת. ולו עבד צייד אוהב לשכב אתה והיא ממאנת. ויבקש עליה דברים שקרים. ושם לה עלילות דברים. ויהי היום ויצא לצוד ויקרה לו קן ושם שני בני שממית. ויעש להם קן בביתו וילמדם לדבר דבר תרמית. למד האחד לדבר ראיתי השוער שוכב עם גברתי. וילמד האחר לדבר אני לא אומר מום במקום שבתי. וילמדם אלו הדברים בלשון הבלכים. כמעשה איש תככים. ולא היו אנשי המדינה יודעים הלשון,,ولعمري أن يعاقب أن المرء في الدنيا خيرًا له من أن يعذّب في الآخرة
351,0485e984-4756-40fa-a682-cce2fd58561a,Judge Enjoins Dimna to Confess,|والرأيُ عندي أن تُقِرَّ باذِلا ### نفسَكَ للحقِّ فخَلِّ الباطِلا,فأقِرّ بذنبك وأقِرّ بإساءتك واعترفْ بما كان من صنيعك,وأنا أرى لك يا دمنة أن تبوء بذنبك وتقرّ بإساءتك وتعرف بما كان من صنيعك,واقررْ بلسانك واعترفْ ما كان *صنعك,فأقرّ بذنبك واعترف بما كان منك من صنيعك,فبؤ بذنبك واعترفْ بإساءتك وما كان منك,فقرّ بذنبك وبوءه بإساءتك واعترف بصنيعك,فبوء بذنبك وقرّ بإساءتك واعترفْ بما كان من صنيعك,فلا أرى شيئًا خيرًا لك من الإقرار بذنبك,والذي أرى لك ويحك يا دمنة أن تنظر في أمرك وفي الذي غشاك ووقعت فيه من الإثم فتتوب منه وتعترف بالحقّ,والرأي لك يا دمنة أن تنظر الذي وقعت فيه وتعترف بذنبك ثمّ تتوب,والرأي لك يا دمنة أن تنظر الذي وقعت فيه وتعترف بذنبك وتقرّ به وتتوب,والرأي لك يا دمنة إن تنظر بالذي وقعت فيه من الذنب وتعترف به وتتوب منه,والرأي لك يا دمنة أن تنظر الذي وقعت فيه من الذنب فتعترف به وتتوب منه,על כן הודה עוניך. ותן נא כבוד לקניך. והמודה,,فتُبْ يا دمنة من ذنبك واعترفْ بإساءتك فإنّه أفضل لك في عواقب الأمور
352,923ee584-6be8-4e1b-aa57-791bb20f23af,Confessing Crime Has Good Consequences,,فإنّه أفضل لك في عواقب الأمور إن أنت هديت إلى ذلك ووفّقت له فتكون قد أخرجت نفسك من تبعة الآخرة وأثبت حسن القول في قوّتك على المخارج والمعاذير التي تدفع بها عن نفسك والأخرى إقرارك بالذنب اختيارًا بالسلامة في الآخرة,فإنّه خيرٌ لك في عواقب الأمور إن أنت هُديت لذلك ووفقت له,فإنّه أفضل لك في عواقب أمورك,فإنّه خير لك في عواقب الأمور إن أنت هُديت لذلك ووفّقت له,فإنّه أفضل لك في عواقب الأمور إن أنت هُديت لذلك ووُفّقت له,فإنّه أفضلٌ لك في عواقب الأمور إن أنت هُدِيت إلى ذلك ووُفّقت له,فإنّه أفضل لك عند عواقب الأمور إن أنت هديت إلى ذلك وخضعت له,فتخرج لعتقك من تبعة الآخرة ويعود لك حسن قولٍ في أمرك لخصلتين إحداهما قوّتك على المخارج وافتعال المغادير (المعاذير) التي تدفع عن نفسك والأخرى إقرارك بذنبك اختيارًا للسلامة في الآخرة عن سلامة الدنيا,ولا أرى لك شيئًا خيرًا لك من أن تقرّ بذنبك فتخرج نفسك من تبعة الآخرة بالتوبة يعود لك أحسن القول من العامّة لخصلتين إحداهما قوّتك على المخارج,,,,,עונו בעולם הזה נסלח. להציל נפשו מני שחת וחייתו מעבור בשלח. ולמה זה תכחש בכל נתעב ונאלח. והוא לא תצלח. ואיך קולך בתוכחת תשא. בגוי אשר צדקה עשה.,,
353,c92e884c-890b-4442-bf96-6153529f1f6d,Death Deserved Is Better Than Life With Crime,,فإنّ الموت فيما يحلّ خير من الحياة فيما يحرم,,,,,,,فإنّ العلماء قد قالت إنّ الموت فيما يجمل خيرٌ من الحياة فيما يقبح,والأخرى فإنّ الموت فيما يزين خير من الحياة فيما يشين,,,,,,,
354,4315e1f1-68e5-4347-bdc9-0159643234e9,"Confession Is Better Than a Denial, and Finite Punishment on Earth Better Than Infinite Punishment in Hell",,,فإنّ الرسل قد قالوا الذي يُدان بالذنب بعد الصدق منه والاعتراف به أحسن حالًا من المصرّ على ذنبه الجاحد له وأنت ميّتٌ لا محالة فأن يصيبك بعض المضض في الدنيا جزاءً لجرمك فتصبر خيرًا لك من أن تُعذّب في جهنّم الذي لا رحمةً فيها ولا انقطاع لعذابها,,,,,,,فقد قيل إنّ الذي يُدان بالذنب بعد الضدّ منه والاعتراف به خير من المصرّ على ذنبه وأحسن حالًا من الجاحد له وأنت ميّت لا محالة وإن عُفي عنك فإنّ الذي يصيبك من بعد المضض جزاء لجرمك فتصبر عليه خير لك من أن تُعذّب في جهنّم التي لا رحمة فيها ولا راحة ولا انقطاع لعذابها,,,,,,,
355,d000452a-8ff3-4df7-8deb-ee2b429a878e,Dimna Agrees with Judge's Rationale,,قال دمنة أيّها القاضي الصالح نطقت بالعدل وقلت مقالة الحكماء,قال دمنة أيّها القاضي الصالح نطقتُ بالعدل وقلتُ مقالة الحكماء وتكلّمتُ بالمأثور عن الأنبياء,فقال *دمنة أيّها القاضي نطقت بالعدل وقلت مقالة الحكماء,قال دمنة أيّها القاضي الصالح نطقت وقلت مقالة الحقّ وقلت مقالة الحكماء,وقلتَ بمقالة الحكماء حيث قالوا,فقال دمنة أيّها القاضي الصالح نطقت بالعدل وقلت مقالة الحكماء,فقال دمنة أيّها القاضي المصلح نطقت بالعدل وقلت مقالة الحكماء,,قال دمنة قلتَ أيّها الحاكم قول الأتقياء البررة وصدقت في مقالك,,,,,ויאמר דמנה אדוני השופט דברת כפי חכמתך. בצדק כל אמרתיך.,,فقال له دمنة صدقت أيّها القاضي الصالح المشفق الناصح ونطقت بالعدل وهُديت للصواب وقلت مقالة الحكماء ورأيت رأي العلماء
356,9f32d830-8071-4f77-adfa-942c2c5f9955,One Must Not Sacrifice Hereafter for Here,,ولعمري إنّ من سعادة المرء أن لا يبيع آخرته بدنيا فانية منقطعة وأن لا يشتري روحًا يسيرًا بعذاب طويل,وإنّ من سعادة المرء أن لا يبيع آخرته بدنياه ولا يشتري روحًا يسيرًا بعذابٍ طويلٍ,ولعمري إنّ من سعادة المرء أن لا يبيع آخرته بدنياه ولا يشتري روحًا يسيرًا بعذاب طويل,لعمري إنّ من سعادة المرئ أن لا يبيع آخرته بدنيا فانية ولا يشتري روحًا يسيرًا بعذاب طويل باقي,لعمري إن من خسران المرء أن يبيع آخرته بدنيا منقطعة ولا يشتري حياة نفسه بعذاب طويل,ولعمري إنّ من سعادة المرء أن لا يبيع آخرته بدنيا فانيةٌ منقطعةٌ ولا يشتري روحًا يسيرًا بعذابٍ طويل,لعمري إنّ من سعادة المرء أن لا يبيع آخرةً باقيةً بدنيًا منقطعةٍ فانيةٍ أو لا يشتري روحًا يسيرًا بعذابٍ دائمٍ,,,,,,,חייך וחי נפשך. כי הצדיק אשר לא ימכור מחרתו ביומו. לא יחליף תומו במומו. אשר לא יפתוהו עולם כולה. ושנאן גולה. ודבש מר. וריח נמר. ושנים משונים. וחיים מעונים.,,ولعمري إنّه من سعادة المرء أن لا يبيع آخرته بدنياه الفانية المضمحلّة فإنّ هذه الدار زائلة ومتقطّعة
357,4effc39d-a42e-4582-8386-4fc77b70181e,One Must Not Harm One's Soul for the Sake of One's Body,,,ولكن في كُتب الدين أيضًا كُتب أنّ السعيد من استطاع أن لا يعمل بجسمه [عمل] عملًا يضرّ به روحه وأن يحفظ روحه من أن يصيبه بسبب جسمه شرًّا ومكروهًا يهلكه,,,,,,,ولكن في كتب الدين أيضًا أنّ السعيد من استطاع أن لا يعمل بجسمه عملًا يضرّ بروحه,,,,,,,
358,3187e55b-bd69-4a03-bd9c-5e013df2b5fb,One Must Harm One's Body for the Sake of One's Soul,,,وقد قالت العلماء أيضًا أنّ العاقل من أضرّ بجسمه وتمسّك بروحه,,,,,,,فقد قالت العلماء أيضًا إنّ العاقل من أضرّ بجسمه وتمسّك بروحه,,,,,,,
359,0486982e-157d-4c34-ae25-2a650b0d1245,One Must Not Hurt People with Undeserved Words,,,ولا ينبغي أيضًا أن يُقال لأحدٍ شيءٌ ممّا يكرهه ويؤذيه إذا لم يكن لذلك أهلًا,,,,,,,وليس ينبغي أيضًا أن يُقال لأحد بشيء يكرهه إذا لم يكن له أهل,,,,,,,
360,60ebdb18-2cee-4021-81b1-9b804236063f,Dimna Despises His Body and Is No Sinner,,,وإنّي لم أزل لقربي من الآخرة مُهينًا لجسمي متمسّكًا بروحي,,,,,,,وإنّي لم أر لفرقي من الآخرة مهينًا لجسمي ممسكًا بروحي,,,,,,,
361,108bdbfb-e3e1-46fc-862a-43711a956182,Dimna Did Not Commit This Great Sin,,,فدع أن أكون تعاطيت هذا الذنب الذي هو أعظم الذنوب,,,,,,,فكيف أكون تعاطيت هذا الذنب الذي هو أعظم الذنوب,,,,,ואני בר בכל מפעלי. חף אנכי ולא עון לי. ואיך אעיד עלי ואעמום על גבי. אשר לא צויתי ולא עלה על לבי. ואיך אשקור לנפשי ואפשע. אין אדם משים עצמו רשע. וחלילה לכל איש לענות שקר בעמיתו. אף כי יענה שקר בנפשו ובגויתו. האעיד על נפשי מעשים אשר לא עשיתי. לא אוכל ללכת באלה כי לא נסיתי.,,
362,b3dad09a-413d-45cd-b2b1-227e377bb215,One Must Not Lie,,,,,,,,,,ووُجد بأقوال الرسل لا تكذب على أحد ولا تفتري عليه فكيف يفتري الإنسان على نفسه ويقول لما لم يفعل قد فعلته,,,,,,,
363,ddbdae24-44ce-4fdc-88da-b63fa92c2f66,Scholars Warn Against False Confession,,,,,,,,,,وقد قالت العلماء إنّ الذي تحمله مخافة شديدة أو جهالة على أن يلزم نفسه عملًا لم يعمله *فإنّه لم يسيء إلى نفسه ولا جاعله ذلك في الآخرة مع قتلة أنفسهم,,,,,,,لكنّي ممّا قُذفت به بريء وقد قالت العلماء إنّه من يحمل ?حوالىه على أن يلزم نفسه ذنبًا لم يعمله فإنّه لم يجزم ذلك إلّا على نفسه ومصيره مع ذلك أي قتل نفسه إلى جهنّم
364,bd12d35c-f8b1-4646-9aca-2a3a7272ab95,"Dimna, Being Innocent, Cannot Confess What He Did Not Do",لقد فعلتُ وأنا لم أَفْعَلِ,ولكنّي ممّا قذفت به برئ فكيف آمر بقتل نفسي وأُعين عليها وأنا مظلوم ولم أنطق بكذبٍ ولم ?ابقوه به ولم يعرف منّي وشديد عليّ أن أقرّ بما لم أعلمه وأن أبوء بما لم اعرفه فأكون معينًا على قتل نفسي وشريكًا لمن أراد قتلى فإنّك تعرف عقاب من فعل ذلك في الآخرة,ولكنّي لم أقل كلمة كذبٍ قطّ على أحدٍ فيها عليه أذى أو مضرّةٍ ولا يستطيع أحدٌ أن ينطق عليّ بها فشديدٌ عليّ الإقرار على نفسي بما لم أعمل وأن أبوء بذنبٍ لم أذنبه فأكون بغيًّا على نفسي وشريكًا لمن أراد قتلي فإنّك قد تعرف عقاب من فعل ذلك بنفسه وقتلها في الآخره,ولكنّي ممّا فرّقت به بريء فكيف أعين ذو تظلّم وأنا لم أنطق بكذب ولم أتفوّه به فشديد على الإقرار بما لم أعلم فأكون معينًا على نفسي وشريكًا لمن أراد قتالي,ولكنّي ممّا قُذفت به بريء دع من أن آمر بقتل أحد أو أعين عليه لكنّي لم أكن لأتفوّه لأحد بأمر يكرهه ولا أنطق بكذبة ولا يعرفني بذلك أحد فكيف أقرّ على نفسي بما لم أعمله أو بذنب لم أذنبه فأكون معينًا على نفسي وشريكًا لمن أراد قتلي وقد تعلم عقاب من قتل نفسه في الآخرة,فقال دمنة أنا بريء ممّا لُطّخت به وأنا مظلوم ولم أنطق بكذب ولم أتلبّس به ولا يعرف ذلك منّي فمعاذ الله أن أبوء بما لم أجتني فأكون معينًا على نفسي وشريكًا لمن أراد قتلي فإنّك تعرف عقاب من فعل ذلك في الآخرة,ولكنّي ممّا قُرفتُ به بريءٌ فكيف آمر بقتل نفسي وأُعين عليها وأنا مظلومٌ بل أنطق بكذبٍ لم أتفوّه به ولم يُعرف منّي فشديدٌ عليّ أن أقرّ بما لم أعمل وأن أبوء بما لم أجن فأكون معينًا على نفسي وشريكًا لمن أراد قتلي فإنّك تعرف عقاب من فعل ذلك في الآخرة,ولكنّي ممّا قذفت به بريءٌ وما كنت أرضى لامرئٍ يقتل مظلوم ولا أعاون عليه ولا أنطق بالكذب فيه ولا أتفوّه به ولا يعرف ذلك فشديدٌ عليّ أن أقرّ بما لم أعملْ وأبوء بما لم أجنِ وأفعل فأكون معينًا على نفسي وشريكًا لمن أراد قتلي فإنّك تعرف عقاب لمن فعل ذلك في الآخرة,,ولم أقل كلمة كذب قطّ على أحد فيها مضرّة ولا أذى ولا يستطيع أحد أن يقدم بنظره عليّ فيها,,,,,,,
365,15cd471b-70c9-4335-8104-aa76304657c5,Killing Dimna Would Be Unjust,,وأنا بريء الساحة بارز العذر فإن أردتم قتلى وأنا مظلوم فكفى بالله لي ناصرًا ولعلّ ذلك إن فعلتموه لا يكون شرّ أموري عاجلًا,وأنا بريء المساحة بارز العذر فإن أردتم قتلي مظلومًا بهذا العرف فإنّ ذلك غير ضارٍ بي في الآخرة وإنّي صابر في *البراءة المظلومين الذين قُتلوا على غير ذنبٍ وكفى *بالله ناصرٌ إليّ ومتى فعلتم بي ذلك رجوت أن لا يكون شرّ أموري لي عاجلًا وآجلًا,وأنا <بريء> الساحة بارزا العذر فإن أردتم قتلى مظلومًا فكفى بالله لي ناصرًا ولعلّ ذلك إن فعلتموه ألّا يكون شرًّا مؤدّي {لي إلي العذاب في الآخرة,*وأنا بريء الساحة بارز العذر فإن أرادوا قتلي ظالمين فإنّ الله ناصر المظلوم,وأنا بريء ممّا نُسب إليّ وإن أردّتم قتلي مظلوم فكفى بالله ناصرًا ولعلّ ذلك إن فعلتموه أن لا يكون ذلك شرًّا لي في الآخرة,وأنا بريء العرض بارز العذر فإن أردتم قتل مظلومًا فكفى بالله لي ناصرًا ولعلّ ذلك إن فعلتموه ألّا يكون شرّ أموري لي عاجلًا وآجلًا,وأنا بريء الساحة بارز العذر فإن أنتم أردتم قتلي مظلومًا فكفى بالله شهيدًا ولي ناصرًا ومعينًا ولعلّ ذلك إن فعلتموه أن لا يكون شرّ أموري لي عاجلًا,,وإنّي بريء ممّا لُطّخت به فإن قُتلت بهذا القذف فإنّ ذلك غير ضائري لما ألقاه في معادي من جزيل الثواب,,,,,,,وأنا أعلم أنّي بريء ممّا قُذفت به ولُطّخت به فإن أنت قبلت في أمري كلام الأعداء والفجّار والحسّاد فإنّ ذلك لا يضرّني يوم حكم العدل في الآخرة لأنّي أصير مع المظلومين الذين قُتلوا من غير ذنب وأُقتل أحبّ إليّ من أن ألزم نفسي ذنبًا لم أعمله وجرمًا لم أجترمه
366,ddf0a714-6e9c-48c5-90c2-b09b12be2ede,Dimna Want to Spare Court Sin and Regret in Hereafter,,وأنا أقول اليوم مثل مقالتي أمس اتّقوا الله واذكروا حساب الآخرة وعقابها ولا تدخلوا في ما تأسفوا عليه وتندموا حين لا ينفعكم الندامة,وأنا أقول لكم أيّها الجمع اليوم مقالتي أم اذكروا حساب الآخرة وعقابها لكيلا تندموا غدًا حين لا تنفع الندامة,وأنا أقول اليوم مقالتي أمس فاذكروا حساب الآخرة وعقابها لا تأسفوا غدًا حين لا تنفع الندامة,وأنا أقول اليوم مقالي أمس وأذكر حساب الآخرة وعقابها لكيلا تندموا غدًا حين لا تنفع الندامة,وأنا أقول اليوم مقالتي بالأمس اذكروا حساب الآخرة وعقابها غدًا حيث لا تنفع الندامة أحدًا,فأنا أقول اليوم مثل مقالتي أمس اذكروا حساب الآخرة وعقابها ولا تأسفوا غدًا إذا دخلتم اليوم في أمر تندمون عليه حين لا تنفع الندامة,وأنا أقول مقالتي اليوم ومقالتي أمس اذكروا حساب الآخرة وعقابها ولا تأسفوا غدًا حين لا تنفع الندامة,,,,,,,,,وأنا أقول لكن أيّها الجمع اليوم كما قلت لكم بالأمس اذكروا حساب الآخرة والعرض على الملك الديّان
367,6bd28129-1c93-49e2-aabb-de3b09d56720,On Judgement Day Every One Will Account for His Actions,,,ثمّ اذكروا *الجزاء في الآخرة فأنّ أهل هذا العالم جاءوا عراةً كلّهم يخرج عريانًا لا يضقن بشيءٍ من عظمةٍ ولا مُلكٍ ولا سلطانٍ كانوا يغبطون به ولا بهجةٍ ولا مالٍ ولا أهلٍ ولا ولدٍ ولا أثاثٍ ولا منزلٍ إلّا ما قالوا وعملوا,,فإنّ أحدًا لن يذهب إلى الآخرة بشيء قلّ أو كثر إلّا بعمله من قوله وفعاله خيرًا كان أو شرًّا فإنّه يصحبه حيث ما كان,,,,,,,,,,,,وإنّ هذا العالم خلقوا عراة ويخرجوا عن الدنيا عراة لا ينفعهم مال ولا بنون إلّا ما عملوا من برّ أو خير
368,c40e228e-ffa9-41ba-ad75-01d393bc8efa,A Judge Must Not Pass Verdict Based on Uncertain Thoughts,|فقال إنّ صالحي الملوكِ ### لا يقطعونَ قُطُّ بالشكوكِ |وأنتُمُ يا قومُ إن ظننتُمُ ### أنّي في ما قد فعلتُ مُجرِمُ,فإنّ القضاة لا تقضي بظنونها وإن الظنّ لا يغني من الحقّ شيئًا وأنا أعلم بنفسي منكم,,,,,فإنّ القضاة لا تقضي بظنونها,,فأجابه دمنة فقال إنّ القضاة لا تقضي بظنونها ولا بظنون العامّة ولا الخاصّة وقد علمت أنّ الظنّ لا يغني من الحقّ شيئًا,قال دمنة مجيبًا له إنّ صالحي القضاة لا تقضي بظنّة ولا بظنون الخاصّة والعامّة لمعرفتهم بأنّ الظنّ لا يغني من الحقّ شيئًا,فأجابه دمنة بقوله إنّ صالحي القضاة لا يقطعون بالظنّ ولا يعملون به لا في الخاصّة ولا في العامّة لعلمهم أنّ الظنّ لا يغني من الحقّ شيئًا,فأجابه دمنة إنّ صالحي القضاة لا يقطعون بالظنّ ولا يعملون به لا في الخاصّة ولا في العامّة لعلمهم أنّ الظنّ لا يغني من الحقّ شيئًا,فأجابه دمنة إنّ صالحي القضاء لا يقضون بالظنّ [ولا] يعملون بمعرفتهم أنّ الظنّ لا يُغني من الحقّ شيئًا,فأجابه دمنة أن صالحي القضاة لا يقضون بالظنّ ولا يعملون به لمعرفتهم أن الظنّ لا يُغني من الحقّ شيئًا,אדוני השופט דבר אדם אל יטך. למען תזכה בשפטך. ואל תשפטוני בעדות דבר השפתים. להשמעות אזנים. פן יקרכם אשר קרה למדבר בלי דעת. כי לשמועה נשמעת.,,
369,63d72683-7c24-41e0-a82d-a556226424af,Dimna's Knowledge of His Own Innocence Is Certainty,|فظنُّكُمْ شكٌّ به لا يُحْكَمُ ### وإنّني منكُمْ بنفسي أَعْلَمُ,,,,,,وأنا أعلم بنفسي منكم,,فإنّي وإن ظننتم جميعًا أنّي صاحب هذا الجرم فإنّي أعلم بنفسي منكم وعلمي بنفسي يقين لا شكّ فيه,فإن ظننتم جميعًا أنّي صاحب جرم فيما فعلت فإنّي أعلم بنفسي منكم وعلمي بنفسي يقين لا شكّ فيه,وأنتم إن ظننتم أنّي مجرم فيما فعلت فإنّي أعلم بنفسي منكم وعلمي بنفسي يقين لا شكّ فيه وعلمكم بي كلّ الشكّ,وأنتم إن ظننتم أنّي مجرم فيما فعلت فإنّي أعلم بنفسي منكم وعلمي بنفسي يقين لا شكّ فيه وعلمكم بي كلّ الشكّ,وأنتم إن ظننتم جميعًا أنّي مجرمٌ فيما فعلت بأمري فإنّي أنا أعلم بنفسي منكم,وأنتم جميعكم إن ظننتم أنّي مجرمٌ فيما فعلت بأمري فإنّي أنا أعلم منكم بنفسي,,,
370,caa37da5-ff1c-4d00-9a70-3d093c4fedf6,"Dimna's False Confession Would Take Away His Excuse, Be Unjust to His Soul, and Violate His Faith and Character",|وإنّما مستقبحٌ لديكُمُ ### أمري لأنّي مُذنِبٌ عندكُمُ |بما نقلتُ عن سِوايَ كَذِبا ### أَسْلَمَهُ إلى الردى فعَطِبا |وأنتُمُ لا تقبَلونَ عُذري ### ولا تريدونَ سِماعَ أَمْري |فما اعتذاري عندكُمْ إن أقُلِ ###,وإنّما ساء ظنّكم بي لأنّكم ظننتم إنّي سعيت بغيري فما عذري عندكم إذا سعيت,,,,,,,وإنّما قبح أمري في أنفسكم إن كنتم كذلك لأنّكم ظننتم أنّي سعيت بغيري فما عذري عندكم إذا سعيت بنفسي كاذبًا عليها فأسلمتها لتقتل على معرفةٍ ببراءتها فهي أعظم الأنفس عليّ جرمةً (حرمةً) وأكرمها عليّ حقًّا ولو فعلت ذلك بأدناكم أو أقصاكم لم يسعني ذلك في ديني ولم يجمل بي في خُلُقي,وإنّما قبّح أمري في أنفسكم ظنّكم بي أنّي سعيت بغيري فما عذري عندكم إن سعيت بنفسي كاذبًا عليها فأسلمتها للقتل على معرفة منّي ببراءتها فنفسي أعظم النفوس عليّ *حرمة وأوجبها عليّ حقًّا ولو فعلت ذلك بأدناكم وأقصاكم لم يسعني ذلك في ديني ولم يحسن في رأيي وخُلُقي,وإنما قبيح أمري عندكم ظنّكم بي أنّي سعيت بغيري فما عذري عندكم إذا سعيت بنفسي كاذبًا عليها فأسلمتها إلى القتل والعطب على معرفة منّي ببراءتي وسلامتي ممّا عُرفت به ونفسي أعظم الأنفس حرمة عليّ وأوجبها حقًّا فلو فعلت هذا بأقصاكم وأدناكم لما وسعني في ديني ولا حسن بي في مروءتي ولا حُقّ لي أن أفعله بنفسي,وإنّما قبح أمري عندكم أني سعيت بغيري فما عذري عندكم إذا سعيت بنفسي كاذبًا عليها فأسلمتها للقتل والعطب على معرفة منّي ببراءتي وسلامتي ممّا قرفت به ونفسي أعظم الأنفس عليّ حرمة *واوجبــها حقًّا فلو فعلت هذا بأقصاكم وأدناكم لما وسعني في ديني ولا حسن لي في مروءتي ولا حقّ لي أن أفعله فكيف أفعله بنفسي,,,,,
371,0a979f59-bcaa-4724-8cb3-1a2895563bfe,Judge's Demand of Confession Is False Counsel or Ruse Not Befitting Judges,|فاكففْ إذًا يا أيُّها القاضي ودَعْ ### إمّا الذي فُهْتَ به مِن الخُدَعْ |أو إنّهُ نصيحةٌ فقُلْ لي ### ما هُوْ أُجِبْكَ بمقالٍ فَصْلِ |فإن يكنْ خديعةً وحيلَهْ ### تُوقعُني في وَرْطَةٍ وبيلَهْ |فالمكرُ ليس للقضاةِ الصالحينْ ### ولا الخِداعُ مِن ِصفاتِ العادلينْ |وإن تكنْ نصيحةً فلم تُصِبْ ### موضعَها وتَرْكُها كان يَجِبْ,,,,,,,,فاكففْ عنّي هذه المقالة فإن كانت منك نصيحةٌ فقد أخطأت موضعها وإن كانت منكم خديعة فإنّ أقبح الخدع ما فطن له وليس الخدع ولا المكر من أخلاق صالح القضاة,فكُفَّ عن هذه المقالة فإنّها إن كانت منك نصيحة فقد أخطأت موضعها وإن كانت خديعة فليس الخداع ولا المكر من أخلاق الصالحين,فاكفف أيّها القاضي عن هذه المقالة فإنّها وإن كانت نصيحة فقد أخطأت موقعها وإن كانت خديعة فإنّ أقبح الخدع ما نظرته وعرفته من أهله مع أنّ الخداع والمكر ليس من أعمال صالحي القضاة ولا تقيّة الولاة,فاكفف أيّها القاضي عن هذه المقالة فإنّها إن كانت منك نصيحةً فقد أخطأت موضعها وإن كانت خديعة فإنّ أقبح الخداع ما نظرته وعرفته من أهله مع أنّ الخداع والمكر ليس من أعمال صالحي القضاة ولا ثقات الولاة,فأكفف أيّها القاضي عن هذه المقالة فإنّها إن كانت منك نصيحةً فقد أخطأت موضعها وإن كانت خذيعةً فالخداع أقبح ما يكون فانظر إليّ وأعرف فإنّ الخداع والمكر ليس من أخلاق الصالحين من القضاة,فأكفف أيّها القاضي عن هذه المقالة فإنّها إن كانت منك نصيحةً فقد أخطأت بموضعها وإن كانت خديعةً فإنّ أقبح الخداع خداع القُضاة,,,
372,6e81f446-8068-4b39-961c-852a2fc6805b,Dimna’s False Confession Would Be Sin and Harm of Himself,|هذا عَدا أنّي إذا أَقْرَرْتُ ### بباطلٍ لم آتِهِ أَثَمْتُ |فلستُ عندَ اللهِ بالظَّنّينِ ### ولا على نفسي بالمُعينِ |كباحثٍ عن حتفِهِ بظِلْفِهِ ### وفاقِئِ مُقلتَهُ بكَفِّهِ,,,,,,,,,,,,,,,,
373,dc365e53-1511-4e26-b805-0b3297fcc039,A Judge's Speech Becomes a Ruling and Sunna,,,,,,,,,وإلّا فاعلم أنّ قولك هذا حكم منك وسنّة لأنّ كلّ أمرٍ أمرت به *القضاة القضلة فهو حكمٌ وسنّةٌ ما أخذ بصوابه أهل الصواب ويصير خطأه عدلًا لأهل الأدغال,واعلم أنّ قولك الصواب ويخطأها أهل الباطل والأدغال فأنا خائف عليك مقالتك هذه أعظم الوزر,واعلم أنّ قولك هذا ممّا يتّخذه الأشرار الجهّال سنّة يقتدون بها ويستنّون ويسيرون بها لأنّ أمور القضاء يأخذ بصوابها أهل الصواب وبخطئها أهل الخطأ والباطل القليل الورع وإنّي خائف عليك أيّها القاضي من مقالتك هذه أعظم الرزايا والبلايا,واعلم أنّ قولك هذا ممّا يتّخذه الجهّال والأشرار سنّة يقتدون بها لأنّ أمور القضاء يأخذ بصوابها أهل الصواب وبخطايها أهل الخطأ والباطل والقليلو الورع وأنا خائف عليك أيّها القاضي من مقالتك هذه أعظم الرزايا والبلايا,وخذ بالصواب واحذر الخطأ واطلب الورع إنّي خائفٌ عليك أيّها القاضي من هذه الحالة وهذا من أعظم الوزر والخطأ والمحنة وإنّك لم تزل في عين الملك والجند والخاصّة والعامّة فاضلًا في رأيك مرتفعًا في عدلك مرضيًّا في حكمك وحلمك,فانظر واعرف من أهل ذلك وإنّ الخداع والمكروه ليس من أخلاق صالحي القُضاة وخُذ بصواب أهل الصواب وانظر ما يحصل لأهل البطر وقلّة الورع وأنا خائفٌ عليك أيّها القاضي من هذه الحالة وهذا أعظم الوزر والبلاء والمحن وإنّك لم تزل في عين الملك والجند والخاصّة والعامّة فاضلًا في رأيك مرتفعًا في عدلك مرضيًّا في حُكمك وحُلمك وعفافك وفضلك,,,
374,09da34d3-30d2-4cb9-b0bc-6dddcbf6124f,Judge Departed from Former Virtue in Dimna's Case,,,,,,,,,وإنّ من شقاء جدّي أيضًا أنّك لم تزل في أنفس الناس فاضلًا في رأيك وفي حكمك حتّى يعيّر [كذا] ذلك منك في أمري,فإنّك لم تزل في أنفس الجند والملك فاضلًا في رأيك عادلًا في حكمك فتغيّر ذلك منك في أمري,وليس من البلاء والمصيبة أنّك لم تزل في نفس المَلك والجند والخاصّة والعامّة فاصلًا في رأيك مقتنعًا في عدلك مرضيًّا في حكمك وعلمك وعفافك وفضلك وإنّما البلاء كيف أنسيت ذلك في أمري,وليس من البلاء والمصيبة أنّك لم تزل في نفس الملك والجند والخاصّة والعامّة فاضلًا في رأيك مقنعًا في عدلك مرضيًّا في حكمك وعفافك وفضلك وإنّما البلاء كيف أنسيت ذلك في أمري,,,,,
375,78d8b2f0-8341-4a80-b677-36f9b9e9a338,Judge Forsook Professional Knowledge and For Acting on Thoughts,,,,,,,,,فتركت علم القضاة وانصرفت إلى العمل بالظنون التي تختلف بها الحالات في الأمور,وأمرك أمر القضاة وما يحقّ عليهم من الكفّ عن سقيط الناس واستدراجهم وانصرفت إلى العمل بالظنون بي التي تختلف بها الحالات والأمور,,,,,,,
376,221d937b-3823-4b3d-92f3-82507d557ce4,Everyone Should Say Only What They Know,,,فلا يقولنّ <في> أمري إلّا بما علم فإنّ الذي يقول لما يعلم قد علمته ثم يشهد عليه,,,,,,,أما بلغك ما قالت العلماء من أنّه من ادّعى علم ما لم يعلم وقال ما لم يره وشهد عليه,أولم يبلغك أنّ العلماء قد قالوا من ادّعى علم ما لا يعلم وقال لما لا يرى إنّي قد رأيت وشهد على الغيب,أو ما بلغك عن العلماء أنّهم قالوا من ادّعى علم ما لا يعلم وشهد على الغيب,وما بلغك مقالة العلماء أنّ من ادّعى علم ما لم يعلم وقال ما لم يرى وشهد على العيب,وأمّا أبلّغك مقالة العلماء أنّ من ادّعى علم ما لا لم يعلم وقال ما لم يرى وشهد على المغيب,,,ولا يتكلّم أحدكم إلّا بما علمه فإنّ الذي يتكلّم بما لا يعلم أنّه قد علمه ثمّ يشهد عليه بالزور والباطل يصيبه في ذلك ما أصاب البازدار الذي قال لمولاه عن مولاته إنّي رأيتها مع رجل يصنع معها الفاحشة
377,8ccf2a20-ad81-4d8e-a000-7f089ddb18bd,Dimna's Fourth Subtale of the Falconer Who Falsely Accuses the Marzuban's Wife,|كالبازدار في قديمِ الزَّمَنِ ### خانَ وأيُّ صاحبٍ لم يَخُنِ,,يصيبه ما أصاب البازيار [ار] قال بما لم يعلم وادّعى على امرأة مولاه ليهلكها ببهتانٍ قذفها به ممّا لم يحط به خبرًا,وإيّاكم أن يصيبكم ما أصاب القائل ما لا علم له به ولم يحفظ جيرانه,وتصيبكم ما أصاب القائل بما لا علم له به ولم يحط به خيرًا,وإيّاكم أن يصيبكم ما أصاب البازيار بما لا علم له فيه وعدم ذكره إيّاه بالخير,وإيّاكم أن يُصيبكم ما أصاب القائل بما لا يعلم وما لم يُحِط به خبرًا,وإيّاكم أن يصيبكم كما أصاب القائل ما لا علم له به وما لم ?يتبط به خبره,,أصابه ما أصاب البازيار القاذف لمولاته التي زعم أنّه رآها مع رجل تفجر وتعمل ما لا ينبغي,أصابه ما أصاب البازيار,أصابه ما أصاب البازيار القاذف زوجة مولاه,أصابه ما أصاب البارزياري القاذف لمولاته وزعم أنّه رآها مع رجلٍ يفجر بها,أصابه ما أصاب البارناي القاذف لمولاته وزعم أنّه رآها مع رجلٍ يفجر بها,,,
378,52c607eb-6601-413d-b400-57a074ad8a7b,Head of Court Requests Tale,,,قال عظيم الجثّة وما ذلك,قال عظيم الجند وكيف كان ذلك,قال عظيم الجمع وما ذلك,فقال عظيم الجند وكيف كان ذلك,فقال عظيم الجنود والقاضي وكيف كان ذلك,فقال عظيم الجند وكيف كان ذلك,,قال القاضي وكيف كان ذلك,قال القاضي وكيف كان ذلك,قال القاضي وكيف كان ذلك,قال القاضي وكيف ذلك كان,قال القاضي وكيف كان ذلك,ויאמר שר הצבא והשופט,,قال القاضي وكيف كان ذلك
379,55a17fec-85f6-42c4-bc08-1bac138969c1,Marzuban Had Wife and Servant,,,قال دمنة زعموا أنّه كان في مدينة مَرْو رجل مرزبان مذكور الاسم وكان له امرأةٌ يُقال لها بهاربويه وكانت جميلة حسنًا لبيبة حصانًا من النساء وكان للرجل عبدًا رقيقًا يحمل البزاة,قال زعموا أنّه كان بمدينة بازيان رجل وله أمرأة حسناء وكان له بازيار,,فقال دمنة زعموا أنّه كان لمرزبان في مدينة ماروت امرأة حسناء لبيبة وكان له عبدًا بازيارًا,فقال دمنة زعموا أنّه كان مرزبان في مدينة فاروات وكانت له امرأةٌ حسناءٌ عاقلة وكان للمرزبان عبدٌ بازيار,قال دمنة زعموا أنّه كانت لمرزبان في مدينة ماروات امرأةٌ حسناء لبيبةٌ وكان لها عبدٌ بازيار,,قال دمنة زعموا أنّه كان بمدينة كذا رجل مذكور وكان له امرأة ذات عقل وحسب وحسن وعفاف وكان للرجل بازيار ماهر بسياسة البزاة ومعالجتها كريم على مولاه,قال دمنة زعموا أنّه كان في بعض المدن مرزبان مذكور وكانت له امرأة ذات عقل وكمال وعفاف وكانت له جوارح كثيرة وعندها بازيار ماهر خبير بسياسة البزاة وعلاجها فكان هذا البازيار عند المرزبان بمكان *مبجّل بحيث أدخله داره وأجلسه مع حرمه,قال دمنة زعموا أنّه كان في بعض المدن رجل مذكور وكانت له امرأة ذات جمال} وعفافٍ وكانت له جوارح كثيرة وكان له بازيار ماهر خبير بعلاج البزاة وسياستها وكان هذا البازيار عند هذا الرجل بمكان خليل بحيث أنّه أدخله داره وأجلسه مع حرمه,قال دمنة زعموا أنّه كان في بعض المدن رجلًا مذكورًا وكان له امرأةً ذات جمالٍ وعفاف وكان له عبدٌ بازياري ماهرًا بالبزاة وعلاجها كريمًا على مولاه,قال دمنة زعموا أنّه كان في بعض المدن رجلٌ مذكورٌ وكان له امرأةٌ ذات عفافٍ وجمالٍ وكان له عبد بارناي ماهرًا !بالبرانه وعلاجها كريمًا على مولاه,ויאמר דמנה אמרו כי היה בארץ מרואת איש ולו אשה יפה ונאמנת. ולו,,قال دمنة زعموا أنّ مرزبانًا كان بمدينة من مدائن الهند يقال له مذكور وكانت له امرأة حسناء جميلة عاقلة لبيبة وكان لها عبدًا بازدار
380,fd86ceb0-9a00-4103-b0eb-fe20c27c8884,Falconer Accosted Wife and Is Rejected,|أَغْضَبَ سيّدَتُهُ فنفرتْ ### وطَرْدَهُ مِن بيتِها قد قَرَّرَتْ,,فهوى امرأة مولاه لما رأى عندها من الجمال فراودها عن نفسها وألحّ في ذلك فامتنعت منه وأبت أن تتابعه وأعرضت عنه ولم تلتفت إليه,*قد هواها وعرض لها مرارًا كلّ ذلك لا تلتفت,قال دمنة زعموا أنّ بازيابرًا أراد مولاته بالفجور فلم تُطِعْه وامتنعت عليه وعرض لها مرارًا فأعرضت عنه ولم تلتفت إليه وكان زوجها مرزبان,قد هويها وعرض لها مرارًا وكَلّ ذلك لا تلتفت إليه,وقد هَوِيَها وعرّض لها مرارًا كلّ ذلك لا تلتفت إليه,قد هويها وعرض عليها نفسه مرارًا كلّ ذلك لا تلتفت إليه ولا تقبل عليه,,وكان قد راود امرأة سيّده فأبت عليه,واتّفق للبازيار يومًا راود امرأة سيّده عن نفسها فأبت عليه وتسخّطت لذلك وتمعّر وجهها وارْفَضّت عرقًا واحمرّت خجلًا وزاد امتناعها عليه,فاتّفق أنّ البزيار راود زوجة مولاه عن نفسها فأبت عليه وتسخّطت لذلك وتمعّر وجهها واحمرت خجلًا وزاد امتناعها عليه,وكان العبد قد راود امرأة مولاته على نفسها فأبت,وكان العبد قد راود مولاته على نفسها فلم تشأ فلمّا,עבד צייד אוהב לשכב אתה והיא ממאנת.,,فهوى بها وعرض لها مرارًا وكَلّ ذلك وهي لا تلتفت إليه ولحّ عليها في ذلك فلم تسأل عنه
381,386bddbf-13b6-4cdc-82e6-3f199f3b5c78,Falconer Decides to Take Revenge,|فمالَ عنها مُفكِّرًا بالشرِّ ### يبحثُ كيْ يُصيبَها بضَرِّ,,فأضمر في نفسه أن يفضحها عندما آيس منها وخاف من ناحيتها وأجمع رأيه في الحيلة في ذلك,إليه فأصرّ,فلمّا رأى عبده البازيار ذلك منها طلب فضيحتها,فأضمر فضيحتها,فأضمر في نفسه فضيحتها,وأضمر فضيحتها,,فحرص على سبّها وكان يكثر في ذلك الأقاويل فاستُخفّ بقوله فلمّا رأى أنّه لا يبلغ بشيء من ذلك ما أراد من فضيحتها اضطغن عليها وأجمع الحيلة في هتكها,وحرص هو كلّ الحرص وعمل الحيلة في بلوغ غرضه منها وضاقت عليه أبواب الحيل,وحرص *عليها هو كلّ الحرص وعمل الحيلة في بلوغ غرضه منها وضاقت عليه أبواب الخيل,فلمّا رأى العبد أنّه لم يبلغ ما أراد منها أضمر لها *سوءًا,رأى العبد أنّه لم يبلغ مُراده منها أضمر لها سوءًا,ויבקש עליה דברים שקרים. ושם לה עלילות דברים.,,فلمّا رأى ذلك وعلم أنّها لا تطاوعه أجمع لها في الحيلة
382,cf85b378-57fd-40b5-9d96-429f3e933c73,Falconer Teaches Parrots False Accusation in Foreign Tongue,|فصادَ فرخَيْ ببّغا مِن شجرَهْ ### ولم يزلْ يغذوهُما بالثمرَهْ |وعلّمَ الفرخَيْنِ قولَ الزورِ ### وقذفَها بفاحِشٍ الفُجورِ |تعلّما ذلكَ مِن لسانِهِ ### وكانَ بلخيًّا لدى امتحانِهِ,,فخرج ذات يومٍ إلى الصيد فأصاب فرخيّ ببّغاء فهيّأ لهما وكرًا وفرّق بينهما وجعل يُعلّم أحدهما يقول إنّي رأيت البوّاب مضاجعًا مولاتي على فراش سيّدي وعلّم الآخر أمّا أنا فلست قائلًا شيئًا وعلّمهما ذلك في سبعة أشهر بلسان البلخيّة فحدقا تلك الكلمتين,فخرج ذات يوم إلى الصيد فأصاب فرختين ببّغاء فهيّأ لهما وكرًا وجعل يعلم أحدهما إنيّ رأيت البوّاب مضاجع لمولاتي وعلّم الآخرى أمّا أنا فلست قائلًا شيئًا فحفظا بلسان البلخيّة ولم يكن أهل بلاده يعرفونها,فخرج إلى الصيد في بعض الأيّام فصاد فرخَيْ ببّغاء فربّاهما وجعل يعلّم أحدهما إنّي رأيت البوّاب مضاجعًا لمولاتي وعلّم الآخر أمّا أنا فلست قائلًا شيئًا فتعلّما ذلك في أشهر بلسان البلخيّة ولم يكن أهل ذلك البلد يعرفون ذلك اللسان,فخرج ذات يوم إلى الصيد يقصد طائرين فصادهما وجعل يعلّم أحدهما بلسان البلخيّة أن يقول أنّي رأيت البوّاب مضاجع مولاتي وعلّم الآخر أن يقول أمّا أنا فلست قائلًا شيئًا وحفّظهما ذلك بلسان البلخيّة ولم يكن أهل بلاده يعرفون ذلك الكلام,فخرج ذات يومٍ إلى الصيد فصاد فرخي ببّغاءٍ فهيّأ لهما وكرًا وجعل يعلّم أحدهما أن يقول رأيت البوّاب مضاجعًا مولاتي وعلّم الآخر أمّا أنا فلست بقائلٍ شيئًا فحفظ الفرخان ذلك بلسان البلخيّة ولم يكن أهل تلك البلاد يعرفونها,فخرج ذات يومٍ إلى الصيد فاصطاد فرخي ببّغاء فيها لهما وكرّر وجعل يعلّم أحدهما إنّي قد رأيت البواب مضاجعًا لمولاتي والآخر أمّا أنا فلست قائلًا شيئًا فحفظا ذلك بلسان أهل بلخ ولم يكن المرزبان ولا أهل بلاده يعرفونه,,واغتدى في طلب الصيد فأصاب فرخي ببّغاء فربّاهما وفرّق بينهما وعلّم أحدهما قذفًا لمولاته وهو إنّي رأيت البوّاب مضاجعًا مولاتي على فراش سيّدي ولقّن الآخر أن يقول أمّا أنا فلا أقول شيئًا فأدّب الفرخين بذلك وحذقا به في ستّة أشهر وبلغا ما أراد وكانت لغة الفرخين بلسان البلخيّ,فخرج يومًا إلى الصيد على عادته فأصاب فرخي ببّغاء فأخذهما وجاء بهما منزله وربّاهما فلمّا كبرا فرّق بينهما وجعلهما في قفصين وقد علّم أحدهما أن يقول رأيت البوّاب مضاجعًا مولاتي على فراش سيّدي وعلّم الآخر يقول أمّا أنا فلا أقول شيئًا ثمّ أدّبهما بذلك حتّى حذقاه وأتقناه في مدّة ستّة أشهر,فخرج يومًا إلى الصيد على عادته فأصاب فرخيْ ببّغاء فأخذهما وجاء بهما إلى منزله وربّاهما فلمّا كبّر أفرق بينهما وجعلهما في قفصين وعلم أحدهما يقول رأيت البوّاب مضاجعًا لمولاتي على فراش سيّدي وعلّم الأخرى أمّا أنا فلا أقول شيئًا ثمّ أدّبهما بذلك حتّى أتقناه وحذقاه في ستّة أشهر,وخرج فقبض على فرخيْ ببّغة وربّاهما وفرّق بينهما وعلّم أحدهما رأيت البوّاب مضاجعًا مولاتي على فراش سيّدي وعلّم الآخر أمّا أنا فلست بقائلةٍ شيئًا وأراد به تصديق الأوّل وأدّب الفرخين في ذلك حتّى تُفصحا فيه مهرا في النطق به في مدّة سبعة أشهرٍ,وخرج قبض فرخيْ !بيغه فأخذهما وربّاهما وفرّق بينهما وعلّم أحدهما يقول رأيت البوّاب مضاجعًا مولاتي على فراش سيّدي وعلّم الآخر يقول أمّا أنا فلست بقائلةٍ أراد به التصديق وأدّب الفرخين بذلك حتّى حفظاه ومهرا فيه بلسان البلخيّ لأنّ العبد كان بلخيًّا وكمّلاه في سبعة أشهر,ויהי היום ויצא לצוד ויקרה לו קן ושם שני בני שממית. ויעש להם קן בביתו וילמדם לדבר דבר תרמית. למד האחד לדבר ראיתי השוער שוכב עם גברתי. וילמד האחר לדבר אני לא אומר מום במקום שבתי. וילמדם אלו הדברים בלשון הבלכים. כמעשה איש תככים. ולא היו אנשי המדינה יודעים הלשון,,فخرج البازدار يومًا للصيد فأصاب فرخيْ ببغّاء وكان لهما وكرًا فأخذهما وجعل يعلّم أحدهما أن يقول رأيت البوّاب مضاجعًا سيّدتي على فراش سيّدي وعلّم الآخر أمّا أنا فلست بقائل شيء قال فلم يزل يعلّمهما ذلك حتّى حفظاه قال فلمّا حفظا ذلك بلسان البلخيّة ولم يكد أهل بلاده يعرفونها
383,cbb65c14-6adf-460a-8719-b932c9a082c5,Falconer Gives Parrots to Marzuban,,,ثمّ ألطف بهما العبد مولاه فقبلهما منه مولاه وسُرّ بهما وأعجبه كلامهما وحلاوة أصواتهما ولم يدر ما يقولان أنّ كلاهما كان بالبلخيّة وكان الرجل مرزويًّا لم يفقه كلام أهل بلخ وعوّض المولى عبده الكسوة الفاخرة والعطاء الحسن,فلمّا كان ذات يومٍ وهو يشرب عند امرأته إذ أتاه بهما فصاحا عنده فأعجب بهما ولم يدرِ ما يقولا,فبينما المرزبان يومًا يشرب عند امرأته إذ أتاه البازيار بالببّغاوين فصاحا بلسان أعجبه صياحهما من غير أن يفهم ما يقولان,فلمّا كان ذات يوم وهو يشرب وعنده امرأته إذ أتى بهما فصاحا عنده فأعجبه حسنهما ولم يدر ماذا يقولان,فلمّا كان ذات يومٍ ومولاه يشرب إذ أتاه بهما فصاحا بتلك الكلمتين بين يديه فأعجب المرزبان ترجيعهما وجالوا بأصواتهما من غير أن يكون فقِه شيئًا ممّا قالاه,فلمّا كان ذات يومٍ وهو يشرب وعنده امرأته إذ أتاه بهما فصاحا عنده فأعجب بهما ولم يدر ما يقولان,,فذهب بهما إلى مولاه ووضعهما بين يديه فصاحا فأعجبه حلاوة أصواتهما عن غير معرفة بما يقولان لأنّهما عُلّما ذلك بلسان البلخيّة ولم يكن ذلك بلسان سيّد العبد ولا لسان أهل بلده فقبضهما من البازيار وألطفه وأتحفه لإعجابه بهما,فلمّا بلغ الذي أراد منهما حملهما إلى أستاده فلمّا *رآهما أعجباه ونطقا بين يديه فأطرباه إلّا أنّه لا يعلم ذلك لأنّ البازيار كان علّمهما ذلك بلسان البلخيّة وإنّ المرزبان أعجب بهما إعجابًا عظيمًا وحظي البازيار عنده لأجلهما حظوة كريمة,فلمّا بلغ الذي أراد منهما حملهما إلى أستاذه فلمّا رآهما أعجباه ونطقا بين يديه فأطرباه إلّا أنّه لم يعلم ما يقولان لأنّ البازيار كان قد علمهما بلغة البلخيّة لأنّه كان لسانه وإنّ الرجل أعجب بهما إعجابًا شديدًا حظي البازيار عنده بذلك,فلمّا مراده من نطق الفرخين وكانت لغاتهم بلسان أهل البلد أهدى الفرخان فأُعجب مولاه بهما من غير معرفة منه بما يقولان فأخذهما من البازياري وعلّقهما في بيته,فلمّا بلغ ما أراد منهما أهداهما لسيّده فأُعجب مولاه منهما من غير معرفةٍ منه بما يقولان فأخذهما من البارناري وعلّقهما في بيته,ויהי היום הביאום לפני אדוניו. ויערב קולם בעיניו. אבל לא ידע פשר הדברים. אשר הם דוברים.,,فلمّا كان ذات يوم وسيّده يشرب وعنده زوجته إذ أتاه العبد بهما فصاحا فأعجب الرجل بكلامهما ولم يدري ما يقولان
384,6e6efcac-17ba-430b-8ed8-3fe602356101,Marzuban Gives Parrots to Wife,,,ثمّ أمر امرأته بالاحتفاظ بهما وحسن التعاهد لهما بما يصلحهما من الصلف ففعلت المرأة ذلك فمكثا عندها شهرًا,فأمر المرزبان عند ذلك {زوجته} بالاحتفاظ بهما زوجته ففعلت ذلك ومكثا عندها شهرًا,فأمر امرأته بالاحتفاظ بهما والإحسان إليهما ففعلت فمكثا عندها أشهرًا,فأمرها أن تعتني بالاحتفاظ بهما والإحسان إليهما ففعلت ومكثا عندها شهرًا,وأمر امرأته بالاحتفاظ بهما والإحسان إليهما وألطف الغلام وأحسن إليه ومكثا عنده زمانًا,فأمر امرأته بالاحتفال بهما والاحسان إليها ففعلت ومكثا عندها شهرًا,,وأمر امرأته بالاحتفاظ بهما والتعاهد لأمرهما ففعلت ذلك,فأمر امرأته بالاحتفاظ بهما والمراعاة لهما والاحتياط عليهما والتفقّد لشأنهما والتعاهد لمطعمهما ومشربهما وحسن القيام بمصالحهما ففعلت ذلك وأحسنت المراعاة لهما لأنّهما أعجباها,فأمر امرأته بالاحتياط عليهما والمراعاة لهما ففعلت المرأة ذلك,,,ויצו את אשתו בקול רם. לעבדם ולשמרם. ויבוא,,فأمره بالاحتفاظ بهما والإحسان إليهما ففعل ذلك فأقاما على ذلك شهرًا
385,3aca7a7f-05d8-4fac-a476-92972e91558e,Marzuban Hosts Foreign Guests,|فضافَ مولاهُ رِجالٌ فشَوَوْا ###,,ثمّ قدم الناس من عظماء أهل بلخ على المرزويّ وكان بينهم مودّةً وإخاءً فأضافهم ووضع لهم طعامًا وهيّأ لهم شرابًا فلمّا طعموا وشربوا أمر المرزويّ بالببغائتين فأتى بهما ليعجبهم فيهما,ثمّ إنّه قدم عليها ناس من عظماء أهل بلخ فصنع لهم طعامًا وهيّأ لهم شرابًا فلمّا أصابوا من ذلك دعا بهما ليعجبهم بهما فصوّتا بما كانا يصوّتان به,ثمّ قدم على المرزبان ناس من أهل بلخ فصنع لهم طعامًا فأكلوا ودعا بشراب فشربوا ثمّ أمر أن يُؤتى بالببّغاوين ليعجبهم بصياحهما فصاحا بين أيديهم بذلك اللسان الذي علّمهم البازيار,ثمّ أنّه قدم عليه أناس من بلخ فصنع لهم طعامًا وشرابًا فأصابوا من ذلك ثمّ دعى بالطيرين فصاحا بتلك الكلمتين,ثمّ إنّه قدم عليه أناسٌ من عظماء أهل بلخ فصنع لهم طعامًا وشرابًا فلمّا أصابوا من ذلك دعا بالفرخين ليُعجبهم منهما فصوّتا,ثمّ إنّه قدم على المرزبان أناسٌ من عظماء أهل بلخ فصنع لهم طعامًا وشرابًا فلمّا أصابوا من ذلك دعا لهم بتلك الببّغين ليعجبهم به,,فلمّا كان بعد ذلك قدم على الرجل نفر من عظماء {أهل} بلخ فأدخلهم منزله وقرّب إليهم طعامًا كان قد تنوّق فيه ثمّ أتاهم بما يُتحف به الأضياف من الشراب وغيره فلمّا أخذوا مجلسهم للشراب أمر المرزبان بأن يُؤتى بالببّغاءين فلمّا وُضعا بين يديه صاحا بما كانا عُلّما,واتّفق بعد مدّة أن قدم على المرزبان قوم من عظماء أهل بلخ †فتفوّق لهم في الطعام والشراب وجمع من أصناف التحف شيئًا كثيرًا وحضر القوم فلمّا فرغوا من الطعام وشرعوا في الحديث أشار إلى البازيار أن يأتي بالببّغائتين فأحضرهما,واتّفق بعد مدّة أن قدم على الرجل قوم من عظماء بلخ *فتنوّق لهم في الطعام والشراب وجميع أصناف الفواكه والتحف شيئًا كثيرًا وحضر القوم فلمّا فرغوا من الطعام وشرعوا في الحديث أشار البزيار أن يأتى بالببغائين فأحضرهما,فلمّا كان بعد حين قدم على [على] مولاه عظماء أهل بلخ فقدّم بين أيديهم الطعام فأكلوا والشراب فشربوا فأراد الرجل أن يفرّح الجماعة على فرخيْ الببّغة على سبيل الفخرة فأحضرهما بين أيديهما,فلمّا كان بعد حين قدم على الرجل عظماء أهل بلخ فقدّم بين يديهم مفاخر الطعام فأكلو وشراب فشربوا فأراد الرجل الزينة !بالبيغ فأحضرهما بين يديّ ضيوفه,אליו אנשים עוברים דרכים. מבינים לשון הבלכים. ויעש להם משתה ויאכלו וישתו ויהי אחרי אכלם ואחרי שתותם. ויבא להם שני בני השממית לשמוע אמרתם.,,ثمّ إنّه قدم إليه أناس من عظماء أهل بلخ فصنع لهم طعامًا وشرابًا فدعا بالوافدين عليه ودعا بالطائرين وأراد أن يفتخر عليهما بالطائرين فصاحوا بالكلام الذي علّمهم العبد
386,6d235b5e-6b98-48b5-8592-ba64d933e575,Foreign Guests Understand Parrots,ونطقَ الفرخانِ هُجْرًا فوَعَوْا |قولهُما,,فلمّا أتى بهما صاحتا بتلك الكلمتين بذلك اللّسان الذي علمّهما البازيار فلمّا سمع البلخيّون ما يقولون نظر بعضهم إلى بعضٍ ونكّسوا رؤوسهم حياءً وخجلًا ممّا قالا وظنّوا أنّ صاحب الدار يفقه كلامهما حتّى فطنوا لذلك بعد فعرفوا أنّه ليس يفهم ما يتكلّمان به,فلمّا سمعوا صياحهما نظر بعضهما إلى بعض ثمّ نكّسوا *رؤوسهم حياءً منه,فلمّا سمع البلخيّون ذلك من كلامهما نظر بعضهم إلى بعض ونكّسوا رؤوسهم,فنكّس القوم رؤسهم,فلمّا سمعوا صياحهما نظر بعضهم إلى بعضٍ ونكّسوا رءوسهم حياءً منه,فلمّا سمعوا صياحهما نظر بعضهم إلى بعضٍ ونكّسوا رؤوسهم حياءً منه,,فعرف الضيفان ما قالا ونظر بعضهم إلى بعض ونكّسوا رؤوسهم استحياء,فلمّا صاحتا بين أيديهم وسمع القوم صياحهما عرفوا ما يقولان فنظر بعضهم إلى بعض ونكّسوا رؤوسهم حياء ممّا سمعوا,فلمّا صاحا بين يديه فعرف ما يقولان فنظر القوم بعضهم إلى بعض ونكسوا رؤوسهم حياءً وخجلًا,فصاحا بما علّمهما البازرياري وفهم القوم ما تكلّمتا به ونظر بعضهم إلى بعضٍ فخجلوا ونكّسوا رؤوسهم حياءً من ذلك المقال,فصاحا بما كان علّمهما البازناري ففهم القوم ما قالتا ونظر بعضهم إلى بعضٍ ونكّسوا رؤسهم من ذلك القول واستحوا,ויהי כשמעם דבריהם. נכלמו מבושת עיניהם.,,فلمّا سمع القوم صياحهم نكّسوا رؤوسهم حياء منه وجعل بعضهم ينظر إلى بعض فقال لهم ما أعلم ما يقولون غير أنّي يعجبني كلامهم
387,103a9fe4-70e3-48ba-ad84-6e1d94b71cc5,Foreigners Ask Whether Marzuban Understands Parrots/He Asks Them,,,فقال له أحدهم هل تعلم ما تقول هذه الببّغاء فقال المرزبان لست أفقه ما يقولان ولكنّه يعجبني تعديدهما فقال أفضلهم فلا تجدنّ عليّ ولا تغضبن إن أعلمتك ما تقولان فقال لا أجد عليك بما تقول فأخبرني فإنّك تحمّلني بذلك مِننًا وجميلًا إن أنت أخبرتني بما يقولان,ثمّ قالوا له هل تعلم ما يقولان فقال لا غير أنّي أعجب من حسن أصواتهما فقال بعضهم لا تجد علينا إن نحن أخبرنا به,ثمّ قالوا للمرزبان هل تعلم ما يقولان قال لا أعرف غير أنّ أصواتهما تعجبني,وقالوا لصاحب المنزل لا تغضب إن نحن أخبرناك بما قال طائراك,ثمّ قالوا له هل تعلم ما يقولان فقال لا غير أنّ ذلك لي مُعجب فقال بعضهم له لا تجد علينا إن حدّثناك به,ثمّ قالوا له هل تعلم ما يقولان فقال لا غير أنّ ذلك لي معجبٌ فقال بعضهم لا تجد علينا إن عرّفناك بما يقولانه قال لا,,ثمّ إنّ بعضهم قال للمرزبان هل تعرف ما يقولان قال لا غير أنّ صوتهما معجب فقالا لذلك الرجل لكنّا نعرف ما يقولان فاستحيا القوم من ذلك فألحّ عليهم حتّى قال بعضهم,فسألهم المرزبان عمّا قالتا فأنكر بعضهم واعترف بعض وامتنعوا أن يقولون ما قالتا الببّغائتين فألحّ عليهم المرزبان وأكثر السؤال لهم عمّا قالتا,فسألهما الرجل عمّا يقولان فامتنعوا أن يقولوا ما قالتا فألحّ عليهم وأكثر السؤال عمّا قالتا,,,ויאמרו אל הבעל בית התדע מה שיאמרו. והחרפה שידברו. ויאמר להם לא אבל יערב לי קולם. ולא אבין משלם.,,فقال له رجل من القوم لا تأخذ عليّ فيما أخبرك به من قولهما قال وما ذاك فأخبرني به
388,c1e71eeb-fe6d-4d1f-924e-13451be64145,"Foreigners Translate Parrots' Words, Refuse Meal in House of Sin",وأظهروا في السُّكْرِ ### لصاحبِ الدارِ قبيحَ الأمرِ,,قال فإنّ أحدهما يزعم بلسان البلخيّة أنّ البوّاب يفجر بامرأة الآخر ويقول الآخر أمّا أنا فلست أقول شيئًا وإنّ من شيمتنا أن لا نطعم في بيت امرأةٍ فاجرةٍ شيئًا وترى أنّ من فعل ذلك منّا وجبت عليه عقوبته مثل ما يجب على الفاعل,فإنّ أحدهما يزعم بلسان البلخيّة أنّ البوّاب تفجر بامرأتك وأمّا الآخر فيقول أمّا أنا فلست قائلًا شيئًا وإنّ من شأننا أن لا نصيب في بيت امرأة فاجرة طعامًا,قال بعضهم إنّ أحدهما يقول بلسان البلخيّة أنّ البوّاب يفجر بامرأتك ويقول الآخر أمّا أنا فلست قائلًا شيئًا وإنّ من سنّتنا أن لا نطعم في بيت مَن امرأته فاجرة,وذاك أنّ أحدهما يزعم بلسان البلخيّة أنّ البوّاب يفجر بامرأتك وأمّا الآخر فيقول أمّا أنا فلست بقائل شيئًا وإنّ من سنّتنا أن {لا} نصيب طعامًا بمنزل فاجرة,فإنّ أحدهما يزعم بلسان البلخيّة أنّ البوّاب يفجر بامرأتك وأمّا الآخر فيقول أمّا أنا فلست بقائل شيئًا وإن من شأننا أن لا نُصيب في بيت امرئٍ امرأته فاجرة طعامًا,قالوا إنّ أحدهما يزعم بلسان أهل بلخ أن بوّابك يفجر بامرأتك وأمّا الآخر فيقول أمّا أنا فلست قائلًا شيئًا وإنّ من سنّتنا أن لا نصيب في بيت امرئٍ فاجر المرأة طعامًا ولا شرابًا,,إنّ أحدهم يقول إنّي رأيت البوّاب مضاجعًا مولاتي على فراش سيّدي والآخر يقول أمّا أنا فلست بقائل شيئًا ومن شأننا أيّها المرزبان أنّا لا نطعم في بيت تعمل فيه زنية فلمّا انقضت مقالتهم أُفظع المرزبان,فقال بعضهم إنّما يقولان كذا وكذا وليس من شأننا أن نأكل في بيت يُعمل فيه الفجور,فقالوا إنّما يقولان كذى وكذى وليس من شأننا أن نأكل من بيت يُعمل فيه بالفجور,فقال بعضهم إنّا لا نأكل طعام رجلٍ ونطوي على خيانته فأخبروا لصاحب البيت بذلك,فقال بعضهم إنّا لا نأكل طعام أحدٌ ونخونه فقالوا ذلك لصاحب البيت,ויאמרו אל יכבד דברינו נגדך. כי האחד יאמר בלשון בלכים כי אשתך שוכבת עם עבדך. והאחר אומר אני איני אומר מאומה.,,قال إنّهما يتكلّمان بلسان البلخيّة فقال له أخبرني بذلك فقال أمّا أحدهما فإنّه يقول رأيت البوّاب مع سيّدتي على فراش سيّدي والآخر يقول أمّا أنا فلست أقول شيئًا ونحن من شأننا أنّا لا نأكل طعام من امرأته فاجرة
389,1f761be8-1295-4d41-a63f-71e5eb5f8aee,Falconer Confirms Parrots' Accusations,|فسألَ الغلامَ قال قد جرى ### ذاك وأبصرتُ عليها المُنكَرا |لكنْ سترتُ أمرَها إشْفاقا ### عليكَ أن تَجزيَها الطَّلاقا,فنادى الغلام البازدار من دارٍ أخرى وأنا أشهد على مثل مقالة الفرخين وأنّه حقّ وإنّي قد رأيت ذلك غير مرّة,فلمّا قال الرجل ذلك سمع العبد البازبار من خارج وكان قريبًا من القوم *ورفع صوته كي يسمع المرزويّ فقال وأنا أيضًا أشهد بمقالة الببّغائتين أنّها حقٌّ فإنّي قد رأيت ذلك مرارًا,فنادى البازيان من خارج وقال أنا أشهد على مقالتهما وقولهما أنّه حقّ وإنّى رأيت ذلك غير مرّة,فنادى عبد المرزبان الذي علّم الببّغازين وأنا أشهد على مقالة الببّغاوين وأنّه حقّ وأنّي قد رأيت ذلك غير مرّة,فنادا البازيار من خارج أنا أشهد أنّ مقالهما صدق ولقد رأيت ذلك غير مرّة,فنادى البازيار من خارج أنا أشهد على مقالتهما أنّها حقًّا وأنّي قد رأيت ذلك غير مرةٍ,فقال البازيار من خارج وأنا أشهد على مقالتهما أنّها حقٌّ وقد رأيت ذلك غير مرّةٍ,,فلمّا سمع البازيار مقالة القوم قال وأنا على مثل ما شهد به الببّغاءان شاهد,,,,,ויקרא בעל הבית אל הצייד ויעמוד נגדו. ויאמר מה אדוני מדבר אל עבדו ויאמר לו הגד נא לפני. מה הקול הזה באזני. ויאמר העבד אני אעיד כעדותם. לולא יראתך הייתי מגלה תזנותם.,,قال فلمّا سمع ما قال القوم من هذه المقالة قال البازدار من موضع قريب منهم وأنا أشهد أيضًا أنّي قد رأيتهما معه مرارًا كثيرة
390,bcd4dc77-a25c-44d0-aba5-0570db33b6c4,Marzuban Orders Wife to Be Killed,|فقال بلْ أقتلْها,فأمر الرجل بقتل أمرأته,فأمر المرزبان بامرأته أن تُقتل بعدما أخبرها بما شهد عليه الطائران والغلام,فأْمَرْ بقتل امرأته,فأمر المرزبان بقتل امرأته,فأمر بقتل امرأته,فأمر المرزبان بقتل امرأته,فأمر المرزبان بقتل امرأته,,فلمّا اتّفق ذلك من القول أمر المرزبان بقتل امرأته,فلمّا قالوا ذلك تقدّم المرزبان بالمرأة أن تُقتل مكانها,,,,ויצו בעל האשה להמיתה. על ענבתה ותזנותה.,,قال فأمر الرجل بالمرأة أن تُقتل
391,ad408eac-2cd8-4ae3-b020-cd3db07d8de1,Wife Asks Him to Investigate,فقالتْ ### واجتهدتْ حالِفَةً وآلَتْ |إنّي من قولِهِما بريَّهْ ### فاسألْهُما لتكشِفَ البليَّهْ,فأرسلت إليه أن اِفحصْ عمّا ذكر لك فإنّه سيظهر لك أمر الفرخين واسألْ *هؤلاء الفطناء أن يكلّموا الفرخين بغير تلك الكلمتين,فأرسلت إليه المرأة أن لا تعجل وافحص تأذي إليك من هذا الأمر فإنّه سيبدوا لك ويستبين ما قد فتن به الفاجر الكذّاب قال لها يا فاجرة وكيف ذلك قالت سأل هؤلاء العظماء أن يسألوا هذين الببّغاتين ولينظروا هل يعلمان من كلام البلخيّة غير هاتين الكلمتين شيئًا,فأرسلت إليه أن افحصْ عن هذا فسيبدو لك مَن الفاجر الكذّاب فأمر هؤلاء العلماء فيسئالوهما ولينظروا هل يعلموا من كلام البلخية شيئًا غير هذين الكلمتين,فأرسلت إليه افحص عمّا ذُكر فيبدو لك مَن الفاجر الكذّاب واسألوا هذين الببّغاوين هل يعرفان غير هذين الكلمتين,فلمّا أُخذت للقتل قالت افحصْ عمّا ذُكر فسيدلّوك على الحقّ مُر أضيافك أن يكلّموا الطائرين باللغة البلخيّة,فأرسلت إليه أن افحص عمّا ذُكِر لك فسيبدو لك مَن الفاجر الكذّاب ومن هؤلاء العظماء فليسألوهما ولينظروا هل يعلمان أو يُحسنان من لسان البلخيّة غير هاتين الكلمتين,فأرسلت إليه أن افحص عمّا ذُكر لك فسيبدوا لك من الفاجر الكذّاب ومُرْ هؤلاء العظماء فليسألوا الببّغين ولينظروا هل يعلمان من كلام أهل بلخ غير هاتين الكلمتين,,فقالت المرأة إنّ قتلك إيّاي على غير فحص عسى أن يورثك ما هو أشدّ من ذلك فافحص وسلْ الببّغاءين عمّا سوى ذلك من الكلام بهذا اللسان,فأرسلت المرأة إليه أن لا تعجل في أمري وسل القوم أن يسألوا الببّغائتين عن ما سوى ذلك,,,,ותשלח אליו מלאכים לאמר שאל לאנשים הבלכים לנסות בני השממית. וידעו כי הדברים לברם לברם המעבד בתרמית .,,فأُدخلت إليه وهي تقول لا تعجل في أمري وإنّي بريئة من ذلك وافحص عن هذا الأمر فإنّه يظهر لك باطنه خلاف ظاهره وأمر القوم أن يسألوا الطائرين عن غير هذا الكلام من أيّ كلام اخترته
392,69f39800-14c0-41ad-bcde-707d4b0d5142,The Parrots Will Turn Out to Be Trained,,وإنّ هذا من فعل بازدارك فإنّه طلبني في نفسي فامتنعت منه,فإن أحسنا الجواب فالأمر على ما يقولان وما شهد به الفاجر الكذّاب وإن لم يكونا يحسنان من كلام البلخيّة غير هاتين الكلمتين فاعلم يا سيّدي ومن حضرك أنّ هذا من تعليم المحتال بازيارك فإنّه كان راودني عن نفسي فأبيت عليه وامتنعت منه,وهذا من رأي البازيان فإنّه أرادني عن نفسه فامتنعت منه,فإنّ هذا من تعليم غلامك الفاجر الكذّاب الذي أرادني على نفسي فامتنعت عنه,فإن عرفوا غير هاتين الكلمتين فحقّ ما قيل فيّ وإلّا فهذا من تعليم بازدارك لأنّه راودني عن نفسي فامتنعت عليه,فتعلموا أنّ ذلك من تعليم البازيار لأنّه أرادني على نفسي فامتنعت منه,وإنّ هذا من رأي بازيارك لأنّه راودني عن نفسي فامتنعت منه,,فإن كانا يحسنان غير هاتين الكلمتين فأنت على رأس أمرك وإن لم يكونا يحسنان غير هاتين الكلمتين فاعلم أنت ومن حضر أنّ هذا الشيء على تلقين الختّال المساور لي على هذه السوأة,فإن كانا يحسنان ما سوى ذلك فبهما ونعمت وإلّا فاعلم يا سيّدي أنت ومن حضر أنّه من فِعل العبد البازيار الذي راودني على الخبث فأبيت عليه,,,,ונודע לך דבר בני השממית הידעו לדבר בלתי אלה שני הדברים. והנה אינם יודעים דברים אחרים. ותאמר האשה עבדך הצייד בקש לכבשיני ולא קבלתי. ונפשי משאול,,فإن علموه فدمي لك حلال فإن لم يكن هاتين الكلمتين فإنّ هذا من تعليم المحتال الذي راودني عن نفسي مرارًا وطلب الفاحشة منّي فامتنعت منه ولم أفعل له ذلك
393,e98a743d-14d4-4890-9e19-12e21e54ae77,Falconer's Training of Parrots Is Discovered,|هل يعرفانِ غيرَ هذا قَوْلا ### فعرفَ الصوابَ منها المولى |حتّى إذا ما سُئلا لم يُفْصِحا ### وشرحتْ قصّتَها ففُضِحا,ففعلوا ذلك فإذا هما لا يحسنان غير تلك الكلمتين فعلموا أن ذلك من تعليم الغلام,فطلب الرجل إلى أضيافه البلخيّين أن يكلّموها بالبلخيّة ففعلوا ذلك فلم يجدوهما يعلمان غير الكلمتين المذوكورتين اللتين علّمهما البازيار فاستبان للمرزبان ومن حضره حَصانة المرأة وأمانتها وأنهائها فيما ذكرت وكذب البازيار وافترائه,فكلّموها الغلمان بكلام البلخيّة وقالوا له إنّهما لا يحسنان غيرها فعلموا أن ذلك من تعليم البازيان,فطلب المرزبان من أضيافه أن يسألوا الببّغاوين فسألوهما فلم يجدوهما يعرفان غير تلك الكلمتين فعرف المرزبان والأضياف أنّ المرأة صادقة فيما ذكرت,ففعل ذلك فكلّموها فإذا هما لا يحسنان غيرها فعرفوا أنّها من تعليم البازيار,ففعل ذلك فكلّموهما فإذا هما لا يُحسِنان غيرهما فعرفوا أنّ ذلك من تعليم البازيار,ففعل المرزبان ذلك فكلّموا العلماء الببّغين فلم يجدوهما يحسنان غير الكلمتين,,فطلب المرزبان إليهم فسألوا الببغاءين فلم يحسنا بذلك اللفظ أن ينطقا غير تلك الكلمتين,فأمر القوم أن يسألوهما عمّا سوى ذلك من الكلام فلم يكونا يحسنان سوى تلك الكلمتين,فلمّا قالوا ذلك أمرهم الرجل أن يكلّموا الطيرين بلسان البلخيّة بغير ما نطقا به ففعلوا ذلك فلم يجدوهما يعرفان غير ما تكلّما به وبان للرجل وللجماعة حصانة المرأة وبراءتها ممّا رميت به ووضح كذب البازيار,قال فسأل القوم للببّغ أن يتكلّموا بغير ذلك الكلام فلم ينطقا بغيره فعلموا أنّها مكيدةٌ من !الذين علّمهما ليشنّعا على المرأة بذلك ويضرّاها,قال فسأل القوم أن يكلّموها بغير ذلك *إن كانوا يُحسنوا فلم يجدوهما يحسنان غير تلك الكلمتين ففهموا أنّها مكيدةٌ قد عملها البارناي ليشنّع على المرأة ويضرّها,,,قال فرجع الرجل إلى عقله وأمر القوم البلخيّين بأن يكلّموا الطائرين بالبلخيّة غير هاتين الكلمتين فلم يحسنا غيرهما فعلم الرجل من تعليم البازدار إليه
394,e6a3ebe9-723a-4bea-9dc2-4f802566cf4e,Falcon Gouges Out His Eyes,|ثمّ أتى والبازُ فوق كفِّهِ ### يَجْبَهُها وقاحةً بقَذْفِهِ |فأخذَ البازيُّ عينَيْهِ معا ### وأمرَ المولى لهُ فقُطِّعا,فأرسل إليه فدخل عليه وعلى يده بازى فقالت له المرأة ويلك أنت رأيت ما قذفتني فقال نعم فوثب البازي ففقأ عين الغلام {بمخالبه,ثمّ إنّ المزربان أمر بأن يُدخل عليه البازيار فأُدخل عليه وأبقى بنفسه كأنّه لا ذنب له وعلى يده بازًا صعبًا كان يعلمه فنادته سيّدته من خلفه ويلك أنت رأيت عليّ ما قد فتنتني به قال أمّا إذا سألتيني فنعم قد رأيتك على فراش سيّدي غريرة فوثب الباز الذي على يده فأهوى إلى عينيه فانتزعهما بمخالبيه,فأتاه به وعلى يده بازى فقالت له المرأة ويلك أنت رأيت عليّ ما قلت في وقذفني به قال نعم فوثب عليه من فوق يده فقلع عينيه *بمخاليبه,فدعا المرزبان غلامه فدخل عليه ومعه بازي صعب فقالت له ويلك أنت رأيت ما قذفتني به قال نعم قالت له أخذك الله إن كنت كاذبًا فوثب البازي عن يديه إلى عينيه بمخاليبه فانتزعهما جميعًا,فأرسل إليه فأتاه وعلى يده بازة فقالت له المرأة [[وقد دعو يا بازيار]] أنت رأيتني علي ما قذفتني به فقال نعم فقالت اللهم إن كان كاذبًا عليّ فعجّلْ عقوبته فوثب الباز المحمول على يده عليه فنزع عينيه بمخاليبه,فأرسل إليه فأتاه وعلى يده بازٍ فقالت له المرأة ويلك أنت رأيتني على ما قذفتني به قال نعم فوثب البازي عليه فنزع عينيه بمخالبه,قال وجاءت امرأة المرزبان إلى البازيار فقالت له ويلك أنت رأيت أو اطّلعت على ما قذفتني به قال نعم فوثب عليه بازي كان في يده ففقأ عينيه بمخالبه,,فدعا المرزبان البازيار فأقبل واثقًا بنفسه على غير هيئة المريب ولا المذنب فدخل على يده باز فنادته مولاته من وراء الستر أيّها العدوّ أنت رأيتني على الزنية التي علّمت الببّغاءين فقال أمّا إذا سُئلتُ فقد قلتُ الذي رأيت فوثب البازي الذي على يده فتناول بمخلبيه حدقتَي البازيار فانتزعهما,فأمر المرزبان بالبازيار أن يدخل عليه فدخل عليه وعلى يده باز أشهب فنادته مولاته من وراء الستر أنت رأيتني أعمل الخبث الذي زعمت فقال أمّا إذا سألت فنعم قد رأيتك مرارًا فوثب الباز الذي كان على يده ففقأ عينيه برجليه,وكان على يده بازٍ أشهب فصاحت المرأة من داخل البيت أيّها العدوّ لنفسه أنت رأيتني على ما ذكرت وعلّمت به الببغائين قال نعم أنا رأيتك على مثل ما يقولان فوثب الباز إلى وجهه ففقأ عينه بمخاليبه,فأمر البازيار أن يدخل عليهم فدخل وعلى يده بازًا يعلّمه فنادته مولاته من وراء الحجاب أيّها العبد الجاني على نفسه أنت على الريبة من تعليمك الببّغاوتان من هذا الكلام القبيح قال البازياري يحقّ ما نطقتا به فوثب البازان الذي كان على يده فتناول حدقة البازياري واقتلعها,فأمر البارناري بالدخول عليهم فدخل وعلى يده بازٌ يعلّمه فنادته مولاته من ورى الحجاب أيّها العبد لنفسه أنت علّمت !البيغان هذا الكلام فقال نعم أنا إذا سألت فأقول ما قد رأيت فوثب الباز الذي كان على يده فتناول بمخلابه حدقة البارناري وأخدها,ויביאו את העבד ותאמר לו האשהה אתה ראיתני. בתועבה אשר בה הכיתני. ויאמר אני. אזי דלג הנץ ונקר עיניו. בפיו ובצפרניו.,,فأتاه وعلى يده بازًا فقال له ويلك أنت قذفت هذه المرأة بالبهتان واحتلت لها بهذه الحيلة قال نعم فوثب الباز الذي على يده فنزع عينه بمخالبه
395,9b14cfef-cce1-4db1-b0ff-793a97e63575,Wife Interprets This As God Punishing False Testimony,,{فقالت له المرأة لقد عمل الله لك النِكال بكذبك عليّ فإنّك زعمت أنّك عاينت ما لم تُعاين وشهدت عليّ بالزور,فقالت المرأة لقد عجّل الله لك النِكال وبالعدل أصابك هذا الجزاء في عينيك اللتين بهما شهدت بما لم تبصره عليّ وقذفك لي بالزور والباطل,فقالت المرأة لقد *عجّل الله لك نكالك بكذبك فإنّك زعمت أنّك عاينت ما لم تره وشهدت عليّ بزورٍ,فقالت له المرأة قد عُجّلت لك العقوبة بكذبك فإنّك زعمت أنّك رأيت ما لم ير وشهدت عليّ بالزور والباطل,فقالت له إنّ الله قد عجّل عليك العقوبة والنكال بكذبك وزعمك أنّك عاينت ما لم ترَ وشهدت عليّ زورًا باطلًا,فقالت المرأة لقد عجّل الله لك النكال بكذبك عليّ فإنّك زعمت أنك عاينت ما لم ترى وشهدت عليّ بزورٍ وباطلٍ,فقالت له لقد عجّل الله لك النكال والعقوبة بكذبك فإنّك زعمت أنّك رأيت وشهدت عليّ بزورٍ وباطلٍ,,فقالت مولاته إنّ هذا الذي أصابك أخزاك الله على شهادتك ما لم تره,فقالت المرأة بالعدل أصابك هذا الجزاء في عينيك اللتين شهدتا بما لم ترى واستبان للمرزبان ومن حضر حضرته براءة المرأة,فقالت المرأة بحقّ أصابك إنّه لجزاء أمر الله تعالى بشهادتك على ما لم تَرَه عينك,فقالت المرأة بحقّ ما أصابك إنّه من الله تعالى بشهادتك على ما لم ترى,فقالت مولاته بحقّ ما أصابك إنّه من الله تعالى بشهادتك ما لم ترى,ותאמר האשה לקח אלקים ממך נקמתי. והראה את אישי צדקתי. כי נאלחת ונתעבת. והוות עלי חשבת.,,فقال له الرجل لقد عجّل الله لك الثكال بكذبك لأنّك زعمت أنّك عاينت ما لم تبصره ولم تره والله تعالى حسب كلّ ظالم
396,e3c186f2-f1be-48d9-963a-3f2aed515d79,Happpy End and Moral of Falconer's Tale,| هذا جزاءُ مَن يقولُ الزورا ### وليس عند ربِّهِ مَعْذورا,,,,,,,,,,,,,,,,قال فأمر الرجل عند ذلك بانصراف البازدار من خدمته وأبعده وحظيت المرأة عنده وكمل سروره بها ورجع البغي بصاحبه
397,c0164da3-078a-49cf-8ec8-7bf5b565aef5,A Liar Suffers Punishment in Here and Hereafter,,وإنّما ضربت لكم هذا المثل لتعلموا أنّه من عمل مثل ما عمل البازدار من الإفك} {والبهتان كان جزاؤه العقوبة في العاجل والآجل,وإنّما ضربت هذا المثل لتزداد علمًا وبصرًا ورويّةً وتعلموا أنّه ليس لشاهد الزور وناطق الفجور والباطل مخلصٌ في عاجلٍ ولا آجلٍ ولا يكون لمن شهد بالكذب ?خيرين له في الدنيا ولا في الآخرة,وإنّما ضربت لك هذا المثل لتعلم أنّ من عمل بمثل ما عمل به البازيان من الافتراء والبهتان كان جزاؤه العقوبة في العاجل والأجل,وإنّما ضربت هذا المثل لتعلموا أن ليس للشاهد بالزور والناطق بالباطل إلّا العقوبة في العاجل والآجل,وإنّما ضربت لك هذا المثل لتعلم أنّه من عمل بمثل ما عمل به البازدار من البهتان كان جزاؤه العقوبة في العاجل والآجل,وإنّما ضربت لكم هذا المثل لتعلموا أنّ من عمل بمثل ما عمل به البازيار من الافتراء والبهتان كان جزاؤه العقوبة في العاجل والآجل,ثمّ قال دمنة وإنّما ضربت لك هذا المثل لتعلموا أنّه من عمل بمثل ما زعم البازيار وشهد به من الافتراء والبهتان كان جزاؤه العقوبة في العاجل والآجل,,وإنّما ضربت لك هذا المثل لتزداد علمًا بوخامة عاقبة الشهادة بالكذب في الدنيا والآخرة,,,,,ונשאתי לך המשל הזה למען תדעו כי כל העושה כמעשה העבד הצייד. לא ינקה יד ליד.,,وإنّما ضربت لكم هذا المثل أنّه لا يكون للذي شهد بالكذب خير في الدنيا ولا في الآخرة
398,50df8e84-6886-4c40-b482-cc1eb3f49807,The Court's Hostility Has Continued for a Third Day,,,فكان هذا من خصومتهم وفعلهم في اليوم الثالث إلى انتصاف النهار,,,,,,,,,,,,,,وأقام ثلاثة أيّام يتكلّم بعذره فلم يُقبل منه ذلك
399,19d9f2cd-b504-483d-8282-9c7fdbbad366,Dimna's Testimony Is Recorded and Court's Members Leave for the Day,|وأمرَ القاضي بِهِ فحُبِسا ### إذ لم يضِحْ مِن أمرِهِ ما التَبَسا |ورجعَ القومُ,{ثمّ إنّ القاضي كتب ما قيل له *ومردوده وأرسل به إلى السجن وانطلق عظيم الجند إلى منزل الملك وانصرف سائرهم,وكتب الكاتب قولهم في صحيفةٍ ودفعها إلى النمر سيّد ذلك الجمع وأرسلوا بدمنة إلى السجن ثمّ ارتفع الجند كلّهم وانطلق عظماؤهم مع عظيم الجمع إلى منزل الملك ليحضروا غداءه وانصرف سائرهم إلى رحالهم,ثمّ إنّ القاضي كتب ما قال دمنة وقيل له فأرسل به إلى السجن وانطلق عظيم الجند إلى منزل الملك وتفرق سائرهم,فكُتب ما ذكر دمنة وأُرسل بدمنة إلى السجن وانطلق عظيم الجمع إلى منزل الملك وتفرّق سائرهم,ثمّ إنّ القاضي كتب ما قال دمنة وأرسل به إلى السجن وانطلق عظيم الجند إلى الملك وتعرّف سائرهم,ثمّ إنّ القاضي كتب ما قيل لدمنة وما ردّ عليهم وأرسل به إلى السجن وانطلق عظيم الجند إلى الملك وتفرّق سائرهم,ثمّ إنّ القاضي كتب ما قيل له وما أجاب به فيه ثمّ أرسل به إلى السجن وانطلق عظماء الجند إلى منزل الملك وتفرّق سائرهم,فكتبوا ذلك كلّه ورفعوه إلى الأسد,فكتب القاضي ذلك كلّه من قول دمنة ثمّ دفعه إلى الأسد,,,فكتب القاضي ما قال دمنة *فرفعه إلى الأسد,فكتب القاضي ما قاله دمنة ثمّ رفعه إلى الأسد,ויכתוב השופט כל אשר דבר ואשר דברו לו. ויביאו הספרים אל המלך אל אהלו. והשיבו את דמנה אל בית הסוהר בכבלו. עד יחקרו מעלו.,,قال وكتب القاضي على ما قيل لدمنة وما قال وردّه إلى السجن
400,b6ceb9ab-2136-4919-b732-2f3385499397,Judge Passes Dimna's Testimony of Second Day to Lion,فقال للأَسَدْ ### ما قد جرى مِن قولِهِ وما جَحَدْ,,,,,,,,,,فلمّا سمع القاضي كلام دمنة نهض فرفعه بعينه إلى الأسد,فلمّا سمع القاضي ذلك من لفظ دمنة نهض فرفعه إلى الأسد على وجهه,,,,,
401,4d51dd14-2fca-427d-8599-cba8cc9d702e,The Court Hears Dimna's Arguments Seven More Days Without Reaching Verdict,,وحلِس دمنة بعد ذلك سبع ليالٍ يتكلّم بعذره فلم ?؟يقرّوه بشئ من ذنبه ولم يخصموه فيه ولم يقدروا عليه,ثمّ حُبس دمنة بعد ذلك سبع ليالٍ ليقول بعذره ويتكلّم بحجّته قلم يقدروا على أن يقرّروه بشيءٍ من ذنبه ولا استطاعوا أن يخصموه,وجلس دمنة بعد ذلك سبع ليال بتكلّم بعذره فلم يقدروا أن يقيّدوه ولا يخصموه,وحُبس دمنة بعد ذلك سبع ليال يتكلّم بعذره ولم يقدروا أن يقرّروه بشيء من ذنبه,وبقي دمنة بعد ذلك سبعة أيّام محبوسًا لم يقدر أحد أن يثبت عليه شيء من ذنبه ولا يخصمه ويلزمه حجّته,وحُبس دمنة بعد ذلك سبع ليالٍ يتكلّم بعذره فلم يقدروا أن يقرّروه بشيءٍ من ذنبه ولا يخصموه فيه,وحبس دمنة بعد ذلك سبع ليالٍ يتكلّم بعذره فلم يقرّره أحدٌ بشيءٍ من ذنبه ولا يخصمه فيه,,,,,,,ויהי כן דמנה שבעת ימים ושבעה לילות. מדבר בערמה ובתחבולות. וכחש פשעיו וכסה. על חטאתו אשר עשה.,,
402,e5b11d1e-86e2-492e-9489-5a19c1cec278,Scene 12. Lion and Mother,,,,,,,,,,,,,,,,,
403,511af03b-b9d0-4047-9235-16a8242f6a8f,The Lion Shows the Records to His Mother Who Warns of Dimna’s Past and Future Crimes,|ثمّ أتتْهْ بعد ذاك أمُُّه ### قائلةٍ قد صحَّ عندي جُرْمُهُ |فجازِهِ بالقتلِ قال مَهْلا ### تَرَفَّقي ولا تكوني عَجْلى |حتّى أَحِقَّ جُرمَهُ فإنّي ### أخافُ أن أقتلَهُ بالظَّنِّ |ثمّ يقولُ قائلٌ ما أَجْرَما ### فمَن تَأَنّى في الأمورِ سَلِما,ثمّ إنّ أمّ الأسد عند عرض الكتب بما قال دمنة وما قيل له دخلت عليه,,,,,,,فنظر فيه ودعا أمّه فأعرض فعرض ذلك عليها فكان من قولها أن قالت لقد صار اهتمامي بأن يحتال لك دمنة بمكره ودهائه حتّى يقتلك أو ينقص (ينقض) عليك أمرك أعظم من اهتمامي بما سلف من ذنبه إليك في الغشّ والسعاية بوزيرك وصفيّك حتّى قتلته بغير ذنبٍ,فنظر فيه ودعا أمّه وعرضه عليها فقالت حين تدبّرت كلام دمنة أيّها الملك لقد صار اهتمامي بأن يحتال عليك دمنة بمكره ودهائه حتّى يقتلك أو ينقض عليك أمرك أعظم من اهتمامي بما سلف من ذنبه إليك من الغشّ لك والسعاية بوزيرك وضيفك حتّى قتلته بغير ذنب,فنظر الأسد فيه ثمّ دعا بأمّه فقرأه عليها فقالت لقد أصاب كلام دمنة منك موقعًا حتّى قتلت صديقك بغير ذنب,فنظر فيه الأسد ثمّ دعا بأمّه فعرضه عليها فقالت له لقد أصاب كلام دمنة منك موقعه حتّى قتلت صديقك بغير ذنبٍ,فنظر فيه ثمّ دعا بأمّه فعرضه عليها,فنظر فيه ودعا أمّه وأعرضه عليها فقالت أمّ الأسد أطاب اهتمامي لك وصديقك حيّا وقتلته بغير ذنبٍ,ותקרא אם האריה בספרים כל דבריו. ותבא אל המלך בחדריו. ותאמר לו קום הרוג הפושע הזה כי הוא מתעך. עוד כמה פעמים אני משביעך.,,
404,38d0ec55-faf5-4d12-bca8-c99491e4c7fd,The Mother Warns the Lion of Leaving Dimna Unpunished,,فقالت للأسد لئن أنت خلّيت سبيل دمنة بعد الذي ركب من الأمر العظيم,فقالت أمّ الأسد الذي استبان لها من جرم دمنة للأسد قولًا كثيرًا فكان فيما قالت له أيّها الملك إنّك إن تركت دمنة وخلّيت سبيله مع عظيم جرمه فأجني ما هو أعظم منه فلا تلُمْ في ذلك أحدًا من جندك إن فعل مثل هذا وأعظم منه,ثمّ أنّ أمّ الأسد قالت له لإن أنت خلّيت سبيل دمنة بعد الذي ارتكب من الذنب العظيم,فقالت أمّ الأسد للأسد إذ تبيّن لها جرم دمنة لئن خلّيت سبيل دمنة مع ما ارتكب من الأمر العظيم,ثمّ إنّ أمّ الأسد قالت لئن أنت خليت سبيل دمنة بعد الذي ارتكب من الأمر العظيم,ثمّ إنّ أمّ الأسد قالت له لئن أنت خلّيت سبيل دمنة بعد الذي ارتكب من الذنب العظيم,ثمّ إنّ أمّ الأسد قالت لئن خلّيت سبيل هذا الفاجر دمنة بعد الذي ارتكب من الأمر العظيم,,,,,,,,,ثمّ قالت أمّ الأسد للأسد لئن أنت خليت سبيل دمنة بعد أن ارتكب من الذنب العظيم
405,3235dcfa-3a29-4aae-b53c-69d87b96c32e,Failure to Punish Dimna will Weaken the Lion’s Authority,,ليجترئنّ عليك جندك ولا يتخوّف أحد منهم في فظيعٍ يرتكبه عقوبتك وينتشرن من أمر ما لا تطيق شعبه ولا شعب غيره,فإنّ جندك إن علموا أنّك لا تعاقب أهل الذنوب ازدادوا عليك جرأةً وأضرّ ذلك بك وعليك وليشرن من أمرك ما لا تطيق †تكثّم *شعثه ولا تشعّب صدعه ولا رتق فتقه,لتجترئنّ عليك جندك ولا يتخوّف أحد منهم من *فظيع ولينشروا من أمرك ما لا يُطاق ولا يُشعب صدعه ولا يُرتق فتقه,ليجترئنّ عليك جندك ولا تخوّف منك أحد عقوبة إن أذنب,ليتجرئنّ عليك جندك ولا يتخوّفك منهم أحد,ليجترئنّ عليك جندك ولا يتخوّف منهم أحدًا في فظيع يرتكبه عقوبتك ولينتشرنّ أمرك بما لا تطيق لمّ شعبه ولا ?؟ستعب صدعه ولا رتق فتقه,ليجترئنّ عليك جندك ولا يتخوّف أحدٌ منهم في عظيمٍ يرتكبه عقوبتك ولينتشرن من أمرك ما لا تطيق لمّ شعثه ولا شعب صدعه ولا رتق فتقه,,,,,,,,,اجترأ عليك جميع جندك فلا يخافونك ولا يطيعك أحد منهم وتذهب هيبتك وإذا علموا أنّك لا تعاقب أهل الدنيا ولا تجازي أصحاب الغدر والمكر ازدادوا عليك جرأة فيضرّك ذلك في ملكك ويضعف سلطانك ومن ضعف سلطانه فالموت خير له من الحياة
406,6c8dd132-55bf-49ab-bf39-d5d2b5ed78f4,Lion Moved by Mother's Words,|فحدِّثيني مَن أتاكِ بالخَيَرْ ###,,,,,,,,فوقع قولها في نفس الأسد,فوقع قولها في نفسه,فوقع كلامها في نفسه,,,فوقع كلامها في نفسه,,,
407,b7747fcc-4755-441c-a7b3-e550a89f8907,The Lion Asks His Mother for Testimony about Dimna’s Guilt,,,,,,,,,فقال لها أخبريني عن الذي أخبرك بما سمع من كلام كليلة ودمنة فإن *قلته فذلك حجّةٌ لي من قبل دمنة,فقال لها أخبريني عن الذي أخبرك عن دمنة بما أُخبِرَ فيكون حجّة لي في قتله,,,,,,,
408,d469d541-10a0-41a3-9af2-fa05a9bcf811,Mother Wants to Keep Source Secret,قالتْ وهلْ يجوزُ ذِكْرُ مَن أَسَرْ |وَهْوَ الذي لا شكَّ في أمانَتِهْ ### وقولِهِ الصدقَ وفي دِيانَتِهْ |إنّي إن كنتُ بسرٍّ بائِحَهْ ### طالحةٌ أُعَدُّ غيَ صالِحَةْ,,,,,,,,قالت إنّي أكره أن أفشي سرًّا اُستُظهرتُ عليه بركوب ما نهت عنه العلماء من كشف الأسرار,فقالت إنّي لأكره إفشاء سرّ استُكتمته ولا يهنأني سروري بقتل دمنة إذا تذكّرت أنّي استُظهرت عليه بركوب ما نهت عنه العلماء من كشف الأسرار,فقال إنّي لا أكره إفشاء السرّ في قتل دمنة إذا تذكّرت أنّي استظهرت عليه بركوب ما نهت عنه العلماء,وإنّي لأكره إفشاء السرّ بقتل دمنة إذًا تذكّرت أنّي استُظهرت عليه بركوب ما نهت عنه العلماء,,وقالت إنّي أكره إفشاء السرّ واستظهر عليه بما أنهت عنه العلماء,,,
409,2c1d9288-ff13-44bb-b377-74d1b3edd0d4,Mother Will Request Source's Leave to Pass on Testimony,|دَعْني إذًا أُقابِلُ المُسِرّا ### لعلَّهُ يحبُّ أن يُقِرّا,,,,,,,,ولكنّي سأطلب إلى الذي ذكر لي ذلك أن يحلّلني من ذكره لك أو أن يقوم له بعلمه وما سمع,ولكنّي طالبة إلى الذي استودعنيه أن يحلّلني من ذكره أو يقوم بإعلامك ما سمع,,,,,,,
410,033c1062-acde-4775-a6a1-86ad3d97884b,Mother Persuades Leopard to Testify,|وعاجلًا قامتْ لتَلْقى النمرا ### قائلةً إكشفْ لنا ما اسْتَتَرا |أَبْدِ الذي تعرفُهُ عن دمنَهْ ### تُنْجِ المليكَ مِن شديدِ المحنَهْ,,,,,,,,ثمّ انصرفت فأرسلت إلى النمر فأتاها فذكرت له فضل منزلته عند الأسد وما يحقّ عليه من تربيته وحسن معاونته على الحقّ وإخراج نفسه من الشهادة التي لا يكتمها مثله معما يحقّ عليه من نصرة المظلوم ومعاونته على تثبيت حجّته يوم القيامة فلم تزل به,ثمّ انصرفت فأرسلت إلى النمر وذكرت له ما يحقّ عليه من تزيين الأسد ويلزمه من حسن معاملته ومعاونته على الحقّ وإخراج نفسه من الشهادة التي لا يكتمها مثله مع ما يحقّ عليهما من نصرة المظلوم وتثبيت حجّة أهل الحقّ في الحياة والممات,فقامت أمّ الاسد فدخلت على النمر فلم تزل به حتّى دخل على الأسد فشهد بما سمع من إقرار دمنة,فقامت أم ّ الأسدّ فدخلت على النمر,*فأر فأرسلت إلى النمر تُعلمه بذلك,ثمّ إنّها أرسلت إلى النمر وذكرت ما همّ فيه من تدبير الأسد ومعاونته على الحقّ,ותקרא לנמר והעיד אשר שמע ולא הוסיף דבר ולא גרע. ותשלח,,
411,f1b6d10d-7a51-4649-8dce-c25ec8c88df2,Withholding Testimony About a Deceased Is Sin,|لا تَخْفِ إنّ كاتمَ الشهادَهْ ### خالٍ مِن الصلاحِ والعِبادَهْ |وواجبٌ فرضٌ على العبادِ ### تثبيتُ أمرِ الحقِّ في العبادِ,,,,,,,,,فإنّ العلماء قد قالت من كتم حجّة ميّت أخطأ حجّته يوم القيامة,فإنّ العلماء قد قالوا من كتم حجّة ميّت أخطأ حجّته يوم القيامة,لأنّ العلماء الثقات قالوا من كتم حجّة ميتٍ *أخطأ حجّته يوم *القيـامة,,فإنّ العلماء قد قالوا من كتم حجّة ميّتٍ أخطأ حجّته يوم القيامة,,,
412,29ee15f3-c891-4dcc-a55a-6a5228f78341,Leopard Testifies on Mother's Order,|ولم تزلْ بِهِ إلى أن قاما ### معجِّلًا ليُطلعَ الهُماما |على الذي يعرفُ من إقرارِ ### دمنةِ المُخادعِ الغدّاِرِ |وبعد أن بيّنََ ما كان درى ### وظهرَ الحقُّ لدى كلِّ الوَرى,وأحضرت النمر فشهد علي دمنة بما سمع منه ومن أمر أخيه كليلة إيّاه حين دخل عليه يطلب القبس,,,,,وأحضرت النمر فشهد على دمنة بما سمع منه ومراجعته كليلة إيّاه,,حتّى جاء فشهد على دمنة بما سمع من كلامه وكلام كليلة,فلم تزل به حتّى قام فشهد على دمنة بما سمع من إقراره فيما كان من توبيخ كليلة إيّاه بدخوله بين الأسد والثور,,*فلم تزل به *حتّى قام فدخل على الأسد فشهد عنده بما سمع من إقرار دمنة,فدخل النمر على الأسد وشهد على دمنة بما سمعه من لفظه,ولم تزل به حتّى قام من ساعته ودخل على الأسد وشهد على دمنة بما سمع من أقذاره,,,
413,42afa500-b18a-40b3-ac6f-de22bca98ee6,Fellow Prisoner Testifies,|فأرسلَ الفهدُ السجينُ قائلًا ### كتمتُ ما أعرفُهُ تَغافُلا |فأخرجوه قائلينَ أَبْدِ ### جميعَ ما كتمتَ عن ذا الوَغْدِ |فشهِدَ الفهدُ بما كان سمِعْ ### من فَمِ دمنةَ المُخادعِ الشَّنِعْ |مِن أنّهُ كان سعى بشتربَهْ ### مكرًا وزورًا ليُلاقِيْ عَطَبَهْ,وبعث السبع المحبوس إنّ عندي شهادةً فأُخرج من السجن فأُحضر فشهد على دمنة بما سمع منه ومن أمر أخيه كليلة ومراجعته إيّاه,,,,,,,ولمّا شهد النمر على دمنة بذلك أرسل السبع المسجون الذي سمع قول كليلة لدمنة ليلة دخل عليه في السجن أنّ عندي شهادةً فأخرجوني لها فبعث إليه الأسد فشهد على دمنة بما سمع من قول كليلة وتوبيخه إيّاه بدخوله بين الأسد والثور بالكذب والنميمة حتّى قتله الأسد وإقرار دمنة بذلك,فلمّا شهد النمر على دمنة بما سمع منه أرسل السبع المسجون الذي سمع قول كليلة لدمنة ليلة دخل عليه في السجن وما كان من إقرار دمنة إنّ عندي شهادة فأخرجوه فشهد على دمنة بما سمع من قوله وإقراره فيما كان من توبيخ كليلة إيّاه بدخوله بين الأسد والثور بالنميمة والكذب,فلمّا شهد النمر بذلك أرسل الفهد المحبوس الذي كان سمع إقرار دمنة وحفظه إلى الأسد فقال إن عندي شهادة فأخرجوه فشهد على دمنة بما سمع من لفظه وإقراره,فلمّا شهد النمر بذلك أرسل الفهد المحبوس الذي سمع إقرار دمنة وحفظه إلى الأسد فقال إن عندي شهادةً فأخرجوه فشهد على دمنة بما سمع من إقراره,وأرسل الأسد إلى من بالحبس فأحـ فأحضرهم فشهدا منهم اثنان على دمنة بذلك وصدّقا [اا] شهادة النمر,فلمّا شهد النمر بذلك أرسل إلى الذي كان سمع حديثه في الحبس وكليله يعاتبه وتوبّخه على مشيه بين الأسد والثور بالنميمة والزور فشهد بما سمع من إقراره وما تكلّم به دمنة واعترافه,ויוציאו הזאב הכלוא. והעיד גם הוא אשר שמע מפי דמנה וכלילה בבית הכלוא.,,
414,69893218-e23d-494f-b4a0-11fb8cd72aeb,Lion Inquires Why Fellow Prisoner Had Withheld Testimony,|حينئِذٍ قال الهُمامُ ولما ### لِمْ تُبْدِيا مِن قبلُ ما علِمْتُما,,,,,,,,قال له الأسد فما منعك أن تكون أعلمتنا شهادتك عن دمنة حين سمعت ذلك منه,فقال الأسد ما منعكما أن تقوما بشهادتكما وقد علمتما أمرنا بالتفتيش عن حال دمنة,فقال لهما الأسد ما منعكما أن تقوما بشهادتكما وقد علمتم أمرنا واهتمامنا بالتفتيش والفحص عن أمر دمنة,فقال لهما الأسد ما منعكما أن تقوما بشهادتكما وقد علمتم أمرنا واهتمامنا بالفحص عن أمر دمنة,,فقال لهم الأسد ما منعكما أن تقوما بشهادتكما وقد عرفتم البحث عن أمره,,,
415,f9bbe668-ffd1-4ad7-aba5-578a85253f59,Fellow Prisoner Explains Invalidity of His Single Testimony,|فقال كلُّ واحدٍ يعتذرُ ### شهادةُ الواحدِ ليستْ تُصْدِرُ |حُكمًا فكُنّا بعضُنا نستنظرُ ### إن شهِدَ الواحدُ قامَ الآخَرُ |وأقبلتْ أمُّ الهزبرِ قائلَهْ ### لَتُرْمَيَنْ مِن تركِهِ بغائِلَهْ |فيُفسدُ الجندَ بلطفِ مكرِهِ ### عليك أو يُعْديهِمِ مِن شَرِّهِ |ويَطمَعُ الجهّالُ والأوغادُ ### فيظهرُ الخَبالُ والفسادُ,,,,,,,,قال السبع منعني من ذلك أنّ شهادتي وحدي لم تكن توقع حكمًا ولا تحجّ خصمًا فكرهت القول في غير منفعةٍ فاجتمعت على دمنة شهادتان,فقال كلّ واحد منهما منعنا من ذلك أنّ شهادة الواحد منّا كانت لا توجب حكمًا وكلّ واحد منّا كان بشهادة صاحبه جاهلًا وكرهنا القول في غير شيء لا يقوم به حكم,فقال كلّ واحد منهما قد علمنا أن شهادة الفرد لا توجب حكمًا فكرهنا التعرّض لغير ما يمضي به الحكم حتّى إذا شهد أحدنا قام الآخر بشهادته,فقال كلّ واحدٍ منهما قد علمنا أنّ شهادة الواحد لا توجب حكمًا فكرهنا التعرّض لغير ما يمضي به الحكم حتّى إذا شهد أحدنا قام الآخر بشهادته,,فقالوا إنّ شهادة الواحد لا توجب حُكمًا وكلّ واحدٍ منّا شهد بما سمع بانفراد في غير وقتٍ واحدٍ,,,
416,f379ee5d-30a7-437d-994e-16701dbeef0b,Lion Orders Dimna to Be Killed,|قال لها لأجعلنَّ دمنَهْ ### إذا نِكالًا للورى فإنَّهْ |منّي بما يُكرَهُهُ جديرُ ### فقد بدا لي جُرْمُهُ يُنيرُ |حينئِذٍ قال اقْتلوه جوعًا ### وعذبِّوه هكذا أُسْبوعًا |ثمّ اقتلوه قَتْلَةً أليمَهَ ### بهذه الجريمَةِ العظيمَهْ,فلمّا كلّمته أمّه بذلك وكرّرت عليه وقع في نفسه واستبان له أنّ دمنة قد كان حمله على زيغٍ وأوطأه عشوة أمر به فقتل,فلمّا سمع الأسد هذا القول من أمّه وكرّرت عليه تثبّت في أمر دمنة حتّى استبانت له نميمة ذلك واطلّع على ضلالته وفجوره واستبان له أن دمنة قد كان حمله على وعثٍ وأوطأه عشوةً في أمر الثور شتربه أمر به أن يولى حبسه ويضيّق عليه حتّى يموت جوعًا وعطشًا ففعل ذلك به فلم يلبث أن مات أشرّ موتة,فلمّا ألحّت على الأسد بذلك وكرّرت عليه وأن دمنة كان حمله على قتله شتربه أمر به أن يجاع ويعطش ويقتل شرّ قتلة ففعل به ذلك,فلمّا كرّرت عليه القول أمر بدمنة أن يُقذف في حبسه ويضيّق عليه فيه حتّى يموت جوعًا وعطشًا ففُعل ذلك به فلم يلبث أن مات,فغضب الأسد عند ذلك ثمّ استبان له أنّ دمنة هو الذي حمله على قتل شتربة فأمر به فُقتل شرّ قتلة,فلمّا كرَّرت أمّ الأسد ذلك عليه وكلّمته فيه وقع في نفسه أنّ دمنة حمله على زيغ وواطأه عشوة أمر به فقُتِل شرّ قتلة,فلمّا رأى الأسد هوى أمّه في قتل دمنة وكرّرت عليه هذا الكلام غير واستبان له أنّ دمنة حمله على قتل شتربة وأوطأه عشوةً في أمره فقُتل أشرّ قتلةٍ,فأرسلها الأسد إلى دمنة فبكّتاه في وجهه بمقالته فأمر به الأسد فغُلّظ عليه الوثاق ثمّ تُرك في السجن حتّى مات جوعًا وعطشًا,فرضي الأسد مقالتهما وأمر بدمنة فقُتل شرّ قتلة,فقبل الأسد مقالتهما وأمر بدمنة أن يُقتل في محبسه جوعًا وعطشًا فمات أشدّ موتة,فقبل الأسد قولهما وأمر بدمنة أن يُقتل في حبسه فقُتل جوعًا وعطشًا ومات أشرّ موتة,فقبل الأسد شهادتهما وأمر بدمنة أن يُقتل في محبسه جوعًا وعطشًا ففعل ذلك له فمات أشرّ موتة,فقبل الأسد مقالتهما وما شهدا به وأمر بدمنة أن يُقتل في مجلسه جوعًا وعطشًا فمات أشرّ موتة,כשמוע האריה עדותם. האמין להם ולאמרותם. וישאג שאגה ברגזה ובדאגה. ויאמר לדמנה היה לי יועץ מנאמני ומנבונם. ותסיתני בו לבלעו חנם. דמנה שמך. ועל פני דומן אשפוך דמך. כאשר שכלה נשים לשונך. תשכל מנשים אמך. וישלוף חרבו אחד מעבדיו. ואל הדומן הגישו. ויכרות בה ראשו. ויאמר זאת סבב עליך כחשך. דמך בראשך. ויאמרו כל העם כאשר ראוהו מתגולל בדמו ומתגאל. זה חלק אדם מאלקים ונחלת אמרו מאל. וזה אמר כן משפטו ודינו. אם תמתיק בפיו רעה יכחידנה תחת לשונו. וזה יענה לו בקללות. יכרת י״י כל שפתי חלקות. לשון מדברת גדולות. וזה מתלחש בלחשו. שומר פיו ולשונו שומר מצרת נפשו.,,قال فلمّا سمع ذلك من أمّه واطّلع على كذب دمنة وفجوره وخدعه ومكره وتماديه على ضلالته وما ثبت من فعله ومن ذنبه أمر الملك بقتله وبصلبه قال فقُتل دمنة أشرّ قتلة ومُثّل به أعجب مثلة وصلب دمنة فوق جذع عالي
417,c2ca5696-5391-4d5e-aae2-17d39e6a2a5d,Herald Announces Dimna's Punishment,,,,,,,,,,,,,,,,,ونادى منادٍ في جميع الجنود وأصناف الوحوش هذا جزاء من يسعى بين الملوك بالنميمة والفساد ويعين على خراب البلاد وسفك دم العباد
418,22bff266-e3b7-4ece-9a71-cbbd1c12bcb5,Frame Dialogue,,,,,,,,,,,,,,,,,
419,dce6378a-847d-4144-b220-1c28999f5034,Commentary That Seeking Others' Harm Will Be Punished,|كذاك عُقْبي البَغْيِ والفسادِ ### والسَّعْيِ في متالِفِ العبادِ,ثمّ قال الفيلسوف للملك لينظر أهل التفكير في الأمور في هذا وأشباهه وليعلموا أنّ من التمس منفعة نفسه بمهلكة غيره طالما له بخديعةٍ أو مكر أو خلافه أو بفضلٍ فإنّه غير ناجٍ من وبال ذلك وغيره من العواقب الرديئة وأنّه مكافأة به ومُجزى عليه عاجلًا وصائرًا إلى العقاب على كلّ حال,ثمّ قال الفيلسوف للملك حقًّا ينظر أهل التفكير والبصر بالأمور في هذا المثل وأشباهه وليعلموا أنّه من يلتمس منفعة نفسه !ويردّ هلكة غيره ظلمًا له بخديعةٍ أو مكرٍ أو ضلالةٍ وإن كان ذا حيلةٍ عالمًا بصيرًا رفيقًا بالخارج فإنّه غير منفلت من وباله وعاقبته ومعيشته وأنّه مكافؤٌ به ومُجزًى بما عمل منه عاجلًا وآجلًا وصائرًا إلى البوار والهلكة والدمار على كلّ حالٍ,ثمّ إنّ الفليسوف قال للملك لينظر الملك وأهل التفكّر في الأمور في هذا وأشباهه وليعلموا أنّه من يلتمس منفعة نفسه ويريد بذلك مهلكة غيره ظالمًا بخديعة ومكر وخلابة فإنّه غير مفلتًا من وباله وسوء عاقبته وميتته وإنّه مكافأته ومجازًى عليه بما عمل منه عاجلًا وأجلًا وصائرًا إلى البوار على كلّ حال والسلام,فحقّ لمن نظر في هذا المثل أنّ من التمس منفعة نفسه بمضرّة غيره وأهلك بالنميمة,ثمّ قال الفيلسوف للملك فلينظر أهل الفكر في الأمور في هذا وأشباهه وليعلموا أنّه من التمس منفعته بهلاك غيره ظلمًا فإنّ العقوبة تكون إخراسه,ثمّ قال الفيلسوف للملك فلينظر أهل التفكّر في الأمور في هذا وأشباهه وليعلموا أنّه من يلتمس منفعة نفسه بهلاك غيره ظالمًا له بخديعةٍ أو مكرٍ أو خِلابةٍ فإنّه غير ناجٍ من وبال ذلك عليه وعاقبته ومغبّته وإنّه مُكافأٌ به ومجزيٌّ بما عمل عاجلًا وآجلًا وصائرٌ إلى البوار على كلّ حالٍ,ثمّ قال الفيلسوف للملك فلينظرْ أهل التفكّر في الأمور في هذا وأشباهه وليعلموا أنّه من يلتمس منفعة نفسه وأراد هلكة غيره ظالمًا له بخديعةٍ أو مكرٍ وخلابةٍ فإنّه غير مفلتٍ من وباله وعاقبته وشرّ مغبّته وإنّه مكافَأ,فهذا ما صار إليه أمر دمنة وكذلك تكون عواقب البغي ومواقع أهل الحسد والكذب,ذلك يكون عواقب البغي ومواقع أمور الحسد والكذب,,,,,ויאמר דוד חכמות למלך יאות לאנשי התבונה. העושים מעשיהם באמונה. שישמרו לנפשותם שלא יבקשו מועילם. ממקום שיצר לאדם בעולם. אם במרמה אם באיבה. ואם בעקבה. כי איש תרמית. יהא אחריתו להכרית. אחת דתו להמית.,,وهذا ما كان من خبر دمنة على التمام والكمال وهو منتهًى خيرٌ مِن طلب نجاة نفسه بهلاك غيره وعاقبة الخديعة والغدر والمكر ومصير أهل الشرّ
420,e4aca28d-5484-4ca6-91c7-0fa6de9312fa,End of Chapter,,,انقضى باب الفحص عن أمر دمنة,آخر باب البحث عن أمر دمنة وهو نصف الكتاب يتلوه باب الحمامة المطوّقة,انقضى باب البحث عن أمر دمنة,,,,كمل باب البحث عن دمنة,انقضى باب الانبحاث عن شأن دمنة وكلّ,,انقضى باب الفحص عن أمر دمنة,وهذا آخر حديث دمنه,والله أعلم,נשלם שער חקור דברי דמנה צורת המלך ודוד חכמות,,تمّ باب الفحص عن أمر دمنة