unit_order,unit_id,unit_title,L8751,A4095,P3469,P3468,P3466,VAF298
1,aa23b404-119e-4fea-a774-4c51a3b45f80,Chapter Title,باب مهرايز ورودماه وهو الباب الثالث عشر,باب مهرايز ملك الجرذان,باب مهرزان ابن ملك الجرذان,باب مهزار بن ملك الجرذان,باب مهرار ابن ملك الجرذان,باب بهرام في الوزير الناصح
2,07417c3a-3af9-4c42-928b-c9dae9d9ae91,The King Asks About Choosing a Vizier,قال المَلك للفيلسوف وقد فهمت ما ذكرته من مثل الملوك فيما بينهم وبين قرايبهم في مراجعة من يُراجع منهم بعد عقوبة أو جفوة تكون عن ذنب يذنبه أو ظلم يظلمه فاضرب لي إن رأيت مثل يكون كيف ينبغي للمَلك أن يصطفي له مشيرًا مناصحًا وما النفع والضرّ في اختياره,قال الملك للفيلسوف قد فهمت مثل الحِلم فيما بين الملوك وقرابتهم ولكن أريد أن تعرّفني كيف ينبغي للإنسان أن يلتمس له *امرئًا مناصحًا وما الفائدة *المستفادة من المشير الحليم,قال ديشلم الملك لبيدنا الحكيم الفيلسوف قد سمعت هذا المثل ولكن أريد أن تعرّفني كيف ينبغي للإنسان أن يلتمس له مشيرًا ناصحًا فأمّا الفائدة المستفادة من المشير,قال ديشلم الملك لبيدنا الفيلسوف قد سمعت هذا المثل ولكن أريد أن تعرّفني كيف ينبغي للإنسان أن يلتمس له مشيرًا ناصحًا وما الفائدة المستفادة من المشير,قال ملك الهند لبيدنا الفيلسوف قد سمعت هذا المثل ولكن أريد أن تعرّفني كيف ينبغي للإنسان أن يلتمس له مشيرًا ناصحًا وما الفائدة المستفادة من المشير الحكيم,قال الملك قد فهمت ما ذكرت من أمر الحلم والعقل ومصالحهما وما لصاحبهما فيهما من المنفعة فاضرب لي إن رأيت كيف ينبغي للملك أن يصطفي مشيرًا مناصحًا في السرّاء والضرّاء
3,e1d3bea7-b556-4049-bfd7-23449d650e0d,The Philosopher Answers,قال الفيلسوف أيّها المَلك السعيد إنّ المنفعة في ذلك على وجهين فالوجه الأوّل دفع الضرر وإزالة الغموم والاستنقاذ من البلاء والشرور والوجه الثاني اختلاف الخبر وشمول السلامة وعموم اليُمن والسعادة والبركة والزيادة وبلوغ الأعمال الصالحة وحسن العاقبة فيها,,قال الفيلسوف من أحبّ أن يختار له مشيرًا ناصحًا يتمسّك به عند الشدائد ويتخلّص به من العظائم وينال بسببه فوائدًا كبار,قال الفيلسوف من أحبّ أن يختار له مشيرًا ناصحًا يتمسّك به عند الشدائد ويتخلّص به من العظائم وينال بسببه فوائد كبار,قال الفيلسوف من أحسن أن يختار له مشيرًا ناصحًا ويتمسّك به تخلّص به من شدائد عظام وأقام وأفاد بسببه فوائد كبار,قال الفيلسوف إنّ المنفعة في ذلك على وجهين فالوجه الواحد دفع الضرّ وإزالة الغمّ والوجه الآخر اجتلاب الخير وشمول السلامة
4,a6f101e8-5b97-44f3-a7e6-61f1aa164553,The Parable of the King of Rats,كما بلغنا عن جرذ كان وزير,قال الفيلسوف إنّ مثل ذلك مثل ملك الجرذان ووزيره الناصح له المنقذه وأهله ومخلّصهم من الشدائد العظام,كما [[ملك]] {أفاد} به ملك الجرذان من وزيره الناصح فائدة تخلّص بها هوّ وجميع الجرذان من الشدّة,كما أفاد ملك الجرذان من وزيره الناصح فائدة تخلّص بها هو وجميع الجرذان من الشدّة,كما أفاد ملك الجرذان من مشورة وزيره الناصح فائدة تخلّص بها هو وجميع الجرذان من الشدّة {التي} كانوا فيها,كما بلغنا عن وزير لبهرام ملك الجرذان
5,5b148385-5581-4952-9845-633f4ae1fa30,The Qualities of the Vizier,الملك الجرذان وكان ذا دهاء ذا لبّ وإرب وعلم وأدب وثبات وجزم وتأنّي وحلم وذكاء وفهم لم يُعرف قطّ له ركاكة في عقل ولا شينًا في فعل فاصطفاه المَلك من بين وزرائه لسرّه واعتمد عليه في جميع أمره واختصّه لمشورته فكانت عاقبة مشورته إيّاه استنقاذه وأهل مملكته من البلاء والهلكة بعد إيقانهم بها,,,,,
6,5611c188-4692-4ea3-9ced-c73ee2dc9840,The King Requests the Parable,قال المَلك وكيف كان ذلك,قال الملك وكيف كان ذلك,قال الملك وكيف كان ذلك,قال الملك وكيف كان ذلك,قال الملك وكيف كان ذلك,
7,a416d262-4af8-412f-bf42-cde43b9cb669,A Prosperous City,قال الفيلسوف زعموا أنّ كان في أرض البراهمة بريّة يُقال لها دوراب سعتها ألف فرسخ في ألف فرسخ وكان في وسطها مدينة يُقال لها أندربيون وكانت تلك المدينة حسنة العمارة مبنيّة بالجصّ والحجارة شامخة القصور واسعة الدور حسنة البنيان مشيّدة الأركان كثيرة الخصب والنبات غزيرة الأثمار والخيرات موفورة الغلّات وكان أهلها يعيشون في خصبها عيشًا هنيًّا صافيًا في سعادة وغبطة ولذّة ونعمة,قال الفيلسوف زعموا أنّه كان في أرض البراهمة بقعة تُسمّى دورات مساحتها ألف فرسخ وكان في وسط تلك البقعة مدينة تُسمّى بدرور وكانت كبيرة آهلة وكان أهلها يتصرّفون في معايشهم كما يحبّون,قال بيدنا زعموا أنّه كان في أرض البراهمة بقعة تُسمّى دوران مسافتها ألف فرسخ وكان في وسط تلك البقعة مدينة تُسمّى أيل زينون وكان عليها خيرات كثيرة وكان أهلها يتصرّفون في معايشهم كما يحبّون,قال بيدنا زعموا أنّه كان في أرض البراهمة بقعة تُسمّى دوران مسافتها ألف فرسخ وكان في وسط تلك البقعة مدينة تُسمّى ايدزيتون وكان عليها خيرات كثيرة وكان أهلها يتصرّفون في معائشهم كما يحبّون,قال الفيلسوف زعموا أنّه كان في أرض البراهميّين بقعة تُسمّى دوران مسافتها ألف فرسخ وكان في وسط تلك البقعة مدينة تُسمّى ايدزينون وكان عليها كثيرًا من الخيرات وكان أهلها ينصرفون في معائشهم كما يحبّون,
8,f015dd41-f442-4f77-9b56-8eb1e8753f34,The City Is Ruled by a Rat King,وكان في تلك المدينة جرذًا اسمه مهراير وكان مَلك الجرذان كلّها بتلك الناحية,وكان في تلك المدينة جرذ يُسمّى مهراير وكان مُملّكًا على جميع الجرذان الذين في تلك المدينة ورساتيقها,وكان في تلك المدينة جرذ يُسمّى مهراز وكان ممتلكًا على جميع الجرذان التي في تلك المدينة ورساتيقها,وكان في تلك المدينة جرذ يُسمّى مهراز وكان متملّكًا على جميع *الجرذان التي في تلك المدينة ورساتيقها,وكان في تلك المدينة جرذ يُسمّى مهرار وكان متملّكًا على جميع الجرذان التي في تلك المدينة ورساتيقها,
9,6705f3eb-899a-4244-9c76-36e61b635fa0,The Rat King Has Three Viziers,وكان له ثلاث وزراء من الجرذان وكان اسم الواحد منهم رودماه والآخر شبرع والآخر بغداد وكان رودماه حكيمًا عاقلًا حليمًا حيولًا داهيًا مَكِرًا بصيرًا بالأمور خبيرًا بالأزمنة والدهور قد حنّكته التجارب وأدّبته النوائب فاختصّه المَلك لما عنده من العقل والسياسة والفضل,وكان له ثلاثة وزراء يشاورهم في أموره يُسمّى أحدهم رودباد وكان ذو عقل وحنكة فكان الملك معترفًا بعقله وجودة حيلته ويُسمّى الثاني سبرع والثالث بغداد وكان الملك يحضرهم جميعًا ويستشيرهم فيما يصلح رعيّته,وكان له ثلاث وزراء يشاورهم في الأمور يُسمّى أحدهم ذوذامه وكان ذو عقل وحكمة وكان الملك [[وما]] معترفًا بفضله *وكان يُسمّى الثاني شيرع ويُسمّى الثالث بغداد,وكان له ثلاثة وزراء *يشاورهم في الأمور يُسمّى أحدهم زودامة وكان ذا عقل وحكمة وكان الملك معترفًا بفضله وكان يُسمّى الثاني سيرع ويُسمّى الثالث بغداد,وكان له *ثلاث وزراء يشاورهم في أموره يُسمّى أحدهم زودليد وكان ذو عقل وحكمة وكان الملك معتزًّا بفضله ويُسمّى الآخر شيرع والثالث بغداد,وكان له ثلاثة وزراء من الجرذان اسم الواحد رودباد [حكيمًا] والآخر شيرع والآخر بغداد وكان رودباد حكيمًا
10,e1ec7823-65f9-46ba-b287-14bee07d5959,They Discuss the Threat of the Cats,فبينا المَلك ذات يوم مع وزرائه الثلاثة يتذاكرون لذيذ العيش وصفو الزمان وتباعد الطوارق عنهم والحدثان وطيب النعمة ويقول بعضهم لبعض اعلموا يا سادة يا سُعداء أنّا في غبطة ونعيم وليس لنا همّ ولا غمّ إلّا من سبب واحد وهو الذي أتانا وانتهى إلينا فنحن منه في حال شديد وجهد جهيد وهو خوفنا من السنانير فإن رأيتم في مشورتنا صلاحًا وأمنًا من الخوف اعتمدنا عليه وفعلناه وبادرنا فيه وقدّمناه وإن كان غير ذلك عدلنا عنه وأهملناه,فحضروا يومًا وتفاوضوا في أشياء كثيرة إلى أن انتهى بهم الكلام إلى هذا المعنى وهو هل يمكن في استطاعتنا أن نزيل عنّا ما قد توارثناه من أسلافنا من الفزع والخوف من السنانير أم لا يمكن ذلك,فحضروا يومًا وتفاوضوا في أشياء كثيرة إلى أن انتهى بهم الكلام أن قالوا هل في استطاعتنا أن نزيل عنّا ما قد *توارثناه من أسلافنا من [[الحزن]] {والفزع} والخوف من *السنانير أوّلًا,فحضروا يومًا وتفاوضوا في أشياء كثيرة إلى أن انتهى بهم الكلام إلى أن قالوا هل في استطاعنا أن نزيل عنّا ما قد توارثناه من أسلافنا من الفزع والخوف من السنانير أو لا,فحضروا يومًا وتفاوضوا في أشياء كثيرة إلى أن انتهى بهم الكلام إلى أن قالوا هل في استطاعنا أن نزيل عنّا ما قد توارثناه من أسلافنا من الفزع والخوف من السنانير أم لا يمكن ذلك,فبينما الملك ذات يوم ووزراؤه يتذاكرون لذّة العيش ويقول بعضهم لبعض اعلموا أنّا سعداء في غبطة ونعيم ولنا غمّ واحد وهو الذي لقيه أولانا من الآباء والأجداد *وانتهى إلينا ونحن منه في شدّة وهو خوف السنانير فإن رأيتم في مشورتنا هذه صلاحًا وإلّا تركناها
11,ea2c2bc9-d8ce-425b-94b8-1e0616bc0d84,One Should Leave the Past and Act for the Future,فقال مهراير مَلكهم قالت الحكماء ينبغي للمَلك العاقل أوّلًا أن ينظر فيما يصلح شأنه ثمّ خاصّته ورعيّته ويطلب الخلاص لولده ونسبه وأن يتفكّر ويحيل الرأي في أمرين أوّلًا أن يلتمس المنفعة والفائدة في منقلب أفعاله واجتلاب الخير إليه وعنايته فإذا صحّ له من الأمرين واحدًا أخذ الأجود والأرفق فتمسّك به واحتال في إتمامه وكماله وصرف همّته في إزالة ما يكره,,فبدأ الملك وقال سمعت من [[الملك]] الحكماء يقولون إنّه ينبغي للإنسان أن ينظر في نفسه وولده وأهله في أمرين ويستشير النصحاء أمّا إحداهما لا يفكّر فيما مضى وفات من المنافع والمضارّ ولا يفكّر فيما سلف منهما والثاني أن يكون يخشى أن يتمسّك بما يناله من المنافع والمضارّ ويحتال في دفع المضارّ عنه,فبدأ الملك وقال سمعت من الحكماء يقولون إنّه ينبغي للإنسان أن ينظر في نفسه وولده وأهله في أمرين ويستشير النصحاء فأمّا أحدهما لا يفكّر فيما مضى وفات من المنافع والمضارّ ولا يفكّر فيما سلف منها والثاني أن لا يكون يخشى أن يتمسّك بما يناله من المنافع [والمضارّ] ويحتال في دفع المضارّ عنه,فبدأ الملك وقال سمعت من الحكماء أنّه ينبغي للإنسان أن ينظر في نفسه وولده وأهله في أمرين ويستشير النصحاء فأمّا أحدهما لا يفكّر فيما مضى وفات من المنافع والمضارّ ولا يفكّر فيما يسلف منها والثاني أن لا يكون يخشى أن يتمسّك بما يناله من المنافع ويحتال في دفع المضارّ عنه,قال بهرام الملك قالت الحكماء ينبغي للملك العاقل أن ينظر فيما يصلح شأنه وولده وخاصّته فيتفكّر في أمرين فالأوّل يلتمس المنفعة والفائدة في منقلب أحواله واجتلاب الخير إليه والثاني في دفع المضرّة عن نفسه وأهل عنايته وإذا صحّ له الأمران أخذ الأجود منهما فتمسّك به
12,ed6a5225-5229-4d4b-bc2f-31aeaf001025,Cats Are the Only Concern,فنحن الآن يا معشر خاصّتي وأوليائي في كلّ خير ونعمة مخصبون ومغتبطون بما خلّفه لنا آباؤنا بحرصهم واجتهادهم وأعمالهم الفاضلة النفيسة وإن كانت أنفسنا آمنة مطمئنّة والهمّ الذي لنا واحد,,ونحن بما سلف من أفعال آبائنا وأسلافنا الجملة في نعمة *سابغة وراحة دائمة وما لنا إلّا غمّ واحد وهو لعمري أشدّ من غمّ يقارنه هم وهو ممّا يدخل علينا من المضارّ والخوف من السنانير,ونحن بما سلف من أفعال آبائنا وأسلافنا الجميلة في نِعم سابغة وراحة دائمة وما لنا إّلا غمّ واحد وهو لعمري أشدّ من غمّ يقارنه همّ وهو بما يدخل علينا من المضارّ والخوف من *السنانير,ونحن بما قد سلف من أفعال آبائنا وأسلافنا الجميلة في نِعم سابغة وراحة دائمة وما لنا إّلا غمّ واحد وهو لعمري أشدّ من غمّ وهمّ وهو ممّا يدخل علينا من المضارّ والخوف من السنانير,ونحن الآن معاشر الجرذان ?أولاي في نعمة مخيّرون مغتبطون بما خلّف لنا آباؤنا بحرصهم واجتهادهم وكيف ينبغي لنا أن نزيل الخوف عنّا
13,f8fc35a6-da3b-4ec0-a2c2-83800bb8a825,A Strategy Is Needed to Dispel the Fear,فينبغي لنا أن نعمل الحيلة في أن نزيل الخوف عنّا وتباعد الرعب منّا ما قدرنا عليه واستطعنا فلو كانوا آبائنا الماضين وأجدادنا المتقدّمين شرعوا في هذا الأمر وأجادوا فيه الرأي والفكر وكفونا فيه التعب وأراحونا من النصب كما احتجنا نحن إلى الفكرة وشغل القلب فيه,,ولكن ألنا أن نتّخذ سبيلًا إلى أن نحتال بحيلة بعد ما فات من أسلافنا وإن كانوا قد طلبوا لذلك تحيّلًا فلم يجدوا سبيلنا نحن أن نخرج ذلك بسبب ما فات,ولكن لنا أن نتّخذ سبيلًا إلى أن نحتال بحيلة بعد ما فات من أسلافنا وإن كانوا قد طلبوا لذلك تحيّلًا فلم يجدوا وسبيلنا نحن أن نخرج ذلك بسبب ما فات,ولكنّ سبيلنا أن نحتال له بحيلة ما فات من أسلافنا وإن كانوا قد طلبوا لذلك حيلًا فلم يجدوا فسبيلنا نحن أن نخرج ذلك بسبب ما,
14,49be954b-65b5-4af5-ac7e-8f162e13c8e4,Fear Spoils Life,ولكنّا الآن في شدّة وضيق وغمّ وليس منه نفيق وحياتنا في غصّة وبلاء وضنك وضنًى,,وإن كانوا في نعم *متواترة وخيرات كثيرة غير أنّا بسبب هذا الخوف وقد صارت حياتنا بلا طعم,وإن كنّا في نِعم متواترة وخيرات كثيرة غير أنّا بسبب هذا الخوف قد صارت حياتنا بلا طعم,وإن كنّا في نِعم مواترة وخيرات كثيرة غير أنّا بسبب هذا الخوف وقد صارت حياتنا بلا طعم,
15,70c1fa69-ebc8-446d-b7d0-4488cb126524,Exile Is Death,وقد قالت الحكماء إنّ الرجل إذا ترك وطنه وأولاده وأقاربه وصار في بلد غربة واحتاج إلى مستقرّ فيه فلا يجد فهو محسوب مع الهلكى معدود مع الموتى خاصّة إذا شاركه خوف وفزع وداخله على نفسه رعب وهلع فليس له حياة محمودة ولا أوقات مسعودة فلذلك الإنسان يكون حياته موت وموته [[حياة]] راحة,,وقد قالت الحكماء من فارق بلده وولده ووطنه وزوجته واحتمل لها أن يلتمس موضعًا ينام ويقوم فيه وهوّ خائف فزع فحياة هذا كموته,وقد قالت الحكماء من فارق بلده وولده ووطنه وزوجته واحتمل لها أن يلتمس له موضعًا ينام ويقوم فيه وهو خائف فزع فحياة هذا كموته,وقد قالت الحكماء إنّ من فارق بلده وولده ووطنه وزوجته واحتمل لها أن يلتمس له موضعًا ينام ويقوم فيه وهو خائف فزع فحياة هذا كموته ومع الأموات ينبغي أن يُعدّ في حياته,وقد قالت العلماء إنّ الرجل إذا نزل وطنه وأهله واحتاج فيه إلى من يعرفه فلم يجد فهوّ معدود من الموتى خاصّة إذا شاركه خوف وفزع فذلك حياته موت وموته راحة
16,9682b287-db02-4b4d-8881-6f2d452550b7,Two Viziers Praise the Virtues of the Rat King,فلمّا فرغ المَلك مهراير من كلامه أجابه شيرغ وبغداد فقالا له أطال الله عمرك أيّها المَلك في أتمّ السرور وأدوم العزّ لقد فكّرت وأصبت وقلت فأحسنت فلتحمد الله على ما وهبه لك من الحكمة والمعرفة فزادك الله من كلّ خبر ونصرك ونصرنا بك فطوبى لنا ولقد أسعدنا الله جلّ اسمه بك وبسلطانك لأنّك محبًّا للرعيّة غزير المعرفة كبير الهمّة كثير الفهم والدراية بليغ الرأي والفكرة,فقال سبرع وبغداد *وزراؤه أنت رئيس علينا لأنّك في غاية العقل وإصابة الرأي,فلمّا فرغ الملك من كلامه قال له شيرع وبغداد طوبى لنا حيث أنت رئيس علينا لأنّك في غاية الفضل والعقل وإصابة الرأي,فلمّا فرغ الملك من كلامه قال له سيرع وبغداد طوبى لنا حيث أنت رئيس علينا لأنّك في غاية الفضل والعقل وإصابة الرأي,فلمّا فرغ الملك من هذا المثل قال له شيزع وبغداد طوبى لنا حيث أنت رئيسنا لأنّك في غاية الفضل والعقل ومحبّة الناس وإصابة الرأي,فلمّا فرغ بهرام من كلامه أجابه شيزغ وبغداد فقالا أطال الله بقاء الملك السيّد في أتمّ السرور ولقد فكّرت فأصبت وقلت فأحسنت
17,c73fba56-5b85-4a1b-9f9d-e62584cb6ecb,Praise for the Master Covers the Ignorant Servant,,,وقد قيل إنّ العبد إذا كان سيّده حكيمًا وهو جاهل فقد يناله بعض المدح بسبب أفعال سيّده الجميلة,وقد قيل إنّ العبد إذا كان سيّده حكيمًا وهو جاهل فقد يناله بعض المدح بسبب أفعال سيّده الجميلة,وقد قيل إنّ العبد إذا كان سيّده حكيمًا وهو جاهل فقد يناله بعض المدح بسبب أفعال سيّده الجميلة,
18,bdffd0d0-a439-4824-8557-f4c758c66f79,Bad Planning Fails,وقد قالت الحكماء في مثل ذلك كلّ مدبّر يدبّره مدبّر حكيم وإن أخطأ أو جهل المدبّر فليس يخلو من حمد ومدحه من أجل حكمة المدبّر له,,,,,وقد قالت العلماء في مثلنا ومثلك كلّ مدبّر مدبّر حكيم فإن أخلط وجهل بالمدبَّر له أفسد جميع أمور تدبيره
19,fd3d30a3-d4c3-455c-8d8c-a58d80921754,Affairs Require a Wise Planner,وقد قالت العلماء أيضًا إنّ من الأمور أمران لا يتهيّأ أمرهما إلّا لمدبّر حكيم يجمع الأشياء عليم ذا حياء وإرب وعقل وأدب ورأي أصيل وحزم قويّ وجَنان جريء وفكر غزير وهما حال يسير في الآباء وينتهي إلى الأبناء وأمر القضاء والقدر,وقد قيل في آفتين من الآفات لا يمكن دفعها إلّا مدبّر حكيم مصيب,,,,وقد قالت العلماء أيضًا إنّ الأمور أمران لا يتهيّأ دفعهما إلاّ بمدبّر حكيم ذي فخر وعقل ومكر وغدر
20,9bc96f5e-ef47-429d-9048-4844a134b224,The Viziers Rely on the Wisdom of the King,فنحن في هذين الأمرين متّكلين على حسن سياستك وجميل تدبيرك وسيرتك وما منحك الله إيّاه من الحكمة وجودة الرأي وإصابة الفكر وقوّة الحدس وكرم النفس,ونحن متّكلين على حِلم الملك وحكمته وحسن تدبيره في هذا الأمر وغيره ونحن,ونحن المتكلّمون على حكمتك وحسن تدبيرك ونسأل الله الخيرة أن نبلغ جميع ما نريده من هذا الأمر,ونحن المتكلّمون على حكمتك وحسن تدبيرك ونسأل الله الخيرة أن نبلغ جميع ما نريده في هذا الأمر,ونحن المتكلّمون على حكمتك وحسن تدبيرك ونسأل الله الخيرة أن تبلغ جميع ما تريده من هذا الأمر,ونحن متّكلون على حسن سياستك وما وهبك الله من الحكمة
21,7423fc7d-e552-44ae-b5c0-980072329c75,The Viziers Are Eager to Support the King,وإنّا مغبوطون بطلعتك مسرورن بغرّتك فرحون بمملكتك متابعون لأمرك طائعون لنهيك في هذا الأمر الذي نشرع فيه ففيه يكون لنا نباهة الاسم وطيب الذكر إلى الأبد,مع هذا مستعدّون لأمر الملك فإنّه سيكون لنا وللملك فيه اسم عظيم إلى الأبد,ونحن مستعدّين لأمرك فإنّه سيكون للملك أمر عظيم ولنا تبعة في الذكر,ونحن مستعدّين لأمرك,ونحن مستعدّون لأمرك فإنّه سيكون للملك ولنا فيه أمر عظيم إلى الأبد,وإنّا لأمرك سامعون
22,e6b811be-da94-4a52-bad6-f0effa4075b3,The Rats Must Work Together,وينبغي أيضًا لجميع الجرذان الذي في بلدنا هذا وفي سائر البلدان المعاضدة والمؤازرة والاجتهاد مع مولانا المَلك العزيز وأن يسلموا أنفسهم وأبدانهم لكمال مشيئة المَلك المغبوط ويتحشّمون في ذلك العناء والمشقّة وأن يحتملون المؤن الكثيرة حتّى يبلغوا أمر ذلك المريد وأن يشكروا ويمدحوا ما بدأ من الأمر العيم الخطر الكثير الأثر ويحمدون الله على ما وهبه لسلطانهم من سعادة الجدّ وبلوغ الأماني في كلّ ما يريده وألسنتنا تكلّ عن صفة سلطانك أيّها المَلك القاهر ومُلكك الغالب وعزّك الشامخ وشرفك الباذخ وكلّنا بأجمعنا نبذل أنفسنا في هذا الأمر العظيم طول حياتنا حتّى نبلغ فيه نهاية ما نقدر عليه,وسبيل جميع الجرذان وخاصّة نحن أن نبلغ ونحرص ونجتهد في تبليغ الملك إرادته ولا سيّما في هذا الأمر ولم نمرّ بذهاب أنفسنا,وإنّه ليجب علينا أن نخاطر ونطرح أنفسنا طرحًا إلى [إلى] أن يتمّ لنا ما نريد,فإنّه سيكون للملك اسم عظيم ولنا تبعة في الذكر وإنّه ليجب علينا أن نخاطر ونطرح أنفسنا طرحًا إلى أن يتمّ لنا ما {نريد},وسبيل جميع الجرذان نحتال ونجدّ أن نحرص لكي نبلّغ الملك إرادته ولا سيّما هذا الأمر فقد يجب علينا أن نطرح أنفسنا وأجسادنا طرحًا إلى أن يتمّ له ما يريد منه,وينبغي لسائر الجرذان في بلدنا هذه وسائر البلاد المعاضدة لسيّدنا الملك *الاجتهاد في ذلك
23,3efd61dc-cdaa-48d1-b754-60ddbecef2b2,The Third Vizier Is Silent,فكان هذا القول من شبرغ وبغداد ورودماد ساكت لا يتكلّم ولا يلفظ بشيء قد ألزم نفسه الإنصات والسكوت عن الخطاب,,,,,
24,4f14c593-9a60-4de7-8b09-68400804588d,The Rat King Chides the Silent Vizier,فلمّا فرغ شبرغ وبغداد من مقالتهما والمَلك مصغي إليهما سامع منهما التفت المَلك إلى رودماد وقال له يا رودماد مالي أراك صامتًا لا تنطق مع أصحابك وتبدي لنا ما الذي عندك ألا تعلم أنّ في الدنيا خلق كثير من الناس لهم عقل وبصيرة وعليهم ملوك وحكماء فإذا ورد عليهم أمر من الأمور تفكّروا في سهله وصعبه وتشاوروا فيما بينهم وتفاوضوا فإن أمكن العمل فيه أمضوه وإن صعُب عليهم أهملوه وأقصوه ولن يمسّهم في المشاورة عليه شين ولا وكس ولا انحطاط ولا نقص وليس كلّ أمر يُتشاور فيه يُعمل لوقته ولا يُحرص بما لا يمكن عمله لكنّهم يبتغون الأولى والأجمل من الأمور وما يُرجى عمله أن يتمّ وهذا الأمر الذي قد فكّرنا فيه وإن كان ممتنعًا أن يكون صعبًا بعيدًا لا ينبغي لنا أن نجتهد عليه,فلمّا فرغ الوزيران من هذا الخطاب كانت عين الملك إلى الوزير الثالث فلمّا لم يراه يتكلّم قال له بغضب يا هذا,ولمّا فرغ الوزير من هذا الخطاب كانت عين الملك ممدودة إلى الوزير الثالث فلم يره يتكلّم فقال له بغضب يا هذا في العالم خلق كثير من الناس خصوصًا من كان [[له]] {منهم} ملكًا وله صاحب فاضل يثق برأيه قد يخوضون ويتفاوضون في أشياء كثيرة ممّا يمكن أن يعمل فيها ما لا يمكن أن يعمل وهذا الأمر الذي تخايرناه إن كان من الأمور التي لا يمكن أن تتمّ ولا ينبغي لنا أن نصرف العناية إليه,ولمّا فرغ الوزيران من هذا الخطاب كانت عين الملك ممدودة إلى الوزير الثالث فلم يره يتكلّم فقال له بغضب يا هذا في العالم خلق كثير من الناس خصوصًا من كان منهم ملكًا وله صاحب فاضل يثق برأيه قد يخوضون ويتفاوضون في أشياء كثيرة ممّا يمكن أن يُعمل فيها وما لا يمكن أن يُعمل وهذا الأمر الذي تخايرناه إن كان من الأمر التي لا يمكن أن يتمّ ولا ينبغي لنا أن نصرف العناية إليه,ولمّا فرغ الوزيران من هذا الخطاب كانت عين الملك {مادّة} إلى الوزير الثالث فلمّا انتظره ولم يره يتكلّم قال له بغضب يا هذا إنّ في العالم خلقًا كثيرًا من الناس وبخاصّة من كان منهم ملك وله صاحب فاضل يثق برأيه قد يخوضون ويتفاوضون في أشياء كثيرة ممّا يمكن أن يُعمل فيها *ولا يمكن أن يُعمل وهذا الأمر الذي تخايرناه إن كان من الأمور التي لا يمكن أن تُتمّ ولا ينبغي لنا أن نصرف العناية إليه,فلمّا سمع الملك كلامهما التفت إلى رودباد مغضبًا وقال أما لك لا تنطق مع أصحابك وما عذرك في ذلك ولا تبدي ما عندك ألا تعلم أنّ في هذه الدنيا خلق كثير لهم عقل وبصيرة وغلبتهم ملوك وحكماء وإذا ورد عليهم أمرًا من الأمور تفكّروا فيه صعبًا كان أو سهلًا ولم يشينهم في المشاورة شين ولا نكس فإن كان الأمر الذي تفكّرنا فيه وإن كان مُشِطّ فلا ينبغي أن نجتهد عليه
25,bd0b9057-5bd1-400f-92d1-1c938c0cc6df,The Rat King Has the Third Vizier Respond,فالواجب عليكم أن يقول كلّ امرئ منكم ما عنده ويجيبنا عن قولنا هذا بما يراه من العواقب فيه ولا يكون مثلك يا رودماه مثل الأخرس الأصمّ الذي لا يسمع ولا يجيب,قد كان سبيلك أن تذكر لنا ما عندك في هذا الأمر ولا تكون كأنّك أخرس أبكم لا تقدر على الجواب,فعلى كلّ حال قد كان سبيلك أن تذكر لنا ما عندك فيه رأي ولا تكون كأنّك أخرس أبكم,فعلى كلّ حال كان سبيلك أن تذكر لنا ما عندك فيه رأي ولا تكون كأنّك أخرس أبكم,فعلى كلّ حال قد كان سبيلك أن تذكر لنا ما عندك فيه ولا تكون كأنّك أخرس أبكم لا تقدر على الجواب,فأحبّ منكم أن يقول كلّ واحد منكم ما عندهم ويجيبنا عن قوله بما يراه
26,5ddbe33e-e386-493c-890f-e4c1220e27bd,The Third Vizier Was Listening,فلمّا سمع رودماه قول مهراير المَلك عَلِم أنّه قد غضب قال أيّها المَلك العزيز السلطان القويّ الأركان لا يعدلني عن سكوتي شيء وإنّما سكتّ عن الإجابة لأنّي كنت مفكّرًا في الجواب وفيما قالاه سبرغ وبغداد ولا أكون ممّن يكدّر القول ويفسده ويطلب لنفسه الغلبة فإذ قد تكلّم شبرغ وبغداد فإنّي سأقول ما ينبغي لي أن أقوله,فلمّا سمع الوزير من الملك هذا الكلام قال ليس يجب أن يعذلني الملك حيث أمسكت *عن الكلام إلى هذا الوقت لأنّي فعلت ذلك لأستمع جميع ما أتى به أصحابي على *الكلام وأفكّر فيه ثمّ بعد ذلك أذكر ما عندي,فلمّا سمع الملك من هذا الكلام فيما عيّب به الوزير الثالث قال ليس الواجب أن يعذّبني الملك حيث أسكت من الكلام إلى هذا الوقت لأنّي فعلت ذلك لأسمع جميع ما أتوا به أصحابي على الكمال وأنا أفكّر ولا أقاطع عليهما ثمّ أشرح ما عندي بحسب معرفتي,فلمّا فرغ الملك من هذا الكلام فيما عيّب به الوزير الثالث قال له ليس بواجب أن يعذّبني الملك حيث أمسكت عن الكلام إلى هذا الوقت لأنّي فعلت ذلك لأسمع جميع ما أتى به أصحابي على الكمال وأنا أفكّر ولا أقطع عليهما ثمّ أشرح ما عندي بحسب [[عندي]] معرفتي,فلمّا فرغ الملك من هذا الكلام الذي كانوا فيه فقال الوزير ليس يجب أن يعذلني الملك حيث أمسكت عن الكلام إلى هذا الوقت لأنّي فعلت ذلك لأسمع جميع ما أتى به أصحابي على الكمال وأفكّر ولا أقطع عليهما الحاضر وأسوس الكلام ثمّ أشرح ذكر ما عندي فيه بحسب معرفتي,فلمّا سمع رودباد قول الملك قال أيّها الملك لا تعذلني على سكوتي فإنّما سكتّ عن الإجابة لأنّي كنت مفكّرًا في الجواب وما قال شيزغ وبغداد ولا نكون ممّن يكذب بالقول فيفسده ويطلب الغلبة لنفسه فإذا قد تكلّم شيزع وبغداد سأقوله
27,cfbde792-3523-4b9b-8bee-c85b9eb186c3,The Rat King Requests the Third Vizier's Opinion,,قال له الملك قل إذن ما عندك,قال الملك فهات لنا ما عندك,قال الملك فهات لنا ما عندك,قال الملك فقلْ لنا ما عندك,
28,0c76ce5e-2cf7-4d2c-ba98-e51b3d3e3ceb,The Third Vizier Has No Solution,اعلم أيّها المَلك *المؤيّد أنّ أمرًا نزل بآبائنا ثمّ انتهى إلينا وتشبّث في ذرّيتنا ولم يقدر من سلف من قبلنا أن يزيله فلا أحسب فيه حيلة ولا للملائكة المقرّبين فكيف للناس الذين هم أضعف قوّة وحيلة فالواجب أن نترك هذا الأمر ولا نحرص فيه ويكون قصدنا فيما ينبغي لنا القصد فيه ممّا يصلح شأننا قال فدعا بوزرائه للمشورة,قال ما عندي أكثر من هذا وهو أنه إن عَلِم الملك أنّ له حيلة يبلغ بها مراده من هذا الأمر ويتحقّق ذلك تحقيقًا صحيحًا وإلّا فما سبيله أن يحرص عليه ولا يدبّر بفكره فيه لأنّ ما يُتوارث من الآباء والأسلاف في الأصلاب والجنس ?وىىادا من الآباء إلى الأولاد بالطبع لا يقدر مَلَك من الملائكة دع الناس,قال الوزير ما عندي أكثر من هذا وهو أن أعلّم الملك له حيلة يبلغ بها مراده من هذا الأمر ويحقق [[هذا]] ذلك تحقيقًا صحيحًا وإلّا فما سبيله أن يحرّض عليه ولا يفكّر فيه لأنّ ما يُتوارث من الآباء والأسلاف فينا شيء إلّا وقد اجتهدوا فيه فالأمر لله العظيم بالطبع لا يقدر أحدًا ولا ملك من الملوك أن يغيّر طباع الحيوان إلى غير ما جُبل عليه,قال الوزير ما عندي أكثر من هذا وهو إن علم الملك أنّ له حيلة يبلغ بها مراده من هذا الأمر ويحقّق ذلك تحقّقًا صحيحًا وإلّا فما سبيله أن يحرص عليه ولا يفكّر فيه لأنّ ما يُتوارث من الآباء والأسلاف فينا شيء إلّا وقد اجتهدوا فيه والأمر لله العظيم فالطبع لا يقدر أحد ولا ملك من الملوك أن يغيّر طباع الحيوان إلى غير ما جُبل عليه,قال الوزير ما عندي أكثر من هذا وهو أنّه إن علم الملك أنّ له حيلة يبلغ بها مراده من هذا الأمر ويحقّق ذلك تحقّقًا صحيحًا وإلّا فما سبيل له أن يحرص عليه ولا يفكّر فيه لأنّ ما يُتوارث من الآباء والأسلاف فينا شيء إلّا وقد اجتهدوا فيه والأمر لله بالتطبّع لا يقدر أحد ولا ملك من الملوك بأن يغيّر طباع الناس,اعلمْ أيّها الملك المؤيّد أن أمرًا نزل بنا وبآبائنا وانتهى إلينا وثبت في دوننا ولم يقدر من سلف يزيله فلا تحسب أنّ فيه حيلة ولا للملائكة وكيف الناس الذين هم أضعف قوّة فالواجب أن يُترك هذا الأمر ولا يُحرّض عليه
29,599d7c73-06c2-444c-a50f-8e895dc04024,Affairs Need God and Nature,قال مهراير لا تفكّر في هذا وتقول أنّه شيء قد جار على آبائنا وسار فينا بل خذ فيما يكون إصلاحه من السماء واعلم أنّ كلّ عمل صغر أم كبر لا يتمّ إلّا بحركة من فوق لأنّ كمال الأمور بالزمان والزمان لا يتمّ له إلّا بالناس وحرصهم والناس لا يتكامل لهم عمل إلّا بمعونة الزمان,قال الملك له ليس ما يُتوارث من الجنس فقط ولكن كلّ أمر من الأمور وإن صغر وقلّ لا يمكن أن يتمّ إلّا بعناية من فوق وذلك إن انتهى كلّ أمر من الأمور إنّما يكون في زمان من الأزمنة غير أنّ معرفة ذلك الزمان خفيّة عن الناس والعناية فتحتاج إلى حرص,قال الملك ليس يُتوارث من الجنس فقط ولكن كلّ أمر من الأمور صغر وقلّ لا يمكن ويتمّ إلاّ بعناية من فوق,قال الملك ليس يُتوارث من الجنس فقط ولكن كلّ أمر من الأمور وإن صغر وقلّ لا يمكن يتمّ إلّا بعناية من فوق,قال الملك ليس ما يُتوارث من الجنس فقط ولكن لكلّ أمر من الأمور وإن صغر وقلّ لا يمكن أن يتمّ إلّا بعناية من فوق,فإنّ كلّ عمل صغير له كبير لا يتمّ إلّا بحركة من فوق وينبغي أن لا تسل ولا تحرص ولا تجتهد في شيء من الأذى
30,711fd3e7-4feb-4af9-8827-773aa423d6cc,Eyes Need Sunlight,كما أنّ العين إن لم يستطيع نورها نور الشمس والقمر والكواكب لم يضيء لها شيء ممّا تلحظه من المحسوسات وكذلك الحرص,كما يحتاج ضوء العينين إلى ضوء الشمس,,,,
31,07e67169-1ea9-47e8-86f9-d037e5ae2aa5,Nature Cannot Be Fended Off,قال رودماه صدقت أيّها المَلك القول على ما قلت غير أنّي أقول إنّه لا ينبغي للإنسان أن يجتهد ويحرص في شيء قد تمكّن وثبت في الطبع فربّما عرض لمن يحرص أن ينعكس عليه الأمر ويشتدّ فيه الأذى ويتمنّى أنّه يتركه كما كان في الأوّل كما عرض لهوطباد المَلك,قال الوزير الأمر على ما قال الملك لكن إذا لم تمكن الحيلة وليس لمقاومة الشيء الذي يُتوارث مع الجنس وجه نيّة فإنّ من قاوم ما يُتوارث في الجنس فكأنّه تريد يعارض ممّا قد اتّفُق عليه وربّما نتج من ذلك آفة أعظم من *الأولى وآل الأمر فيه إلى أحوال من العطب لا يُتلافى كما أصاب الملك الذي يُحدَّث عنه,قال الوزير الأمر على ما قال الملك ولكن *إذا كان لم يمكن وليس لمقاومته الشيء الذي يُتوارث من الجنس وجه فتركه أصلح ومن قاوم ما يُتوارث في الجنس فكلّه تعارض فيه وقد أيقن *وفرغ منه وربّما أتى الأمر إلى أحوال من العطب حتّى لا يعود الحال فيه إلى ما كان أوّلًا وربّما عاد في رجال طويل ما أصاب الملك الذي يُحدّث عنه,قال الوزير الأمر على ما قال الملك ولكن إذا كان لم يمكن وليس لمقاومة الشيء الذي يُتوارث مع الجنس وجه فتركه أصلح ومن قاوم ما يُتوارث في الجنس فكلّه تعارض فيه وقد أتقن وفرغ منه وربّما أتى الأمر إلى أحوال من العطب حتّى لا يعود الحال فيه إلى ما كان أوّلًا وربّما عاد في رحال طويل ما أصاب الملك الذي يُحدَّث عنه,قال الوزير الأمر على ما قال الملك ولكن إذا كان لم يكن وليس لمقاومة الشيء الذي يُتوارث مع الجنس وجه فترْكُه صلح ومن قاوم ما يُتوارث في الصلح فكلّه تعارض فيه وقد أيقن وفزع منه وربّما أتى الأمر إلى أحوال من العطب لا يُتلافى وربّما لا يعود الحال فيه إلى ما كانت أوّلًا وربّما عاد في رحال طويل ما أصاب الملك الذي يُحدَّث عنه,كما أصاب هوطباد
32,84294937-a6b0-42b8-8aaa-b929410a3816,The Rat King Requests the Tale of King W,,قال الملك وكيف كان ذلك,قال الملك وكيف كان ذلك,قال الملك وكيف كان ذلك,قال الملك وكيف كان ذلك,
33,c4c78712-7125-413e-a9ad-c52eeee3816b,A Kingdom with a Hole in the Mountain,وكان في بلده جبل يُعرف بأبو شغبد وكان ذلك الجبل كثير الأشجار والنبات مطّرد العيون والأنهار غزير الخضرة والأثمار أشجاره باسقة وأنهاره متدفّقة تجري في سواقي مختلفة فرياضه معشبة وأعماله خصبة حتّى أنّ البهائم والوحوش وسائر الأنعام والهوام يتغذّون منهم ويرتعون فيه ويعيشون في نواحيه,قال الوزير زعموا أنّه كان على بعض نواحي النيل بلد وكان في جبل شامخ كثير الأشجار والنبات والثمار والعيون وكانت الوحوش وسائر الحيوانات التي في ذلك الجبل يعيشون من ذلك الجبل,قال الوزير زعموا أنّه كان على بعض *نواحي النيل ملك وكان بيده بناء جبل شامخ كثير الأشجار *والثمار والماء وكانت الوحوش وسائر الحيوانات التي في ذلك البلد يعيشون من ذلك الجبل,قال الوزير زعموا أنّه كان على بعض نواحي النيل ملك وكان في يده بناء في جبل شامخ كثير الأشجار والثمار والماء وكانت الوحوش وسائر الحيوانات التي في ذلك البلد يعيشون من ذلك الجبل,قال الوزير زعموا أنّه كان على بعض نواحي النيل ملك وكان في بلده جبل شامخ كثير الأشجار والثمار والعيون وكانت الوحوش وسائر الحيوان والحيوانات التي في ذلك البلد يعيشون من ذلك الجبل,وكان في بلده جبل يعرف باسم له وكان ذلك الجبل كثير الأشجار والنبات مطّرد العيون والأنهار وسائر الأنعام والوحش كانت فيه يردون منه ويرعون فيه
34,dba6fbd0-2e5c-423b-acb0-8b3d38586915,Winds Blow through the Mountain Hole,وكان في أصل ذلك الجبل نقب ينبثق منه الريح على التقدير والتمييز يسع ما ينبت في السبع الأقاليم,وكان في سفح ذلك الجبل نقب يخرج منه *جزء من سبعة أجزاء من جميع الرياح التي تهبّ في الثلاثة أقاليم ونصف من أقاليم العالم,وكان في ذلك الجبل ثقب تخرج منه هواء من سبعة أجزاء من سائر *الأرياح التي تهبّ بالأقاليم الثلاثة ونصف إقليم المعالم,وكان في ذلك الجبل ثقب يخرج منه هواء من سبعة أجزاء من سائر الرياح التي تهبّ بالأقاليم الثلاثة ونصف إقليم المعالم,وكان [[من]] {في} ذلك الجبل ثقب يخرج منه *هواء من سبعة أجزاء من جميع الرياح التي تهبّ في الثلاثة أقاليم ونصف إقليم المعالم,وكان في أصل ذلك الجبل ثقب يخرج منه ريح عظيم
35,3b0a54f5-143e-4c74-a175-813f12f25eba,The Palace Is Near the Hole,وكان بقربه منزل يُقال له منوحبار أحسن ما يكون من المنازل وهوطباد وآباؤه ورهطه سكّان ذلك المنزل منذ كانوا وكانت الريح في بعض الأوقات توديهم فأرادوا الرحيل عن ذلك الموضع وأن يستبدلون به غيره فلم يروا ترك الوطن شُحًّا عليه وعلى خصب البلد فأقاموا على تلك الحال يحتملون شدّة الريح ومُقاساتها في كلّ أوان,وبالقرب من ذلك النقب بيت في غاية حسن البناء والترصيف لم يكن له نظير في العالم كلّه وكان الملك وأسلافه من الملوك يسكنون ذلك البيت والموضع لم يكن يتهيّأ لهم أن يتحوّلوا منه,وبالقرب من ذلك النقب بيت في غاية حسن البناء لم يكن له نظير في العالم كلّه وكان الملك وأسلافه من الملوك يأوون إلى ذلك البيت وكان ربّما أبادتهم تلك الريّاح *وكانوا لا يقدرون على الارتحال من ذلك المكان لحسن البناء وكثرة الثمار وحبّ الوطن,وبالقرب من ذلك الثقب بيت في غاية حسن البناء لم يكن له نظير في العالم كلّه وكان الملك *وأسلافه من الملوك يأوون إلى ذلك البيت وكان ربّما أبادتهم تلك الرياح وكانوا لا يقدرون على الارتحال من ذلك المكان لحسن البناء وكثرة الثمار وحبّ الوطن,وبالقرب من ذلك الثقب بيت في غاية حسن البناء ولم يكن له نظير في العالم كلّه وكان الملك وأسلافه من الملوك يسكنون ذلك البيت وكانوا ربّما بادوا بكثرة هبوب الرياح من ذلك الثقب ولكن بسبب الوطن وحسن ذلك البيت والموضع لم يكن يتهيّأ لهم أن يتحوّلوا منه,وكان يقربه منزل يقال له بنهرخال أحسن ما يكون من المواضع وكان هوطباد ورهطه سكّان في ذلك الموضع وكانت الريح في بعض الأوقات تؤذيهم فأرادوا الرحيل ولم يروا ترك الوطن لخصب البلد فأقاموا على تلك الحال يحتملون شدّة الريح ومقاساتها في كلّ أوان
36,6b267df8-a679-4b09-96ea-f1fc1024b6c3,King W Consults with the Vizier On Wind Issue,وكان طاباد قد اختصّ له وزيرًا فشاوره في الأمر وقال له اعلم أنّ في هذا الموضع خصب وخير وحياتنا طيّبة لذيذة وأمورنا مستقيمة وخيراتنا كثيرة وأموالنا غزيرة ومنزلنا هذا لولا هذه الريح لكان شبيهًا بالجنّة,وكان للملك وزير يشاوره في أموره فاستشاره يوم من الأيام وقال له تعلم أنّا بما قد تقدّمت من أفعال آبائنا الجميلة في نِعم فائضة وأمورنا تجري محبّتنا وهذا النول الذي نحن فيه لولا هذا النقب ولولا *كثرة الرياح لكان شبيهًا بالجنّة,وكان لذلك الملك وزير يشاوره في الأمور التي تعييه فاستشاره يومًا من الأيّام في ذلك وقال له تعلم أنّا بما تقدّم من آبائنا في نعمة مفيضة وهناءة ورغد عيش غير أنّ هذا البيت لولا كثرة الرياح حوله لكان بسببها [[في]] بالجنّة,وكان لذلك الملك وزير يشاوره في الأمور التي تعنيه *فاستشاره يومًا من الأيّام في ذلك وقال له تعلم أنّا بما قد تقدّم من آبائنا في نِعمة مفيضة وهناءة ورغد عيش غير أنّ هذا البيت لولا كثرة الرياح حوله لكان شبيهًا بالجنّة,وكان [[وكان]] للملك وزير يشاوره في أموره فاستشاره يومًا من الأيّام وقال له تعلم أنّا بما قد تقدّمت من أفعال آبائنا الجميلة في نِعم فائضة وأمورنا تجري على محبّتنا وهذا البيت لولا كثرة هذا الرياح لكان شبيهًا بالجنّة,وكان هوطباد قد اختصّ له وزير يشاوره في جميع أموره فأحضره وقال اعلم أنّنا في هذا الموضع في خصب وخير وسعة وحياتنا لذيذة وأمورنا مستقيمة لولا الريح كان شبيهًا بالجنّة
37,2d01b9dd-f4c7-430d-9f97-4396dbe61fc8,King W Wants to Block the Hole,فنريد أن نعمل الحيلة في سدّ هذا النقب لتزول عنّا شدّة هذه الريح وأذاها لنا ليتكامل نعيمنا ويدوم سرورنا ونصير كأهل الجنّة ويكون لنا بذلك ذكر إلى الأبد,ولكنّ سبيلنا أن نجتهد فلعلّنا نجد حيلة تمكّنّا بها أن نسدّ فم هذا الثقب الذي تهبّ منه هذه الرياح فإنّا إذا فعلنا ذلك كنّا قد ورثنا الجنة في هذه الدنيا مع ما يكون لنا من الأمر الجليل المؤبّد,وكان سبيلنا أن نجتهد فلعلّنا أن نملك حيلة في سدّ فم هذا النقب *الخارج إلينا منه هذا الأهوية والريّاح العواصف فإنّا إذا أحكمنا ذلك أمنّا شرّ ما أصاب أسلافنا من سوء العاقبة ?الناتية من هذه الرياح ونكون قد ورثنا الجنّة في الأرض مع ما يكون لنا من الذكر الجميل والاسم والسمعة المؤبّدة إلى آخر الدهر,وكان سبيلنا أن نجهد فعلّنا أن نملك حيلة في سدّ فم هذا الثقب الخارج إلينا منه هذه الأهوية والرياح والعواصف فإنّا إذا أحكمنا ذلك أمنّا شرّ ما أصاب أسلافنا من سوء العاقبة الفائتة من هذه الرياح ونكون قد ورثنا الجنّة في الأرض مع ما يكون لنا من الذكر الجميل والاسم والسمعة المؤبّدة إلى آخر الدهر,ولكنّ سبيلنا أن نجتهد فلعلّنا أن نجد حيلة نسدّ بها فم هذا الثقب الذي تهبّ منه هذا الرياح فإنّا إذا فعلنا ذلك كنّا قد ورثنا الجنّة في هذه الدنيا مع ما يكون لنا فيه من الاسم الجميل المؤبّد,ولكن نريد أن نعمل الحيلة في سدّ هذا الثقب فيزول عنّا شدّة الريح ويتكامل سرورنا ونصير كأهل الجنّة
38,a9975294-7ebf-4d96-8989-6f83ba5c97ca,The Vizier Is Willing to Execute,فقال الوزير أنا يا سيدي أنا لك وصنيعك وسامع لأمرك ومطيع لنهيك,قال الوزير أنا عندك ومسارع لما تأمر به,قال الوزير أنا عبدك ومسارع إلى مطاوعتك,قال الوزير أنا *عبدك ومسارع إلى مطاوعة أمرك,قال الوزير أنا عبدك ومسارع إلى خدمتك وإلى ما تأمره,قال الوزير أيّها الملك إنّي *لأمرك سامع مطيع
39,b258a6c8-ce35-422c-b5af-8466b5ea61be,King W Is Not Satisfied with the Response,فقال له هوطباد ما يقنعني منك هذا الجواب,قال الملك ليس هذا جوابي قل ما عندك,قال الملك ليس هذا جواب ما قلته لك,قال الملك ليس هذا جواب ما قلته لك,قال الملك ليس هذا جواب كلامي,قال الملك لا يغنيني هذا الجواب
40,67682ba6-3219-4647-b38e-cdab4ce89cb3,The Vizier Defers to the Opinion of King W,فقال الوزير أمّا أنا فليس أقول أكثر من هذا ولا عندي حيلة في ذلك وسيّدي أغزر فطنة منّي وأكثر معرفة ولا سيّما أنّه من الأشراف وهو اليوم أشرف من في الأرض وهذا الأمر الذي هو طالبه لا يقدر عليه أحد من الناس أن يغيّره إلّا أن يغيّره ربّ العالمين لأنّ الأمر عظيم الخطر ولا يمكن أحدًا من الآدميّين أن يزيله,قال له الوزير ما عندي في هذا الوقت جواب غير هذا لأنّ الملك أعلم وأحكم وأشرف منّي وهذا الأمر الذي ذكره لا يمكن أن يُعمل إلّا بقوة إلهيّة فأمّا الناس فلا يطيقون ذلك لأنّه عظيم,قال الوزير ما عندي في هذا الوقت جواب غير هذا والملك أعلم منّي وأحكم وأشرف جدًّا وأقوى سعدًا وأكثر عرفًا وهو ملك الدنيا وهذا الأمر الذي يذكره لا يمكن أن يعمل إلّا بقوّة الهيبة وأمّا المخلوق لا يستطيع بذلك بدًّا,قال الوزير ما عندي في هذا *الوقت جواب غير هذا والملك أعلم منّي وأحكم وأشرف جدًّا وأقوى سعدًا وأكثر عرفًا هو ملك الدنيا وهذا الأمر الذي تذكره لا يمكن أن يُعمل إلّا بقوة إلهيّة وأمّا المخلوق فلا يستطيع بذلك أحدًا,قال له الوزير ما عندي في هذا الوقت جواب غير هذا لأنّ الملك أعلم وأحكم وأشرف منّي وهو ملك الدنيا وهذا الأمر الذي تذكره لا يمكن أن يُعمل إلّا بقوة *إلهيّة فأمّا الناس فلا يطيقون ذلك لأنّه عظيم وليس,قال الوزير أمّا أنا فلست أقول شيئًا وإنّ هذا الأمر الذي تظنّه لا يقدر يزيله أحد من الناس ولا يزيله إلّا ربّ العالمين
41,d5220165-0327-46c5-a1d8-fb3d34572ab4,The Small Have No Path to Large Affairs,,وما سبيل الصغير يدخل في الأمر العظيم الكبير,,,,
42,d7420651-3823-4c44-b037-a8ae28c4cead,Divine Fortune Versus Human Effort,فقال المَلك القول كما قلت وإنّي لعالم أنّ كلّ ما يعرض في عالمنا هذا من شيء لا يعرض إلّا بأمر الله وحركة الأفلاك وهي التي تدلّ الناس على حسن أحوالهم واستقامة أمورهم وكذلك العالَم أيضًا إنّما حُكم عليهم وقُدّر لهم يسعون إلى أعمالهم,,قال إنّ السعادات التي يسعد بها الناس حتّى يتفاصلون فيها هي التي تكون من فوق فأمّا ممارسة الأمور ومباشرة الأعمال فهي مسلّمة إلى الناس,قال الملك إنّ السعادات التي يسعد بها الناس حتّى يتفاضلون فيها هي التي تكون من فوق فأمّا ممارسة الأمور ومباشرة الأعمال فهي مسلّمة إلى الناس,قال له الملك إنّ السعادات التي يسعد بها الناس حتّى يتفاضلون فيها هي التي تكون [[فيها]] من فوق فأمّا ممارسة الأمور ومباشرة الأعمال فهي مسلّمة إلى الناس,
43,5a886e3d-8c86-448e-8a4f-44274b2b848a,King W Asks the Vizier for a Plan,,,وإن كان اتصال سائر الأمور لا يكون إلّا بتوفيق من فوق وهذا الأمر من فعل الناس وعمله بأيديهم لا من أفعال الإله فقلْ ما عندك فيه,وإن كان اتّصال سائر الأمور لا يكون إلّا بتوفيق من فوق وهذا الأمر من فعل الناس وعمله بأيديهم لا من أفعال الإله فقل ما عندك فيه,وإن كان اتّصال سائر الأمور لا يكون إلّا بتوفيق من فوق فهذا الأمر فهو فعل من أفعال الناس لا من أفعال *الإلهيّة فقل ما عندك فيه,
44,5847f019-e12e-4d9c-8409-922312221ae3,The Affair Is Simpler for Man,وهذا الشأن الذي نحن نطلبه فهو سهل على أيدي الناس وليس تؤول الأمر إلى شدّة وضعف بل عرّفني أنت مبلغ حيلتك وتدبيرك فيه,,,,,قال الملك الأمر على ما ذكرت وإنّي لأعلم أنّ *كلّ ما يعرض في أنفسنا هذا لا يعرض إلاّ بأمر الله وهذا الأمر الذي نظنّه سهل على أيدي الناس
45,5c9916da-1b52-4eeb-894f-3b7141d3e86b,The Outcome Is Uncertain,قال الوزير أنا أعلم وأقول لسيّدي أن لا يشغل قلبه بما يعجز عنه فليس يدري كيف تكون عواقب الأمور فيه,فليتأمّل الملك ما يريد أن يفعله فإن علم أنّ له سبيلًا يوصلنا إليه ويكون عارفًا بما ينتج عنه من خير وشرّ معرفة صحيحة وإلّا فما سبيل أن يهتمّ به ولا يصرف عنايته إليه فإنّ الكلام فيه الساعة سهل فأمّا معرفة ما يؤول إليه من خير وشرّ معرفة صحيحة فهو خفيّ عن الناس صعب الإدراك,قال الوزير الذي عندي أن يتأمّل الملك ما يريد أن يفعله فإنّ الكلام فيه الكلام [[امما]] *وأمّا معرفة ما يؤول الحال إليه منه من خير وشرّ فذلك خفيّ عن الناس صعب الإدراك,قال الوزير الذي عندي أن يتأمّل الملك ما يريد أن يفعله فإنّ الكلام فيه سهل وأمّا معرفة ما يؤول الحال إليه منه من خير أو شرّ فذلك خفيّ عن الناس صعب الإدراك,قال الوزير الذي عندي أن يتأمّل الملك ما يريد أن يفعله فإنّ الكلام فيه سهل فأمّا معرفة ما يؤول الحال فيه من خير أو شرّ فهو خفيّ عن الناس صعب الإدراك,قال الوزير أيّها الملك أقول إنّ هذا الأمر لا يتمّ وأنا أشير عليك لا تطلبه فلست تدري كيف تكون العاقبة فيه
46,d1b21563-d60b-4821-972e-bc1ecbda4265,A Donkey Loses His Ears,وأخشى أن يلحقه ما لحق العير الذي طلب أن ينبت له قرنين وأهلك أذنيه,فلهذا ينبغي أن ينعم النظر لئلّا يلحقك من هذا الأمر ما لحق الحمار الذي ذهب يلتمس أن ينبت له قرنان فذهبت أذناه,فلذلك ينبغي تمعين النظر فيه لئلّا يلحقك ما لحق الحمار الذي ذهب أن يلتمس من ينبت له قرنين فقُطعت أذناه,فلذلك ينبغي أن تمعن النظر فيه لئلّا يلحقك ما لحق الحمار الذي ذهب أن يلتمس من يثبت له قرنين فقُطعت أذناه,فلهذا ينبغي أن يمعن النظر لئلّا يلحقك من هذا الأمر ما لحق الحمار الذي ذهب أن يلتمس أن ينبت له قرنين فقُطعت أذنيه,وأخشى أن يلحقنا فيه ما لحق العير الذي ظنّ أن ينبت له قرنان فأهلك أذنيه
47,bfbdeb87-d96f-428e-aa46-c8bd7b1a59e0,King W Requests the Tale of the Donkey,قال المَلك وكيف كان ذلك,قال الملك وكيف كان ذلك,قال الملك وكيف كان [[الو]] ذلك,قال الملك وكيف كان ذلك,قال الملك وكيف كان ذلك,قال الملك وكيف كان ذلك
48,f969da45-4642-4e87-87da-d29ed57975fa,The Donkey Becomes Cocky,قال الوزير زعموا أنّه كان عيرًا سمينًا ?مستئنًا يموج بطرًا,قال الوزير زعموا أنّ حمار كان لبعض الناس وكان صاحبه يوسع له في العلف فخصب الحمار وكَلِب وهاج,قال الوزير زعموا أنّ إنسانًا كان عنده حمار وكان يوسّع عليه في العلف فسمن وكلب وهاج,قال الوزير زعموا أنّ إنسانًا كان عنده حمار وكان يوسع عليه في العلف فسمن وكَلِب وهاج,قال الوزير زعموا أنّ حمارًا كان عند بعض الناس وكان صاحبه يوسع عليه في العلف فسمن الحمار وكَلِب وهاج,قال الوزير زعموا أنّ عيرًا كان لبعض الناس وكان سمينًا
49,83731bf6-0b18-455e-b1e3-c8d781c2c475,The Donkey Sees a Jenny,فساقه صاحبه إلى مورد الماء ليسقيه فبصر بأثان فأرسل عرده وزبر وجعل يجذب سائقه فأشرف على الانفلات واشتدّ ذلك على سائقه فأوثقه في شجرة كانت هناك خوفًا عليه أن يهلك وأمر عن يُبعد عنه الأثان,واتّفق يومًا أنّ صاحبه ساقه إلى نهر ليشرب فبصر الحمار من بعيد بأتان فلمّا رآها هاج وأدلى ونهق وشغب فلمّا رأى صاحبه هيجانه خشي أن ينفلت منه فربطه في شجرة كانت على شطّ النهر وتقدّم إلى صاحب الأتان يردّها ففعل,فقاده يومًا إلى نهر ليسقيه فرأى أتانة فسق وهاج وأدلى ونهق فلمّا رأى صاحبه هيجانه خشي أن ينقلب منه فربطه إلى شجرة كانت على شاطئ النهر وذهب إلى صاحب الأتانة قال له ارددْ أتانتك لئلا يضرّها حماري ففعل وذهب بها,{فقاده يومًا إلى نهر ليسقيه فرأى أتانة فشبق وهاج} وأدلى وشهق فلمّا رأى صاحبه هيجانه خشي أن ينفلت منه فربطه إلى شجرة كانت على شاطئ النهر وذهب إلى صاحب الأتانة فقال له ارددْ أتانك لئلّا يضرّها حماري ففعل وذهب بها,واتّفق يومًا أنّ صاحبه ساقه إلى النهر ليشرب فنظر الحمار من بعيد أتانة فلمّا رآها هاج وأدلى ونهق فلمّا رأى صاحبه هيجانه خشي أن يفلت منه فربطه في شجرة كانت على شاطئ النهر وراح إلى صاحب الأتانة بأن يردّها ففعل ذلك,فساقه صاحبه يومًا ليسقيه فأبصر بأتان فأرسل إحليله ونهق وجعل يجدّ ساقيه ويحرص على الانقلاب فاشتدّ على سائقه فشدّه في شجرة خوف عليه أن يفلت وأمر أن يُبعد عنه الأتان
50,fac12ada-7c06-456d-bfc9-a7e78ff43634,The Donkey Ponders about Phallus,فلمّا نظر العير إلى شدّة قوّته وخصب بدنه وما قد استرسل منه ففكّر في نفسه وقال يا نفس اعلمي أنّ هذه الهراوة وهي بعض السلاح ممّا يتّخذ الناس للحرب,وبقي الحمار يدور حول الشجرة ويزيد هيجانه فبينما هو يدور إذ طأطأ رأسه فنظر إلى إحليله وتوتّره فقال في نفسه هذه العصا تصلح للفرسان والقتال,فبقي الحمار يدور حول [[رأسه]] الشجرة وهو في شدّة من الشقّ وكثر هيجانه فبينما هوّ يدور إذ طأطأ رأسه فنظر إلى إحليله وشدّة توتيره فقال في نفسه هذه تصلح للفرسان والقتال,وبقي الحمار يدور حول الشجرة وهو في شدّة من الشبق وكثر هيجانه فبينما هو يدور إذ طأطأ رأسه فنظر إلى إحليله وشدّة توتّره فقال في نفسه إن هذه لحليلة تصلح *للفرسان والقتال,وبقي الحمار يدور حول الشجرة ويزيد نهيقه وهيجانه فبينما هو يدور إذ طأطأ رأسه فنظر إلى إحليله وتوتّره فقال في نفسه هذه العصاة تصلح للفرسان والقتال,فلمّا نظر الحمار إلى شدّة قوّته وخصب يديه وما قد استرسل منه تفكّر في نفسه وقال يا نفس اعلمي أنّ هذه الهراوة هي بعض السلاح ممّا يتّخذ *الناس للحرب
51,7ab95e64-2fa0-45c5-98a7-4bee634ee300,The Donkey Sees It As a Weapon,ولكنّي كنت أريد معها شيئًا آخر أستعين به على القتال لأنّ هذه الهراوة تفعل فعلًا واحدًا ?يلكر بها الشيء فقط وأمّا ما يفعل السيف والقوس والرمح وغير ذلك من السلاح فعلًا آخر,ولكن إيش الفائدة فيها وحدها وليس لي غيرها والعصا وحدها لا تفي بقتال الناس ومع هذا فليس أنا ماهر بالفروسية إلّا أنه على حال أنا قادر أن أطعن بهذه العصا وأضرب,ولكن لا فائدة فيها وحدها وليس لي شيء غيرها من أنواع السلاح ومع هذا فليس أنا ماهر في الفروسيّة,ولكن لا فائدة فيها وحدها وليس لي غيرها شيء من أنواع السلاح ومع هذا فليس أنا ماهر في الفروسية ولكن على كلّ حال أنا قادر على أن أطعن بهذه العصى *وأضرب كلّ من لا يحسن الفروسيّة,ولكن إيش الفائدة فيها وحدها وليس لي غيرها شيء من أنواع السلاح والعصا وحدها لا تفي بقتال الناس ومع هذا فليس أنا ماهر بالفروسيّة ولكن أنا على كلّ حال [[أنا]] قادر على أن أطعن بهذه العصاة وأضرب كلّ من لا يحسن العمل بالسلاح,ولكنّني كنت أريد معها شيئًا آخر أستعين به على القتال فإنّ هذه الهراوة لا تفعل فعلًا واحدًا لعلّي أُرزق شيئًا من الصلاح فأتعاطى الفروسيّة
52,ed90c4ee-fd8b-45ef-aa6b-079f1a0e96fb,Donkey Imagines Exploits Involving a Spear,وقد تحقّق عندي أيضًا أنّي لو تعاطيت الفروسيّة لما غلبني أحد إذا أنا طعنت ولكزت بهذه الهراوة فلو بارزني مائة فارس لقهرتهم ولم يستطيعوا أن يقاوموني,,فإذا كنت قادرًا على هذا فيا ليت شعري إذا اتّفق لي رمح كما أشتهي فإنّي لا أُردّ من مائة فارس ولا أبالي بهم,فإذا كنت قادرًا على هذا فيا ليت شعري إذا اتّفق لي رمح كما أشتهي فإنّي لا أُردّ من مائة فارس ولا أبالي بهم,وإذا كنت قادر على هذا فيا ليت شعري إذا اتّفق لي رمح كما أشتهي فإنّي لا أُرجع من مئة [[فاية]] فارس,وما كان يغلبني أحد ولو لقيني *مئة بالفروسيّة لقهرتهم وما بقوا ?بموايتي
53,03ef3241-2090-4945-a1aa-f37456b08c91,The Donkey Wants to Escape Misery,فأريد أحتال بحيلة لطيفة وأتخلّص من الرقّ والحياة الشقيّة فلو كان آبائي وأجدادي ممّن سلف اختالوا لنجارتهم وخلاصهم وأعملوا في ذلك الفكر والحرص والاجتهاد لقد كنت أنا ناجي متخلّص من العذاب والتعب والشقاء والنصب وعشت عيشًا سعيدًا حسن الحال راخي البال,,ولكنّ سبيلي أن أجتهد في تحصيل رمح فإنّ آبائي وأجدادي لو اجتهدوا في تلك لكانوا أكفوني مؤنة الطلب,ولكن سبيلي أنّني أجتهد في تحصيل رمح فإنّ آبائي وأجدادي لو اجتهدوا في ذلك لكانوا أكفوني مؤنة الطلب,ولكن سبيلي أن أجتهد في تحصيل الرمح فإنّي آبائي وأجدادي لو كانوا اجتهدوا في ذلك لكانوا أكفوني من مؤنة الطلب,وأريد الآن أن أحتال بحيلة لطيفة وأتخلّص من التعب *والنصب في هذه الحياة الشقيّة
54,9d9eed54-ed3f-489e-b72b-ed282ec03269,A Stag Comes to the River,فبينا العير يفكّر ويردّد هذا القول في نفسه وسائقه جالس ناحية ليهدأ اغتلامه ويسقيه ويردّه إلى مدوده إذ وافى أيل ذكر لبعض أشراف البلد قد ساقه صاحبه إلى المورد لكي يسقيه من الماء وكان له قرنان عاليان,فبينما الحمار يتفكّر في مثل هذا وصاحبه جالس على الشطّ ينتظر سكون هيجانه ليردّه إذ اتّفق في ذلك الوقت أنّ أيلًا كبير عظيم القرون قد أتى به صاحبه إلى النهر ليسقيه,فبينما هو يهدم ويبني في تحصيل سلاح إذ أقبل رجل وعلى يده أيل له قرون من أعظم الخلقة ليسقيه من ذلك النهر,فبينا هو يهدم ويبني في تحصيل سلاح إذا أقبل رجل وعلى يده أريل له قرون من أعظم الخلقة ليسقيه من ذلك النهر,واتّفق في ذلك أنّ أيلًا بأعظم القرون قد أتى به صاحبه إلى النهر ليشرب,فبينما العير مفكرًا وإذا بأيّل لبعض الأشراف قد ساقه إلى الموردة ليسقيه وكان له قرنان عاليان
55,ce435c19-f592-4f83-9955-c1f43d92b9f8,The Stag Impresses the Donkey,فرآه العير فأعجبه قرنا الأيل واشتهى أن يكون له مثلهما ليتمّ له فكره الذي تفكّر فيه من قبل,فلمّا نظر الأيل إلى الحمار والحمار إلى الأيل أعجب الحمار كثرة قرونه وأنّه المعنى الذي أراد هشّ إليه وفكّر,فلمّا رأى الحمار ذلك الأيل وتميّز [[في المعنى]] قرونه وأنّه في المعنى الذي أراده دُهش منه,فلمّا رأى الحمار ذلك الأريل وتميّز قرونه وأنّه في المعنى الذي أراده دهش منه,فلمّا نظر الحمار إلى الأيل وإلى كبر قرونه وأنّه في المعنى الذي أراد دهش إليه وفكّر,فرآه العير فأعجبه قرناه واشتهى أن يكون له مثلهما ليتمّ له ما يفكّر فيه
56,20076184-f7ee-4ebf-8c2c-7130c521ccc8,The Donkey Wants to Serve the Stag,فقال في نفسه أنا أعلم أنّ هذا الأيل عنده من سائر السلاح وهو بصير بالفروسيّة فإن أسير بالهرب إليه والاتصال به فعلت ذلك واستعبدت نفسي له شهورًا حتّى يتمّ لي ما قد عزمت عليه وأكون أتعلّم الفروسيّة والقتال وأضيف إلى هذه الهراوة شيئًا آخر من السلاح الذي أمنع به عن نفسي فإنّه إذا رأى حركتي ونشاطي في حوائجه وهب لي من سلاحه شيء أنتفع به وأشكره عليه وأكون حرًّا لنفسي إلى الأبد ولا يملكني أحد من الناس بعدها,وقال ما حمل الأيل هذه القرون إلّا وعنده رماح وقسيّ وسائر أنواع السلاح وبلا شكّ إنّه ماهر بالفروسيّة ولو استوى لي أن أهرب من موضعي وألازم هذا الأيل وأخدمه وأطيعه فيما يأمرني به لقد كنت أتفرّس وكان هو أيضًا إذا رأى خدمتي ونصحي وإكرامي لم يبخل عليّ بهبة شيء من السلاح ولو لم يريد الله بي سعادة جدّ ما ساق هذا الأيل إليّ,وقال ما حمل هذا هذه القرون إلا وعنده رماح وقِسيّ وسائر أنواح السلاح وبلا شكّ أنّه ماهر في الفروسيّة ولو استوى لي أنّني أهرب من هذا الموضع إلى هذا الأريل وأخدمه مدّة وكنت ملازمه لكنت أفرس منه وكان هوّ أيضًا إذا رأى ملازمتي وخدمتي ونصيحتي لم يبخل *عليّ بشيء من هذا السلاح الذي عنده,وقال ما حمل هذا هذه القرون إلّا وعنده رماح وقسيّ وسائر أنواع السلاح وبلا شكّ أنّه ماهر بالفروسيّة ولو استوى لي أن أهرب من هذا الموضع إلى هذا الأريل وأخدمه مدّة وأكون ملازمه لكنت أتفرّس منه *وكان هو أيضًا إذا رأى ملازمتي وخدمتي ونصيحتي لم يبخل عليّ بشيء من هذا السلاح الذي عنده,وقال ما حمل ها الأيل هذه القرون إلّا وعنده رماح وقسيّ وسائر أنواع السلاح وبلا شكّ أيضًا أنّه ماهر بالفروسيّة ولو استوى لي أن أهرب من موضعي وألازم هذا الأيل وأخدمه مدّة ما لقد كنت أتفرّس وكان هو أيضًا إذا رأى خدمتي ونصيحتي لم يبخل عليّ بهبة شيء من السلاح الذي عنده,فقال في نفسه أعلم أنّ هذا الأيل لا شكّ من سائر السلاح وهو بصير بالفروسيّة فإن استوى لي الهرب إليه والاتّصال به فعلت واستفدت شهور حتّى يتمّ لي ما قد عزمت عليه وأكون قد تعلّمت القتال فإذا رأى حرصي ونشاطتي في خدمته وهب لي سلاحًا أنتفع به
57,64aa930f-1f74-49b2-9c10-a4931a962a02,The Donkey Intrigues the Stag,والأيل ينظر مع ذلك إلى قبح ما يأتيه العير من هيجانه واغتلامه فأشغله التعجّب من جهله وسخافة فعله ومنعه ذلك عن شرب الماء,وإنّ الأيل لمّا رأى هيجان ذلك الحمار بقي متعجّبًا لا يشرب,فلمّا رأى الأريل حال الحمار وهيجانه وقوّة تخبيطه أمسك عن شرب الماء وبهت إليه,فلمّا رأى الأريل حال الحمار وهيجانه وقوّة تحفّظه أمسك عن شرب الماء وبهت إليه,والأيل لمّا رأى هيجان الحمار وما يعمله بنفسه من التخبّط مسك عن شرب الماء وبقي ينظر إليه,والأيّل في ذلك ينظر إليه وإلى قبيح ما يأتيه من هيجانه فاشتغل الأيّل بالنظر إليه عن شرب الماء
58,20861050-7d5f-4377-8387-19764dcde1ac,The Donkey is Encouraged by the Stag,فلمّا نظر العير إلى الأيل قد امتنع عن شرب الماء وهو مقبل عليه شاخص ببصره إليه قال في نفسه أرى هذا الأيل يلاحظني وأوشك أن يكون قد سُرّ بي فلذلك قد امتنع عن شرب الماء وأقبل ينظر إليّ بفرح وابتهاج,فقال الحمار أظنّ قد أعجبته لما رأى من شهامتي وحسني وقد اشتغل قلبه بي ولكن أهرب إليه في الليل,فقال الحمار ما يمنعه من الشرب إلاّ رأي رآه فيّ وأنّه فرح بي,فقال الحمار ما يمنعه من الشرب إلّا رأي رأه فيّ وأنّه فرح بي,ولمّا رأى الحمار أنّ الأيل ما يشرب الماء فكّر في نفعه وقال ما يمنعه من شرب الماء إلّا لرأي له فيّ وهو ينظر إليّ ويفرح بي,فقال العير أرى هذا الأيل يلاحظني ويوشك أن يكون قد فرح بي ولذلك امتنع من الشرب وصار ينظر إليّ بفرح وابتهاج
59,ec3389fe-72ae-420f-996b-21df69df544b,The Donkey Feels Fortunate,ولعلّ الله عزّ وجلّ سبّبه لي وأرسله إليّ ليتمّ لي ما في نفسي لأنّ كلّ شيء له زمان والزمان خادم لكلّ شيء والقضاء والقدر إنّما يجريان بأمر الله فاليوم علمت أنّي سعيد الجدّ والدليل على ذلك أنّ أملي قد تمّ ووصلت إلى جميع ما طلبته,,وأنّ الله وفّق لي هذا عندما فكّرت *بسعادة من فوق يا ليت شعري بأيّ طالع ولدت,وقد وفّق الله تعالى لي هذا عندما فكّرت في هذا الأمر ولمّا بدأت في الفكر يسّر لي ما أردته وما جرى هذا إلّا بسعادة من فوق يا ليت شعري بأيّ طالع ولدت,والله تعالى قد وفّق لي هذا عندما فكّرت في هذا الأمر ولمّا بدأت في الفكر قيّض لي ما أردته وما جرى هذا إلّا بسعادة من فوق يا ليت شعري بأيّ طالع ولدت وأيّ سعادة كانت لي في موقفي حتّى اتّفق لي هذا الأمر الجليل ولا شكّ أنّي أعجوبة هذا العالم,ولعلّ الله أرسله لي ليتمّ لي ما أملته
60,cab88693-57b1-4cba-8999-5d91a4447b83,The Donkey Watches the Stag Return Home,فلمّا رأى صاحب الأيل أنّ الأيل لا يشرب الماء انثنى به راجعًا إلى منزله وكان قريبًا من النهر وكذلك موضع العير فرجع به صاحبه والعير يرمق الأيل,ثمّ إنّ صاحب الأيل لمّا رآه لا يشرب ردّه إلى بيته وكان بيت صاحب الأيل بالقرب من الشطّ الذي كان الحمار مربوطًا فيه ولم يزل الحمار يمدّ عينه وينظر إلى الأيل في رجوعه إلى أن دخل بيت صاحبه وعلّم على الموضع علامة يعرفه بها,ثمّ إنّ صاحب الأريل لمّا رأى الأريل لا يشرب رجع به بيته وكان بيته قريبًا من الشطّ ولم يزل الحمار يتبعه النظر إلى أن رآه دخل بيته فعَلّم له علامة يعرفه بها,ثمّ إنّ صاحب الأريل لمّا رأى أنّ الأريل لا يشرب شيئًا رجع به إلى بيته وكان بيته قريبًا من الشطّ ولم يزل الحمار يُتبِعه النظر إلى أن رآه دخل بيته فعلّم له علامة يعرفه بها,ثمّ إنّ صاحب الأيل لمّا رأى أنّ الأيل ما يشرب ردّه إلى بيته وكان بيت صاحب الأيل بالقرب من الشطّ الذي كان الحمار مربوطًا فيه ولم يزل الحمار يمدّ عينه وينظر إلى الأيل في رجوعه إلى أن دخل بيت صاحبه وعلّم على الموضع علامة يعرفه بها,ولمّا رأى صاحب الأيل أنّه لا يشرب ردّه وجعل العير يلاحظه لينظر إلى أين يدخل فلم يزل يرمقه إلى أن دخل إلى منزل صاحبه فاطمأنّ لذلك
61,57dfb72e-6e4b-462f-ae97-7fd537b0ac3b,The Donkey's Owner Brings Him Home,فسار به صاحبه وردّه إلى منزله ودخل به إلى منزله فعرف العير موضعه وعلّم عليه علامة ليقصده إلى ذلك الموضع الذي علّمه إذا أمكنته الفرصة,ثمّ إنّ صاحب الحمار ردّه أيضًا إلى بيته وشدّه على معلفه وطرح له علفًا,ثمّ إنّ صاحب الحمار جاء وأخذه *وذهب به إلى بيته وشدّه وطرح له علفه وخرج عنه,ثمّ إنّ صاحب الحمار جاء وأخذه وذهب به إلى بيته وشدّه وطرح له علفه وخرج عنه,ثمّ إنّ صاحب الحمار أيضًا ردّ الحمار إلى بيته وشدّه وطرح له علفه,ثمّ إنّ صاحب العير ساقه إلى منزله وطرح له علفًا
62,d7db741c-a154-4aea-bbd7-ae11f44960eb,The Donkey Plans an Escape,فلمّا حصل العير على مدوده وأُوثق وطُرح له القضم امتنع من الأكل من شُغل قلبه بالأيل وجعل يحتال ويدبّر كيف يهرب فقال في نفسه ليس لي مخلص إلّا بالليل عند هدوء الناس من أكلهم وشربهم وحركتهم وذهابهم في طرقهم ومجيئهم فأهرب عند ذلك وأستجير بالأيل فأقيم عنده,فكان الحمار مشغول القلب *بالمضيّ إلى عند الأيل فلم يهنيه أكل ولا شرب وأخذ يفكّر ويحتال في ذلك وقال ينبغي أن أجعل هربي إليه في الليل,والحمار قلبه مشغول في الرجوع إلى [إلى] الأريل فلم يتهنّ بالأكل وأخذ يفكّر ويحتال وقال ينبغي أن أجعل هربي إليه في الليل,والحمار قلبه مشغول في الرجوع إلى الأريل فلم يتهنّ بالأكل وأخذ يفكّر *ويحتال وقال ينبغي أن أجعل هربي إليه في الليل,والحمار مشغول القلب بالمضيّ إلى عند الأيل فلم يهنه أكل ولا شرب وأخذ يفكّر ويحتال في ذلك وقال ينبغي أن أجعل هربي إليه في الليل,فلم يأكل من شغل قلبه بالأيل وجعل يحتال كيف يهرب وقال في نفسه ليس لي مخلص إلّا بالليل عند هدوء الناس فأهرب إلى الأيل وأستجير به وأقيم عنده
63,52244b5e-4fce-4721-a73b-d3e7e76181f5,The Donkey Escapes to the Stag,فلمّا جُنّ عليه الليل لم يزل العير يحتال لرسنه حتّى أخرجه من رأسه وتركه في الوتد وهرب يريد الأيل,فلمّا جاء الليل واشتغل أصحابه بالعشاء والشرب اجتهد حتّى قلع مقوده وخرج هاربًا إلى الدار التي دخل فيها الأيل,فلمّا كان الليل ورقد صاحبه فكّ وتده ونازع الباب خلعه وخرج هاربًا إلى {أن أتى} بيت الأريل,فلمّا كان الليل ورقد صاحبه فكّ وتده ونازع الباب إلى أن خلعه وخرج هاربًا حتّى جاء بيت الأريل,فلمّا جاء الليل واشتغل أصحابه اجتهد حتّى خلع الباب وخرج هاربًا إلى الدار التي دخل فيها الأيل,فلمّا جنّ الليل لم يزل العير يعالج نفسه حتّى قلع الرسن من رأسه وهرب إلى الموضع الذي فيه الأيل
64,636d4ef7-d0ed-41a7-8782-398983e799cc,The Donkey Watches the Stag Overnight,فوجد الباب عليه مغلقًا فاطّلع عليه من شقّ الباب فرأى الأيل قد حُلّ من رباطه فتوارى العير عن الباب لئلًا يستنكر عليه ذلك,فلمّا انتهى إليها وجد الباب مغلقًا مستوثقًا منه فاطّلع من شقّ الباب فرأى الأيل مخلًّى من رباطه وخشي الحمار أن يراه الناس فوقف في زاوية الحائط إلى الغداة,فلمّا انتهى إليه وجد الباب قد غُلق عليه فاطّلع من شقّ الباب فرأى الأريل مطلوقًا من غير رباط وخشي الحمار أن يراه الناس فربض في زاويّة إلى النهار,فلمّا انتهى إليه وجد الباب قد غُلق عليه فاطّلع من شقّ الباب فرأى الأريل مطلوقًا بغير رباط وخشي الحمار أن يراه الناس فربض في زاوية إلى النهار,فلمّا انتهى إليها وجد الباب قد استُوثق منه فاطّلع من شقّ كان في الباب فرأى الأيل مخلًّى بلا رباط وخشي الحمار أن يراه الناس فوقف في زاوية إلى الغداة,وتوارى عن الباب لئلّا يراه أحدًا
65,7b9d12bf-e39b-41a3-84ea-fe1429949678,The Stag Is Returned to the River,فلمّا كان بعد لحظة فتح صاحب الأيل الباب وأخرج الأيل يريد به الماء,فلمّا كان الغداة أخذ الرجل الأيل ومضى به إلى النهر ليسقيه وكان الرجل يمشي قدّامه ويسوقه بحبل مربوط في عنقه,فانطلق صاحب الأريل إلى النهر على عادته وهو يجرّه وراءه بحبل طويل,فانطلق صاحب الأريل إلى النهر على عادته وهو يجرّه وراءه بحبل طويل,وأخذ الرجل [[الرجل]] الأيل ومضى به إلى النهر ليسقيه وكان الرجل يمشي قدّامه يسوقه بحبل في عنقه,وأخرج الأيل صاحبُه ليسقيه
66,553abe58-0af8-4215-9bde-f213a6a296a6,The Donkey Approaches the Stag,فاتّبعه العير وجعل يتقارب منه ويلاصقه ويتشفّع إليه في المقام عنده والخدمة له ويسأله ذلك والأيل لا يعرف لغته ولا يفهم كلامه وجعل كلّما دنا العير منه يرفسه ويتباعد عنه,فلمّا رأى الحمار ذلك اتّبعه يماشيه ويخاطبه بلغته ولم يكن الأيل عارفًا بلغة الحمير فلم يفهم عنه كلامه ونفر منه وأخذ يقاتله,فتقدّم الحمار إلى الأريل وجعل يحدّثه بلغته ولم يكن الأريل يعرف لغة الحمير فلمّا لم [لا] يفهم منه رمزه نفر منه وأخذ يقابله,فتقدّم الحمار إلى الأريل وجعل يحدّثه بلغته ولم يكن الأريل يعرف لغة الحمير فلمّا لم يفهم منه رمزه بقرنيه وأخذ يقاتله,فتقدّم الحمار إلى الأيل وجعل يماشيه ويخاطبه بلغته ولم يكن الأيل عارفًا بلغة الحمير فلمّا لم يفهم منه نفر وأخذ يقاتله,فتبعه العير ولم يزل يلاطفه ويسقع إليه ويسأله المقام عنده والخدمة له والأيل لا يعرف آفته وجعل كلّما دنا منه *يرفسه ويبعده عنه
67,dfe592ef-518f-4658-b940-3bd26d9e4fa5,The Stag's Owner Chases the Donkey Away,واستراب منه سائقه وأنكر فعله والتفت إلى خلفه فرأى العير يتبعه فأراد أن يأخذ العير فخشي أن يشاغبه الأيل ويفلت منه فقال في نفسه إنّ لهذا العير أصحابًا يأخذونه إذا رأوه معي واقع أنا مع صاحبه في ورطة وبلاء فرفع قضيبًا كان معه في يده وضرب به الحمار ليبعده عن الأيل وسار قليلًا,والتفت صاحب الأيل وكان معه عصا فضربه,فالتفت صاحب الأريل وجد الحمار وقال لا بأس يأخذ هذا الحمار وقال إن أنا أخذته اقتتلا ولا أقدر على ضبطهما معًا فردّ الحمار على الأريل فراغ روغة,فالتفت صاحب الأريل ووجد الحمار فقال لا بأس بأخذ هذا الحمار ثمّ فكّر وقال إن أنا أخذته اقتتلا ولا أقدر على ضبطهما معًا فردّ الحمار عن الأريل,والتفت الرجل الذي كان يسوقه لينظر من الذي يقاتل الأيل فلمّا رأى الحمار يماشي الأيل أراد أن يأخذه ثمّ قال إن أنا أخذت الحمار احتاج [[احتاج]] الأيل أن يقاتله ولا أقدر على ضبط الجميع ولكن أطرده عن الأيل فضرب الحمار بعصاة كانت في يده فذهب,فاسترابه سائقه والتفت إلى خلفه فرأى العير يتبعه فأراد أن يأخذه فخشيّ أن يكون له أصحاب فيطلبونه فيقع معهم في صداع فرفع قضيبًا كان معه وضرب به العير
68,26660625-0650-4bb6-9d29-24c588e4c7fb,The Donkey Approaches Again,فعاد العير يطلب الأيل والأيل يطرده ويرفسه فضربه الرجل ثانية ولحّ الحمار في طلب الأيل أكثر من سبع مرّات والرجل يضربه ويطرده,,ثمّّ عاد إلى *الأيل يماشيه والتفت صاحب الأريل وجد الحمار وقد عاد فضربه بعصا كانت في يده فهرب ثمّ عاد وطرده مرارًا وهو يعود إليه,فراغ روغة ثمّ عاد إلى الأريل يماشيه فالتفت صاحب الأريل *ووجد الحمار قد عاد فضربه بعصى كانت في يده فهرب ثمّ عاد وطرده مرارًا وهو يعود إليه,ثمّ إنّه لمّا مشى الرجل عاد ثانية يماشي الأيل ويخاطبه فنفر الأيل وأخذ يقاتله والتفت الرجل ثانية فضرب الحمار فذهب ثمّ عاد على هذا المثال {ثلاث} دفعات كلّ دفعة يتقدّم فيها إلى الأيل يضربه الرجل,فعاوده يطلب الأيل حتّى لحّ العير أكثر من سبع مرّات والرجل يضربه ويطرده
69,222ce52f-839f-480b-bb49-13ac217413cf,The Donkey Bites the Stag's Owner,ففكّر الحمار في نفسه وقال ليس أقدر على الدنوّ من الأيل دون أن أكبس على الرجل فأنتقم منه فإنّه هو الذي يمنعني من التقرّب منه وبلوغ ما أريد فوثب العير على الرجل فعلق وسط صلبه بأسنانه فعضّه وأوجعه وجعًا شديدًا,فقال الحمار في نفسه ما يمنعني من الكلام لهذا الأيل واللطف به والخدمة له وكشف ما عندي إلّا هذا الرجل يقوده فوثب عليه وقبض على ظهره بأسنانه فعضّه عضّة شديدة فما تخلّص الرجل منها إلّا بعد شدّة,ثمّ إنّ الحمار قال ما يمنعني عن *مصاحبة الأريل والمشي معه إلّا هذا الرجل وما تمّ إلّا أن أقتله عنه ليرى الأريل فروسيّتي ويرغب في خدمتي !وكدمه فضربه الرجل بالعصا ضربة وجيعة,ثمّ إنّ الحمار قال ما يمنعني من مصاحبة الأريل والمشي معه إلّا هذا الرجل وما ثمّ إلّا أن أقتله عنه ليرى الأريل فروسيّتي ويرغب في *خدمتي فحمل على الرجل وكدمه,ثمّ إنّ الحمار قال ما يمنعني من كلام الأيل واللطف به وكشف ما عندي إليه إلّا هذا الرجل الذي يقوده ثمّ وثب على الرجل فعضّ ظهره عضّة شديدة ما تخلّص منه الرجل إلّا بعد شدّة شديدة,ففكّر العير في نفسه وقال ليس أقدر على الدنوّ من الأيل دون أن أكبس الرجل كبسة أنتقم منه فيها فوثب على الرجل وعاق وسطه وعضّه عضّة فأوجعه وجعًا شديدًا
70,84d611be-9642-4b6c-9333-55d0a14b12ce,The Stag's Owner Cuts the Donkey's Ears,فبقي الرجل مفكّرًا ما الذي يصنع به وخشي إن هو علقه عمل به أبده فقال ما لي إلّا أن أقطع أذنيه لتكون علامتي فيه وأعرف أصحابه فأطالبهم بثأري ثمّ إنّه أخرج شفرة كانت معه فقطع بها أذنيه فلمّا أحسّ العير بحرارة الحديد خلّى عن الرجل وداخله ألم عظيم من قطع أذنيه,فقال الرجل إن أنا *أخذته لم آمن من بليّة يلقيها بي ولكنّي ?أودا أعلّم فيه علامة حتّى إذا رأيته طالبت صاحبه بثأري فأخرج سكّينًا كانت معه فقطع بها أذني الحمار,وقال إن أنا أخذته لم آمن من بليّة هيجانه ولكنّي أعمل فيه علامة حتى إذا *رأيته مع صاحبه طالبته بثأري *فأخرج سكين معه وقطع بها أذني الحمار,فضربه الرجل بالعصى ضربة وجيعة وقال إن أنا أخذته لم آمن بليّة هيجانه ولكنّي أعلّم فيه علامة حتّى إذا رأيته مع صاحبه طالبته بثأري فأخرج سكّينًا معه وقطع بها أذني الحمار,فلمّا رأى كلبه وهيجانه قال إن أنا أخذته لم آمن من بليّة يفعلها بي ولكن أعلّم فيه علامة حتّى إذا رأيته مع صاحبه طالبته بثأري فأخرج سكّينًا كانت معه وقطع بها أذني الحمار,وبقي الرجل مفكّرًا ماذا يصنع وخشي إن هو عقله عمل {به} شرًّا من الأوّل فقال ما لي إلّا أقطع أذنيه ليكون علامة فيه حتّى أعرف صاحبه فأطالبه بما فعل {صنع} بي حماره فأخرج شفرة كانت معه قطع بها أذني الحمار
71,db205859-a6b9-4a4f-bf17-92b98f98d107,The Donkey Is Punished upon Return,وانفلت راجعًا إلى صاحبه نادمًا فلقي من صاحبه من الضرب الشديد ما كان أعظم عليه من ذهاب أذنيه,وعاد الحمار إلى دار أصحابه وكان الذي نزل به من صاحبه أشدّ من قطع أذنيه,فلمّا رأى ما حلّ به وكيف خسر ذلّ وفرّ من الرجل هاربًا إلى دار صاحبه وكان الذي نزل به من صاحبه أشدّ من الذي [من الذي] أصابه من,فلمّا رأى ما حلّ به وكيف خسر ذلّ وفرّ من الرجل هاربًا إلى دار صاحبه وكان الذي نزل به من صاحبه أشدّ ممّا أصابه من قطع أذنيه,وعاد الحمار إلى دار أصحابه وكان الذي نزل به من صاحبه أشدّ من قطع أذنيه,فرجع الحمار نادمًا فلقي من أصحابه ما كان أشدّ عليه من قطع أذنيه
72,5adaa3fa-fa4a-44ed-90f0-ffdc9a73a37c,The Donkey Recognizes His Ancestors' Wisdom,وندم على ما فرّط في أمره فقال الآن علمت أنّه لولا هذه المصائب الشديدة لكان من سلف منّا قد طلب ما طلبت ورام الأمر الذي رمت ولكن لم يمكّنهم ذلك لمّا علموا أنّ عاقبته تؤول إلى المهالك فتركوه وأهملوه وكفّوا عنه ولم يطلبوه لهذه العلّة,فحينئذ فكّر الحمار وقال لقد كان آبائي أقدر منّي على هذا لكن خافوا من سوء عاقبته فامتنعوا,فحاش فكرّ الحمار وقال كان آبائي أسبق إلى هذا الأمر ولكن خافوا من سوء عاقبته وصبروا على ما صبروا عليه من *المهانة وتحمّل المشقّة,فجاش فِكر الحمار وقال لقد كان *آبائي أسبق إلى هذا الأمر ولكن خافوا من سوء عاقبته وصبروا على ما صبروا عليه من المهنة وتحمّل المشقّة,فحينئذ فكّر الحمار وقال لقد كان آبائي أسبق إلى هذا الأمر ولكن خافوا من سوء عاقبته وامتنعوا,
73,9d7772f0-a803-485e-b86e-a9d9a5e718d9,The Vizier Summarizes the Donkey's Tale,,,,,,وإنّما ضربت لك هذا المثل لتعلم أنّي لولا هذه المصائب *الشديدة لكان مَن سلف من آبائنا قد طلب ما طلبت ولكن لم يمكنهم ذلك فتركوه
74,228551ec-ba2e-495b-8a2b-6da33cdd4183,King W Insists on a Solution,فقال المَلك قد سمعت هذا الخبر فلا تفزعنّ من مثل هذا القول فإن لم يتمّ هذا الأمر فنحن قادرون أن نخلّص أنفسنا ولا ينالنا ضرر إن شاء الله,منه قال المَلك قد سمعت مثلك هذا وما سبيلك أن تخاف من هذا الأمر فإنّه والعياذ بالله إن لم يتمّ لنا ما نريده منتهين وعلى أيدي الناس يكون ونحن قادرون على خلاص نفوسنا من سوء عاقبته,قال الملك قد سمعت هذا *ولكن ما سبيلك أن تخاف هذا الأمر فإنّه والعياذ بالله تعالى إن لم يتمّ لنا ما نريده فلا بأس عليه وإنّا على كلّ حال قادرون على خلاص أنفسنا,قال الملك قد سمعت هذا ولكن ما سبيلك أن تخاف هذا الأمر والعياذ بالله تعالى إن لم يتمّ لنا ما نريده فلا بأس عليك وإنّا على كلّ حال قادرون على خلاص أنفسنا,قال الملك قد سمعت هذا ولكن ما سبيلك أن تخاف من هذا الأمر فإنّه والعياذ بالله إن لم يتمّ لنا ما نريده منه فلا بأس عليك فإنّا على كلّ حال قادرون على خلاص أنفسنا من سوء عاقبته,قال الملك قد سمعت هذا المثل فلا يفزعني من هذا فإنّه إن لم يتمّ هذا الأمر فنحن قادرون على أن نخلّص نفوسنا من غير ضرر
75,bd912ce2-d72e-4d16-b525-11e53ad5ff53,The Vizier Prays for the King,فلمّا علم الوزير أنّ المَلك قد قام في نفسه أنّه لا بدّ أن يمضي هذا الأمر ويفكّر فيه ويعمله وأنّه حريص عليه لم يرادّه ودعا له بالصلاح والتمام والمعونة من الله عزّ وجلّ فقال أمّا أنا أيّها المَلك فكلمتي هي الأُولى وما أنا ممّن يخالفك بل رأيك هو الموفّق والسلام,فلمّا رأى الوزير الملك مشتهيًا لهذا الأمر لم يماريه بعدها فيه ولكن دعا له,فلمّا رأى الوزير أنّ الملك لا بدّ له من إتمام ما سوّلت له النفس لم يعود يماريه فيما أراده,فلمّا رأى الوزير أنّ الملك لا بدّ له من إتمام ما سوّلت له النفس لم يعد يماريه فيما أراده,فلمّا رأى الوزير أنّ [[الوزير]] {الملك} مشته لتمام هذا الأمر لم يماره فيه قال أصلح الباب وغيره,قال الوزير خار الله لك أيّها الملك فيما هممت به
76,754379db-f983-44f5-995a-1aafd697fb53,King W Orders Wood to Be Brought,وأمر هوطباد أن يُكتب إلى سائر عمّاله في النواحي بأن يعزموا على ما عزم المَلك عليه ويُؤمروا بأن يجمعوا شبّان نواحيهم فيأمروهم بقطع الحطب وحمله في يوم كذا وكذا إلى موضع كذا وكذا من الجبل ففعل أهل البلد ذلك فاجتمع من الحطب إلى ذلك الموضع شيء عظيم,ثمّ إنّ الملك أمر بالمناداة في جميع أعماله إلى أن لا يبقى صغيرًا ولا كبيرًا إلّا ويجيئه في يوم كذا وكذا من شهر كذا وكذا بحمل حطب فعمل الناس على هذا,ثمّ إنّ الملك أمر بالمناداة في جميع أعماله أن لا يبقى رجل شابّ ومعتمد إلّا حضر اليوم الفلانيّ إلى باب الملك ومعه حمل حطب من الجبل فامتثل الناس أمره وبادروا إلى طاعته,ثمّ إنّ الملك أمر بالمناداة في جميع أعماله أن لا يبقى رجل شابّ ومعتمل إلّا حضر اليوم الفلانّي إلى باب الملك ومعه حِمل حطب من الجبل فامتثل الناس أمره وبادروا إلى طاعته,ثمّ إنّ الملك أمر بالمناداة في جميع أعماله ألّا يبقى رجل شابّ إلّا يصير إلى بابنا في اليوم الفلانيّ من شهر الفلانيّ ومعه حِمْل حطب من الجبل فعمل الناس على هذا,وأمر الملك أن يُكتب إلى سائر أعماله يعرّفهم بما قد عزم عليه ويأمرهم أن يجمعوا حطبًا ويُحمل في يوم كذا وكذا ويُجعل في ذلك الثقب ففُعل ذلك وجُمع من الحطب ما يحود الوصف وتُرك حيث *رآه الملك
77,d954293c-e272-42dd-b521-3aa4395e077c,King W Knows When the Winds Subside,وكان المَلك يعرف أوقات الريح,وكان الملك قد عرف الوقت الذي ينقص فيه هبوب الرياح,وكان الملك عرف الوقت الذي ينقص فيه الريح,وكان الملك عرف الوقت الذي ينقضّ فيه الريح,وكان الملك قد عرف الوقت الذي ينقص فيه هبوب الرياح,
78,0185f769-8b74-4be9-b0b1-62576a0d2583,King W Orders the Hole to Be Blocked,فلمّا قارب أوان خروجها أمر أن يُسدّ ذلك النقب بالحطب والحجارة سدًّا وثقبًا ففعلوا ذلك فانحصرت الريح في النقب ولم يكن لها سبيل إلى الخروج فعدم أهل البلد نسيم الهواء,فلمّا كان في ذلك الوقت أمر الناس {بسدّ} النقب بالحجارة والحطب والتراب وأن يبنوا عليه دكّة عظيمة ففعلوا ذلك وامتنعت الرياح التي كانت تخرج من ذلك الثقب وفقد البلد كلّه نسيم الهواء وهبوب الرياح فجفّت الأشجار ونشفت المياه,فلمّا كان ذلك الوقت برز الملك وأمر الناس أن يحشوا الأحطاب في ذلك النقب وقدم على باب النقب لوضع الأخشاب ناسًا معروفين *بالهندسة والعمارة ليعتمدوا سدّ النقب مقتضى الأحكام *وليضعوا الأسافيل والخزندارات مواضعها بحيث لا يفسد عملهم بعد ذلك وأن يبنوا دكّة عظيمة وجه النقب ?وكندفوا على ذلك النقب حجارة عظيمة بحيث لا يقذف الريح الحطب ففعلوا ذلك وأحكموه واستقرّت الريّاح من الخروج وانحسمت مادّتها,فلمّا كان ذلك برز الملك وأمر الناس أن يحشوا الأحطاب في ذلك الثقب وقدم على باب الثقب لوضع الأحطاب ناسًا معروفين بالهندسة والعمارة ليعتمدوا سدّ الثقب بمقتضى الأحكام وليضعوا الأسافين والخزندارات مواضعها بحيث لا يفسد عملهم بعد ذلك وأن يبنوا دكّة عظيمة وجه الثقب ?وكندروا على تلك الأحطاب حجارة عظيمة بحيث لا يقذف الريح الحطب ففعلوا ذلك وأحكموه وامتنعت الرياح من الخروج وانحسمت مادتها فبقي ذلك البلد جميعه مهموسًا لم يوجد فيه نسمة هواء وانقطع عنهم الريح بالكلّية,فلمّا كان في ذلك اليوم حضر الناس ومعهم الحطب فأمرهم أن يحشوه في ذلك الثقب ويسدّوا فم الثقب بالحجارة وأن يبنوا دكّة عظيمة في وجه الثقب ففعلوا ذلك وامتنعت الرياح التي كانت تخرج من ذلك الثقب من الخروج وعَدِم البلد كلّه هبوب الرياح فيه,فلمّا بدأت الريح أمر أن يُسدّ ذلك الثقب بالحطب والحجارة سدًّا جيّدًا وثيقًا ففُعل ذلك حتّى لم يبق للريح منفس يخرج منه فعند ذلك عَدِم أهل [[الهوي]] {البلد} نسيم الهوى
79,227618a0-b4f6-4b97-9c62-d0d5774ab833,A Draught Ensues,فجفّت الأشجار وذهبت الثمار وتناقصت الغلّات وفسد كلّ ما كان في ذلك الجبل وما حوله مقدار مئتي فرسخ في مثلها واعتلّ الناس والبهائم في مدّة ستّة أشهر وأشرف الناس على الهلاك,ولم يمض ستّة أشهر حتّى جفّت العيون ويبس كلّ *خضرة في الجبل من الشجر والنبات وبلغ ذلك إلى نحو من مئة فرسخ وتماوتت المواشي وسائر الحيوانات ووقع الوباء في الناس وهلك خلق كثير,فبقي ذلك البلد جميعه مهموسًا لم يجد فيه نسمة هواء وانقطع منهم الريح بالكليّة فلم يمضي عليهم حتّى جفّت أشجار ذلك الجبل *وانحلّ وذهب حسنه وجفّت الأرض إلى نحو مئتي فرسخ وتماوت الحيوان وضجّ العالم وسمت الأرواح وغارت العيون والمياه وهلك من الناس خلقًا عظيم,فلم يمض عليهم حول حتّى جفت أشجار ذلك البلد وأنحل وذهب حسنه وجفّت الأرض إلى نحو مئتي فرسخ وتماوت الحيوان وضجّ العالم وسئمت الأرواح وغارت العيون والمياه وهلك من الناس خلق عظيم,فلم تمض ستّة أشهر حتّى جفّ ويبس جميع ما في ذلك الجبل من الشجر والنبات وبلغ ذلك إلى نحو *مئتي فرسخ وأكثر وتماوتت المواشي وسائر الحيوانات التي في تلك البلاد وغارت العيون والمياه وجفّت الأنهار ووقع الوباء في الناس فهلك خلق عظيم منهم,وجفّت الأشجار والبقول وسائر النبات ممّا كان في الجبل وحوله مقدار *مئتي فرسخ في مثلها واعتلّ الناس والدوابّ في مدّة ستّة أشهر وأشرف الناس على الهلاك
80,0d5ddb1e-6e3c-473c-a8b0-4abb51f5d465,The People Kill the King and His Court,وتآمروا فيما بينهم وأخذوا السلاح ورجعوا عن بكرة أبيهم إلى منزل هوطباد المَلك فقتلوه وقتلوا أولاده وحُرمه ووزيره وجميع من كان يلوذ به,فلم يزل هذا البلاء بأهل البلد فوثب من بقي منهم ممّن به رمق وتجمّعوا إلى باب الملك فقتلوه ووزيره وأهله ولم يبق منهم أحد,فلم يزل ذلك بهم إلى أن ضجّ الناس فوثب من بقي ممّن له رمق وهجموا على دار الملك وقتلوه ووزيره وأهله وولده,فلم يزل ذلك بهم إلى أن ضجّ الناس فوثب من بقي منهم ممّن لهم رمق وهجموا على دار الملك وقتلوه ووزيره وأهله وولده,فلم يزل هذا البلاء في أهل ذلك البلد فوثب من بقي منهم ممّن به رمق وتجمّعوا إلى باب الملك فقتلوه ووزيره وأهله وولده,*وتآمروا بينهم واجتمعوا ونظروا وإذا هم هالكون فحملوا السلاح وأتوا إلى منزل هوطباد فقتلوه ووزيره وسائر أهله
81,8add8ed9-5a6b-4e52-b013-152e48fa6c2a,The People Burn the Wood Blocking the Hole,وذهبوا إلى ذلك النقب الذي استدّ ليفتحوه فنحّوا الحجارة وطرحوا النار في الحطب,ثمّ مضوا إلى باب ذلك النقب فقلعوا الدكّات والحجارة من الباب وطرحوا في ذلك الحطب نارًا فالتهبت,فلمّا لم يبق من ذريّة الملك أحد أعطفوا على ذلك السدّ فأخربوه وأطلقوا النار في تلك الأحطاب,فلمّا لم يبق من ذرّية الملك أحد عطفوا على ذلك السدّ فأخربوه وأطلقوا النار في تلك الأحطاب,فلمّا لم يبق منهم أحد مضوا إلى باب ذلك الثقب فقلعوا الدكّة والحجارة من الباب وطرحوا في ذلك الحطب النار فالتهب,وإنّهم عمدوا إلى الثقب فانتزعوا الحجارة وأطلقوا النار في الحطب
82,4eea6e34-a75d-4024-87c4-348648bb4a5e,The People Return Home,وانصرفوا عنه,فلمّا بدت في اللهيب عاد الناس إلى مواضعهم,فلمّا احتكمت النار وقوي حرّها تراجع الناس إلى مواضعهم,فلمّا احتكمت النار وقوي حرّها تراجع الناس إلى مواضعهم,فلمّا بدأ في اللهيب عاد الناس إلى مواضعهم,
83,ff8e4247-4738-49ac-b0c8-8b4c8226f241,The Winds Spread Annihilating Fire,فلمّا التهبت النار في الحطب وخفّ عن النقب زحمت الريح النار وخرجت بقوّة شديدة بعدما انحصرت ستّة أشهر فأخذت النار في البلد كلّه فأحرقته ومكثت الريح تهبّ وتحرق يومين وليلتين حتّى اقتلعت مدائن البلد وحصونه وقُراه وشجره وغنمه وبقره ومواشيه واحترق الناس ولم يبق منهم إلّا قليل فانقلب التدبير تدمير,ثمّ إنّ الريح الذي كانت قد احتقنت في مدّة الستة أشهر خرجت بجنّة شديدة فطرحت النار في سائر البلد ودام هبوب الرياح يومين وليلتين فلم يبق في ذلك البلد مدينة ولا قرية ولا حصن ولا شجرة إلّا أحرقته,فلمّا بلغت الناس من الحطب منتهاه وجدت الريح منفسًا فخرجت بحميّة بعد احتباسها فاحتملت النار معها وذرتها في ذلك البلد جميعه ونسفت الريح من تلك الأراضي حتّى لم تدع قرية ولا مدينة إلاّ دمّرتها وهلك كلّ من بقي من الحيوان والناس أجمعين,فلمّا بلغت النار من الحطب منتهاه وجدت الريح منفسًا فخرجت بحميّة بعد احتباسها فاحتملت النار معها ودرّتها في ذلك البلد جميعه ونسفت الريح في تلك الأراضي حتّي لم تدع قرية ولا مدينة إلّا دمّرتها وهلك من بقي من الحيوان والناس أجمعين,ثمّ إنّ الريح التي كانت قد اختفت في مدّة الستة أشهر خرجت بحميّة شديدة وحملت النار معها فألقتها في جميع ذلك البلد ودار هبوب الرياح يومين وليلتين فلم يبق في ذلك البلد مدينة ولا قرية ولا حصن ولا شجرة ولا إنسان ولا ماشية ولا حيوان إلّا هلك بالنار والريح,واشتدّت الريح وألهبت النار *فأحرقت البلدة والناس والأشجار والضياع وعملت النار مدّة أيّام فلم يبق شيء إلا أحرقته وصار التدبير تدمير
84,d0edcbb2-e4ac-46db-8007-e95c1b31b4c7,The Vizier Summarizes King W's Tale,وإنّما ضربت لك أيّها المَلك هذا المثل لتعلم أنّ الشيء الذي جرى في الطبع منذ خُلق وسار في العالَم لا يمكن نقله عن حاله وإن عملت الحيلة في نقله لا يُؤمن الضرر منه والأذى الكبير فسبيل المَلك أن يزيل عن فكره ورويّته ما قد شغل قلبه به,وإنّما ضربت لك هذا المثل لتعلم *أنّ ما يُتوارث ويسري في الجنس صعب الزوال,,,قال ملك الجرذان قد سمعت هذا الحديث ولكن يُقال أيضًا إنّ من رام أمرًا من الامور الصعبة التي تُرجى من عاقبته البلوغ إلى أمر كبير ثمّ فزغ من عارض سوء يلحقه فيه فكفّ عنه لم يرتقي إلى رتبة عالية إلّا أن يتّفق له ذلك اتّفاقًا,وإنّما ضربت لك هذا المثل لتعلم أنّ الشيء إذا جرى في الطبع وسار في العالم لم يمكن نقله عن حاله وإن عُملت الحيلة في نقله لا يُؤمننّ المضرّة فيه
85,2ee8add4-9298-40cf-bfb0-3a8db6ffd3a2,King R Deems Fortune Inevitable,قال مهراير قد سمعت هذا المثل إلّا أنّه قد قيل من أشرف على عمل صعب شديد وعلم أنّ له منه فائدة وصلاح اشتدّ قلبه وفرح به وإن لحقه فيه مشقّة وناله فيه مؤونة وإن هو دلّ على مضرّة وبلاء تركه ولم يقربه ولا يقدر أحد ينال الخير في الدنيا ولا يكون نبيهًا ذا اسم طيّب حتّى يحسن إلى نفسه وغيره ولا في الآخرة حتّى يكون صديقًا إلّا بالقضاء ومعونة الله ومساعدة الزمان,,قال ملك الجرذان قد سمعت هذا المثل *ولكن يُقال من رام أمرًا من الأمور الصعبة الذي يُرجى من عاقبته البلوغ إلى أمر كبير ثمّ فرغ من عارض سواء يلحقه فيه فكفّ عنه لم يرتقي إلى رتبة عالية إلى أن يتّفق له ذلك اتفاقًا,قال ملك الجرذان قد سمعت هذا المثل ولكن يُقال من رام أمرًا من الامور الصعبة التي يُرجى من عاقبته البلوغ إلى أمر كبير ثمّ فزع من عارض سوء يلحقه فيه فكفّ عنه لم يرتق إلى رتبة عالية إلّا أن يتّفق له ذلك اتّفاقًا,,قال بهرام الملك قد فهمت هذا المثل إلّا أنّه قد قيل من أشرف صعب عليه وعلم أنّ له منه فائدة اشتدّ قلبه وفرح به الناس والناس لا يرجون في دنياهم هذه غير الاسم الطيّب وحسن الثناء وهم الباقيان ولا بدّ من أن أسارع في هذا الأمر إلى أن يتمّ
86,5871c54a-de13-4cdd-935a-34d822aa0056,Fortune Is the Attainment of a Legacy,وإنّ الناس لا يربحون في دنياهم هذه غير الاسم الحميد والخير الممدوح وهما الباقيان إلى الابد لأنّ الإنسان لا يقدر يحمل من هذه الدنيا إلى الآخرة شيئًا غير العمل الصالح,,وإنّ من السعادة وحسن البخت أن يكون الإنسان في هذا العالم مشهور بعمل الخير وليس يتهيّأ لأحد من الناس أن يعمل معه في هذا العالم شيئًا ينفعه إلّا ما عمله,وإنّ من السعادة وحسن البحث أن يكون الإنسان في هذا العالم مشهورًا بعمل الخير وليس يتهيّأ لأحد من الناس أن يحمل معه من هذا العالم شيئًا ينفعه إلّا ما عمله,وإنّ من السعادة وحسن البخت أن يكون الإنسان في هذه العالم مشهور بعمل الخير وليس يتهيّأ لأحد من الناس أن يحمل معه من هذا العالم شيئًا ينفعه إلّا ما عمله,
87,b21be013-5e1b-4957-86a8-d045aa34cf84,A Millennium of Luck and Fortune Is Short-Lived,وقد قالت العلماء إنّ مثل من عاش في هذه الدنيا ألف سنة ونال منها كلّ مسرّة وبلغ كلّ ما أمّله وترجّاه ودنت منه وقت الوفاة كمثل غلام فتيّ وجارية فتاة يتحاببان ويتلاعبان وكلّ واحد منهما يسرّ بصاحبه ويهيم به عشقًا واشتياقًا من شهوة بشريّة وهما يتعانقان في ليلة واحدة من ليالي حزيران ثمّ يصبحان بعد ذلك كأنّهما لم يقضيا وَطَرًا لقِصرها وسرعة انقضائها,,,,,
88,6f51a8c5-bc81-405e-b265-232359ab908f,The Vizier Advises against Causing Disaster,قال رودماه إنّ العلماء قالت أيّ أحد اكتسب لنفسه عمل الشرف لحِقه منه غمّ فلا ينبغي أن يُستنقذ منه ولا يستأهل الخلاص ومن اكتسب الموت لنفسه فلن يرى الجنّة بعينه,,قال الوزير صدقت أيّها الملك ما كلّ العمل ينتج فائدة وقد قالت الحكماء أيضًا من جلب على نفسه رايح آفة بيده لم يستأهل أن تخلّصه منها ومن كان سببًا لموت نفسه لم يكن له موضع في الجنّة,قال الوزير صدقت أيّها الملك ما كلّ العمل ينتج فائدة وقد قالت الحكماء أيضًا من جلب على نفسه رائح آفة بيده لم يستأهل أن يخلص منها ومن كان سببًا لموت نفسه لم يكن له موضع في الجنّة,قال الوزير وقد قالت الحكماء أيضًا من جلب على نفسه آفة بيده لم يستأهل أن يخلص منها ومن كان سببًا لموت نفسه لم يكن له موضع في الجنّة,
89,5a86437a-0c5a-464c-a944-41898b51fb75,Attempting the Impossible Is Unwise,وقال أيضًا لمهراير إنّ الرجل الحكيم لا يعمل أمره إلّا بالحكمة ولا يحرص على ما لا يمكن وما لا يقدر عليه,,,,,
90,33301404-9f8a-42d6-ad82-2774b00d304b,King R Insists on Proceeding,قال مهراير إنّي سأشرع في هذا الأمر وأحرص عليه حتّى يتمّ,,قال الملك أمّا أنا فأقول إنّك ساعدتني في أمور كثيرة وإن أنت أعنت في هذه قرنًا بما تريد,قال الملك أمّا أنا فأقول إنك ساعدتني في أمور كثيرة وإن أنت أعنتني في هذا فزنا بما نريد,قال الملك أمّا أنا فأقول إن ساعدتني بمشورتك فزنا به وأن تحرص على تمام هذا الأمر,
91,70abf3a7-bf65-420f-aa96-e224681ff3cb,The Vizier Is in Want of a Solution,قال ردوماه لمّا رأى مهراير وحرصه وشهوته لإتمام الأمر أنا أشير على المَلك أن يجمع الحكماء والجهّال والفقهاء والسفهاء وأهل البصيرة والرأي فيأخذ ما عند كلّ امرئ منهم ويميّزه ويقدّره بعقله وفهمه فإنّي قليل الرأي ناقص المعرفة ولعلّ يوجد فيما يقول الجهّال صواب فيُؤخذ منه,,فلمّا علم الوزير أنّ الملك لا بدّ من إتمام ما تكلّم عليه وكان وجه الحيلة قد اتّجه له قال له أمّا أنا فسأجيب على حسب طاقتي وإنّما قلت ما قلته إلى حيث انتهينا بعلمي بفضيلة الملك وغزارة علمه وأمّا أنا فإنّي على نقص من المعرفة ولا يتمّ لي رأي إلّا بسعد الملك وقوّة جدّه,فلمّا علم الوزير أنّ المَلك لا بدّ من إتمام ما تكلّم عليه وكان وجه الحيلة قد اتّجه له قال له أمّا أنا فسأجيب على حسب طاقتي وإنّما قلت ما قلته إلى حيث انتهينا لعلمي بفضيلة الملك وغزارة علمه وأمّا أنا فإنّي على نقص من المعرفة ولا يتمّ لي رأي إلّا بسعد الملك وقوّة جدّه,فلمّا علم الوزير أنّ الملك مشته لتمام هذا الأمر وكان وجه الحيلة قد اتّجه له قال أنا أشير بما تحبّ بحسب طاقتي وإنّما قلت ما قلته إلى حيث انتهينا لعلمي بحكمة الملك وفضله فأمّا أنا فإنّي ناقص المعرفة,قال رودباد لمّا رأى حرصه لإتمام الأمر أنا أشر على الملك أن يجمع العلماء والجهّال ويستمع من كلّ منهم على قدر مشورته ورأيه
92,b458d91f-5920-4347-bf69-bfa03b9097e4,Many a Shot Is without a Marksman,فقد يُقال ربّ رمية من غير رام,,,,,
93,219ccbc6-a391-4561-a846-3faf7c520daa,The Wise and the Ignorant Think Differently,وقد يرى الحكيم أن يسمح للجاهل ويتمسّك به كما ينبغي وما كان فيه من قليل الصواب اتّخذه وتمسّك به وحفظه فربّما تمّ به العمل لأنّ الجاهل إنّما ينطق بم أُسرّ إليه من شرّ غيره وممّا يُؤمر به من التجارب في نفسه أو من سوء أفكاره ورأيه فيقول القول من حيث هو ومن غريزتيه والعاقل يعمل بما سمع ويفهم من الصواحب وكذلك لو اجتمعا حكيمان فاضلان فاتّفقا مشورة على أمر لكان يختارا من الأمرين واحد,,وقد قالت الحكماء والجهّال يجب على الحكيم أن يستشير الجاهل لأنّه إذا شاوره *وكان ذلك الجاهل يخرجه الجهل إلى أن يشير بغير الواجب لن يسمع الحكيم إلى جهله ولن يقبل كلامه ورأيه لكنّ الحكيم يميّز الأمور فيختار *أرفقها ويصرف كلام الجاهل إلى ما يليق,,وقد قالت الحكماء والجهّال يجب على الحكيم أن يستشير الجاهل فيه لأنّه إذا شاوره وكان ذلك الجاهل يخرجه الجهل إلى أن يشير بغير الواجب لم يصغي الحكيم إلى جهله ولم يقبل كلامه ورأيه لكنّ الحكيم يميّز الأمور فيختار أوفقها ويصرف كلام الجاهل إلى ما يليق ويصلح,فالحكيم يحدّث بحكمته والجاهل يحدّث بما جرى له من جهله على نفسه
94,3d40b3c8-79be-41fd-a500-ac6457e156b2,One Could Consult the Wise or the Ignorant,وقد قيل ينبغي للرجل الذي يريد أن يعمل عملًا أن يشاور أوّلًا عاقلًا حليمًا إن ظفر به وإلّا شاور جاهلًا فإن صعب الأمر في ذلك فليميّز فإنّ الصواب ليس يخفى بينهما ومن مفاوضتهما يستدلّ به على ما ينفع ويضرّ ولا يمتنع الصواب أن يعزب عن المشورة,ولكنّ سبيل الإنسان إذا أراد أن يباشر أمرًا من الأمور وكان بالقرب منه رجل حكيم أن يسله أوّلًا ويشاوره ويأخذ رأيه فيه وإن لم يكن بالقرب منه فسله أن يشاور العوام فيه ويطلب البحث معهم والتفتيش فإنّه بهذا الطريق يمكنه أن يعلم ما في عاقبة هذا الأمر من الخير والشرّ عندما يمعن في الفحص ?والسفد,,وقد قالت الحكماء والجهّال يجب على الحكيم أن يستشير الجاهل لأنّه إذا شاوره وكان ذلك الجاهل يخرجه الجهل إلى أن يشير بغير الواجب لم يصغ الحكيم إلى جهله ولم يقبل كلامه ورأيه ولكنّ الحكيم يميّز الأمور فيختار أوقعها ويصرف كلام الجاهل إلى ما يليق,,فإنّ الصواب ليس يخفى فيما بينهما ومن مفاوضتهما ليستدلّ على ما ينفع ويضرّ ولا ينفع الصواب أن تعرب عن المشورة
95,2fe39ea3-e701-417f-bf26-e1e8426a965f,Consulting the Ignorant,,,وإنّما يشاور الحكيم الجاهل ليستبين منها أنّه ربّما أبدى الجاهل سرّ غيره في ذلك الباب فليستعين الحكيم على كتمه بمشاورته ليضيره وربّما أنتجت قريحة الجاهل شيئًا فيه بعض ?الماونة,وإنّما يشاور الحكيم الجاهل لسببين منها أنّه ربّما أبدى الجاهل سرّ غيره في ذلك الباب فيستعين الحكيم على كتمه بمشاورته ليصيّره وربّما أنتجت قريحة الجاهل شيئًا فيه بعض المؤنة,وإنّما شاور الحكيم الجاهل لسببين منها أنّه ربّما *أبدى الجاهل سرًّا لغيره في ذلك الباب استعان به الحكيم بصبره وربّما أنتجت قريحة الجاهل شيئًا فيه بعض المؤونة,
96,d266447b-7610-4159-90d0-afe15dea7bc0,The Vizier Trusts the King Would Take the Advice,ولذلك أنا أريد أن أفحص عنه وأشاور نفسي فيه ثمّ أقول ما فيه الصواب والنفع فلا يصعب على المَلك ولا يصعب عليّ بل تقبل قولي وتتمسّك به وتميّزه وتنزله منزلته,,والذي قلته في هذا الباب إنّما أتّكل فيه على معرفة الملك وأنّه لا يغضب عليّ بل يقبله منّي قبولًا حسنًا,والذي قلته في هذا الباب إنّما أتّكل فيه على معرفة الملك وأنّه لا يغضب عليّ بل يقبله منّي قبولًا حسنًا,والذي قلته في هذا الباب إنّما أتّكل فيه على معرفة الملك وعقله وأنّه لا يغتاظ عليّ بل يقبله قبولًا حسنًا,وكذلك أنا أريد أن أفحص عنه وأشاور نفسي فيه وأقول ما فيه الصواب والنفع
97,71ba044d-ae55-432a-9e0e-f4593255c6ef,King R Appreciates the Vizier's Candor,قال مهراير قد صدقت في جميع ما قلت إلّا في شيء واحد قولك إنّي قليل الرأي ناقص المعرفة وما أنت بناقص المعرفة ولا قليل الرأي بل أنت حكيم لبيب أديب,,قال الملك *كلّ ما قلت في غاية الحسن وهو عليّ حقيقته إلاّ الكلمة الواحدة التي قلت إنّك ناقص المعرفة فما أنت عندي بناقصها وإنّك *لذو معرفة والفضيلة الكاملة عندي أفضّلك على كافّة جندي,قال الملك *كلّ ما قلته في غاية الحسن وهو على حقيقته إلّا الكلمة الواحدة التي قلت إنّك ناقص المعرفة فما أنت عندي بناقصها وإنّك *لذو الفضيلة الكاملة عندي أفضّلك على كافّة جندي,قال الملك كلّ ما قلته في غاية الحسن والصدق وهو كما قلت إلّا الكلمة الواحدة التي قلت إنّك ناقص المعرفة فما أنت عندنا ناقص المعرفة بل حكيم كامل,قال بهرام قد صدقت فيما قلت فلمّا ابتدأت بهذا القول وكشف هذا السرّ اتّكالًا على حكمتك وحلمك فأنا أثق بعد القضاء والقدر أن لا يكون تمام هذا الأمر إلّا بفضل رأيك وتمييزك
98,ed0ceea4-c6a0-459e-9ea3-d03996cdcff9,King R Owes the Success of His Rule to the Vizier,وأنا أستشعر رئاستي هذه وفضلها ونورها وبهاءها وقوام أمرها أنّها بحكمتك وببصيرتك كشبه رجل حكيم لم يكن له سلطان فرُزق مع حكمته سلطانًا فوُقّر وأُكرم لزيادة السلطنة على الحكمة,,,,,
99,2b0f7caf-c295-4184-bb7c-b40536d219c0,Fiqh Explains Recitation,ومثل رجل كان يتلوا القرآن ولا يعرف تأويله ثمّ تفقّه بعد ذلك فعرف التأويل فبُجّل ومُدح وأُكرم لما اكتسبه من التأويل والفقه,,,,,
100,ca11c9da-de7b-48b3-a154-35d99a079fdb,King R Submits to the Vizier's Judgment,وكذلك أنا إنّما بدأت بهذا القول وكشفت هذا السرّ اتّكالًا على حكمتك وحكمك وجودة فطنتك وقريحتك وأنا واثق بعد القضاء أن لا يكون تمام هذا الأمر إلّا بفضل رأيك وتمييزك,,,,,
101,c7b1053b-92d9-4657-a80b-150297bf9a1b,The Vizier Values King R's Justice,قال رودماه إن رأى سيّدي المَلك أن لا يغمّ نفسه ويشغل قلبه وسرّه بمدحي وبتجمّلي فلو لم أكن كما ذكر لكنت بفضل حكمته وسعادته ورئاسته كما قال,,فلمّا سمع الوزير ذلك من الملك قال لم يبق الملك على نفسه فجميع ما قاله فيّ إنّما هوّ من كبير رأفته وبرّه وترتيبه,فلمّا سمع الوزير ذلك من الملك قال لا يشقّ الملك على نفسه فجميع ما قاله فيّ إنّما هو من كبير رأفته وبرّه وتربيته,فلمّا سمع الوزير هذا من الملك قال لا يشقّ الملك على نفسه فإنّ جميع ما قاله في عبده إنّما قاله على الحقيقة حسب عدله ورأفته,
102,de5dc314-efe4-4fb1-8de3-34e13dc701d5,One Is Influenced by One's Company,لأنّ الحكماء قد قالت إنّ مصاحبة الأخيار تكسب الصلاح ومصاحبة الأشرار تكسب الطلاح,,,,,
103,23bc46d5-c31c-4bfe-a10d-e5dacc0afa59,Wind Carries Good and Bad Smells,كالريح إذا هبّت ومرّت على رائحة طيّبة اكتسبت منها الريح وإذا هي مرّت بالشيء المنتن أدّت عنه رائحة النتن وكذلك الشجر والنبات والعشب وسائر بقُول الأرض إنّما هي بنبتها وبحفظها,,,,,
104,aa88d134-be48-45e7-8c30-ea9e2908ad5c,The Third Vizier Concludes,وإنّما قلت هذا القول ليعرف المَلك الواجب,,,,,قال رودباد إنّما قلت هذا القول ليعرف الملك الواجب فيه مع فضله وهمّته
105,a4d1820d-e7d7-4b03-9a83-6df2237fb6aa,King R Consults the Viziers in Reverse Order,,فلمّا سمع الملك ذلك بدأ يشاور الثلاثة وزراء بالعكس من أسفل إلى فوق,ثمّ إنّ الملك بدأ يشاور *وزراءه الثلاثة بالعكس يعني من [فوق إلى] أسفل إلى فوق,ثمّ إنّ الملك بدأ يشاور وزراءه الثلاثة بالعكس يعني من أسفل إلى فوق,ثمّ إنّ الملك بدأ يشاور الثلاثة الوزراء بالعكس أعني من أسفل إلى فوق,
106,fcebb34a-a6e3-4854-be54-46bf578c7d47,King R Asks the Youngest Vizier,قال فلمّا سمع المَلك مخاطبه رودماه حينئذ أقبل على أصغر وزرائه وقال له ما تقول أنت يا هذا في أمرنا الذي قد [[تشجا]] تشاجرنا فيه,فقال لأصغرهم عنده ما تقول أنت في هذا الأمر الذي نحن فيه وما الذي يجب أن نصنع,فقال للأدنى منهم ما تقول أنت أيّها الوزير في هذا الأمر وما الذي يجب أن نصنع,فقال للأدنى منهم ما تقول أنت أيّها الوزير في هذا الأمر وما الذي يجب أن نصنع,فقال لأصغر من عنده ما تقول أنت في هذا الأمر وما الذي يجب أن نصنع,ثمّ أقبل على أصغر وزرائه وقال أنت يا هذا ما تقول في أمرنا الذي قد تشاجرنا فيه
107,e848ad6a-88f2-4be0-9946-53a3f1c2c518,The Youngest Viziers Proposes to Bell the Cats,قال الأصغر من الثلاثة الصواب عندي أن نجمع أجراسًا كثيرة أكثر ما نقدر عليه ونحتال في أن يُشدّ في عنق كلّ سنّور جرسًا فإذا هو تزعزع وأقبل وأدبر حسسنا به فانحجرنا في بيوتنا فلا يقدر علينا,قال الوزير عندي أن تجعل أجراس كثيرة ونعلّق كلّ جرس منها في عنق واحد من السنانير ليكون كلّما ذهب وجاء سمعنا صوت الجرس *فحذرنا منها ولم ينالنا مضرّة,قال له ذلك الوزير الذي عندي من الرأي أن تحضر جلاجلًا كثيرة وتعلّق كلّ جلجل منها في عنق سنّور ليكون كلّما ذهب وجاز سمعنا صوت الجلجل فنحذر منه ونأوي إلى أجحارنا,قال له ذلك الوزير الذي عندي من الرأي أن نحضر جلاجلًا كثيرة ونعلّق كلّ جلجل منها في عنق سنّور ليكون كلّما ذهب وجاز سمعنا صوت الجلجل فنحذر منه *ونأوي إلى أجحارنا,قال قال له ذلك الوزير الذي عندي أن تحضر جلاجلًا كثيرة ويُعلّق كلّ جلجل منها في عنق سنّور ليكون كلّما ذهب وجاز سمعنا صوت الجلجل فحذرنا منه,قال الوزير الصواب عندي أن نجمع لهم أجراسًا أكثر ما نقدر عليه ثمّ نجعل في عنق كلّ سنّور منها جرسًا فإذا تحرّك وأقبل أحسّينا به فنحترز منه فلا يقدر علينا
108,15ffba1f-2c42-496b-8803-220660aaa0f6,King R Runs the Idea by the Second Vizier,قال مهراير هبنا نقدر على جمع الأجراس فكيف الحيلة في أن نشدّها في أعناق السنانير هذا أمر بعيد ثمّ أقبل على الوزير الثاني وقال له ما تقول أنت وما عندك فقد سمعت ما قاله صاحبك,فقال الملك للوزير الثاني ما الذي عندك فيما أشار به صاحبك,قال الملك للوزير الثاني ما الذي عندك أيّها الوزير في هذا الأمر الذي أشار به صاحبك,قال الملك للوزير الثاني ما الذي عندك أيّها الوزير في هذا الأمر الذي أشار به صاحبك,قال الملك للوزير الثاني ما الذي عندك فيما أشار به صاحبك,قال الملك ما تقول فيما قال صاحبك
109,04e4dccd-8e9f-415d-98e5-6748e9d05482,The Second Vizier Rejects Belling the Cats,فقال أيّها المَلك لست أقبل ما قاله ولا أراه صوابًا هب أنّا قد فعلنا ما قال أليس قد بقي لنا عقدة وثيقة وشدّة شديدة من أن نشدّها في أعناق السنانير ثم بعد ذاك السنانير تبقى بلا خوف ولو قدرنا أن نشدّ الأجراس في أعناقها لكان قتلهم أحبّ إلينا وأروح لقلوبنا من الشدّ ولكن أقول قولًا فيه رشد فقال مهراير قل يا مبارك,قال أنا غير حامد لمشورته وهبنا أحضرنا أجراسًا كثيرة من ذا يقدر أن يتقدّم إلى السنّور حتى يعلّق عليه ذلك وهبنا علّقنا الأجراس في أرقابها فما الذي يمنع السنّور من الإضرار بنا وما الذي يزيل عنّا الخوف,قال لست بحامد مشورته هيّنًا أحضر لنا الجلاجل فمن يقدر منّا أن يعلّق واحد واحد منها على أصغر السنانير فضلًا أن يتقدّم إلى ضواريها,قال لست بحامد مشورته هبْنا أحضرنا الجلاجل فمن يقدر منّا أن يعلّق واحدًا منها على أصغر السنانير فضلًا أن يتقدّم إلى ضواريها,قال أنا غير حامد لمشورته فهبنا قد أحضرنا جلاجل كثيرة فمن منّا يقدر يتقدّم على السنّور حتى يعلّقه في عنقه,قال لست أقبل ذلك ولا أشير به أحسب أنّا جمعنا الأجراس من يجعلها في عنق السنانير
110,d9469755-4974-4539-b10d-87f1f0e32f57,The Second Viziers Proposes Self-Imposed Exile,فقال إنّه ينبغي لنا أن نجتمع ونرحل عن المدينة ونسكن البريّة سنة واحدة ونسافر إلى مدائن أُخر حتّى يتوهّم أهل المدينة أن الجرذان قد انتقلوا عنها وتبدّدوا فيقولون أيّ حاجة لنا في السنانير وليس في بلدنا ولا جرذ واحد فمنها ما يُذبح ومنها ما يهرب إلى خارج المدينة وتتبرّر وتصير وحشيّة وتعتاد الخراب والصحاري وينسوا أهل البلد السنانير فلا يرغبون فيها فعند ذلك نرجع إلى وطننا مطمئنّين,ولكنّ الذي عندي أن نخرج جميعنا من هذه المدينة ونقيم في البرّيّة سنة واحدة إلى أن يعلم أهل المدينة أنّهم قد استغنوا بغيبتنا عن السنانير لأنّه قد يلحق الناس مضرّة عظيمة من السنانير فإذا علموا أنّه لم يبق في المدينة جرذ واحد قتلوا السنانير وطردوها وتهاربت فإذا هلكوا عدنا نحن بأجمعنا إلى المدينة كما,والرأي عندي أن نخرج بأجمعنا بهذه المدينة ونقيم في البريّة سنة واحدة إلى أن يعلم أهل المدينة أنّهم قد استغنوا بغيبتنا عن السنانير فإذا لم يجدوا ما يأكلوا إلاّ أقواتهم طردوهم وقتلوهم ونفوهم وأعدموهم فما طُرد عن المدينة منهم صاروا وحشًا ولا يعود يسكن المدينة فإذا عُدموا من المدينة عدنا إليها بأجمعنا آمنين من خطف السنانير,والرأي عندي أن نخرج بأجمعنا من هذه المدينة ونقيم في البرّيّة سنة واحدة إلى أن يعلم أهل المدينة أنّهم قد استغنوا بغيبتنا عن السنانير فإذا لم يجدوا ما يأكلوا إلّا أقواتهم طردوهم وقتلوهم ونفوهم وأعدموهم فمن طُرد عن المدينة صار وحشيًّا لا يعود يسكن المدينة فإذا عُدموا من المدينة عدنا بأجمعنا آمنين من تخطّف السنانير,والرأي عندي أن نخرج *بأجمعنا من هذه المدينة ونقيم في البرّيّة سنة واحدة إلى أن نعلم أنّ أهل المدينة قد استغنوا بغيبتنا عن السنانير فمنهم من يقتلهم ومنهم من يطردونه فيتفرّقون في كلّ ناحية فيهلك منهم ما يهلك وما يحصل في البرّيّة يصير وحشيًّا لا يُستأنس فإذا هلكوا عدنا نحن بأجمعنا إلى المدينة كما كنّا,بل أقول قولًا لعلّ فيه رشدًا اعلمْ أيّها الملك أنّه ينبغي لنا بأجمعنا أن نجتمع ونرحل عن المدينة ونسكن البرّيّة سنة واحدة ونسافر إلى مدائن أخر حتّى يتوهّم أهل البلد أنّ الجرذان قد انتقلوا عنهم فيقولون ما نصنع بالسنانير لا حاجة لنا بها فيطردوها خارج المدينة وتهلك فعند ذلك نعود إلى مساكننا ونطمئنّ
111,2accdc1e-38d0-4347-8155-482c51de5430,King R Runs the Idea by the Third Vizier,فقال مهراير لرودماه فما ذا الذي تقول أنت في هذا الرأي,كنّا قال الملك للوزير الثالث ما عندك فيما قال الوزير,قال الملك للوزير الثالث ما الذي عندك فيما قال صاحبك,قال الملك للوزير الثالث ما الذي عندك فيما قال صاحباك,قال المَلك للوزير الثالث ما الذي عندك فيما قال صاحبك,قال الملك لرودباد ما عندك فيما قال شيزع
112,b8dd1d8d-13f0-430c-815f-dcf97435d1f5,The Third Vizier Rejects Self-Imposed Exile,قال رودماه ليس أحمده ولا أذمّه اعزم أنّا قد خرجنا عن المدينة أترى تبيد السنانير في سنة واحدة ونهلك عطشًا وجوعًا وهزالًا ونعالج الجهد من الغمّ والهمّ ما لعلّنا نختار الفزع عليه ونحن مع ذلك أمة لم نعتاد البراري والصحاري والمواضع الشاسعة ولو أنّا قد أقمنا هذه المدّة ورجعنا بعد ذلك لعاودنا الخوف ولم نعدمه فإن كانت السنانير قد بادت وهلكت فما يؤمّنّا إذا نحن عاودنا واستقرّينا في المدينة أن يخرج خبرنا فتُطلب السنانير وتُجلب من كلّ مكان فنعود إلى ما كنّا عليه من الخوف وقد حصل لنا الغربة والشقاء والهمّ والفزع,{قال} أنا غير حامد لما قال وذلك أنّا لو خرجنا بأجمعنا إلى البرّيّة وأقمنا فيها سنة واحدة فعلى حال ليس يمكن أن تفنى السنانير من هذه المدينة ونلقى نحن في البرّيّة من الشقاء والبلاء ما ليس هو بدون فزعنا من السنانير لأنّا لم نعتاد الشقاء قبل هذا ثمّ إنّا لو رجعنا إلى المدينة لم يدوم لنا ذلك الأمر إلّا مدّة يسيرة وذلك أنّ الناس إذا عدنا وعاد فسادنا أعادوا السنانير وعادت الحال في الفزع كما كان ويمضي شقاؤنا وغربتنا فارغًا,قال *الوزير ليس ذلك برأي يُحمد عندي وإنّا لو خرجنا من المدينة إلى البريّة وأقمنا فيها سنة فعلى كلّ حال ليس يمكن أن السنانير تفنى في سنة وينالنا في البريّة من العناء والشقاء ما هوّ أعظم من فزع السنانير وإنّ *بالبريّة لخوفًا أشدّ من ذلك وهوّ أنّ الأساود والجرابيع والحدأة ينالنا منهم أشدّ ممّا تنال منّا السنانير,قال الوزير ليس ذلك برأي يُحمد عندي وإنّا لو خرجنا من المدينة إلى البرّيّة وأقمنا فيها سنة فعلى كلّ حال ليس يمكن أنّ السنانير تفنى في السنة وينالنا في البرّيّة من العناء والشقاء ما هو أعظم من فزع *السنانير وإنّ بالبرّية تخوفًا أشدّ من ذلك وهو أنّ الأساود *والجرابيع والحدأة ينالنا منهم أشدّ ممّا ينال منّا السنانير,قال الوزير أنا غير حامد له وذلك أنّا لو خرجنا من المدينة إلى البرّيّة وأقمنا فيها سنة فعلى الحال ليس يمكن أن *تفنى السنانير في السنة وينالنا نحن في البرّيّة من الشقاء والبلاء ما ليس هو بدون فزعنا من السنانير لأنّا لم نعتاد الشقاء قبل هذا,قال رودباد لا أحمده ولا أذمّه أحسب أن قد خرجنا عن البلد أترى تبيد السنانير في ستّة أشهر وتهلك كلّها بأسرها فنحصل نحن على الغربة والشقاء ونحن مع ذلك لم نعتد الغربة والبرّيّة فلو أقمنا هذه المدّة ورجعنا بعد ذلك لعاد الخوف ولم نعدمه فإن كانت السنانير قد بادت ما يؤمّنّا إذا رجعنا واستقرّينا في المدينة أن يخرج خبرنا وتُطلب السنانير وتُجلب من كلّ مكان فنعود إلى ما كنّا عليه من الخوف وقد حصلت لنا الغربة
113,d6a05bff-844e-4c8c-86a9-2cebef0bea62,King R Asks for the Third Vizier's Plan,قال مهراير فأنت ما تقول,قال له الملك فقلْ الآن أنت ما عندك,قال له الملك حقّ ما تقول فهات ما عندك,قال له الملك حقّ ما تقول فهات ما عندك,قال له الملك قل ما عندك أنت الآن,قال بهرام لرودباد فأنت ما تقول
114,84c8aa76-e3e9-45b9-9df0-07ab158ecc82,The Vizier's Two Options,قال رودماه قد رأيت رأيين وأرجو أن يتمّ لنا الأمر بأحدهما قال مهراير وما هما,,,,,
115,718ed2ce-f6a8-4cc0-a90b-4d3a7004fae2,The First Option Is to Fake a Truce,قال رودماه أمّا الرأي الأوّل فإنّي أرى أن نكاتب مَلك السنانير بكتاب نسأله فيه المصالحة من العداوة وعلى أنّا ندفع إليه الأموال ونرغّبه في كثرتها فإذا أجابنا إلى ذلك كاتبناه أن يجمع عساكره كلّها من سائر الآفاق وأمرناه أن ينزل في موضع بعينه ونخرج نحن بأجمعنا إليه ومعنا من الهدايا الفاخرة ما نملأ به قلبه وقلوب جنده وعساكره ?فنعرسن في عسكرنا إلى جانبه ونهدي له في كلّ يوم هدايا أكثر ممّا تقدّم ونحن مع ذلك نرصد غفلته وغفلة جنده فإذا أصبنا منه الغفلة ووقفنا على عوراته كبسنا عليه ليلًا في مضجعه فقتلناه وثنينا بحاشيته ومن يلوذ به ثمّ نكبس السنانير وهم في مضاجعهم قبل أن يشعرون بنا ويأخذون حذرهم منّا فيهجم على كلّ واحد من السنانير عشرة منّا مهيّئين للقتال وهو على غير هيئة فلا يثلج علينا الصباح إلّا وقد أبدناهم عن آخرهم فإن أفلت منهم أحد فإنّما بغيته الهرب والنجاة بنفسه ونملك نحن أموالهم وسلاحهم ونعود إلى اوطاننا آمنين,,,,,
116,bdaf8137-4da4-4712-a425-52319b4b4ad6,King R Prefers an Indirect Strategy,قال مهراير يا رودماه إنّه لرأي صحيح غير أنّي لا أرغب فيه ولا أطمئنّ أن أطرح يدي في يد مَلك السنانير والذي أريد حيلة حسنة نكفي بها شرّ السنانير ويهلكون على أيدي أربابها ولا نشاهدها نحن بأنفسنا,,,,,
117,2afb7c1f-2649-4716-9c96-9cad150d4bef,The Second Option It Is,قال ردوماه فليس لنا غير هذا الرأي الثاني وهو بغية مراد المَلك قال وما هو,,,,,
118,e9c6cb8b-781f-4b24-9f49-c9a4daece732,The Second Option Is to Make Dens in Houses,قال ردوماه يأمر المَلك بكلّ جرد في هذه المدينة ومن حولها من أعمالها ونواحيها فنجمعها إليه كلّها ونأمرهم أن يحتفر كلّ واحد منهم في البيت الذي فيه مستقرّه نقبًا كبيرًا للجرذان كلّهم كافّة ثمّ نحفر في أساس الحائط تسعة أنقاب من ناحية واحدة وثلاثة أنقاب إلى الموضع الذي فيه الثياب والفرش والآلة وغير ذلك وأن تجمعوا في ذلك الحفر الكبير قوتًا للجرذان كلّها مدّة عشرة أيّام,قال الوزير وهو روذباد لا أعرف في هذا الباب إلّا حيلة واحدة وهو أن يحضر الملك إلى حضرته جميع الجرذان الذي في هذه المدينة ونواحيها فيأمرهم أن يتّخذ كلّ واحد منهم في البيت الذي يأوي فيه ثقبًا يسع جميع الجرذان ويعدّ فيه زادًا كفايتهم عشرة أيّام ويفتح للبيت تسعة أبواب ممّا يلي الحائط وثلاثة أبواب ممّا يلي خزانة الرجل والثياب والفرش,قال له الوزير لا أعرف شيئًا في هذا الباب غير حيلة واحدة [[ان]] *وهو أن يحضر الملك أهل *حضرته وجميع الجراذين الذي في هذه المدينة ويأمرهم أن يتّخذ كلّ واحد في البيت يأوي فيه نقب يسع جميع الجرذان ويعدّ فيه زادًا يكفيهم عشرة أيّام ويفتح للنقب سبعة أبواب من خارج الحائط وثلاثة أبواب ممّا يلي خزانة [[الملك]] {الرجل} والفرش,قال الوزير لا أعرف شيئًا في هذا الباب سوى حيلة واحدة وهو أن يحضر الملك أهل حضرته وجميع الجراذين الذين في هذه المدينة ويأمرهم أن يتّخذ كلّ واحد منهم في البيت الذي يأوي فيه ثقب يسع الجرذان ويعدّ فيه زادًا يكفيهم عشرة أيّام ويفتح للثقب سبعة أبواب من خارج الحائط وثلاثة أبواب ممّا يلي خزانة الرجل والفرش والقماش,قال الوزير لا أعرف شيئًا في الباب إلّا حيلة واحدة وهو أن يحضر الملك أهل حضرته وجميع الجرذان الذين في هذه المدينة وبجوارها وتأمرهم أن يتّخذ كلّ واحد منهم في البيت الذي يأوي فيه ثقبًا يسع جميع الجرذان ويعدّ فيه زادًا يكفيهم لعشرة أيّام ويفتح للثقب سبعة أبواب ممّا يلي الحائط وثلاثة أبواب ممّا يلي خزانة الرجل والثياب والفرش,قال رودباد أقول قولًا وأرجو أن يتمّ ينبغي أن يأمر الملك بإحضار كلّ جرذ في المدينة وحولها ويأمر أن يُحتفر في البيت الذي فيه مستقرًا في الحائط سبعة أثقاب كذا كلهم كافّة ثمّ يُحتفر ثلاثة أثقاب آخر الموضع الذي فيه الثياب والفرش والآلة ويحتفرون ثقبًا كبيرًا ويجعلون فيه قوت عشرة أيّام
119,26a96dd5-4179-4ada-8426-0011a00b3b5b,The Vizier's Aim Is to Damage Household Items,فإذا فعلوا ذلك سرنا بأجمعنا وعساكرنا فحللنا في منزل أجلّ من في المدينة وأغناهم الذي ليس في بيته إلّا سنّورًا واحدًا فنكمن في ذلك الموضع الذي فيه القوت ونرتّب على باب كلّ نقب من التسعة أنقاب جرذ واحد ليحفظه ونرصد السنانير ويشغلهم عن طلبتنا ونخرج نحن بأجمعنا من الأنقاب الثلاثة ولا نهتمّ بالمأكول بل نعمل في تقريض الثياب وفساد الرجل والآلة ولا نكثر الفساد أوّل دفعة,فإذا فعلوا هذا أقمنا بأجمعنا إلى دار بعض الموسرين ممّن يكون له في داره سنّورة واحدة وأقمنا على كلّ باب من التسعة أبواب نرصد السنّور كي لا يدخل علينا بغتة ويكون لنا عليه عين وعلى ذهابها ومجيئها لأنّها لا بدّ من أن تطمع وتقف على بعض الأبواب ثمّ ندخل بأجمعنا من الثلاثة أبواب إلى خزانة المتاع ولا نعرض للمأكول ولكن نقصد إلى الفساد في الكسوة والفرش ولا نسرف في الفساد,والقماش فإذا فعلوا ذلك أقمنا بأجمعنا في دار بعض المياسير في من يكون له في داره سنّور واحد وأقمنا كلّ واحد منّا على باب من تلك الأبواب إلى خزانة المتاع ولا نتعرّض إلى متاع ولا إلى مأكل ولكنّنا نقصد [[في]] افساد الكسوة والفرش ولا نسرف في الفساد أيضًا,فإذا فعلوا ذلك أقمنا بأجمعنا في دار بعض المياسير ممّن يكون له في داره سنّور واحد وأقمنا كلّ واحد على باب من تلك الأبواب إلى خزانة المتاع ولا نتعرّض إلى متاع ولا إلى مأكل ولكنّا نقصد إفساد الكسوة والفرش ولا نسرف في الفساد أيضًا,فإذا فعلوا هذا قمنا بأجمعنا إلى دار بعض الموسرين ممّن يكون له في داره سنّور واحد وأقمنا على كلّ باب من تلك الأبواب {التي} إلى خزانة المتاع ولا نتعرّض لمتاع ولا مأكول ولكنّا نقصد إلى إفساد الكسوة والفرش ولا نسرف في الفساد أيضًا,فإذا فعلوا ذلك سرنا جميعًا *وعساكرنا فحللنا في منزل أجلّ من في المدينة وأغناهم الذي ليس في بيته إلّا سنّور واحد فيكون في الموضع الذي فيه القوت ونرتّب جرذًا على ثقب من السبعة أثقاب من داخل ليحفظه ويرصد السنانير ويشتغلن عن طلبتنا ونخرج جميعًا من الأثقاب فلا نهمّ بمأكول ولا مشروب بل نعمل في تقطيع الثياب والمتاع والآلة
120,0f00b915-0ea0-43de-a95b-6f1cfacf0b5b,The House Owner Gets a Second Cat,فإذا رأوا أهل البيت الفساد قالوا ما يقنعنا سنّورًا واحدًا فيزدادون آخر,فإذا رأى صاحب المنزل ذلك الفساد قال لعلّ هذه السنّور لا تكفي فنزيد آخر,فإذا رأى صاحب المنزل ما قد دهمه من فسادنا نقول لعلّ هذا السنّور الواحد لا يعرف بها ولأيّ الجراذين فيحضر سنّورًا آخر [فا],فإذا رأى صاحب المنزل ما قد دهمه من إفسادنا يقول لعلّ هذا السنّور الواحد لا يعرف بهؤلاء الجراذين فيحضر سنّورًا آخر,فإذا رأى صاحب المنزل ما قد دهمه من إفساد الفأر فكّر وقال لعلّ هذا السنّور الواحد لا يعلم بها فيحضر سنّورًا آخرًا,فإذا رأى أهل البيت الفساد قالوا ليس ينفعنا سنّور واحد فيزداد آخر
121,2471a1dd-ab1d-4b33-8a8b-2da03ba2f830,The Rats Increase the Damage,فنخرج ثانية فنزيد في الفساد أكثر من الأولى,فإذا فعل ذلك أكثرنا من الفساد وبالغنا فيه,فإذا فعل ذلك عدنا أيضًا وزدنا على ما أخذناه من الفساد الأوّل,فإذا فعل ذلك عدنا أيضًا وزدنا على ما أخذناه من الفساد الأوّل,فإذا فعل ذلك عدنا أيضًا وأفسدنا أكثر من الفساد الأوّل,فنخرج ثانية فنزيد في الفساد أكثر من الأوّل
122,612eb862-6885-4746-8c22-bbfc28d568ee,The House Owner Gets a Third Cat,فعند ذلك يقول القول نزيد سنّورًا آخر فقد زاد علينا أكر الجرذان فيجتمع عندهم ثلاثة,,,,فإذا رأى ذلك صاحب المنزل تفكّر أيضًا في أنّه لا يضبط منزله بسنّورين فيحضر سنّورًا ثالثًا,فتقول القوم نريد سنّور آخر فقد زاد علينا أمر الفساد من الجرذان فيجتمع عندهم ثلاث سنانير
123,a924ecf4-7b4b-496e-8739-a48e64b487dd,The Rats Cause Damage a Third Time,ونعود نحن إلى الفساد أكثر من الثانية إلى أن يقول للقوم ويقع في أوهامهم أنّ الفساد من السنانير,,,,فإذا فعل ذلك ازددنا نحن أيضًا في الفساد وبالغنا فيه,فنعود إلى الفساد أكثر من الثانية
124,85533312-fb94-4e82-b013-389d8d30f353,The House Owner Notices the Damage Increasing,,,فإذا رأى صاحب المنزل ذلك فكّر واحترص على تكبير السنانير فكلّما كثّرهم زدنا عليه في تقريض ثيابه وإفساد طعامه وتنجيس شرابه,فإذا رأى صاحب المنزل ذلك فكّر واحترص على تكثير السنانير فكلّما كثّرهم زدنا عليه في تقريض ثيابه وإفساد طعامه وتنجيس شرابه,فإذا فعلنا {ذلك} فيفكّر صاحب المنزل فيما قد !أطله ويميّز بين إفسادنا وفي منزله سنّور واحد وبين إفسادنا وفي منزله ثلاث سنانير,
125,33846b77-6cec-4383-9852-0e5807430fbb,The House Owner Removes One Cat,فيقولون نجرّب في بعض السنانير وننظر هل ينفع ذلك شيئًا أم لا لأنّا نرى الفساد يزيد بزيادة السنانير,فيميّز صاحب ذلك المنزل ويقول إنّ الفساد يزيد بكثرة السنانير ولكني أجرّب بإخراج سنّور واحد,فإذا نظر ذلك أنّه كلّما زاد في السنانير ازداد عليه الفساد علم أنّ ذلك لحيلة منه فيقول دعني أعود إلى حالي الأوّل ويقصر التجريب,فإذا نظر ذلك أنّه كلّما زاد في {السنانير} ازداد عليه الفساد علم أنّ ذلك لحيلة منه فيقول دعني أعود إلى حالي الأوّل ويقصد التجريب,فإذا رأى إفسادنا دائمًا على كثرة السنانير علم [[علم]] أنّ هذه الحيلة منه فانطلق ودعته الضرورة فقال إنّي أرى كلّما ازددت من السنانير زاد فساد الفأر لرحلي ولكنّي أجرّب فأخرج واحدًا من السنانير حتّى أنظر ما يكون,إلى أن يقول القوم ليس الفساد إلّا من السنانير فيقولون نطرد بعض السنانير وننظر هل يدفع ذلك شيئًا أم لا فإنّا نرى الفساد يزيد بزيادة السنانير
126,497cdae8-ee63-48b9-a464-20b91611afab,The Rats Reduce the Damage,فيأخذون في إخراج سنّور واحد فننقص نحن في الفساد شيئًا يسيرًا فيتبيّن للناس نقصان الأذى,فإذا فعل ذلك ونقص سنّور نقّصنا نحن من الفساد قليلًا,فإذا أخرج من السنانير واحدًا أكففنا عن بعض الشرّ,فإذا أخرج من السنانير {واحدًا {كففنا {عن {بعض {الشرّ {فإذا فرح} كففنا الفساد فإذا,فإذا أخرج واحدًا من السنانير نقّصنا نحن أيضًا عن الفساد فإذا رأى ذلك عرف وجه الصلاح والفساد,فينقص منهم سنّور واحد فننقص نحن من الفساد قليلًا فيرون الأمر {قد} قلّ ممّا كان
127,3e948bfb-2bbf-4f9e-b0d0-b8ac1c04aab3,The Second Cat is Removed and the Damage Reduces,فيخرجون السنّور الثاني فننقص أيضًا من الفساد,فإذا أخرج الثاني نقّصنا أيضًا من الفساد أكثر,فإذا فرح فأخرج آخر كففنا أيضًا لشرط الفساد,,فيخرج السنّور الثاني فإذا فعل كففنا نحن أيضًا بعض الكفّ عن إفساد,فيخرجون السنّور الثاني فننقص نحن من الفساد شيئًا يسيرًا
128,60049552-3e3b-447a-aed4-657cbe1022bd,The House Owner Removes the Third Cat,فيخرجون الثالث,فإذا أخرج الثالث,فإذا أخرج الثالث,أخرج الثالث,رحله فإذا رأى صاحب البيت ذلك دعته الضرورة أن يخرج السنّور الثالث,فيثبت عند الناس أنّ نقصان الأذى في إخراج السنانير فيخرجون الثالث
129,cd5b5076-3191-43e8-9940-e4cf79b1c1ec,The Plan Is to Be Re-enacted in All Households,فنخرج نحن من ذلك المنزل بأسرنا فننزل منزلًا من المدينة فنعمل ذلك,خرجنا من ذلك المنزل إلى غيره وأجرينا أمره مجرى البيت الأوّل فلا نزال ندور من منزل إلى منزل أو نملأ المدينة وندورها إلى أن يتبيّن للناس أنّ الذي يلحقهم من المضرّة العظيمة هي من قبل السنانير,كففنا عن *البليّة جملة واحدة فيعلم أنّ ذلك الفساد دائمًا كان يأتيه من قِبل السنانير لما يحدثوه معنا من العداوة فيخرجهم عنه ويقتلهم ويطردهم من البيت حتّى لا يعود يأويهم ولم يزل ذلك دائر بنا بيتًا بعد بيت إلى أن يمهّد لنا أعذارًا في *سائر بيوت المدينة,كففنا عن بيته جملة واحدة فيعلم أنّ ذلك الفساد دائمًا كان يأتيه من قِبل السنانير لما يحدثوه معنا من العداوة فيخرجهم عنه ويقتلهم ويطردهم من البيت حتّي لا يعود يأويهم ولم يزل دأبنا بيتًا بعد بيت إلى أن نمهّد لنا أعذارًا في سائر بيوت المدينة,فإذا فعل ذلك كففنا نحن أيضًا جملة عن بيته ودخلنا منزل آخر وأجرينا أمره كمجرى الأوّل ولا نزال ندور من دار إلى دار إلى أن يتبيّن للناس ما يلحقهم من المضرّة العظيمة من السنانير,فنخرج نحن بأسرنا فننزل نحن منزلًا من المدينة كذلك نصنع في سائر بيوت المدينة إلى أن يتيقّن الناس أنّ المضرّة كانت من جهة السنانير
130,43b9c439-c4b7-4e09-af6b-c07498e5d6e5,The People Kill the Cats,إلى أن يعلم الناس ويتحقّق في أوهامهم أنّ المضرّة إنّما لحقتهم من جهة السنانير فيطلبون فناءها وهلاكها ويطردونها من المدينة إلى الخراب وكلّما وافوا سنّورًا في موضع قتلوه وأهلكوه,فإنّهم إذا تبيّنوا ذلك لم يقتصروا على قتل السنانير التي في البيوت فقط,ويجرّبوا الناس من قتل السنانير وطردهم من البيوت حتّى لا يعود يأويهم أحد,وتجرّب الناس قتل السنانير وطردهم من البيوت حتّى لا يعود يأويهم أحد,فإنّهم إذا تثبّتوا ذلك لم *يقتصروا على قتل السنانير التي في البيوت فقط لكنّهم يطلبون السنانير البرّيّة فيقتلوها ولا يرون بعدها سنّورًا إلّا وأحلّوا به كلّ بليّة,فيطلبون هلاكها ويطردونها من المدينة إلى الخراب فكلّما وافوا سنّورًا في موضع قتلوه
131,b223e84c-cda9-4d93-9550-5bc21f88c0e4,The Third Vizier Foretells Success,وأحسب أنّنا ننجو من الخوف بهذه الحيلة ويكون هلاك أعدائنا على يدي غيرنا بلا قتال ونعيش نحن آمنون مطمئنّون,,ونقيم نحن في رغد وأمن,ونقيم نحن في رغد وأمن,فهذا الطريق نتخلّص به من فزع السنانير,وأحسب أنّما ننجوا من الخوف بهذا ونعيش آمنين
132,bf0149cb-1137-4b28-8c8b-3638fa798ba0,The King Agrees,فقال مهراير يا رودماه ما أجود ما رأيت,,,,,
133,f11e735c-55d6-4937-804a-db6d945c819e,The King Enacts the Plan and the Cats Are Killed,ففعلوا ذلك مدّة ستّة أشهر حتّى باد كلّ سنّور كان في البلد,ففعل الملك ذلك وسائر الجرذان ما أشار به الوزير فما مضت ستّة أشهر حتى هلك كلّ سنّور في المدينة,ففعل الملك ذلك فما مضى ستّ أشهر حتّى تطير الناس [[بالسنانير]] من السنانير بما نالهم ?بالتجر ?بهم بسببهم فطفقوا بهم قتلًا ونفيًا *وطردوهم بجملتهم حتّى لم يبق في تلك المدينة سنّور واحد,ففعل الملك ذلك فما مضت ستّة أشهر حتى تطيّر الناس من السنانير لما نالهم من التجربة بسببهم وطفقوا بهم قتلًا ونفيًا وطردوهم بجملتهم حتّي لم يبق في تلك المدينة سنّورًا واحدًا,ففعل الملك ما أشار به وزيره فما مضت ستّة أشهر حتّى هلك جميع السنانير الذين كانوا في تلك المدينة,ففعلوا ذلك ستّة أشهر كلّ باد كلّ سنّور كان في المدينة
134,2b795d26-2793-47d9-ac5a-951ba59979c5,The Next Generation Hates the Cats,جاء حول المدينة فمكث أهل المدينة,ونواحيها ومضى ذلك الجيل من الناس ونشأ بعدهم قرن آخر على بغضة السنانير,,,ومضى ذلك الفرق من الناس ونشأ بعدهم فرق آخر على بغضة السنانير,
135,5677ff35-3b95-4da8-91b5-4d73817f9886,The Damage Is Attributed to the Cats,كانوا إذا لحقهم شيئًا من فساد الجردان يتفاولون ويقولون لعلّ سنّورًا جاء حول المدينة,فكانوا متى ظهر لهم أدنى فساد من الفأر فيقولوا انظروا لا يكون اجتاز بالمدينة سنّور,وتمرّن الناس على إبعادهم حتّى إنّه متى رأى أحد قرض فأر في ثوبه أو إزاره يقول انظروا لا يكون مرّ بمنزلي سنّور,وتمرّن الناس على إبعادهم حتّى أنّه متى رأى أحد قرض فأر في ثوبه أو إزاره يقول انظروا لا يكون مرّ بمنزلي سنّور,وكان متى ظهر لهم أدنى فساد من الفأر في ثوب أو في فرش أو في مأكول يقولون انظروا لا يكون اجتاز بهذه المدينة سنّور,حتّى أنّهم كانوا إذا لحقهم شيء من فساد الجرذان يقولون لعلّ سنّور جاز حول المدينة
136,88ac7c48-2d82-47f0-9f55-788578b5876f,Disease Is Attributed to the Cats,فمكث أهل المدينة مدّة سنة كلّما مسّهم وجع أو لحق البهائم عاهة من مرض أو وجع قالوا هذا من جهة سنّور قد عبر بالمدينة,وكانوا أيضًا متى حدث بالناس أو بالبهائم مرض يقولون يوشك أن يكون عبرت بهذه المدينة سنّور,,,وكانوا أيضًا [إذا] متى حدث في الناس أو في البهائم مرض يقولون يوشك أن يكون قد عبر في هذه المدينة سنّور,فمكث أهل المدينة ستّة أشهر كلّما مسّهم وجع أو لحق البهائم عاهة من مرض أو وجع قالوا من جهة السنانير
137,20106b02-8990-4520-872b-b646ee7d20a3,The Plan Saves the Rats,ذميمة حقيرة آل أمرها إلى مثل هذا الحال وعملت الحيلة,فبهذا النحو تخلّص الجرذان من فزع السنانير واطمأنّوا منهم,,,فبهذه الحيلة تخلّص الجرذان من فزع السنانير واطمأنّوا منهم,فبهذا الحال تهيّأ للجرذان أن يعيشوا في الطمأنينة
138,7f897ed1-64d0-44e3-83e2-1e73bacdfe8d,Man Should Heed This Example,فإذا كانت خلقة ذميمة حقيرة آل أمرها إلى مثل هذا الحال وعملت الحيلة في إزالة الخوف عنها والعيش في هدوء وقرار فكيف بالخلقة الجليلة الناطقة العاقلة خلقة الناس لو فعلت مثل ذلك وأزالت المضرّة والأذيّة عنها وعاشت عيشًا هنيًّا قارًّا,فإذا كان هذا الحيوان الضعيف المهين احتال بمثل هذه الحيلة حتّى تخلّص من عدوّه ودفع الضرر عن نفسه فما يجب أن يُقطع الرجاء من الإنسان الذي هو أكيس الحيوان وأكمله وأحكمه أن يدرك من عدوّه ما أراد بحيلته وتدبيره,فإذا كان هذا الحيوان الضعيف توصّل بالحيلة على استئصال عدوّه حتّى تخلّص منه فما ظنّك بإنسان *وهو أشرف الحيوان وأميزهم بواسطة العلم والعقل وإعمال الحيل فما يعذره,فإذا كان هذا الحيوان الضعيف توصّل بالحيلة على استئصال عدوّه حتّى تخلّص منه فما ظنّك بالإنسان وهو أشرف الحيوان وأميزه بواسطة العلم والعقل وإعمال الحيل فيما يقدره,فإذا كان هذا الحيوان الضعيف المهين احتال بمثل هذه الحيلة حتّى تخلّص من عدوّه فما يجب أن يُقطع الرجاء من الإنسان الذي هو أكيس الحيوان وأحكمه أن يدرك من عدوّه ما يريده بحيلته,فإذا كانت هذه الخلقة الرقيقة آل أمرها إلى مثل هذا الحال وتمّت لها الحيلة في إزالة الخوف عنها وكيف بالخليقة الناطقة لا تقدر على إزالة ما بها من المضرّة
139,fd43348f-c9d7-4784-b623-1f3ec7d229d4,End of Chapter,,,انقضى باب مهراز بن ملك الجرذان,انقضى باب مهراز بن ملك الجرذان,,كمل باب بهرام الملك